order_id,line_no,sku,qty,unit_price,discount_pct,line_amount
SO000001,1,RC-3F-07,168,300.0,0.12,44352.0
SO000001,2,RC-KD-01,144,220.0,0.09,28828.8
SO000001,3,RC-UV-05,132,525.0,0.11,61677.0
SO000001,4,RC-2F-04,108,310.0,0.09,30466.8
SO000001,5,RC-RC-01,36,690.0,0.09,22604.4
SO000001,6,RC-UV-04,84,420.0,0.09,32104.8
SO000002,1,RC-2F-03,24,435.0,0.02,10231.2
SO000003,1,RC-LG-05,72,345.0,0.05,23598.0
SO000003,2,RC-RC-01,48,690.0,0.04,31795.2
SO000003,3,RC-UV-04,24,420.0,0.05,9576.0
SO000004,1,RC-LG-02,300,385.0,0.1,103950.0
SO000004,2,RC-KD-02,108,210.0,0.1,20412.0
SO000004,3,RC-UV-04,108,420.0,0.1,40824.0
SO000005,1,RC-UV-04,12,420.0,0.01,4989.6
SO000006,1,RC-LG-03,12,430.0,0.0,5160.0
SO000006,2,RC-UV-04,12,420.0,0.01,4989.6
SO000007,1,RC-UV-01,12,375.0,0.03,4365.0
SO000008,1,RC-LG-05,24,345.0,0.0,8280.0
SO000008,2,RC-UV-04,12,420.0,0.01,4989.6
SO000009,1,RC-UV-03,12,445.0,0.07,4966.2
SO000009,2,RC-UV-04,36,420.0,0.05,14364.0
SO000009,3,RC-KD-01,12,220.0,0.04,2534.4
SO000010,1,RC-2F-05,24,375.0,0.01,8910.0
SO000010,2,RC-UV-03,72,445.0,0.01,31719.6
SO000010,3,RC-RC-05,24,655.0,0.0,15720.0
SO000011,1,RC-UV-04,12,420.0,0.03,4888.8
SO000011,2,RC-2F-05,60,375.0,0.06,21150.0
SO000011,3,RC-KD-04,36,235.0,0.04,8121.6
SO000011,4,RC-GF-01,12,745.0,0.07,8314.2
SO000012,1,RC-3F-06,24,260.0,0.01,6177.6
SO000012,2,RC-KD-04,36,235.0,0.01,8375.4
SO000013,1,RC-2F-06,24,270.0,0.01,6415.2
SO000014,1,RC-3F-08,24,295.0,0.02,6938.4
SO000014,2,RC-3F-04,12,345.0,0.01,4098.6
SO000015,1,RC-2F-04,36,310.0,0.06,10490.4
SO000015,2,RC-3F-01,84,330.0,0.06,26056.8
SO000015,3,RC-RC-02,36,690.0,0.05,23598.0
SO000016,1,RC-3F-05,12,255.0,0.02,2998.8
SO000016,2,RC-UV-01,12,375.0,0.03,4365.0
SO000016,3,RC-3F-01,12,330.0,0.01,3920.4
SO000017,1,RC-2F-01,300,310.0,0.11,82770.0
SO000017,2,RC-3F-10,240,260.0,0.09,56784.0
SO000017,3,RC-UV-04,84,420.0,0.12,31046.4
SO000017,4,RC-3F-01,204,330.0,0.09,61261.2
SO000018,1,RC-UV-04,24,420.0,0.01,9979.2
SO000019,1,RC-UV-05,48,525.0,0.06,23688.0
SO000019,2,RC-UV-02,72,580.0,0.04,40089.6
SO000019,3,RC-UV-04,84,420.0,0.06,33163.2
SO000019,4,RC-3F-07,72,300.0,0.07,20088.0
SO000020,1,RC-KD-01,12,220.0,0.01,2613.6
SO000020,2,RC-KD-03,12,185.0,0.02,2175.6
SO000020,3,RC-3F-03,12,275.0,0.01,3267.0
SO000021,1,RC-UV-04,84,420.0,0.03,34221.6
SO000021,2,RC-UV-02,132,580.0,0.05,72732.0
SO000021,3,RC-RC-03,132,740.0,0.05,92796.0
SO000021,4,RC-LG-01,132,390.0,0.05,48906.0
SO000022,1,RC-UV-01,12,375.0,0.01,4455.0
SO000022,2,RC-2F-05,12,375.0,0.01,4455.0
SO000023,1,RC-UV-04,12,420.0,0.0,5040.0
SO000023,2,RC-3F-04,12,345.0,0.02,4057.2
SO000023,3,RC-GF-01,12,745.0,0.02,8761.2
SO000024,1,RC-3F-07,24,300.0,0.03,6984.0
SO000024,2,RC-GF-01,12,745.0,0.0,8940.0
SO000025,1,RC-UV-04,24,420.0,0.0,10080.0
SO000026,1,RC-3F-10,12,260.0,0.0,3120.0
SO000026,2,RC-RC-01,12,690.0,0.01,8197.2
SO000027,1,RC-LG-06,24,570.0,0.03,13269.6
SO000027,2,RC-3F-07,12,300.0,0.02,3528.0
SO000028,1,RC-UV-04,240,420.0,0.08,92736.0
SO000028,2,RC-UV-05,72,525.0,0.09,34398.0
SO000028,3,RC-2F-03,192,435.0,0.09,76003.2
SO000029,1,RC-UV-04,132,420.0,0.06,52113.6
SO000029,2,RC-2F-01,48,310.0,0.07,13838.4
SO000029,3,RC-RC-05,96,655.0,0.05,59736.0
SO000030,1,RC-UV-01,96,375.0,0.06,33840.0
SO000030,2,RC-RC-05,132,655.0,0.05,82137.0
SO000030,3,RC-LG-03,132,430.0,0.05,53922.0
SO000031,1,RC-LG-06,12,570.0,0.03,6634.8
SO000031,2,RC-RC-04,48,435.0,0.02,20462.4
SO000031,3,RC-RC-05,48,655.0,0.01,31125.6
SO000032,1,RC-UV-01,24,375.0,0.01,8910.0
SO000032,2,RC-UV-04,24,420.0,0.0,10080.0
SO000032,3,RC-3F-08,12,295.0,0.02,3469.2
SO000033,1,RC-UV-02,24,580.0,0.02,13641.6
SO000034,1,RC-UV-04,60,420.0,0.03,24444.0
SO000034,2,RC-UV-01,72,375.0,0.04,25920.0
SO000035,1,RC-2F-01,132,310.0,0.12,36009.6
SO000035,2,RC-3F-08,192,295.0,0.08,52108.8
SO000035,3,RC-2F-03,168,435.0,0.1,65772.0
SO000035,4,RC-3F-07,276,300.0,0.11,73692.0
SO000036,1,RC-2F-02,12,290.0,0.02,3410.4
SO000037,1,RC-UV-01,12,375.0,0.01,4455.0
SO000037,2,RC-UV-04,48,420.0,0.01,19958.4
SO000037,3,RC-UV-05,24,525.0,0.01,12474.0
SO000038,1,RC-UV-04,12,420.0,0.02,4939.2
SO000038,2,RC-2F-03,12,435.0,0.0,5220.0
SO000038,3,RC-RC-01,24,690.0,0.03,16063.2
SO000039,1,RC-UV-01,24,375.0,0.02,8820.0
SO000040,1,RC-2F-03,12,435.0,0.01,5167.8
SO000040,2,RC-3F-07,12,300.0,0.01,3564.0
SO000041,1,RC-3F-02,24,305.0,0.01,7246.8
SO000042,1,RC-2F-02,264,290.0,0.1,68904.0
SO000042,2,RC-UV-01,240,375.0,0.12,79200.0
SO000042,3,RC-KD-04,132,235.0,0.08,28538.4
SO000042,4,RC-3F-03,276,275.0,0.08,69828.0
SO000043,1,RC-UV-04,12,420.0,0.02,4939.2
SO000044,1,RC-3F-03,96,275.0,0.04,25344.0
SO000044,2,RC-3F-10,36,260.0,0.04,8985.6
SO000045,1,RC-3F-02,120,305.0,0.08,33672.0
SO000045,2,RC-UV-04,144,420.0,0.11,53827.2
SO000045,3,RC-3F-07,96,300.0,0.1,25920.0
SO000045,4,RC-RC-01,252,690.0,0.11,154753.2
SO000045,5,RC-3F-06,252,260.0,0.1,58968.0
SO000046,1,RC-2F-02,96,290.0,0.06,26169.6
SO000046,2,RC-3F-01,24,330.0,0.04,7603.2
SO000046,3,RC-RC-05,24,655.0,0.04,15091.2
SO000046,4,RC-3F-04,132,345.0,0.06,42807.6
SO000047,1,RC-RC-01,36,690.0,0.02,24343.2
SO000047,2,RC-UV-03,24,445.0,0.01,10573.2
SO000048,1,RC-KD-04,60,235.0,0.03,13677.0
SO000048,2,RC-3F-10,60,260.0,0.03,15132.0
SO000049,1,RC-3F-04,12,345.0,0.01,4098.6
SO000049,2,RC-UV-01,12,375.0,0.01,4455.0
SO000049,3,RC-2F-06,12,270.0,0.01,3207.6
SO000050,1,RC-KD-04,276,235.0,0.12,57076.8
SO000050,2,RC-3F-11,144,280.0,0.08,37094.4
SO000050,3,RC-UV-04,192,420.0,0.1,72576.0
SO000050,4,RC-UV-01,120,375.0,0.1,40500.0
SO000050,5,RC-2F-01,84,310.0,0.1,23436.0
SO000050,6,RC-3F-02,228,305.0,0.08,63976.8
SO000051,1,RC-2F-04,36,310.0,0.05,10602.0
SO000051,2,RC-2F-01,132,310.0,0.06,38464.8
SO000052,1,RC-RC-01,156,690.0,0.1,96876.0
SO000052,2,RC-2F-04,132,310.0,0.12,36009.6
SO000052,3,RC-UV-04,156,420.0,0.09,59623.2
SO000052,4,RC-UV-02,144,580.0,0.11,74332.8
SO000053,1,RC-UV-04,60,420.0,0.07,23436.0
SO000053,2,RC-2F-02,48,290.0,0.05,13224.0
SO000054,1,RC-KD-04,12,235.0,0.02,2763.6
SO000054,2,RC-UV-04,24,420.0,0.01,9979.2
SO000054,3,RC-3F-03,12,275.0,0.01,3267.0
SO000055,1,RC-3F-05,96,255.0,0.05,23256.0
SO000055,2,RC-3F-07,96,300.0,0.04,27648.0
SO000056,1,RC-2F-03,216,435.0,0.12,82684.8
SO000056,2,RC-2F-05,180,375.0,0.11,60075.0
SO000056,3,RC-UV-04,216,420.0,0.09,82555.2
SO000057,1,RC-2F-06,84,270.0,0.05,21546.0
SO000057,2,RC-UV-01,24,375.0,0.07,8370.0
SO000057,3,RC-LG-05,12,345.0,0.06,3891.6
SO000057,4,RC-UV-04,84,420.0,0.06,33163.2
SO000058,1,RC-UV-03,276,445.0,0.11,109309.8
SO000058,2,RC-RC-01,96,690.0,0.11,58953.6
SO000058,3,RC-UV-04,240,420.0,0.1,90720.0
SO000059,1,RC-LG-03,120,430.0,0.11,45924.0
SO000059,2,RC-UV-04,72,420.0,0.12,26611.2
SO000059,3,RC-3F-08,132,295.0,0.1,35046.0
SO000059,4,RC-3F-06,264,260.0,0.1,61776.0
SO000060,1,RC-2F-03,12,435.0,0.02,5115.6
SO000060,2,RC-3F-08,12,295.0,0.03,3433.8
SO000061,1,RC-UV-04,24,420.0,0.0,10080.0
SO000061,2,RC-3F-08,12,295.0,0.0,3540.0
SO000061,3,RC-RC-01,12,690.0,0.0,8280.0
SO000062,1,RC-UV-01,12,375.0,0.01,4455.0
SO000063,1,RC-RC-05,84,655.0,0.09,50068.2
SO000063,2,RC-UV-04,180,420.0,0.1,68040.0
SO000063,3,RC-LG-05,84,345.0,0.12,25502.4
SO000063,4,RC-3F-04,120,345.0,0.09,37674.0
SO000063,5,RC-RC-01,156,690.0,0.12,94723.2
SO000064,1,RC-UV-01,24,375.0,0.03,8730.0
SO000064,2,RC-UV-04,12,420.0,0.02,4939.2
SO000065,1,RC-LG-02,72,385.0,0.03,26888.4
SO000065,2,RC-RC-05,72,655.0,0.04,45273.6
SO000066,1,RC-3F-03,12,275.0,0.02,3234.0
SO000066,2,RC-RC-01,12,690.0,0.02,8114.4
SO000067,1,RC-KD-01,300,220.0,0.1,59400.0
SO000067,2,RC-UV-04,180,420.0,0.12,66528.0
SO000067,3,RC-3F-10,276,260.0,0.08,66019.2
SO000067,4,RC-3F-05,300,255.0,0.09,69615.0
SO000068,1,RC-UV-03,84,445.0,0.03,36258.6
SO000068,2,RC-RC-04,48,435.0,0.06,19627.2
SO000068,3,RC-UV-01,84,375.0,0.03,30555.0
SO000068,4,RC-2F-01,36,310.0,0.07,10378.8
SO000069,1,RC-UV-04,132,420.0,0.05,52668.0
SO000069,2,RC-3F-08,72,295.0,0.06,19965.6
SO000069,3,RC-2F-05,72,375.0,0.07,25110.0
SO000069,4,RC-RC-02,60,690.0,0.04,39744.0
SO000070,1,RC-UV-01,108,375.0,0.05,38475.0
SO000070,2,RC-UV-04,60,420.0,0.05,23940.0
SO000070,3,RC-LG-03,48,430.0,0.05,19608.0
SO000071,1,RC-UV-04,120,420.0,0.06,47376.0
SO000071,2,RC-2F-01,24,310.0,0.06,6993.6
SO000071,3,RC-RC-01,120,690.0,0.04,79488.0
SO000071,4,RC-3F-09,120,205.0,0.04,23616.0
SO000072,1,RC-3F-05,48,255.0,0.11,10893.6
SO000072,2,RC-3F-04,60,345.0,0.12,18216.0
SO000072,3,RC-RC-01,36,690.0,0.12,21859.2
SO000073,1,RC-RC-02,24,690.0,0.02,16228.8
SO000074,1,RC-2F-01,48,310.0,0.01,14731.2
SO000074,2,RC-UV-04,72,420.0,0.01,29937.6
SO000074,3,RC-3F-06,72,260.0,0.01,18532.8
SO000075,1,RC-UV-04,12,420.0,0.03,4888.8
SO000075,2,RC-UV-01,12,375.0,0.02,4410.0
SO000075,3,RC-2F-01,12,310.0,0.01,3682.8
SO000076,1,RC-3F-08,36,295.0,0.02,10407.6
SO000077,1,RC-KD-04,12,235.0,0.02,2763.6
SO000077,2,RC-2F-04,12,310.0,0.0,3720.0
SO000078,1,RC-RC-03,24,740.0,0.02,17404.8
SO000078,2,RC-UV-03,12,445.0,0.01,5286.6
SO000078,3,RC-3F-08,24,295.0,0.02,6938.4
SO000079,1,RC-RC-02,96,690.0,0.07,61603.2
SO000079,2,RC-2F-06,156,270.0,0.03,40856.4
SO000079,3,RC-2F-04,72,310.0,0.03,21650.4
SO000080,1,RC-KD-04,48,235.0,0.02,11054.4
SO000081,1,RC-2F-01,12,310.0,0.0,3720.0
SO000082,1,RC-3F-04,48,345.0,0.07,15400.8
SO000082,2,RC-RC-03,96,740.0,0.04,68198.4
SO000082,3,RC-3F-01,36,330.0,0.04,11404.8
SO000082,4,RC-UV-04,24,420.0,0.04,9676.8
SO000083,1,RC-UV-01,180,375.0,0.11,60075.0
SO000083,2,RC-RC-01,156,690.0,0.11,95799.6
SO000083,3,RC-3F-01,156,330.0,0.12,45302.4
SO000083,4,RC-2F-06,180,270.0,0.09,44226.0
SO000084,1,RC-3F-02,24,305.0,0.01,7246.8
SO000084,2,RC-KD-01,36,220.0,0.02,7761.6
SO000084,3,RC-UV-04,36,420.0,0.0,15120.0
SO000085,1,RC-UV-05,72,525.0,0.05,35910.0
SO000085,2,RC-3F-08,84,295.0,0.07,23045.4
SO000086,1,RC-UV-01,12,375.0,0.0,4500.0
SO000087,1,RC-UV-05,120,525.0,0.08,57960.0
SO000087,2,RC-UV-04,252,420.0,0.11,94197.6
SO000087,3,RC-UV-03,72,445.0,0.09,29156.4
SO000087,4,RC-UV-01,156,375.0,0.11,52065.0
SO000087,5,RC-LG-05,96,345.0,0.1,29808.0
SO000087,6,RC-3F-09,216,205.0,0.11,39409.2
SO000088,1,RC-UV-04,96,420.0,0.03,39110.4
SO000088,2,RC-LG-05,96,345.0,0.04,31795.2
SO000088,3,RC-3F-03,84,275.0,0.04,22176.0
SO000089,1,RC-UV-01,144,375.0,0.09,49140.0
SO000089,2,RC-KD-01,120,220.0,0.08,24288.0
SO000089,3,RC-UV-04,156,420.0,0.11,58312.8
SO000089,4,RC-RC-02,204,690.0,0.1,126684.0
SO000090,1,RC-3F-05,72,255.0,0.03,17809.2
SO000090,2,RC-UV-04,12,420.0,0.05,4788.0
SO000090,3,RC-3F-06,48,260.0,0.04,11980.8
SO000090,4,RC-RC-01,48,690.0,0.06,31132.8
SO000091,1,RC-UV-01,108,375.0,0.09,36855.0
SO000091,2,RC-3F-06,180,260.0,0.11,41652.0
SO000091,3,RC-2F-03,156,435.0,0.09,61752.6
SO000091,4,RC-2F-02,120,290.0,0.1,31320.0
SO000091,5,RC-KD-04,204,235.0,0.1,43146.0
SO000092,1,RC-UV-01,48,375.0,0.05,17100.0
SO000092,2,RC-2F-01,96,310.0,0.06,27974.4
SO000093,1,RC-2F-02,72,290.0,0.02,20462.4
SO000093,2,RC-3F-05,72,255.0,0.01,18176.4
SO000093,3,RC-LG-01,72,390.0,0.02,27518.4
SO000094,1,RC-RC-01,168,690.0,0.09,105487.2
SO000094,2,RC-2F-03,108,435.0,0.1,42282.0
SO000094,3,RC-2F-02,120,290.0,0.1,31320.0
SO000094,4,RC-UV-02,168,580.0,0.1,87696.0
SO000095,1,RC-RC-01,96,690.0,0.05,62928.0
SO000095,2,RC-2F-03,72,435.0,0.06,29440.8
SO000095,3,RC-3F-08,84,295.0,0.05,23541.0
SO000095,4,RC-3F-10,60,260.0,0.05,14820.0
SO000096,1,RC-2F-06,36,270.0,0.02,9525.6
SO000097,1,RC-RC-02,60,690.0,0.04,39744.0
SO000097,2,RC-UV-04,84,420.0,0.07,32810.4
SO000097,3,RC-3F-06,120,260.0,0.04,29952.0
SO000097,4,RC-2F-03,120,435.0,0.06,49068.0
SO000098,1,RC-GF-01,36,745.0,0.06,25210.8
SO000098,2,RC-KD-01,132,220.0,0.03,28168.8
SO000098,3,RC-RC-01,36,690.0,0.04,23846.4
SO000099,1,RC-KD-01,72,220.0,0.08,14572.8
SO000099,2,RC-2F-02,132,290.0,0.1,34452.0
SO000099,3,RC-KD-04,108,235.0,0.09,23095.8
SO000099,4,RC-UV-05,72,525.0,0.08,34776.0
SO000099,5,RC-UV-04,96,420.0,0.11,35884.8
SO000099,6,RC-LG-06,96,570.0,0.1,49248.0
SO000100,1,RC-RC-05,12,655.0,0.02,7702.8
SO000100,2,RC-UV-01,12,375.0,0.02,4410.0
SO000100,3,RC-3F-01,12,330.0,0.0,3960.0
SO000101,1,RC-2F-04,180,310.0,0.11,49662.0
SO000101,2,RC-RC-01,60,690.0,0.12,36432.0
SO000101,3,RC-LG-05,60,345.0,0.09,18837.0
SO000101,4,RC-LG-01,120,390.0,0.1,42120.0
SO000102,1,RC-RC-01,252,690.0,0.09,158230.8
SO000102,2,RC-UV-02,132,580.0,0.11,68138.4
SO000102,3,RC-LG-06,144,570.0,0.1,73872.0
SO000102,4,RC-GF-01,180,745.0,0.1,120690.0
SO000102,5,RC-LG-03,156,430.0,0.08,61713.6
SO000102,6,RC-2F-02,264,290.0,0.12,67372.8
SO000103,1,RC-UV-04,132,420.0,0.08,51004.8
SO000103,2,RC-3F-01,288,330.0,0.08,87436.8
SO000103,3,RC-RC-02,300,690.0,0.1,186300.0
SO000103,4,RC-RC-01,132,690.0,0.09,82882.8
SO000103,5,RC-3F-06,108,260.0,0.12,24710.4
SO000104,1,RC-LG-05,60,345.0,0.11,18423.0
SO000104,2,RC-3F-04,228,345.0,0.09,71580.6
SO000104,3,RC-3F-08,180,295.0,0.11,47259.0
SO000104,4,RC-3F-10,216,260.0,0.08,51667.2
SO000104,5,RC-UV-04,228,420.0,0.08,88099.2
SO000105,1,RC-LG-06,36,570.0,0.03,19904.4
SO000105,2,RC-3F-06,12,260.0,0.0,3120.0
SO000106,1,RC-RC-01,12,690.0,0.01,8197.2
SO000106,2,RC-UV-01,36,375.0,0.03,13095.0
SO000106,3,RC-3F-06,36,260.0,0.03,9079.2
SO000107,1,RC-3F-04,36,345.0,0.03,12047.4
SO000107,2,RC-UV-01,24,375.0,0.02,8820.0
SO000107,3,RC-GF-01,12,745.0,0.03,8671.8
SO000108,1,RC-2F-01,216,310.0,0.08,61603.2
SO000108,2,RC-GF-01,204,745.0,0.08,139821.6
SO000108,3,RC-KD-04,144,235.0,0.11,30117.6
SO000108,4,RC-3F-04,252,345.0,0.1,78246.0
SO000108,5,RC-RC-01,192,690.0,0.11,117907.2
SO000108,6,RC-UV-01,216,375.0,0.11,72090.0
SO000109,1,RC-2F-01,24,310.0,0.07,6919.2
SO000109,2,RC-RC-01,96,690.0,0.05,62928.0
SO000109,3,RC-GF-01,60,745.0,0.04,42912.0
SO000109,4,RC-UV-04,132,420.0,0.04,53222.4
SO000110,1,RC-LG-03,48,430.0,0.05,19608.0
SO000110,2,RC-GF-01,24,745.0,0.06,16807.2
SO000110,3,RC-3F-01,36,330.0,0.04,11404.8
SO000111,1,RC-3F-06,24,260.0,0.04,5990.4
SO000111,2,RC-3F-07,24,300.0,0.06,6768.0
SO000112,1,RC-2F-06,96,270.0,0.03,25142.4
SO000112,2,RC-2F-04,60,310.0,0.04,17856.0
SO000113,1,RC-3F-10,48,260.0,0.08,11481.6
SO000113,2,RC-2F-06,180,270.0,0.08,44712.0
SO000113,3,RC-RC-01,156,690.0,0.1,96876.0
SO000113,4,RC-2F-05,168,375.0,0.1,56700.0
SO000113,5,RC-3F-06,72,260.0,0.1,16848.0
SO000113,6,RC-3F-02,60,305.0,0.1,16470.0
SO000114,1,RC-UV-04,96,420.0,0.04,38707.2
SO000114,2,RC-3F-05,120,255.0,0.06,28764.0
SO000114,3,RC-LG-02,144,385.0,0.04,53222.4
SO000114,4,RC-LG-01,36,390.0,0.05,13338.0
SO000115,1,RC-3F-04,156,345.0,0.1,48438.0
SO000115,2,RC-3F-05,276,255.0,0.09,64045.8
SO000115,3,RC-RC-01,204,690.0,0.12,123868.8
SO000115,4,RC-KD-04,264,235.0,0.09,56456.4
SO000116,1,RC-LG-03,72,430.0,0.06,29102.4
SO000116,2,RC-LG-05,72,345.0,0.05,23598.0
SO000117,1,RC-RC-01,84,690.0,0.04,55641.6
SO000117,2,RC-3F-05,60,255.0,0.05,14535.0
SO000118,1,RC-3F-08,48,295.0,0.04,13593.6
SO000118,2,RC-RC-02,48,690.0,0.06,31132.8
SO000118,3,RC-RC-03,36,740.0,0.03,25840.8
SO000118,4,RC-3F-10,12,260.0,0.04,2995.2
SO000119,1,RC-3F-08,36,295.0,0.11,9451.8
SO000119,2,RC-3F-04,156,345.0,0.1,48438.0
SO000119,3,RC-RC-01,36,690.0,0.1,22356.0
SO000119,4,RC-3F-06,60,260.0,0.12,13728.0
SO000119,5,RC-2F-01,96,310.0,0.1,26784.0
SO000119,6,RC-KD-01,72,220.0,0.11,14097.6
SO000120,1,RC-3F-05,12,255.0,0.0,3060.0
SO000121,1,RC-KD-04,12,235.0,0.03,2735.4
SO000122,1,RC-2F-02,300,290.0,0.1,78300.0
SO000122,2,RC-3F-01,276,330.0,0.12,80150.4
SO000122,3,RC-2F-01,204,310.0,0.1,56916.0
SO000122,4,RC-3F-03,240,275.0,0.08,60720.0
SO000123,1,RC-3F-06,12,260.0,0.02,3057.6
SO000123,2,RC-2F-04,24,310.0,0.03,7216.8
SO000123,3,RC-UV-04,12,420.0,0.02,4939.2
SO000124,1,RC-RC-05,60,655.0,0.0,39300.0
SO000125,1,RC-RC-05,24,655.0,0.01,15562.8
SO000125,2,RC-3F-06,24,260.0,0.0,6240.0
SO000126,1,RC-3F-10,12,260.0,0.02,3057.6
SO000126,2,RC-RC-05,24,655.0,0.0,15720.0
SO000126,3,RC-3F-03,24,275.0,0.01,6534.0
SO000127,1,RC-UV-04,12,420.0,0.02,4939.2
SO000127,2,RC-3F-07,48,300.0,0.02,14112.0
SO000128,1,RC-3F-08,132,295.0,0.11,34656.6
SO000128,2,RC-RC-03,72,740.0,0.08,49017.6
SO000128,3,RC-3F-07,84,300.0,0.12,22176.0
SO000128,4,RC-3F-10,264,260.0,0.1,61776.0
SO000128,5,RC-2F-06,120,270.0,0.11,28836.0
SO000128,6,RC-KD-01,120,220.0,0.1,23760.0
SO000129,1,RC-3F-10,84,260.0,0.04,20966.4
SO000129,2,RC-RC-02,24,690.0,0.06,15566.4
SO000129,3,RC-3F-07,36,300.0,0.05,10260.0
SO000130,1,RC-3F-04,84,345.0,0.11,25792.2
SO000130,2,RC-LG-03,72,430.0,0.09,28173.6
SO000130,3,RC-KD-01,120,220.0,0.11,23496.0
SO000130,4,RC-3F-01,252,330.0,0.09,75675.6
SO000131,1,RC-3F-04,96,345.0,0.09,30139.2
SO000131,2,RC-3F-08,180,295.0,0.1,47790.0
SO000131,3,RC-LG-02,168,385.0,0.1,58212.0
SO000132,1,RC-RC-01,96,690.0,0.04,63590.4
SO000132,2,RC-3F-01,24,330.0,0.04,7603.2
SO000133,1,RC-LG-05,72,345.0,0.04,23846.4
SO000133,2,RC-2F-01,156,310.0,0.05,45942.0
SO000134,1,RC-3F-08,84,295.0,0.04,23788.8
SO000134,2,RC-LG-03,72,430.0,0.04,29721.6
SO000134,3,RC-3F-06,48,260.0,0.03,12105.6
SO000135,1,RC-RC-01,60,690.0,0.11,36846.0
SO000135,2,RC-3F-03,108,275.0,0.09,27027.0
SO000135,3,RC-2F-02,228,290.0,0.09,60169.2
SO000136,1,RC-RC-01,12,690.0,0.01,8197.2
SO000137,1,RC-KD-01,132,220.0,0.12,25555.2
SO000137,2,RC-UV-04,120,420.0,0.09,45864.0
SO000137,3,RC-2F-03,204,435.0,0.1,79866.0
SO000137,4,RC-3F-08,48,295.0,0.1,12744.0
SO000138,1,RC-2F-02,36,290.0,0.07,9709.2
SO000138,2,RC-LG-05,36,345.0,0.05,11799.0
SO000138,3,RC-UV-05,48,525.0,0.06,23688.0
SO000139,1,RC-KD-03,12,185.0,0.0,2220.0
SO000139,2,RC-2F-05,12,375.0,0.02,4410.0
SO000140,1,RC-3F-03,84,275.0,0.04,22176.0
SO000140,2,RC-2F-03,24,435.0,0.05,9918.0
SO000140,3,RC-3F-06,60,260.0,0.03,15132.0
SO000140,4,RC-3F-01,36,330.0,0.04,11404.8
SO000141,1,RC-LG-05,120,345.0,0.11,36846.0
SO000141,2,RC-3F-01,144,330.0,0.09,43243.2
SO000141,3,RC-UV-04,144,420.0,0.09,55036.8
SO000141,4,RC-KD-04,108,235.0,0.1,22842.0
SO000141,5,RC-UV-02,108,580.0,0.12,55123.2
SO000141,6,RC-2F-06,36,270.0,0.11,8650.8
SO000142,1,RC-UV-04,12,420.0,0.03,4888.8
SO000142,2,RC-RC-05,48,655.0,0.0,31440.0
SO000143,1,RC-RC-03,144,740.0,0.05,101232.0
SO000143,2,RC-3F-06,144,260.0,0.04,35942.4
SO000143,3,RC-3F-01,156,330.0,0.07,47876.4
SO000144,1,RC-UV-04,36,420.0,0.0,15120.0
SO000144,2,RC-KD-01,24,220.0,0.01,5227.2
SO000145,1,RC-3F-06,36,260.0,0.07,8704.8
SO000145,2,RC-UV-04,84,420.0,0.06,33163.2
SO000146,1,RC-3F-09,96,205.0,0.07,18302.4
SO000146,2,RC-3F-03,24,275.0,0.06,6204.0
SO000146,3,RC-UV-02,36,580.0,0.05,19836.0
SO000147,1,RC-2F-01,12,310.0,0.02,3645.6
SO000147,2,RC-3F-11,36,280.0,0.03,9777.6
SO000147,3,RC-KD-04,24,235.0,0.0,5640.0
SO000148,1,RC-3F-03,264,275.0,0.1,65340.0
SO000148,2,RC-3F-01,204,330.0,0.09,61261.2
SO000148,3,RC-3F-07,72,300.0,0.09,19656.0
SO000148,4,RC-RC-05,264,655.0,0.09,157357.2
SO000148,5,RC-KD-04,72,235.0,0.09,15397.2
SO000149,1,RC-3F-08,192,295.0,0.09,51542.4
SO000149,2,RC-UV-01,288,375.0,0.09,98280.0
SO000149,3,RC-2F-05,72,375.0,0.12,23760.0
SO000149,4,RC-UV-02,240,580.0,0.12,122496.0
SO000150,1,RC-RC-01,36,690.0,0.0,24840.0
SO000151,1,RC-2F-05,96,375.0,0.06,33840.0
SO000151,2,RC-UV-04,24,420.0,0.04,9676.8
SO000151,3,RC-UV-02,120,580.0,0.03,67512.0
SO000152,1,RC-RC-01,120,690.0,0.04,79488.0
SO000152,2,RC-UV-04,60,420.0,0.05,23940.0
SO000152,3,RC-3F-07,36,300.0,0.06,10152.0
SO000153,1,RC-3F-10,24,260.0,0.0,6240.0
SO000153,2,RC-2F-06,12,270.0,0.03,3142.8
SO000154,1,RC-3F-04,192,345.0,0.11,58953.6
SO000154,2,RC-LG-05,72,345.0,0.1,22356.0
SO000154,3,RC-UV-05,240,525.0,0.1,113400.0
SO000154,4,RC-LG-02,144,385.0,0.1,49896.0
SO000155,1,RC-2F-02,12,290.0,0.02,3410.4
SO000155,2,RC-3F-03,12,275.0,0.01,3267.0
SO000155,3,RC-3F-06,12,260.0,0.02,3057.6
SO000156,1,RC-2F-06,48,270.0,0.01,12830.4
SO000157,1,RC-RC-01,24,690.0,0.02,16228.8
SO000158,1,RC-UV-04,120,420.0,0.05,47880.0
SO000158,2,RC-UV-01,24,375.0,0.05,8550.0
SO000159,1,RC-LG-05,72,345.0,0.05,23598.0
SO000159,2,RC-KD-04,12,235.0,0.05,2679.0
SO000159,3,RC-RC-02,60,690.0,0.03,40158.0
SO000159,4,RC-LG-03,72,430.0,0.06,29102.4
SO000160,1,RC-2F-02,60,290.0,0.05,16530.0
SO000160,2,RC-3F-06,72,260.0,0.07,17409.6
SO000160,3,RC-RC-01,84,690.0,0.05,55062.0
SO000161,1,RC-2F-01,60,310.0,0.04,17856.0
SO000161,2,RC-RC-02,48,690.0,0.03,32126.4
SO000161,3,RC-KD-04,24,235.0,0.06,5301.6
SO000161,4,RC-3F-08,48,295.0,0.06,13310.4
SO000162,1,RC-3F-07,12,300.0,0.03,3492.0
SO000162,2,RC-LG-05,12,345.0,0.01,4098.6
SO000162,3,RC-LG-03,60,430.0,0.03,25026.0
SO000163,1,RC-RC-01,12,690.0,0.0,8280.0
SO000164,1,RC-3F-09,216,205.0,0.08,40737.6
SO000164,2,RC-LG-05,60,345.0,0.09,18837.0
SO000164,3,RC-RC-01,252,690.0,0.12,153014.4
SO000164,4,RC-KD-04,168,235.0,0.1,35532.0
SO000165,1,RC-UV-04,84,420.0,0.03,34221.6
SO000165,2,RC-RC-02,96,690.0,0.05,62928.0
SO000166,1,RC-3F-06,156,260.0,0.11,36098.4
SO000166,2,RC-UV-04,84,420.0,0.12,31046.4
SO000166,3,RC-2F-02,168,290.0,0.09,44335.2
SO000166,4,RC-2F-06,72,270.0,0.09,17690.4
SO000166,5,RC-RC-01,60,690.0,0.09,37674.0
SO000166,6,RC-2F-01,192,310.0,0.11,52972.8
SO000167,1,RC-RC-01,12,690.0,0.03,8031.6
SO000167,2,RC-2F-02,12,290.0,0.01,3445.2
SO000167,3,RC-UV-04,24,420.0,0.02,9878.4
SO000168,1,RC-LG-05,96,345.0,0.03,32126.4
SO000168,2,RC-2F-02,96,290.0,0.04,26726.4
SO000168,3,RC-UV-04,156,420.0,0.04,62899.2
SO000168,4,RC-3F-01,96,330.0,0.06,29779.2
SO000169,1,RC-LG-02,12,385.0,0.01,4573.8
SO000170,1,RC-2F-06,192,270.0,0.08,47692.8
SO000170,2,RC-RC-03,132,740.0,0.11,86935.2
SO000170,3,RC-3F-06,168,260.0,0.11,38875.2
SO000170,4,RC-3F-03,276,275.0,0.09,69069.0
SO000171,1,RC-RC-01,60,690.0,0.06,38916.0
SO000171,2,RC-3F-02,96,305.0,0.04,28108.8
SO000171,3,RC-3F-08,24,295.0,0.07,6584.4
SO000171,4,RC-UV-04,60,420.0,0.04,24192.0
SO000172,1,RC-KD-01,24,220.0,0.01,5227.2
SO000172,2,RC-2F-02,36,290.0,0.02,10231.2
SO000172,3,RC-3F-01,36,330.0,0.01,11761.2
SO000173,1,RC-KD-01,24,220.0,0.04,5068.8
SO000173,2,RC-2F-01,36,310.0,0.05,10602.0
SO000173,3,RC-KD-04,24,235.0,0.03,5470.8
SO000173,4,RC-2F-03,84,435.0,0.06,34347.6
SO000174,1,RC-KD-04,120,235.0,0.11,25098.0
SO000174,2,RC-UV-04,96,420.0,0.12,35481.6
SO000174,3,RC-RC-01,132,690.0,0.08,83793.6
SO000174,4,RC-3F-03,168,275.0,0.09,42042.0
SO000174,5,RC-LG-05,144,345.0,0.09,45208.8
SO000174,6,RC-3F-07,120,300.0,0.12,31680.0
SO000175,1,RC-RC-01,12,690.0,0.02,8114.4
SO000175,2,RC-3F-08,12,295.0,0.01,3504.6
SO000176,1,RC-RC-01,24,690.0,0.03,16063.2
SO000176,2,RC-GF-01,12,745.0,0.0,8940.0
SO000177,1,RC-RC-02,84,690.0,0.03,56221.2
SO000177,2,RC-2F-03,60,435.0,0.07,24273.0
SO000178,1,RC-RC-03,36,740.0,0.02,26107.2
SO000179,1,RC-UV-04,12,420.0,0.02,4939.2
SO000179,2,RC-RC-01,24,690.0,0.02,16228.8
SO000179,3,RC-KD-04,24,235.0,0.02,5527.2
SO000180,1,RC-3F-01,36,330.0,0.03,11523.6
SO000181,1,RC-UV-04,12,420.0,0.01,4989.6
SO000181,2,RC-LG-02,12,385.0,0.02,4527.6
SO000182,1,RC-3F-03,72,275.0,0.02,19404.0
SO000182,2,RC-KD-03,24,185.0,0.01,4395.6
SO000182,3,RC-UV-05,72,525.0,0.03,36666.0
SO000183,1,RC-UV-04,72,420.0,0.1,27216.0
SO000183,2,RC-RC-03,144,740.0,0.1,95904.0
SO000183,3,RC-3F-04,192,345.0,0.11,58953.6
SO000183,4,RC-3F-03,264,275.0,0.1,65340.0
SO000183,5,RC-3F-01,72,330.0,0.11,21146.4
SO000183,6,RC-RC-05,156,655.0,0.09,92983.8
SO000184,1,RC-3F-04,24,345.0,0.01,8197.2
SO000184,2,RC-3F-05,24,255.0,0.02,5997.6
SO000185,1,RC-RC-01,84,690.0,0.09,52743.6
SO000185,2,RC-3F-03,132,275.0,0.09,33033.0
SO000185,3,RC-2F-02,240,290.0,0.09,63336.0
SO000186,1,RC-2F-03,108,435.0,0.05,44631.0
SO000186,2,RC-3F-05,108,255.0,0.04,26438.4
SO000187,1,RC-KD-03,180,185.0,0.11,29637.0
SO000187,2,RC-UV-03,60,445.0,0.12,23496.0
SO000187,3,RC-UV-02,84,580.0,0.11,43360.8
SO000188,1,RC-3F-06,36,260.0,0.06,8798.4
SO000188,2,RC-RC-02,12,690.0,0.07,7700.4
SO000188,3,RC-3F-07,12,300.0,0.04,3456.0
SO000189,1,RC-3F-08,12,295.0,0.01,3504.6
SO000189,2,RC-RC-01,12,690.0,0.0,8280.0
SO000190,1,RC-3F-01,24,330.0,0.01,7840.8
SO000190,2,RC-UV-01,24,375.0,0.02,8820.0
SO000190,3,RC-RC-04,72,435.0,0.01,31006.8
SO000191,1,RC-3F-01,156,330.0,0.08,47361.6
SO000191,2,RC-3F-05,192,255.0,0.11,43574.4
SO000191,3,RC-2F-06,216,270.0,0.09,53071.2
SO000191,4,RC-RC-05,84,655.0,0.08,50618.4
SO000192,1,RC-3F-05,24,255.0,0.02,5997.6
SO000192,2,RC-2F-01,12,310.0,0.01,3682.8
SO000192,3,RC-3F-07,24,300.0,0.01,7128.0
SO000193,1,RC-UV-02,24,580.0,0.02,13641.6
SO000193,2,RC-RC-01,24,690.0,0.01,16394.4
SO000194,1,RC-2F-03,12,435.0,0.01,5167.8
SO000194,2,RC-LG-02,12,385.0,0.02,4527.6
SO000195,1,RC-UV-04,12,420.0,0.03,4888.8
SO000195,2,RC-3F-07,12,300.0,0.02,3528.0
SO000196,1,RC-LG-05,264,345.0,0.11,81061.2
SO000196,2,RC-2F-02,228,290.0,0.12,58185.6
SO000196,3,RC-2F-06,228,270.0,0.08,56635.2
SO000197,1,RC-RC-03,12,740.0,0.07,8258.4
SO000197,2,RC-3F-01,60,330.0,0.04,19008.0
SO000198,1,RC-KD-01,36,220.0,0.05,7524.0
SO000198,2,RC-3F-01,12,330.0,0.04,3801.6
SO000198,3,RC-3F-06,60,260.0,0.04,14976.0
SO000199,1,RC-2F-05,84,375.0,0.05,29925.0
SO000199,2,RC-3F-12,60,300.0,0.06,16920.0
SO000199,3,RC-2F-01,60,310.0,0.07,17298.0
SO000199,4,RC-3F-01,72,330.0,0.06,22334.4
SO000200,1,RC-RC-01,12,690.0,0.02,8114.4
SO000201,1,RC-KD-03,120,185.0,0.07,20646.0
SO000201,2,RC-KD-01,84,220.0,0.05,17556.0
SO000201,3,RC-2F-06,120,270.0,0.06,30456.0
SO000201,4,RC-RC-02,132,690.0,0.06,85615.2
SO000202,1,RC-KD-04,72,235.0,0.0,16920.0
SO000203,1,RC-RC-01,24,690.0,0.02,16228.8
SO000203,2,RC-UV-04,12,420.0,0.03,4888.8
SO000204,1,RC-UV-04,48,420.0,0.01,19958.4
SO000204,2,RC-UV-01,48,375.0,0.02,17640.0
SO000204,3,RC-RC-01,48,690.0,0.02,32457.6
SO000205,1,RC-RC-02,252,690.0,0.09,158230.8
SO000205,2,RC-KD-03,144,185.0,0.08,24508.8
SO000205,3,RC-RC-03,204,740.0,0.08,138883.2
SO000205,4,RC-3F-02,180,305.0,0.1,49410.0
SO000205,5,RC-UV-04,180,420.0,0.11,67284.0
SO000205,6,RC-2F-02,204,290.0,0.12,52060.8
SO000206,1,RC-GF-01,12,745.0,0.0,8940.0
SO000206,2,RC-UV-01,12,375.0,0.01,4455.0
SO000206,3,RC-RC-01,12,690.0,0.01,8197.2
SO000207,1,RC-RC-05,24,655.0,0.03,15248.4
SO000207,2,RC-UV-02,24,580.0,0.03,13502.4
SO000207,3,RC-3F-05,12,255.0,0.02,2998.8
SO000208,1,RC-UV-04,72,420.0,0.07,28123.2
SO000208,2,RC-UV-05,12,525.0,0.06,5922.0
SO000208,3,RC-RC-03,48,740.0,0.04,34099.2
SO000208,4,RC-RC-01,12,690.0,0.05,7866.0
SO000209,1,RC-RC-05,48,655.0,0.03,30496.8
SO000209,2,RC-3F-01,24,330.0,0.02,7761.6
SO000210,1,RC-UV-01,132,375.0,0.1,44550.0
SO000210,2,RC-2F-02,144,290.0,0.11,37166.4
SO000210,3,RC-RC-01,180,690.0,0.11,110538.0
SO000210,4,RC-3F-04,84,345.0,0.11,25792.2
SO000210,5,RC-LG-02,144,385.0,0.11,49341.6
SO000211,1,RC-RC-04,24,435.0,0.03,10126.8
SO000212,1,RC-UV-04,12,420.0,0.0,5040.0
SO000212,2,RC-KD-02,12,210.0,0.02,2469.6
SO000213,1,RC-RC-05,24,655.0,0.03,15248.4
SO000213,2,RC-GF-01,48,745.0,0.06,33614.4
SO000213,3,RC-RC-01,72,690.0,0.03,48189.6
SO000214,1,RC-LG-05,12,345.0,0.02,4057.2
SO000214,2,RC-RC-03,12,740.0,0.0,8880.0
SO000214,3,RC-KD-01,12,220.0,0.03,2560.8
SO000215,1,RC-3F-06,84,260.0,0.05,20748.0
SO000215,2,RC-3F-10,84,260.0,0.04,20966.4
SO000215,3,RC-3F-08,60,295.0,0.06,16638.0
SO000216,1,RC-RC-01,84,690.0,0.05,55062.0
SO000216,2,RC-UV-04,60,420.0,0.05,23940.0
SO000216,3,RC-LG-05,48,345.0,0.07,15400.8
SO000217,1,RC-RC-01,36,690.0,0.03,24094.8
SO000217,2,RC-3F-09,48,205.0,0.07,9151.2
SO000217,3,RC-KD-03,72,185.0,0.04,12787.2
SO000218,1,RC-RC-01,144,690.0,0.07,92404.8
SO000218,2,RC-UV-04,144,420.0,0.05,57456.0
SO000218,3,RC-2F-01,120,310.0,0.04,35712.0
SO000218,4,RC-RC-02,120,690.0,0.07,77004.0
SO000219,1,RC-3F-08,24,295.0,0.0,7080.0
SO000219,2,RC-UV-04,48,420.0,0.03,19555.2
SO000219,3,RC-UV-01,24,375.0,0.01,8910.0
SO000220,1,RC-KD-03,48,185.0,0.03,8613.6
SO000221,1,RC-2F-02,180,290.0,0.11,46458.0
SO000221,2,RC-2F-01,132,310.0,0.11,36418.8
SO000221,3,RC-3F-04,180,345.0,0.1,55890.0
SO000221,4,RC-3F-03,96,275.0,0.08,24288.0
SO000221,5,RC-UV-02,276,580.0,0.1,144072.0
SO000221,6,RC-KD-04,300,235.0,0.09,64155.0
SO000222,1,RC-2F-04,36,310.0,0.04,10713.6
SO000222,2,RC-RC-01,72,690.0,0.04,47692.8
SO000222,3,RC-2F-03,36,435.0,0.05,14877.0
SO000222,4,RC-LG-05,36,345.0,0.06,11674.8
SO000223,1,RC-GF-01,36,745.0,0.01,26551.8
SO000223,2,RC-2F-01,12,310.0,0.01,3682.8
SO000224,1,RC-2F-01,12,310.0,0.06,3496.8
SO000224,2,RC-RC-01,60,690.0,0.07,38502.0
SO000224,3,RC-2F-02,12,290.0,0.06,3271.2
SO000225,1,RC-3F-06,12,260.0,0.02,3057.6
SO000225,2,RC-LG-05,12,345.0,0.01,4098.6
SO000225,3,RC-KD-03,12,185.0,0.01,2197.8
SO000226,1,RC-RC-02,12,690.0,0.0,8280.0
SO000227,1,RC-LG-05,24,345.0,0.05,7866.0
SO000227,2,RC-KD-04,60,235.0,0.03,13677.0
SO000227,3,RC-3F-03,24,275.0,0.07,6138.0
SO000228,1,RC-2F-03,36,435.0,0.02,15346.8
SO000228,2,RC-3F-06,36,260.0,0.01,9266.4
SO000229,1,RC-RC-02,48,690.0,0.0,33120.0
SO000229,2,RC-RC-01,24,690.0,0.0,16560.0
SO000229,3,RC-3F-08,24,295.0,0.01,7009.2
SO000230,1,RC-UV-01,84,375.0,0.03,30555.0
SO000230,2,RC-2F-01,60,310.0,0.07,17298.0
SO000230,3,RC-KD-04,60,235.0,0.07,13113.0
SO000231,1,RC-3F-02,12,305.0,0.01,3623.4
SO000231,2,RC-3F-06,24,260.0,0.02,6115.2
SO000232,1,RC-UV-04,36,420.0,0.01,14968.8
SO000232,2,RC-3F-04,12,345.0,0.02,4057.2
SO000232,3,RC-2F-06,24,270.0,0.02,6350.4
SO000233,1,RC-2F-06,72,270.0,0.03,18856.8
SO000233,2,RC-GF-01,72,745.0,0.02,52567.2
SO000233,3,RC-3F-04,48,345.0,0.02,16228.8
SO000234,1,RC-3F-08,204,295.0,0.1,54162.0
SO000234,2,RC-2F-02,252,290.0,0.1,65772.0
SO000234,3,RC-LG-02,216,385.0,0.1,74844.0
SO000234,4,RC-KD-02,180,210.0,0.09,34398.0
SO000234,5,RC-RC-01,216,690.0,0.09,135626.4
SO000234,6,RC-KD-03,96,185.0,0.11,15806.4
SO000235,1,RC-UV-02,24,580.0,0.03,13502.4
SO000236,1,RC-3F-06,24,260.0,0.01,6177.6
SO000236,2,RC-GF-01,12,745.0,0.01,8850.6
SO000236,3,RC-2F-02,24,290.0,0.03,6751.2
SO000237,1,RC-KD-04,36,235.0,0.03,8206.2
SO000237,2,RC-RC-02,84,690.0,0.05,55062.0
SO000238,1,RC-2F-04,300,310.0,0.12,81840.0
SO000238,2,RC-3F-01,96,330.0,0.12,27878.4
SO000238,3,RC-UV-04,264,420.0,0.11,98683.2
SO000238,4,RC-2F-06,144,270.0,0.12,34214.4
SO000239,1,RC-RC-05,168,655.0,0.11,97935.6
SO000239,2,RC-KD-04,108,235.0,0.11,22588.2
SO000239,3,RC-UV-03,276,445.0,0.08,112994.4
SO000239,4,RC-2F-01,264,310.0,0.09,74474.4
SO000239,5,RC-3F-02,72,305.0,0.11,19544.4
SO000240,1,RC-RC-01,12,690.0,0.01,8197.2
SO000240,2,RC-LG-02,12,385.0,0.01,4573.8
SO000240,3,RC-UV-04,12,420.0,0.02,4939.2
SO000241,1,RC-3F-05,12,255.0,0.01,3029.4
SO000241,2,RC-3F-04,24,345.0,0.03,8031.6
SO000241,3,RC-3F-06,24,260.0,0.0,6240.0
SO000242,1,RC-UV-02,60,580.0,0.04,33408.0
SO000242,2,RC-3F-01,96,330.0,0.04,30412.8
SO000243,1,RC-RC-02,72,690.0,0.04,47692.8
SO000243,2,RC-3F-06,12,260.0,0.05,2964.0
SO000243,3,RC-RC-01,72,690.0,0.04,47692.8
SO000244,1,RC-LG-03,156,430.0,0.07,62384.4
SO000244,2,RC-KD-04,96,235.0,0.05,21432.0
SO000245,1,RC-RC-01,24,690.0,0.0,16560.0
SO000245,2,RC-2F-06,24,270.0,0.0,6480.0
SO000245,3,RC-LG-06,24,570.0,0.02,13406.4
SO000246,1,RC-3F-07,84,300.0,0.09,22932.0
SO000246,2,RC-LG-05,108,345.0,0.09,33906.6
SO000246,3,RC-3F-08,132,295.0,0.09,35435.4
SO000246,4,RC-RC-03,264,740.0,0.1,175824.0
SO000246,5,RC-LG-06,72,570.0,0.08,37756.8
SO000247,1,RC-LG-06,36,570.0,0.02,20109.6
SO000248,1,RC-2F-01,12,310.0,0.03,3608.4
SO000248,2,RC-3F-10,24,260.0,0.0,6240.0
SO000248,3,RC-3F-01,12,330.0,0.02,3880.8
SO000249,1,RC-RC-02,180,690.0,0.11,110538.0
SO000249,2,RC-3F-09,276,205.0,0.1,50922.0
SO000249,3,RC-RC-01,276,690.0,0.09,173300.4
SO000250,1,RC-LG-05,72,345.0,0.04,23846.4
SO000250,2,RC-3F-08,96,295.0,0.05,26904.0
SO000250,3,RC-UV-01,156,375.0,0.06,54990.0
SO000251,1,RC-2F-02,24,290.0,0.03,6751.2
SO000251,2,RC-RC-02,12,690.0,0.03,8031.6
SO000252,1,RC-3F-06,36,260.0,0.02,9172.8
SO000252,2,RC-RC-01,36,690.0,0.02,24343.2
SO000253,1,RC-3F-05,96,255.0,0.09,22276.8
SO000253,2,RC-3F-01,84,330.0,0.1,24948.0
SO000253,3,RC-3F-09,252,205.0,0.1,46494.0
SO000253,4,RC-3F-03,156,275.0,0.11,38181.0
SO000254,1,RC-2F-02,24,290.0,0.02,6820.8
SO000254,2,RC-UV-04,12,420.0,0.0,5040.0
SO000254,3,RC-KD-03,24,185.0,0.0,4440.0
SO000255,1,RC-3F-02,72,305.0,0.1,19764.0
SO000255,2,RC-3F-04,180,345.0,0.08,57132.0
SO000255,3,RC-3F-10,204,260.0,0.09,48266.4
SO000256,1,RC-RC-03,12,740.0,0.02,8702.4
SO000256,2,RC-GF-01,12,745.0,0.03,8671.8
SO000257,1,RC-3F-04,24,345.0,0.03,8031.6
SO000257,2,RC-LG-05,60,345.0,0.04,19872.0
SO000257,3,RC-LG-06,120,570.0,0.06,64296.0
SO000257,4,RC-RC-01,60,690.0,0.07,38502.0
SO000258,1,RC-2F-03,24,435.0,0.02,10231.2
SO000259,1,RC-2F-06,120,270.0,0.1,29160.0
SO000259,2,RC-3F-07,276,300.0,0.12,72864.0
SO000259,3,RC-3F-12,240,300.0,0.09,65520.0
SO000259,4,RC-RC-05,156,655.0,0.08,94005.6
SO000259,5,RC-3F-04,144,345.0,0.08,45705.6
SO000260,1,RC-3F-03,84,275.0,0.06,21714.0
SO000260,2,RC-3F-04,60,345.0,0.07,19251.0
SO000260,3,RC-3F-02,84,305.0,0.06,24082.8
SO000261,1,RC-LG-02,264,385.0,0.09,92492.4
SO000261,2,RC-RC-05,288,655.0,0.09,171662.4
SO000261,3,RC-RC-01,300,690.0,0.08,190440.0
SO000261,4,RC-LG-03,108,430.0,0.09,42260.4
SO000262,1,RC-LG-01,24,390.0,0.03,9079.2
SO000262,2,RC-LG-05,24,345.0,0.03,8031.6
SO000262,3,RC-GF-02,24,775.0,0.03,18042.0
SO000263,1,RC-UV-04,216,420.0,0.11,80740.8
SO000263,2,RC-RC-01,96,690.0,0.09,60278.4
SO000263,3,RC-2F-04,108,310.0,0.11,29797.2
SO000263,4,RC-2F-02,168,290.0,0.11,43360.8
SO000263,5,RC-LG-03,216,430.0,0.11,82663.2
SO000263,6,RC-3F-07,144,300.0,0.12,38016.0
SO000264,1,RC-3F-07,60,300.0,0.06,16920.0
SO000264,2,RC-KD-04,36,235.0,0.07,7867.8
SO000264,3,RC-2F-06,60,270.0,0.04,15552.0
SO000265,1,RC-3F-05,12,255.0,0.02,2998.8
SO000265,2,RC-RC-01,36,690.0,0.02,24343.2
SO000265,3,RC-3F-03,60,275.0,0.01,16335.0
SO000266,1,RC-3F-06,84,260.0,0.04,20966.4
SO000266,2,RC-KD-04,120,235.0,0.07,26226.0
SO000267,1,RC-KD-04,84,235.0,0.06,18555.6
SO000267,2,RC-RC-02,84,690.0,0.07,53902.8
SO000267,3,RC-3F-09,72,205.0,0.06,13874.4
SO000268,1,RC-3F-03,60,275.0,0.06,15510.0
SO000268,2,RC-RC-01,72,690.0,0.07,46202.4
SO000269,1,RC-RC-01,12,690.0,0.03,8031.6
SO000269,2,RC-LG-03,36,430.0,0.01,15325.2
SO000270,1,RC-2F-01,36,310.0,0.03,10825.2
SO000270,2,RC-3F-06,12,260.0,0.02,3057.6
SO000271,1,RC-3F-09,96,205.0,0.05,18696.0
SO000271,2,RC-3F-05,60,255.0,0.04,14688.0
SO000272,1,RC-3F-08,24,295.0,0.02,6938.4
SO000272,2,RC-3F-02,24,305.0,0.02,7173.6
SO000272,3,RC-RC-01,24,690.0,0.03,16063.2
SO000273,1,RC-3F-08,48,295.0,0.06,13310.4
SO000273,2,RC-KD-04,72,235.0,0.05,16074.0
SO000274,1,RC-GF-01,24,745.0,0.05,16986.0
SO000274,2,RC-2F-02,48,290.0,0.05,13224.0
SO000274,3,RC-3F-04,36,345.0,0.05,11799.0
SO000274,4,RC-RC-01,72,690.0,0.04,47692.8
SO000275,1,RC-UV-04,60,420.0,0.04,24192.0
SO000275,2,RC-3F-09,24,205.0,0.06,4624.8
SO000276,1,RC-2F-02,12,290.0,0.01,3445.2
SO000276,2,RC-LG-06,24,570.0,0.03,13269.6
SO000277,1,RC-2F-02,12,290.0,0.02,3410.4
SO000277,2,RC-3F-01,12,330.0,0.01,3920.4
SO000277,3,RC-2F-06,12,270.0,0.01,3207.6
SO000278,1,RC-KD-03,48,185.0,0.03,8613.6
SO000278,2,RC-UV-04,24,420.0,0.01,9979.2
SO000278,3,RC-3F-04,24,345.0,0.02,8114.4
SO000279,1,RC-RC-05,60,655.0,0.06,36942.0
SO000279,2,RC-KD-04,96,235.0,0.04,21657.6
SO000279,3,RC-2F-02,96,290.0,0.06,26169.6
SO000279,4,RC-RC-02,132,690.0,0.04,87436.8
SO000280,1,RC-2F-01,36,310.0,0.05,10602.0
SO000280,2,RC-UV-04,60,420.0,0.03,24444.0
SO000280,3,RC-3F-04,72,345.0,0.04,23846.4
SO000281,1,RC-3F-06,96,260.0,0.05,23712.0
SO000281,2,RC-2F-02,132,290.0,0.07,35600.4
SO000281,3,RC-KD-02,84,210.0,0.04,16934.4
SO000282,1,RC-RC-01,36,690.0,0.02,24343.2
SO000283,1,RC-3F-09,36,205.0,0.06,6937.2
SO000283,2,RC-RC-01,36,690.0,0.05,23598.0
SO000283,3,RC-LG-05,156,345.0,0.04,51667.2
SO000284,1,RC-2F-04,24,310.0,0.0,7440.0
SO000284,2,RC-KD-04,24,235.0,0.01,5583.6
SO000284,3,RC-RC-01,12,690.0,0.0,8280.0
SO000285,1,RC-3F-01,72,330.0,0.08,21859.2
SO000285,2,RC-3F-06,300,260.0,0.11,69420.0
SO000285,3,RC-2F-02,132,290.0,0.11,34069.2
SO000286,1,RC-KD-04,60,235.0,0.04,13536.0
SO000286,2,RC-GF-01,36,745.0,0.06,25210.8
SO000286,3,RC-3F-08,24,295.0,0.05,6726.0
SO000287,1,RC-3F-04,108,345.0,0.1,33534.0
SO000287,2,RC-UV-04,132,420.0,0.11,49341.6
SO000287,3,RC-3F-06,36,260.0,0.08,8611.2
SO000287,4,RC-RC-01,168,690.0,0.11,103168.8
SO000288,1,RC-KD-02,12,210.0,0.02,2469.6
SO000289,1,RC-2F-04,12,310.0,0.02,3645.6
SO000289,2,RC-KD-01,36,220.0,0.0,7920.0
SO000289,3,RC-3F-02,36,305.0,0.01,10870.2
SO000290,1,RC-2F-01,120,310.0,0.08,34224.0
SO000290,2,RC-KD-04,204,235.0,0.1,43146.0
SO000290,3,RC-LG-06,192,570.0,0.12,96307.2
SO000290,4,RC-RC-02,132,690.0,0.12,80150.4
SO000290,5,RC-3F-06,300,260.0,0.11,69420.0
SO000290,6,RC-RC-01,132,690.0,0.09,82882.8
SO000291,1,RC-3F-03,36,275.0,0.0,9900.0
SO000291,2,RC-2F-02,12,290.0,0.02,3410.4
SO000292,1,RC-RC-01,180,690.0,0.09,113022.0
SO000292,2,RC-LG-02,168,385.0,0.11,57565.2
SO000292,3,RC-3F-01,216,330.0,0.08,65577.6
SO000292,4,RC-3F-08,120,295.0,0.12,31152.0
SO000293,1,RC-3F-07,24,300.0,0.0,7200.0
SO000293,2,RC-2F-03,24,435.0,0.02,10231.2
SO000293,3,RC-2F-01,12,310.0,0.01,3682.8
SO000294,1,RC-3F-03,120,275.0,0.1,29700.0
SO000294,2,RC-RC-01,156,690.0,0.09,97952.4
SO000294,3,RC-3F-08,60,295.0,0.11,15753.0
SO000295,1,RC-UV-01,24,375.0,0.05,8550.0
SO000295,2,RC-3F-03,24,275.0,0.07,6138.0
SO000296,1,RC-3F-07,60,300.0,0.07,16740.0
SO000296,2,RC-UV-04,120,420.0,0.06,47376.0
SO000297,1,RC-RC-03,144,740.0,0.11,94838.4
SO000297,2,RC-UV-01,180,375.0,0.12,59400.0
SO000297,3,RC-LG-05,132,345.0,0.11,40530.6
SO000298,1,RC-RC-01,12,690.0,0.02,8114.4
SO000299,1,RC-KD-01,24,220.0,0.02,5174.4
SO000300,1,RC-RC-02,240,690.0,0.08,152352.0
SO000300,2,RC-2F-05,264,375.0,0.08,91080.0
SO000300,3,RC-KD-01,72,220.0,0.11,14097.6
SO000300,4,RC-RC-05,276,655.0,0.09,164509.8
SO000300,5,RC-RC-01,132,690.0,0.11,81061.2
SO000300,6,RC-3F-01,288,330.0,0.11,84585.6
SO000301,1,RC-GF-01,36,745.0,0.0,26820.0
SO000301,2,RC-KD-04,12,235.0,0.02,2763.6
SO000301,3,RC-RC-02,36,690.0,0.01,24591.6
SO000302,1,RC-LG-01,84,390.0,0.05,31122.0
SO000302,2,RC-RC-03,12,740.0,0.06,8347.2
SO000302,3,RC-2F-03,60,435.0,0.04,25056.0
SO000302,4,RC-GF-01,24,745.0,0.04,17164.8
SO000303,1,RC-LG-02,12,385.0,0.01,4573.8
SO000304,1,RC-2F-02,192,290.0,0.11,49555.2
SO000304,2,RC-3F-01,180,330.0,0.11,52866.0
SO000304,3,RC-RC-03,108,740.0,0.12,70329.6
SO000304,4,RC-2F-01,60,310.0,0.09,16926.0
SO000304,5,RC-RC-01,240,690.0,0.09,150696.0
SO000305,1,RC-UV-04,60,420.0,0.05,23940.0
SO000305,2,RC-3F-04,132,345.0,0.04,43718.4
SO000306,1,RC-LG-06,144,570.0,0.05,77976.0
SO000306,2,RC-RC-01,36,690.0,0.05,23598.0
SO000306,3,RC-KD-04,36,235.0,0.07,7867.8
SO000307,1,RC-3F-07,48,300.0,0.04,13824.0
SO000307,2,RC-3F-04,36,345.0,0.04,11923.2
SO000308,1,RC-3F-01,216,330.0,0.1,64152.0
SO000308,2,RC-RC-01,276,690.0,0.1,171396.0
SO000308,3,RC-LG-05,216,345.0,0.09,67813.2
SO000309,1,RC-2F-03,60,435.0,0.01,25839.0
SO000309,2,RC-3F-04,36,345.0,0.02,12171.6
SO000310,1,RC-3F-04,60,345.0,0.03,20079.0
SO000310,2,RC-3F-08,36,295.0,0.07,9876.6
SO000310,3,RC-RC-01,84,690.0,0.03,56221.2
SO000311,1,RC-RC-01,96,690.0,0.1,59616.0
SO000311,2,RC-3F-06,168,260.0,0.1,39312.0
SO000311,3,RC-RC-03,228,740.0,0.09,153535.2
SO000312,1,RC-RC-01,36,690.0,0.05,23598.0
SO000312,2,RC-KD-01,72,220.0,0.04,15206.4
SO000313,1,RC-RC-05,96,655.0,0.1,56592.0
SO000313,2,RC-2F-06,84,270.0,0.08,20865.6
SO000313,3,RC-3F-08,144,295.0,0.08,39081.6
SO000313,4,RC-2F-02,108,290.0,0.1,28188.0
SO000313,5,RC-2F-04,204,310.0,0.1,56916.0
SO000314,1,RC-2F-04,60,310.0,0.03,18042.0
SO000314,2,RC-RC-01,84,690.0,0.04,55641.6
SO000314,3,RC-KD-04,36,235.0,0.04,8121.6
SO000315,1,RC-3F-06,48,260.0,0.02,12230.4
SO000316,1,RC-RC-05,36,655.0,0.01,23344.2
SO000316,2,RC-UV-03,12,445.0,0.02,5233.2
SO000317,1,RC-3F-04,12,345.0,0.03,4015.8
SO000317,2,RC-2F-01,24,310.0,0.0,7440.0
SO000317,3,RC-RC-03,24,740.0,0.02,17404.8
SO000318,1,RC-KD-04,204,235.0,0.1,43146.0
SO000318,2,RC-KD-01,300,220.0,0.09,60060.0
SO000318,3,RC-RC-01,96,690.0,0.1,59616.0
SO000318,4,RC-UV-01,252,375.0,0.1,85050.0
SO000318,5,RC-2F-05,216,375.0,0.12,71280.0
SO000319,1,RC-3F-06,24,260.0,0.01,6177.6
SO000319,2,RC-LG-03,24,430.0,0.02,10113.6
SO000319,3,RC-2F-01,24,310.0,0.01,7365.6
SO000320,1,RC-3F-06,24,260.0,0.04,5990.4
SO000320,2,RC-LG-01,96,390.0,0.06,35193.6
SO000321,1,RC-RC-01,96,690.0,0.11,58953.6
SO000321,2,RC-2F-03,60,435.0,0.08,24012.0
SO000321,3,RC-3F-04,168,345.0,0.09,52743.6
SO000321,4,RC-LG-05,60,345.0,0.09,18837.0
SO000321,5,RC-3F-01,72,330.0,0.08,21859.2
SO000322,1,RC-3F-08,48,295.0,0.05,13452.0
SO000322,2,RC-UV-01,84,375.0,0.04,30240.0
SO000323,1,RC-2F-01,12,310.0,0.05,3534.0
SO000323,2,RC-LG-03,60,430.0,0.07,23994.0
SO000324,1,RC-3F-09,60,205.0,0.02,12054.0
SO000324,2,RC-2F-06,36,270.0,0.03,9428.4
SO000325,1,RC-UV-01,36,375.0,0.02,13230.0
SO000326,1,RC-KD-01,12,220.0,0.02,2587.2
SO000326,2,RC-KD-02,12,210.0,0.02,2469.6
SO000326,3,RC-RC-01,36,690.0,0.02,24343.2
SO000327,1,RC-LG-03,24,430.0,0.0,10320.0
SO000328,1,RC-RC-03,84,740.0,0.05,59052.0
SO000328,2,RC-KD-02,36,210.0,0.07,7030.8
SO000329,1,RC-RC-05,12,655.0,0.03,7624.2
SO000329,2,RC-2F-01,24,310.0,0.0,7440.0
SO000330,1,RC-3F-06,96,260.0,0.05,23712.0
SO000330,2,RC-KD-01,36,220.0,0.07,7365.6
SO000331,1,RC-LG-02,60,385.0,0.03,22407.0
SO000331,2,RC-3F-08,12,295.0,0.0,3540.0
SO000332,1,RC-RC-01,60,690.0,0.04,39744.0
SO000332,2,RC-3F-08,48,295.0,0.06,13310.4
SO000332,3,RC-UV-04,36,420.0,0.04,14515.2
SO000333,1,RC-RC-03,12,740.0,0.02,8702.4
SO000334,1,RC-3F-03,24,275.0,0.03,6402.0
SO000334,2,RC-RC-03,96,740.0,0.06,66777.6
SO000335,1,RC-RC-01,12,690.0,0.02,8114.4
SO000335,2,RC-3F-04,12,345.0,0.0,4140.0
SO000336,1,RC-KD-01,12,220.0,0.02,2587.2
SO000337,1,RC-KD-01,12,220.0,0.01,2613.6
SO000338,1,RC-2F-04,72,310.0,0.09,20311.2
SO000338,2,RC-2F-06,276,270.0,0.11,66322.8
SO000338,3,RC-KD-01,240,220.0,0.1,47520.0
SO000339,1,RC-UV-03,192,445.0,0.11,76041.6
SO000339,2,RC-3F-05,168,255.0,0.09,38984.4
SO000339,3,RC-KD-02,228,210.0,0.11,42613.2
SO000340,1,RC-KD-04,12,235.0,0.0,2820.0
SO000340,2,RC-3F-04,12,345.0,0.02,4057.2
SO000341,1,RC-UV-04,24,420.0,0.0,10080.0
SO000342,1,RC-UV-04,12,420.0,0.03,4888.8
SO000343,1,RC-2F-06,12,270.0,0.03,3142.8
SO000343,2,RC-LG-05,12,345.0,0.03,4015.8
SO000343,3,RC-3F-05,12,255.0,0.01,3029.4
SO000344,1,RC-GF-01,12,745.0,0.01,8850.6
SO000345,1,RC-LG-05,24,345.0,0.0,8280.0
SO000346,1,RC-RC-01,36,690.0,0.06,23349.6
SO000346,2,RC-LG-03,84,430.0,0.05,34314.0
SO000346,3,RC-3F-07,36,300.0,0.07,10044.0
SO000347,1,RC-UV-04,24,420.0,0.07,9374.4
SO000347,2,RC-3F-08,36,295.0,0.05,10089.0
SO000348,1,RC-2F-03,36,435.0,0.05,14877.0
SO000348,2,RC-3F-04,36,345.0,0.05,11799.0
SO000348,3,RC-UV-04,72,420.0,0.06,28425.6
SO000349,1,RC-3F-06,60,260.0,0.04,14976.0
SO000349,2,RC-RC-03,24,740.0,0.06,16694.4
SO000350,1,RC-RC-01,192,690.0,0.1,119232.0
SO000350,2,RC-3F-06,276,260.0,0.12,63148.8
SO000350,3,RC-3F-07,240,300.0,0.08,66240.0
SO000350,4,RC-RC-05,264,655.0,0.1,155628.0
SO000350,5,RC-2F-05,252,375.0,0.11,84105.0
SO000350,6,RC-3F-04,120,345.0,0.11,36846.0
SO000351,1,RC-2F-01,12,310.0,0.02,3645.6
SO000352,1,RC-3F-06,36,260.0,0.04,8985.6
SO000352,2,RC-3F-01,96,330.0,0.04,30412.8
SO000352,3,RC-2F-05,24,375.0,0.06,8460.0
SO000353,1,RC-RC-02,12,690.0,0.0,8280.0
SO000353,2,RC-LG-05,12,345.0,0.01,4098.6
SO000353,3,RC-3F-03,12,275.0,0.02,3234.0
SO000354,1,RC-3F-02,12,305.0,0.02,3586.8
SO000355,1,RC-RC-02,12,690.0,0.01,8197.2
SO000356,1,RC-3F-08,12,295.0,0.0,3540.0
SO000356,2,RC-3F-06,12,260.0,0.02,3057.6
SO000357,1,RC-2F-01,12,310.0,0.05,3534.0
SO000357,2,RC-3F-08,48,295.0,0.04,13593.6
SO000357,3,RC-3F-03,36,275.0,0.04,9504.0
SO000357,4,RC-RC-01,12,690.0,0.05,7866.0
SO000358,1,RC-3F-07,12,300.0,0.01,3564.0
SO000358,2,RC-3F-09,12,205.0,0.0,2460.0
SO000359,1,RC-3F-01,84,330.0,0.07,25779.6
SO000359,2,RC-LG-03,24,430.0,0.04,9907.2
SO000359,3,RC-3F-10,48,260.0,0.04,11980.8
SO000360,1,RC-UV-04,60,420.0,0.05,23940.0
SO000360,2,RC-RC-01,24,690.0,0.05,15732.0
SO000361,1,RC-3F-07,60,300.0,0.05,17100.0
SO000361,2,RC-2F-06,36,270.0,0.05,9234.0
SO000361,3,RC-3F-01,72,330.0,0.05,22572.0
SO000362,1,RC-3F-06,36,260.0,0.06,8798.4
SO000362,2,RC-RC-01,24,690.0,0.05,15732.0
SO000362,3,RC-3F-01,72,330.0,0.07,22096.8
SO000363,1,RC-2F-06,108,270.0,0.08,26827.2
SO000363,2,RC-3F-06,144,260.0,0.11,33321.6
SO000363,3,RC-RC-03,204,740.0,0.09,137373.6
SO000363,4,RC-3F-01,60,330.0,0.11,17622.0
SO000363,5,RC-3F-05,228,255.0,0.1,52326.0
SO000364,1,RC-3F-07,156,300.0,0.05,44460.0
SO000364,2,RC-2F-06,36,270.0,0.03,9428.4
SO000364,3,RC-3F-10,36,260.0,0.04,8985.6
SO000364,4,RC-3F-09,60,205.0,0.06,11562.0
SO000365,1,RC-KD-01,12,220.0,0.01,2613.6
SO000365,2,RC-3F-07,36,300.0,0.01,10692.0
SO000365,3,RC-RC-03,48,740.0,0.0,35520.0
SO000366,1,RC-3F-05,36,255.0,0.07,8537.4
SO000366,2,RC-2F-06,60,270.0,0.06,15228.0
SO000366,3,RC-2F-01,36,310.0,0.05,10602.0
SO000367,1,RC-3F-04,228,345.0,0.11,70007.4
SO000367,2,RC-3F-03,84,275.0,0.09,21021.0
SO000367,3,RC-RC-01,72,690.0,0.11,44215.2
SO000367,4,RC-2F-02,144,290.0,0.09,38001.6
SO000367,5,RC-KD-03,108,185.0,0.1,17982.0
SO000368,1,RC-3F-01,36,330.0,0.04,11404.8
SO000368,2,RC-RC-01,36,690.0,0.06,23349.6
SO000369,1,RC-3F-04,12,345.0,0.05,3933.0
SO000369,2,RC-UV-03,60,445.0,0.05,25365.0
SO000369,3,RC-2F-02,24,290.0,0.05,6612.0
SO000370,1,RC-3F-04,12,345.0,0.01,4098.6
SO000370,2,RC-LG-05,48,345.0,0.01,16394.4
SO000371,1,RC-KD-04,24,235.0,0.02,5527.2
SO000371,2,RC-UV-04,24,420.0,0.0,10080.0
SO000371,3,RC-3F-04,72,345.0,0.0,24840.0
SO000372,1,RC-LG-05,12,345.0,0.01,4098.6
SO000372,2,RC-3F-04,24,345.0,0.0,8280.0
SO000373,1,RC-UV-04,24,420.0,0.05,9576.0
SO000373,2,RC-2F-01,12,310.0,0.03,3608.4
SO000374,1,RC-GF-01,24,745.0,0.05,16986.0
SO000374,2,RC-2F-05,36,375.0,0.06,12690.0
SO000375,1,RC-2F-01,216,310.0,0.1,60264.0
SO000375,2,RC-3F-01,72,330.0,0.09,21621.6
SO000375,3,RC-3F-04,216,345.0,0.11,66322.8
SO000375,4,RC-3F-10,72,260.0,0.09,17035.2
SO000375,5,RC-UV-01,180,375.0,0.1,60750.0
SO000376,1,RC-2F-06,24,270.0,0.0,6480.0
SO000376,2,RC-KD-01,24,220.0,0.02,5174.4
SO000376,3,RC-UV-02,24,580.0,0.03,13502.4
SO000377,1,RC-KD-01,24,220.0,0.0,5280.0
SO000377,2,RC-RC-01,12,690.0,0.01,8197.2
SO000378,1,RC-RC-01,12,690.0,0.07,7700.4
SO000378,2,RC-2F-02,84,290.0,0.04,23385.6
SO000378,3,RC-2F-03,48,435.0,0.07,19418.4
SO000379,1,RC-RC-01,60,690.0,0.04,39744.0
SO000379,2,RC-LG-03,84,430.0,0.04,34675.2
SO000380,1,RC-RC-01,132,690.0,0.05,86526.0
SO000380,2,RC-3F-07,132,300.0,0.07,36828.0
SO000381,1,RC-RC-01,12,690.0,0.02,8114.4
SO000382,1,RC-LG-05,132,345.0,0.1,40986.0
SO000382,2,RC-3F-06,108,260.0,0.11,24991.2
SO000382,3,RC-RC-01,216,690.0,0.1,134136.0
SO000382,4,RC-3F-03,96,275.0,0.08,24288.0
SO000383,1,RC-3F-03,60,275.0,0.04,15840.0
SO000383,2,RC-3F-10,96,260.0,0.04,23961.6
SO000383,3,RC-3F-01,96,330.0,0.04,30412.8
SO000383,4,RC-3F-08,156,295.0,0.03,44639.4
SO000384,1,RC-RC-01,72,690.0,0.07,46202.4
SO000384,2,RC-3F-09,36,205.0,0.05,7011.0
SO000385,1,RC-RC-01,24,690.0,0.02,16228.8
SO000386,1,RC-3F-10,24,260.0,0.03,6052.8
SO000386,2,RC-3F-02,60,305.0,0.06,17202.0
SO000386,3,RC-UV-04,96,420.0,0.05,38304.0
SO000387,1,RC-LG-02,72,385.0,0.03,26888.4
SO000387,2,RC-UV-04,12,420.0,0.07,4687.2
SO000387,3,RC-2F-01,48,310.0,0.05,14136.0
SO000388,1,RC-RC-01,24,690.0,0.03,16063.2
SO000388,2,RC-2F-06,12,270.0,0.0,3240.0
SO000388,3,RC-GF-01,48,745.0,0.01,35402.4
SO000389,1,RC-KD-04,60,235.0,0.0,14100.0
SO000390,1,RC-KD-04,12,235.0,0.02,2763.6
SO000390,2,RC-GF-01,12,745.0,0.03,8671.8
SO000391,1,RC-2F-01,96,310.0,0.06,27974.4
SO000391,2,RC-KD-04,132,235.0,0.04,29779.2
SO000392,1,RC-3F-08,276,295.0,0.1,73278.0
SO000392,2,RC-KD-03,96,185.0,0.11,15806.4
SO000392,3,RC-2F-02,216,290.0,0.08,57628.8
SO000392,4,RC-3F-10,252,260.0,0.11,58312.8
SO000393,1,RC-3F-10,36,260.0,0.06,8798.4
SO000393,2,RC-GF-01,72,745.0,0.04,51494.4
SO000393,3,RC-LG-02,24,385.0,0.04,8870.4
SO000394,1,RC-3F-01,72,330.0,0.05,22572.0
SO000394,2,RC-3F-10,48,260.0,0.05,11856.0
SO000395,1,RC-LG-05,24,345.0,0.03,8031.6
SO000396,1,RC-KD-04,120,235.0,0.03,27354.0
SO000396,2,RC-GF-01,36,745.0,0.05,25479.0
SO000396,3,RC-LG-03,24,430.0,0.05,9804.0
SO000396,4,RC-UV-01,36,375.0,0.06,12690.0
SO000397,1,RC-RC-01,72,690.0,0.03,48189.6
SO000397,2,RC-2F-02,48,290.0,0.04,13363.2
SO000398,1,RC-UV-03,48,445.0,0.0,21360.0
SO000398,2,RC-LG-05,72,345.0,0.02,24343.2
SO000399,1,RC-3F-10,48,260.0,0.03,12105.6
SO000399,2,RC-RC-05,48,655.0,0.06,29553.6
SO000399,3,RC-2F-04,12,310.0,0.04,3571.2
SO000399,4,RC-LG-02,48,385.0,0.04,17740.8
SO000400,1,RC-3F-06,96,260.0,0.03,24211.2
SO000400,2,RC-2F-03,84,435.0,0.04,35078.4
SO000400,3,RC-3F-05,36,255.0,0.04,8812.8
SO000401,1,RC-RC-02,36,690.0,0.04,23846.4
SO000401,2,RC-RC-01,12,690.0,0.06,7783.2
SO000401,3,RC-3F-07,60,300.0,0.03,17460.0
SO000402,1,RC-3F-04,12,345.0,0.03,4015.8
SO000403,1,RC-2F-03,12,435.0,0.01,5167.8
SO000403,2,RC-UV-01,12,375.0,0.01,4455.0
SO000404,1,RC-RC-01,48,690.0,0.02,32457.6
SO000404,2,RC-KD-01,48,220.0,0.02,10348.8
SO000404,3,RC-3F-04,72,345.0,0.03,24094.8
SO000405,1,RC-LG-03,12,430.0,0.02,5056.8
SO000405,2,RC-3F-07,12,300.0,0.03,3492.0
SO000406,1,RC-KD-01,12,220.0,0.02,2587.2
SO000406,2,RC-RC-05,24,655.0,0.03,15248.4
SO000407,1,RC-3F-06,12,260.0,0.02,3057.6
SO000407,2,RC-RC-01,12,690.0,0.02,8114.4
SO000407,3,RC-UV-01,24,375.0,0.02,8820.0
SO000408,1,RC-RC-01,228,690.0,0.1,141588.0
SO000408,2,RC-3F-06,192,260.0,0.08,45926.4
SO000408,3,RC-3F-04,228,345.0,0.08,72367.2
SO000409,1,RC-LG-05,12,345.0,0.03,4015.8
SO000409,2,RC-RC-01,12,690.0,0.01,8197.2
SO000410,1,RC-3F-05,24,255.0,0.07,5691.6
SO000410,2,RC-KD-04,96,235.0,0.05,21432.0
SO000411,1,RC-RC-01,36,690.0,0.0,24840.0
SO000412,1,RC-3F-03,132,275.0,0.11,32307.0
SO000412,2,RC-3F-01,228,330.0,0.1,67716.0
SO000412,3,RC-RC-02,108,690.0,0.12,65577.6
SO000412,4,RC-LG-06,276,570.0,0.09,143161.2
SO000413,1,RC-KD-04,60,235.0,0.06,13254.0
SO000413,2,RC-RC-01,36,690.0,0.06,23349.6
SO000414,1,RC-RC-03,24,740.0,0.06,16694.4
SO000414,2,RC-RC-01,24,690.0,0.06,15566.4
SO000414,3,RC-2F-02,60,290.0,0.05,16530.0
SO000415,1,RC-RC-01,24,690.0,0.01,16394.4
SO000415,2,RC-3F-06,24,260.0,0.03,6052.8
SO000415,3,RC-2F-04,24,310.0,0.0,7440.0
SO000416,1,RC-RC-01,24,690.0,0.03,16063.2
SO000416,2,RC-3F-07,24,300.0,0.05,6840.0
SO000416,3,RC-RC-05,60,655.0,0.04,37728.0
SO000416,4,RC-3F-04,120,345.0,0.04,39744.0
SO000417,1,RC-2F-02,12,290.0,0.03,3375.6
SO000418,1,RC-LG-02,36,385.0,0.05,13167.0
SO000418,2,RC-3F-07,84,300.0,0.07,23436.0
SO000419,1,RC-RC-03,12,740.0,0.02,8702.4
SO000420,1,RC-3F-10,36,260.0,0.01,9266.4
SO000420,2,RC-RC-01,36,690.0,0.02,24343.2
SO000420,3,RC-3F-06,12,260.0,0.03,3026.4
SO000421,1,RC-RC-01,36,690.0,0.01,24591.6
SO000422,1,RC-3F-01,60,330.0,0.06,18612.0
SO000422,2,RC-RC-01,60,690.0,0.04,39744.0
SO000422,3,RC-3F-08,36,295.0,0.05,10089.0
SO000423,1,RC-3F-04,48,345.0,0.03,16063.2
SO000424,1,RC-3F-02,24,305.0,0.02,7173.6
SO000425,1,RC-KD-04,36,235.0,0.04,8121.6
SO000425,2,RC-2F-05,96,375.0,0.07,33480.0
SO000425,3,RC-2F-01,24,310.0,0.06,6993.6
SO000426,1,RC-2F-04,12,310.0,0.02,3645.6
SO000426,2,RC-2F-06,12,270.0,0.03,3142.8
SO000426,3,RC-KD-01,12,220.0,0.02,2587.2
SO000427,1,RC-3F-03,72,275.0,0.06,18612.0
SO000427,2,RC-RC-01,144,690.0,0.04,95385.6
SO000427,3,RC-3F-04,60,345.0,0.03,20079.0
SO000428,1,RC-RC-03,144,740.0,0.1,95904.0
SO000428,2,RC-UV-03,192,445.0,0.1,76896.0
SO000428,3,RC-LG-03,180,430.0,0.11,68886.0
SO000429,1,RC-3F-06,12,260.0,0.04,2995.2
SO000429,2,RC-2F-01,24,310.0,0.06,6993.6
SO000430,1,RC-RC-01,48,690.0,0.04,31795.2
SO000430,2,RC-KD-01,60,220.0,0.05,12540.0
SO000430,3,RC-UV-04,84,420.0,0.06,33163.2
SO000431,1,RC-2F-05,48,375.0,0.03,17460.0
SO000432,1,RC-RC-01,48,690.0,0.06,31132.8
SO000432,2,RC-LG-01,96,390.0,0.05,35568.0
SO000432,3,RC-3F-04,96,345.0,0.05,31464.0
SO000433,1,RC-3F-07,36,300.0,0.06,10152.0
SO000433,2,RC-3F-04,156,345.0,0.06,50590.8
SO000433,3,RC-3F-08,96,295.0,0.04,27187.2
SO000433,4,RC-3F-03,72,275.0,0.07,18414.0
SO000434,1,RC-RC-01,12,690.0,0.03,8031.6
SO000435,1,RC-LG-03,12,430.0,0.01,5108.4
SO000435,2,RC-3F-01,12,330.0,0.02,3880.8
SO000435,3,RC-3F-10,12,260.0,0.02,3057.6
SO000436,1,RC-3F-06,12,260.0,0.01,3088.8
SO000436,2,RC-3F-07,12,300.0,0.01,3564.0
SO000437,1,RC-RC-02,84,690.0,0.05,55062.0
SO000437,2,RC-RC-03,120,740.0,0.03,86136.0
SO000437,3,RC-UV-04,72,420.0,0.05,28728.0
SO000437,4,RC-KD-03,96,185.0,0.06,16694.4
SO000438,1,RC-3F-08,144,295.0,0.09,38656.8
SO000438,2,RC-3F-06,60,260.0,0.09,14196.0
SO000438,3,RC-RC-01,168,690.0,0.1,104328.0
SO000438,4,RC-2F-01,132,310.0,0.09,37237.2
SO000439,1,RC-RC-01,12,690.0,0.02,8114.4
SO000440,1,RC-RC-05,48,655.0,0.01,31125.6
SO000440,2,RC-3F-03,24,275.0,0.02,6468.0
SO000441,1,RC-LG-01,24,390.0,0.02,9172.8
SO000441,2,RC-3F-02,12,305.0,0.03,3550.2
SO000441,3,RC-2F-03,12,435.0,0.0,5220.0
SO000442,1,RC-LG-02,60,385.0,0.06,21714.0
SO000442,2,RC-RC-01,96,690.0,0.06,62265.6
SO000442,3,RC-RC-05,84,655.0,0.05,52269.0
SO000442,4,RC-UV-04,96,420.0,0.05,38304.0
SO000443,1,RC-RC-01,216,690.0,0.1,134136.0
SO000443,2,RC-KD-03,144,185.0,0.1,23976.0
SO000443,3,RC-GF-01,144,745.0,0.09,97624.8
SO000444,1,RC-KD-01,48,220.0,0.0,10560.0
SO000445,1,RC-3F-09,24,205.0,0.02,4821.6
SO000445,2,RC-LG-05,48,345.0,0.03,16063.2
SO000446,1,RC-3F-06,24,260.0,0.0,6240.0
SO000447,1,RC-3F-06,72,260.0,0.03,18158.4
SO000447,2,RC-KD-04,48,235.0,0.05,10716.0
SO000447,3,RC-2F-01,36,310.0,0.07,10378.8
SO000448,1,RC-LG-05,120,345.0,0.09,37674.0
SO000448,2,RC-2F-03,72,435.0,0.11,27874.8
SO000448,3,RC-3F-03,300,275.0,0.1,74250.0
SO000448,4,RC-3F-02,84,305.0,0.12,22545.6
SO000448,5,RC-2F-04,216,310.0,0.08,61603.2
SO000448,6,RC-3F-08,120,295.0,0.09,32214.0
SO000449,1,RC-2F-01,72,310.0,0.04,21427.2
SO000449,2,RC-UV-02,156,580.0,0.04,86860.8
SO000449,3,RC-RC-01,60,690.0,0.06,38916.0
SO000450,1,RC-3F-08,48,295.0,0.06,13310.4
SO000450,2,RC-UV-04,60,420.0,0.05,23940.0
SO000450,3,RC-KD-04,12,235.0,0.04,2707.2
SO000450,4,RC-RC-01,24,690.0,0.03,16063.2
SO000451,1,RC-LG-03,24,430.0,0.0,10320.0
SO000451,2,RC-3F-02,12,305.0,0.02,3586.8
SO000452,1,RC-RC-05,144,655.0,0.11,83944.8
SO000452,2,RC-3F-05,192,255.0,0.11,43574.4
SO000452,3,RC-RC-01,276,690.0,0.08,175204.8
SO000452,4,RC-KD-01,180,220.0,0.12,34848.0
SO000452,5,RC-LG-02,84,385.0,0.09,29429.4
SO000453,1,RC-KD-01,300,220.0,0.11,58740.0
SO000453,2,RC-KD-04,300,235.0,0.09,64155.0
SO000453,3,RC-RC-01,300,690.0,0.11,184230.0
SO000453,4,RC-2F-03,228,435.0,0.11,88270.2
SO000454,1,RC-KD-04,12,235.0,0.01,2791.8
SO000455,1,RC-3F-08,12,295.0,0.02,3469.2
SO000456,1,RC-2F-06,24,270.0,0.01,6415.2
SO000456,2,RC-KD-01,12,220.0,0.01,2613.6
SO000457,1,RC-UV-02,48,580.0,0.06,26169.6
SO000457,2,RC-2F-02,84,290.0,0.04,23385.6
SO000458,1,RC-UV-02,192,580.0,0.11,99110.4
SO000458,2,RC-UV-04,132,420.0,0.11,49341.6
SO000458,3,RC-2F-05,132,375.0,0.09,45045.0
SO000459,1,RC-UV-03,300,445.0,0.09,121485.0
SO000459,2,RC-3F-01,72,330.0,0.09,21621.6
SO000459,3,RC-UV-04,84,420.0,0.1,31752.0
SO000459,4,RC-2F-04,84,310.0,0.11,23175.6
SO000459,5,RC-3F-04,192,345.0,0.09,60278.4
SO000460,1,RC-2F-02,96,290.0,0.06,26169.6
SO000460,2,RC-3F-03,36,275.0,0.05,9405.0
SO000460,3,RC-RC-05,36,655.0,0.05,22401.0
SO000461,1,RC-3F-05,84,255.0,0.07,19920.6
SO000461,2,RC-3F-01,60,330.0,0.05,18810.0
SO000461,3,RC-KD-03,60,185.0,0.05,10545.0
SO000462,1,RC-LG-01,24,390.0,0.01,9266.4
SO000462,2,RC-3F-01,24,330.0,0.01,7840.8
SO000462,3,RC-3F-04,48,345.0,0.02,16228.8
SO000463,1,RC-2F-01,36,310.0,0.06,10490.4
SO000463,2,RC-3F-10,72,260.0,0.05,17784.0
SO000464,1,RC-RC-01,72,690.0,0.06,46699.2
SO000464,2,RC-3F-08,12,295.0,0.03,3433.8
SO000464,3,RC-3F-04,60,345.0,0.06,19458.0
SO000465,1,RC-3F-03,180,275.0,0.08,45540.0
SO000465,2,RC-2F-01,84,310.0,0.08,23956.8
SO000465,3,RC-KD-04,144,235.0,0.1,30456.0
SO000466,1,RC-UV-01,24,375.0,0.04,8640.0
SO000466,2,RC-3F-07,48,300.0,0.03,13968.0
SO000467,1,RC-RC-03,36,740.0,0.02,26107.2
SO000468,1,RC-3F-06,96,260.0,0.05,23712.0
SO000468,2,RC-RC-01,60,690.0,0.05,39330.0
SO000469,1,RC-LG-01,72,390.0,0.03,27237.6
SO000469,2,RC-RC-01,36,690.0,0.05,23598.0
SO000469,3,RC-2F-01,132,310.0,0.07,38055.6
SO000470,1,RC-3F-06,108,260.0,0.11,24991.2
SO000470,2,RC-LG-06,168,570.0,0.09,87141.6
SO000470,3,RC-UV-01,132,375.0,0.11,44055.0
SO000471,1,RC-3F-08,60,295.0,0.06,16638.0
SO000471,2,RC-KD-01,72,220.0,0.06,14889.6
SO000471,3,RC-3F-04,24,345.0,0.06,7783.2
SO000471,4,RC-3F-10,24,260.0,0.05,5928.0
SO000472,1,RC-3F-04,12,345.0,0.01,4098.6
SO000473,1,RC-2F-01,24,310.0,0.04,7142.4
SO000473,2,RC-3F-04,48,345.0,0.06,15566.4
SO000473,3,RC-RC-01,84,690.0,0.04,55641.6
SO000473,4,RC-3F-06,48,260.0,0.05,11856.0
SO000474,1,RC-RC-03,84,740.0,0.08,57187.2
SO000474,2,RC-UV-05,252,525.0,0.08,121716.0
SO000474,3,RC-2F-03,252,435.0,0.12,96465.6
SO000475,1,RC-UV-01,36,375.0,0.07,12555.0
SO000475,2,RC-KD-04,60,235.0,0.04,13536.0
SO000475,3,RC-RC-01,96,690.0,0.04,63590.4
SO000475,4,RC-UV-04,96,420.0,0.04,38707.2
SO000476,1,RC-UV-03,24,445.0,0.01,10573.2
SO000477,1,RC-3F-09,24,205.0,0.02,4821.6
SO000478,1,RC-2F-06,108,270.0,0.1,26244.0
SO000478,2,RC-LG-02,72,385.0,0.11,24670.8
SO000478,3,RC-3F-01,72,330.0,0.09,21621.6
SO000479,1,RC-3F-02,12,305.0,0.01,3623.4
SO000479,2,RC-RC-01,24,690.0,0.0,16560.0
SO000479,3,RC-RC-04,24,435.0,0.01,10335.6
SO000480,1,RC-RC-02,24,690.0,0.03,16063.2
SO000480,2,RC-LG-02,60,385.0,0.06,21714.0
SO000481,1,RC-2F-04,96,310.0,0.04,28569.6
SO000481,2,RC-UV-01,96,375.0,0.04,34560.0
SO000481,3,RC-3F-01,24,330.0,0.06,7444.8
SO000482,1,RC-RC-04,288,435.0,0.09,114004.8
SO000482,2,RC-3F-06,132,260.0,0.09,31231.2
SO000482,3,RC-RC-01,216,690.0,0.1,134136.0
SO000482,4,RC-2F-06,72,270.0,0.1,17496.0
SO000482,5,RC-3F-01,84,330.0,0.09,25225.2
SO000483,1,RC-3F-03,12,275.0,0.06,3102.0
SO000483,2,RC-2F-05,36,375.0,0.05,12825.0
SO000483,3,RC-2F-04,36,310.0,0.04,10713.6
SO000484,1,RC-UV-02,96,580.0,0.11,49555.2
SO000484,2,RC-3F-05,144,255.0,0.1,33048.0
SO000484,3,RC-3F-03,108,275.0,0.11,26433.0
SO000484,4,RC-KD-01,144,220.0,0.08,29145.6
SO000484,5,RC-LG-06,168,570.0,0.1,86184.0
SO000485,1,RC-KD-03,12,185.0,0.02,2175.6
SO000485,2,RC-LG-01,12,390.0,0.0,4680.0
SO000486,1,RC-RC-05,48,655.0,0.05,29868.0
SO000486,2,RC-3F-04,36,345.0,0.05,11799.0
SO000486,3,RC-UV-04,84,420.0,0.03,34221.6
SO000486,4,RC-UV-05,96,525.0,0.07,46872.0
SO000487,1,RC-3F-04,84,345.0,0.04,27820.8
SO000487,2,RC-KD-04,96,235.0,0.06,21206.4
SO000488,1,RC-KD-01,72,220.0,0.03,15364.8
SO000488,2,RC-3F-01,72,330.0,0.02,23284.8
SO000489,1,RC-3F-07,24,300.0,0.02,7056.0
SO000489,2,RC-RC-01,24,690.0,0.02,16228.8
SO000490,1,RC-3F-08,144,295.0,0.1,38232.0
SO000490,2,RC-RC-02,264,690.0,0.1,163944.0
SO000490,3,RC-RC-01,276,690.0,0.1,171396.0
SO000490,4,RC-3F-06,204,260.0,0.1,47736.0
SO000490,5,RC-2F-04,132,310.0,0.08,37646.4
SO000491,1,RC-3F-08,96,295.0,0.07,26337.6
SO000491,2,RC-3F-04,60,345.0,0.07,19251.0
SO000492,1,RC-RC-01,12,690.0,0.03,8031.6
SO000492,2,RC-KD-02,12,210.0,0.01,2494.8
SO000492,3,RC-2F-06,24,270.0,0.01,6415.2
SO000493,1,RC-RC-01,12,690.0,0.02,8114.4
SO000493,2,RC-RC-05,24,655.0,0.03,15248.4
SO000493,3,RC-LG-03,12,430.0,0.02,5056.8
SO000494,1,RC-KD-04,12,235.0,0.01,2791.8
SO000494,2,RC-3F-06,12,260.0,0.02,3057.6
SO000495,1,RC-3F-04,36,345.0,0.02,12171.6
SO000495,2,RC-KD-02,12,210.0,0.02,2469.6
SO000496,1,RC-LG-03,288,430.0,0.1,111456.0
SO000496,2,RC-UV-04,300,420.0,0.11,112140.0
SO000496,3,RC-3F-01,216,330.0,0.11,63439.2
SO000496,4,RC-2F-03,132,435.0,0.08,52826.4
SO000497,1,RC-3F-02,72,305.0,0.07,20422.8
SO000497,2,RC-RC-01,48,690.0,0.05,31464.0
SO000497,3,RC-3F-07,48,300.0,0.04,13824.0
SO000498,1,RC-RC-01,240,690.0,0.1,149040.0
SO000498,2,RC-LG-02,72,385.0,0.08,25502.4
SO000498,3,RC-UV-04,60,420.0,0.11,22428.0
SO000498,4,RC-LG-05,156,345.0,0.1,48438.0
SO000498,5,RC-3F-03,216,275.0,0.09,54054.0
SO000498,6,RC-LG-06,72,570.0,0.11,36525.6
SO000499,1,RC-2F-03,24,435.0,0.02,10231.2
SO000500,1,RC-KD-03,12,185.0,0.04,2131.2
SO000500,2,RC-KD-02,48,210.0,0.04,9676.8
SO000500,3,RC-UV-01,24,375.0,0.07,8370.0
SO000501,1,RC-2F-06,12,270.0,0.03,3142.8
SO000501,2,RC-RC-01,24,690.0,0.01,16394.4
SO000501,3,RC-3F-08,24,295.0,0.0,7080.0
SO000502,1,RC-LG-05,228,345.0,0.1,70794.0
SO000502,2,RC-RC-01,72,690.0,0.09,45208.8
SO000502,3,RC-RC-05,72,655.0,0.11,41972.4
SO000502,4,RC-3F-07,216,300.0,0.1,58320.0
SO000502,5,RC-UV-04,108,420.0,0.11,40370.4
SO000503,1,RC-UV-04,12,420.0,0.0,5040.0
SO000504,1,RC-3F-07,180,300.0,0.08,49680.0
SO000504,2,RC-UV-04,108,420.0,0.12,39916.8
SO000504,3,RC-3F-03,144,275.0,0.11,35244.0
SO000505,1,RC-3F-04,144,345.0,0.11,44215.2
SO000505,2,RC-RC-01,156,690.0,0.09,97952.4
SO000505,3,RC-RC-05,120,655.0,0.08,72312.0
SO000506,1,RC-KD-03,96,185.0,0.04,17049.6
SO000506,2,RC-RC-01,144,690.0,0.04,95385.6
SO000507,1,RC-3F-10,48,260.0,0.01,12355.2
SO000508,1,RC-RC-02,60,690.0,0.05,39330.0
SO000508,2,RC-UV-04,84,420.0,0.06,33163.2
SO000508,3,RC-RC-01,24,690.0,0.03,16063.2
SO000509,1,RC-3F-06,240,260.0,0.1,56160.0
SO000509,2,RC-3F-04,216,345.0,0.09,67813.2
SO000509,3,RC-RC-05,204,655.0,0.08,122930.4
SO000509,4,RC-KD-01,264,220.0,0.09,52852.8
SO000509,5,RC-RC-01,204,690.0,0.1,126684.0
SO000509,6,RC-3F-08,120,295.0,0.1,31860.0
SO000510,1,RC-3F-07,12,300.0,0.02,3528.0
SO000510,2,RC-UV-04,12,420.0,0.02,4939.2
SO000510,3,RC-LG-01,24,390.0,0.01,9266.4
SO000511,1,RC-RC-01,12,690.0,0.0,8280.0
SO000511,2,RC-RC-05,60,655.0,0.01,38907.0
SO000512,1,RC-RC-01,72,690.0,0.05,47196.0
SO000512,2,RC-3F-01,24,330.0,0.07,7365.6
SO000512,3,RC-2F-06,60,270.0,0.07,15066.0
SO000513,1,RC-RC-02,12,690.0,0.02,8114.4
SO000514,1,RC-3F-01,24,330.0,0.01,7840.8
SO000514,2,RC-RC-01,36,690.0,0.01,24591.6
SO000514,3,RC-3F-06,24,260.0,0.02,6115.2
SO000515,1,RC-LG-05,24,345.0,0.01,8197.2
SO000515,2,RC-RC-02,24,690.0,0.0,16560.0
SO000515,3,RC-3F-07,12,300.0,0.01,3564.0
SO000516,1,RC-3F-07,72,300.0,0.11,19224.0
SO000516,2,RC-3F-03,72,275.0,0.09,18018.0
SO000516,3,RC-3F-04,144,345.0,0.09,45208.8
SO000517,1,RC-RC-01,36,690.0,0.01,24591.6
SO000518,1,RC-2F-03,12,435.0,0.01,5167.8
SO000518,2,RC-3F-04,12,345.0,0.0,4140.0
SO000518,3,RC-KD-04,12,235.0,0.02,2763.6
SO000519,1,RC-RC-01,96,690.0,0.06,62265.6
SO000519,2,RC-LG-05,36,345.0,0.06,11674.8
SO000519,3,RC-UV-01,36,375.0,0.07,12555.0
SO000520,1,RC-2F-04,204,310.0,0.09,57548.4
SO000520,2,RC-3F-01,120,330.0,0.12,34848.0
SO000520,3,RC-LG-02,168,385.0,0.11,57565.2
SO000520,4,RC-RC-02,96,690.0,0.1,59616.0
SO000520,5,RC-2F-01,48,310.0,0.12,13094.4
SO000521,1,RC-3F-01,12,330.0,0.03,3841.2
SO000521,2,RC-3F-06,24,260.0,0.01,6177.6
SO000521,3,RC-RC-01,48,690.0,0.02,32457.6
SO000522,1,RC-3F-04,24,345.0,0.02,8114.4
SO000523,1,RC-RC-04,48,435.0,0.06,19627.2
SO000523,2,RC-3F-06,84,260.0,0.05,20748.0
SO000523,3,RC-2F-01,36,310.0,0.05,10602.0
SO000523,4,RC-2F-03,24,435.0,0.04,10022.4
SO000524,1,RC-UV-04,24,420.0,0.03,9777.6
SO000524,2,RC-3F-01,24,330.0,0.01,7840.8
SO000524,3,RC-RC-03,12,740.0,0.01,8791.2
SO000525,1,RC-3F-09,72,205.0,0.04,14169.6
SO000525,2,RC-2F-06,48,270.0,0.06,12182.4
SO000526,1,RC-2F-06,264,270.0,0.08,65577.6
SO000526,2,RC-3F-06,204,260.0,0.11,47205.6
SO000526,3,RC-UV-04,264,420.0,0.11,98683.2
SO000526,4,RC-RC-05,144,655.0,0.09,85831.2
SO000526,5,RC-GF-01,144,745.0,0.12,94406.4
SO000527,1,RC-UV-04,36,420.0,0.03,14666.4
SO000527,2,RC-3F-06,24,260.0,0.03,6052.8
SO000527,3,RC-3F-01,12,330.0,0.02,3880.8
SO000528,1,RC-RC-01,12,690.0,0.03,8031.6
SO000529,1,RC-3F-06,96,260.0,0.06,23462.4
SO000529,2,RC-RC-01,24,690.0,0.05,15732.0
SO000529,3,RC-2F-01,108,310.0,0.07,31136.4
SO000530,1,RC-3F-06,24,260.0,0.05,5928.0
SO000530,2,RC-2F-03,96,435.0,0.07,38836.8
SO000530,3,RC-3F-07,60,300.0,0.06,16920.0
SO000530,4,RC-3F-01,24,330.0,0.05,7524.0
SO000531,1,RC-3F-10,36,260.0,0.02,9172.8
SO000531,2,RC-3F-04,12,345.0,0.01,4098.6
SO000531,3,RC-RC-01,36,690.0,0.01,24591.6
SO000532,1,RC-3F-03,24,275.0,0.01,6534.0
SO000532,2,RC-UV-04,72,420.0,0.02,29635.2
SO000533,1,RC-3F-08,36,295.0,0.0,10620.0
SO000533,2,RC-UV-05,36,525.0,0.0,18900.0
SO000533,3,RC-3F-01,24,330.0,0.02,7761.6
SO000534,1,RC-2F-02,24,290.0,0.06,6542.4
SO000534,2,RC-3F-07,60,300.0,0.04,17280.0
SO000534,3,RC-3F-11,36,280.0,0.06,9475.2
SO000535,1,RC-KD-04,120,235.0,0.05,26790.0
SO000535,2,RC-RC-01,60,690.0,0.04,39744.0
SO000535,3,RC-3F-10,36,260.0,0.07,8704.8
SO000535,4,RC-2F-02,96,290.0,0.04,26726.4
SO000536,1,RC-LG-02,36,385.0,0.05,13167.0
SO000536,2,RC-KD-04,84,235.0,0.07,18358.2
SO000536,3,RC-RC-05,36,655.0,0.07,21929.4
SO000537,1,RC-LG-02,60,385.0,0.09,21021.0
SO000537,2,RC-RC-01,144,690.0,0.08,91411.2
SO000537,3,RC-KD-01,156,220.0,0.11,30544.8
SO000537,4,RC-LG-03,228,430.0,0.08,90196.8
SO000537,5,RC-2F-06,60,270.0,0.12,14256.0
SO000537,6,RC-UV-04,252,420.0,0.11,94197.6
SO000538,1,RC-RC-01,48,690.0,0.02,32457.6
SO000538,2,RC-3F-01,48,330.0,0.01,15681.6
SO000539,1,RC-2F-02,180,290.0,0.1,46980.0
SO000539,2,RC-LG-05,180,345.0,0.11,55269.0
SO000539,3,RC-RC-02,180,690.0,0.09,113022.0
SO000539,4,RC-2F-03,120,435.0,0.08,48024.0
SO000539,5,RC-3F-04,228,345.0,0.08,72367.2
SO000540,1,RC-RC-05,72,655.0,0.04,45273.6
SO000540,2,RC-3F-06,60,260.0,0.05,14820.0
SO000540,3,RC-3F-04,72,345.0,0.04,23846.4
SO000540,4,RC-2F-01,72,310.0,0.05,21204.0
SO000541,1,RC-UV-01,12,375.0,0.0,4500.0
SO000541,2,RC-LG-03,12,430.0,0.01,5108.4
SO000542,1,RC-3F-05,24,255.0,0.04,5875.2
SO000542,2,RC-3F-06,24,260.0,0.06,5865.6
SO000543,1,RC-LG-06,12,570.0,0.02,6703.2
SO000543,2,RC-3F-09,24,205.0,0.02,4821.6
SO000543,3,RC-UV-04,24,420.0,0.01,9979.2
SO000544,1,RC-UV-01,12,375.0,0.03,4365.0
SO000545,1,RC-2F-01,60,310.0,0.06,17484.0
SO000545,2,RC-RC-02,96,690.0,0.05,62928.0
SO000545,3,RC-KD-03,60,185.0,0.05,10545.0
SO000545,4,RC-GF-01,156,745.0,0.06,109246.8
SO000546,1,RC-LG-03,12,430.0,0.03,5005.2
SO000546,2,RC-2F-06,12,270.0,0.0,3240.0
SO000546,3,RC-3F-04,24,345.0,0.0,8280.0
SO000547,1,RC-KD-04,36,235.0,0.01,8375.4
SO000547,2,RC-UV-04,36,420.0,0.03,14666.4
SO000548,1,RC-3F-07,12,300.0,0.02,3528.0
SO000548,2,RC-3F-06,36,260.0,0.03,9079.2
SO000549,1,RC-KD-01,96,220.0,0.06,19852.8
SO000549,2,RC-3F-06,96,260.0,0.05,23712.0
SO000549,3,RC-UV-04,84,420.0,0.05,33516.0
SO000550,1,RC-RC-03,12,740.0,0.01,8791.2
SO000551,1,RC-2F-04,24,310.0,0.07,6919.2
SO000551,2,RC-LG-05,96,345.0,0.04,31795.2
SO000552,1,RC-2F-06,72,270.0,0.09,17690.4
SO000552,2,RC-LG-05,108,345.0,0.12,32788.8
SO000552,3,RC-KD-04,72,235.0,0.11,15058.8
SO000553,1,RC-2F-02,24,290.0,0.0,6960.0
SO000553,2,RC-2F-01,48,310.0,0.02,14582.4
SO000554,1,RC-UV-03,96,445.0,0.05,40584.0
SO000554,2,RC-3F-07,72,300.0,0.07,20088.0
SO000554,3,RC-LG-05,96,345.0,0.04,31795.2
SO000555,1,RC-LG-04,48,420.0,0.02,19756.8
SO000555,2,RC-UV-04,12,420.0,0.02,4939.2
SO000555,3,RC-LG-05,24,345.0,0.03,8031.6
SO000556,1,RC-2F-03,180,435.0,0.09,71253.0
SO000556,2,RC-UV-04,120,420.0,0.1,45360.0
SO000556,3,RC-RC-01,180,690.0,0.09,113022.0
SO000556,4,RC-UV-01,216,375.0,0.1,72900.0
SO000556,5,RC-2F-04,108,310.0,0.1,30132.0
SO000556,6,RC-2F-01,216,310.0,0.12,58924.8
SO000557,1,RC-UV-01,36,375.0,0.02,13230.0
SO000557,2,RC-KD-04,36,235.0,0.0,8460.0
SO000558,1,RC-UV-02,12,580.0,0.02,6820.8
SO000558,2,RC-2F-01,12,310.0,0.03,3608.4
SO000559,1,RC-3F-08,24,295.0,0.04,6796.8
SO000559,2,RC-3F-07,84,300.0,0.05,23940.0
SO000560,1,RC-3F-07,60,300.0,0.05,17100.0
SO000560,2,RC-UV-01,120,375.0,0.06,42300.0
SO000561,1,RC-2F-03,156,435.0,0.07,63109.8
SO000561,2,RC-2F-02,72,290.0,0.06,19627.2
SO000562,1,RC-3F-08,48,295.0,0.09,12885.6
SO000562,2,RC-KD-01,60,220.0,0.08,12144.0
SO000562,3,RC-3F-01,84,330.0,0.11,24670.8
SO000562,4,RC-2F-04,216,310.0,0.09,60933.6
SO000562,5,RC-KD-04,156,235.0,0.09,33360.6
SO000563,1,RC-2F-03,72,435.0,0.01,31006.8
SO000564,1,RC-3F-08,36,295.0,0.05,10089.0
SO000564,2,RC-LG-05,48,345.0,0.04,15897.6
SO000565,1,RC-3F-10,12,260.0,0.03,3026.4
SO000565,2,RC-3F-04,12,345.0,0.0,4140.0
SO000565,3,RC-UV-05,24,525.0,0.0,12600.0
SO000566,1,RC-3F-06,180,260.0,0.09,42588.0
SO000566,2,RC-2F-01,264,310.0,0.11,72837.6
SO000566,3,RC-3F-04,228,345.0,0.12,69220.8
SO000566,4,RC-LG-05,144,345.0,0.11,44215.2
SO000567,1,RC-3F-02,12,305.0,0.02,3586.8
SO000567,2,RC-KD-01,24,220.0,0.02,5174.4
SO000568,1,RC-KD-04,12,235.0,0.03,2735.4
SO000568,2,RC-RC-01,12,690.0,0.03,8031.6
SO000568,3,RC-LG-05,12,345.0,0.02,4057.2
SO000569,1,RC-KD-04,72,235.0,0.11,15058.8
SO000569,2,RC-3F-03,180,275.0,0.1,44550.0
SO000569,3,RC-RC-01,276,690.0,0.12,167587.2
SO000570,1,RC-RC-01,84,690.0,0.07,53902.8
SO000570,2,RC-LG-01,84,390.0,0.04,31449.6
SO000571,1,RC-RC-04,12,435.0,0.02,5115.6
SO000571,2,RC-3F-03,12,275.0,0.01,3267.0
SO000572,1,RC-KD-02,264,210.0,0.11,49341.6
SO000572,2,RC-2F-02,132,290.0,0.09,34834.8
SO000572,3,RC-RC-03,192,740.0,0.1,127872.0
SO000572,4,RC-2F-05,132,375.0,0.1,44550.0
SO000573,1,RC-2F-06,24,270.0,0.04,6220.8
SO000573,2,RC-3F-06,72,260.0,0.03,18158.4
SO000574,1,RC-3F-05,132,255.0,0.11,29957.4
SO000574,2,RC-2F-06,300,270.0,0.11,72090.0
SO000574,3,RC-KD-01,216,220.0,0.1,42768.0
SO000574,4,RC-2F-03,120,435.0,0.1,46980.0
SO000574,5,RC-3F-01,180,330.0,0.1,53460.0
SO000575,1,RC-LG-06,12,570.0,0.0,6840.0
SO000575,2,RC-3F-07,12,300.0,0.02,3528.0
SO000575,3,RC-3F-06,12,260.0,0.02,3057.6
SO000576,1,RC-LG-05,48,345.0,0.05,15732.0
SO000576,2,RC-2F-01,36,310.0,0.06,10490.4
SO000576,3,RC-LG-01,72,390.0,0.07,26114.4
SO000576,4,RC-3F-06,36,260.0,0.03,9079.2
SO000577,1,RC-KD-01,60,220.0,0.04,12672.0
SO000577,2,RC-3F-10,84,260.0,0.05,20748.0
SO000577,3,RC-LG-05,84,345.0,0.04,27820.8
SO000578,1,RC-UV-03,36,445.0,0.03,15539.4
SO000579,1,RC-UV-04,120,420.0,0.09,45864.0
SO000579,2,RC-3F-07,72,300.0,0.11,19224.0
SO000579,3,RC-2F-01,72,310.0,0.1,20088.0
SO000580,1,RC-UV-04,180,420.0,0.08,69552.0
SO000580,2,RC-RC-05,168,655.0,0.12,96835.2
SO000580,3,RC-3F-04,96,345.0,0.08,30470.4
SO000580,4,RC-RC-02,108,690.0,0.1,67068.0
SO000580,5,RC-UV-05,144,525.0,0.09,68796.0
SO000581,1,RC-RC-01,24,690.0,0.07,15400.8
SO000581,2,RC-2F-03,96,435.0,0.06,39254.4
SO000581,3,RC-2F-01,72,310.0,0.05,21204.0
SO000582,1,RC-3F-07,84,300.0,0.09,22932.0
SO000582,2,RC-KD-04,144,235.0,0.08,31132.8
SO000582,3,RC-2F-05,48,375.0,0.11,16020.0
SO000582,4,RC-RC-02,96,690.0,0.09,60278.4
SO000582,5,RC-LG-03,60,430.0,0.1,23220.0
SO000582,6,RC-RC-04,120,435.0,0.11,46458.0
SO000583,1,RC-2F-06,12,270.0,0.03,3142.8
SO000583,2,RC-3F-01,60,330.0,0.03,19206.0
SO000583,3,RC-2F-01,60,310.0,0.0,18600.0
SO000584,1,RC-RC-01,36,690.0,0.02,24343.2
SO000585,1,RC-UV-04,24,420.0,0.04,9676.8
SO000585,2,RC-LG-05,108,345.0,0.07,34651.8
SO000586,1,RC-2F-02,12,290.0,0.01,3445.2
SO000586,2,RC-UV-04,24,420.0,0.01,9979.2
SO000587,1,RC-KD-01,288,220.0,0.09,57657.6
SO000587,2,RC-RC-01,180,690.0,0.11,110538.0
SO000587,3,RC-2F-01,228,310.0,0.11,62905.2
SO000587,4,RC-3F-06,264,260.0,0.1,61776.0
SO000588,1,RC-3F-01,12,330.0,0.01,3920.4
SO000588,2,RC-RC-03,12,740.0,0.02,8702.4
SO000589,1,RC-2F-02,48,290.0,0.03,13502.4
SO000589,2,RC-LG-03,36,430.0,0.05,14706.0
SO000590,1,RC-2F-01,24,310.0,0.02,7291.2
SO000590,2,RC-KD-02,12,210.0,0.02,2469.6
SO000591,1,RC-UV-02,84,580.0,0.06,45796.8
SO000591,2,RC-3F-02,72,305.0,0.07,20422.8
SO000591,3,RC-LG-03,84,430.0,0.06,33952.8
SO000592,1,RC-RC-01,12,690.0,0.02,8114.4
SO000592,2,RC-3F-07,12,300.0,0.01,3564.0
SO000593,1,RC-UV-04,48,420.0,0.07,18748.8
SO000593,2,RC-2F-01,96,310.0,0.04,28569.6
SO000593,3,RC-3F-05,120,255.0,0.03,29682.0
SO000593,4,RC-KD-04,96,235.0,0.05,21432.0
SO000594,1,RC-3F-06,36,260.0,0.04,8985.6
SO000594,2,RC-RC-01,60,690.0,0.07,38502.0
SO000595,1,RC-3F-03,48,275.0,0.04,12672.0
SO000595,2,RC-2F-01,96,310.0,0.06,27974.4
SO000595,3,RC-3F-10,24,260.0,0.03,6052.8
SO000595,4,RC-KD-01,48,220.0,0.06,9926.4
SO000596,1,RC-3F-04,24,345.0,0.03,8031.6
SO000596,2,RC-3F-10,12,260.0,0.07,2901.6
SO000597,1,RC-UV-02,12,580.0,0.02,6820.8
SO000597,2,RC-KD-04,24,235.0,0.02,5527.2
SO000598,1,RC-3F-06,48,260.0,0.05,11856.0
SO000598,2,RC-2F-04,36,310.0,0.04,10713.6
SO000599,1,RC-3F-04,12,345.0,0.02,4057.2
SO000599,2,RC-3F-07,12,300.0,0.0,3600.0
SO000599,3,RC-RC-02,36,690.0,0.01,24591.6
SO000600,1,RC-3F-04,12,345.0,0.03,4015.8
SO000601,1,RC-LG-05,24,345.0,0.04,7948.8
SO000601,2,RC-3F-04,84,345.0,0.05,27531.0
SO000601,3,RC-UV-04,84,420.0,0.07,32810.4
SO000601,4,RC-2F-03,120,435.0,0.03,50634.0
SO000602,1,RC-3F-09,60,205.0,0.05,11685.0
SO000602,2,RC-3F-04,24,345.0,0.06,7783.2
SO000602,3,RC-3F-03,24,275.0,0.05,6270.0
SO000602,4,RC-UV-04,12,420.0,0.07,4687.2
SO000603,1,RC-3F-06,72,260.0,0.06,17596.8
SO000603,2,RC-KD-01,36,220.0,0.05,7524.0
SO000603,3,RC-RC-01,24,690.0,0.05,15732.0
SO000603,4,RC-UV-05,72,525.0,0.06,35532.0
SO000604,1,RC-3F-07,120,300.0,0.1,32400.0
SO000604,2,RC-RC-03,96,740.0,0.12,62515.2
SO000604,3,RC-3F-04,156,345.0,0.11,47899.8
SO000605,1,RC-LG-05,24,345.0,0.06,7783.2
SO000605,2,RC-2F-02,60,290.0,0.06,16356.0
SO000605,3,RC-2F-05,36,375.0,0.03,13095.0
SO000605,4,RC-3F-07,72,300.0,0.05,20520.0
SO000606,1,RC-2F-02,264,290.0,0.1,68904.0
SO000606,2,RC-RC-02,180,690.0,0.09,113022.0
SO000606,3,RC-UV-04,300,420.0,0.12,110880.0
SO000607,1,RC-3F-05,24,255.0,0.02,5997.6
SO000607,2,RC-2F-01,24,310.0,0.03,7216.8
SO000607,3,RC-KD-01,12,220.0,0.01,2613.6
SO000608,1,RC-UV-05,12,525.0,0.01,6237.0
SO000608,2,RC-3F-04,12,345.0,0.01,4098.6
SO000609,1,RC-2F-06,36,270.0,0.04,9331.2
SO000609,2,RC-GF-01,96,745.0,0.04,68659.2
SO000609,3,RC-RC-01,24,690.0,0.05,15732.0
SO000609,4,RC-3F-02,84,305.0,0.04,24595.2
SO000610,1,RC-RC-02,276,690.0,0.09,173300.4
SO000610,2,RC-RC-01,156,690.0,0.1,96876.0
SO000610,3,RC-2F-06,240,270.0,0.09,58968.0
SO000610,4,RC-LG-02,192,385.0,0.1,66528.0
SO000610,5,RC-3F-01,180,330.0,0.09,54054.0
SO000611,1,RC-LG-05,36,345.0,0.01,12295.8
SO000612,1,RC-3F-04,60,345.0,0.03,20079.0
SO000612,2,RC-3F-02,48,305.0,0.07,13615.2
SO000612,3,RC-3F-07,48,300.0,0.06,13536.0
SO000613,1,RC-RC-01,108,690.0,0.11,66322.8
SO000613,2,RC-2F-04,96,310.0,0.11,26486.4
SO000613,3,RC-3F-07,156,300.0,0.1,42120.0
SO000613,4,RC-LG-03,108,430.0,0.1,41796.0
SO000613,5,RC-KD-04,156,235.0,0.1,32994.0
SO000614,1,RC-2F-05,24,375.0,0.01,8910.0
SO000614,2,RC-UV-01,12,375.0,0.02,4410.0
SO000615,1,RC-LG-02,12,385.0,0.01,4573.8
SO000615,2,RC-UV-04,24,420.0,0.0,10080.0
SO000615,3,RC-2F-05,12,375.0,0.02,4410.0
SO000616,1,RC-UV-01,12,375.0,0.02,4410.0
SO000617,1,RC-3F-04,36,345.0,0.0,12420.0
SO000617,2,RC-RC-01,12,690.0,0.03,8031.6
SO000617,3,RC-LG-05,24,345.0,0.02,8114.4
SO000618,1,RC-3F-07,72,300.0,0.05,20520.0
SO000618,2,RC-2F-01,48,310.0,0.03,14433.6
SO000618,3,RC-3F-01,24,330.0,0.05,7524.0
SO000619,1,RC-LG-03,24,430.0,0.02,10113.6
SO000619,2,RC-RC-01,12,690.0,0.0,8280.0
SO000619,3,RC-3F-06,24,260.0,0.0,6240.0
SO000620,1,RC-LG-06,24,570.0,0.04,13132.8
SO000620,2,RC-LG-01,36,390.0,0.04,13478.4
SO000620,3,RC-3F-04,12,345.0,0.04,3974.4
SO000621,1,RC-UV-01,48,375.0,0.07,16740.0
SO000621,2,RC-LG-05,108,345.0,0.07,34651.8
SO000621,3,RC-3F-02,36,305.0,0.03,10650.6
SO000622,1,RC-3F-06,12,260.0,0.0,3120.0
SO000622,2,RC-2F-02,12,290.0,0.01,3445.2
SO000622,3,RC-UV-01,12,375.0,0.0,4500.0
SO000623,1,RC-UV-02,192,580.0,0.11,99110.4
SO000623,2,RC-UV-03,168,445.0,0.09,68031.6
SO000623,3,RC-UV-04,144,420.0,0.11,53827.2
SO000624,1,RC-UV-04,84,420.0,0.04,33868.8
SO000624,2,RC-KD-04,48,235.0,0.06,10603.2
SO000624,3,RC-3F-04,48,345.0,0.06,15566.4
SO000624,4,RC-2F-06,48,270.0,0.05,12312.0
SO000625,1,RC-LG-05,192,345.0,0.1,59616.0
SO000625,2,RC-RC-01,120,690.0,0.12,72864.0
SO000625,3,RC-KD-03,72,185.0,0.11,11854.8
SO000625,4,RC-3F-06,192,260.0,0.08,45926.4
SO000625,5,RC-KD-04,84,235.0,0.1,17766.0
SO000625,6,RC-3F-04,168,345.0,0.1,52164.0
SO000626,1,RC-UV-04,60,420.0,0.06,23688.0
SO000626,2,RC-LG-05,48,345.0,0.04,15897.6
SO000627,1,RC-KD-04,96,235.0,0.04,21657.6
SO000627,2,RC-3F-04,84,345.0,0.04,27820.8
SO000627,3,RC-2F-01,72,310.0,0.04,21427.2
SO000628,1,RC-LG-02,180,385.0,0.08,63756.0
SO000628,2,RC-UV-05,72,525.0,0.09,34398.0
SO000628,3,RC-3F-04,156,345.0,0.11,47899.8
SO000628,4,RC-UV-01,144,375.0,0.1,48600.0
SO000628,5,RC-3F-06,72,260.0,0.1,16848.0
SO000629,1,RC-3F-01,96,330.0,0.12,27878.4
SO000629,2,RC-3F-05,84,255.0,0.12,18849.6
SO000629,3,RC-3F-04,84,345.0,0.12,25502.4
SO000629,4,RC-2F-01,108,310.0,0.08,30801.6
SO000629,5,RC-UV-04,156,420.0,0.11,58312.8
SO000630,1,RC-RC-01,72,690.0,0.01,49183.2
SO000630,2,RC-2F-02,24,290.0,0.01,6890.4
SO000630,3,RC-RC-02,24,690.0,0.0,16560.0
SO000631,1,RC-GF-01,96,745.0,0.05,67944.0
SO000631,2,RC-3F-05,36,255.0,0.04,8812.8
SO000631,3,RC-3F-07,36,300.0,0.04,10368.0
SO000631,4,RC-3F-01,24,330.0,0.04,7603.2
SO000632,1,RC-3F-04,192,345.0,0.11,58953.6
SO000632,2,RC-2F-02,216,290.0,0.1,56376.0
SO000632,3,RC-2F-03,192,435.0,0.1,75168.0
SO000632,4,RC-KD-04,228,235.0,0.09,48757.8
SO000632,5,RC-UV-04,276,420.0,0.12,102009.6
SO000633,1,RC-KD-01,204,220.0,0.11,39943.2
SO000633,2,RC-UV-04,144,420.0,0.1,54432.0
SO000633,3,RC-3F-07,84,300.0,0.1,22680.0
SO000633,4,RC-3F-10,120,260.0,0.08,28704.0
SO000633,5,RC-GF-01,204,745.0,0.09,138301.8
SO000633,6,RC-3F-04,72,345.0,0.1,22356.0
SO000634,1,RC-LG-05,24,345.0,0.0,8280.0
SO000634,2,RC-LG-06,12,570.0,0.01,6771.6
SO000634,3,RC-2F-02,12,290.0,0.02,3410.4
SO000635,1,RC-3F-03,48,275.0,0.09,12012.0
SO000635,2,RC-UV-01,96,375.0,0.1,32400.0
SO000635,3,RC-3F-02,216,305.0,0.09,59950.8
SO000636,1,RC-3F-01,24,330.0,0.0,7920.0
SO000636,2,RC-3F-04,12,345.0,0.01,4098.6
SO000636,3,RC-2F-01,24,310.0,0.0,7440.0
SO000637,1,RC-UV-04,108,420.0,0.11,40370.4
SO000637,2,RC-3F-04,132,345.0,0.08,41896.8
SO000637,3,RC-3F-01,276,330.0,0.08,83793.6
SO000637,4,RC-3F-05,168,255.0,0.11,38127.6
SO000637,5,RC-3F-08,216,295.0,0.08,58622.4
SO000638,1,RC-UV-03,60,445.0,0.03,25899.0
SO000638,2,RC-RC-02,60,690.0,0.01,40986.0
SO000639,1,RC-3F-06,12,260.0,0.03,3026.4
SO000640,1,RC-UV-03,48,445.0,0.07,19864.8
SO000640,2,RC-KD-04,96,235.0,0.06,21206.4
SO000640,3,RC-2F-01,36,310.0,0.06,10490.4
SO000640,4,RC-KD-03,48,185.0,0.06,8347.2
SO000641,1,RC-UV-05,84,525.0,0.05,41895.0
SO000641,2,RC-3F-09,72,205.0,0.06,13874.4
SO000642,1,RC-3F-09,12,205.0,0.02,2410.8
SO000642,2,RC-2F-05,12,375.0,0.02,4410.0
SO000642,3,RC-3F-01,12,330.0,0.01,3920.4
SO000643,1,RC-LG-05,24,345.0,0.01,8197.2
SO000643,2,RC-KD-04,24,235.0,0.01,5583.6
SO000643,3,RC-3F-07,12,300.0,0.03,3492.0
SO000644,1,RC-3F-04,24,345.0,0.03,8031.6
SO000644,2,RC-UV-03,12,445.0,0.01,5286.6
SO000644,3,RC-3F-07,12,300.0,0.02,3528.0
SO000645,1,RC-UV-04,60,420.0,0.04,24192.0
SO000645,2,RC-LG-05,156,345.0,0.04,51667.2
SO000646,1,RC-3F-08,36,295.0,0.01,10513.8
SO000646,2,RC-LG-03,12,430.0,0.02,5056.8
SO000647,1,RC-3F-05,96,255.0,0.09,22276.8
SO000647,2,RC-3F-06,72,260.0,0.09,17035.2
SO000647,3,RC-3F-01,144,330.0,0.09,43243.2
SO000647,4,RC-LG-01,156,390.0,0.1,54756.0
SO000648,1,RC-3F-03,108,275.0,0.1,26730.0
SO000648,2,RC-KD-03,120,185.0,0.1,19980.0
SO000648,3,RC-UV-04,132,420.0,0.11,49341.6
SO000648,4,RC-UV-01,60,375.0,0.09,20475.0
SO000649,1,RC-3F-08,36,295.0,0.03,10301.4
SO000649,2,RC-3F-06,60,260.0,0.03,15132.0
SO000649,3,RC-KD-01,72,220.0,0.06,14889.6
SO000649,4,RC-RC-02,24,690.0,0.06,15566.4
SO000650,1,RC-3F-04,12,345.0,0.02,4057.2
SO000651,1,RC-3F-01,192,330.0,0.09,57657.6
SO000651,2,RC-LG-05,204,345.0,0.1,63342.0
SO000651,3,RC-3F-06,180,260.0,0.09,42588.0
SO000651,4,RC-UV-04,96,420.0,0.1,36288.0
SO000651,5,RC-LG-04,96,420.0,0.09,36691.2
SO000652,1,RC-3F-07,24,300.0,0.03,6984.0
SO000652,2,RC-UV-04,12,420.0,0.0,5040.0
SO000653,1,RC-3F-06,12,260.0,0.03,3026.4
SO000654,1,RC-LG-05,60,345.0,0.05,19665.0
SO000654,2,RC-3F-06,72,260.0,0.04,17971.2
SO000654,3,RC-2F-06,156,270.0,0.04,40435.2
SO000655,1,RC-3F-06,72,260.0,0.01,18532.8
SO000655,2,RC-3F-04,48,345.0,0.0,16560.0
SO000656,1,RC-GF-01,120,745.0,0.03,86718.0
SO000656,2,RC-2F-03,24,435.0,0.04,10022.4
SO000656,3,RC-RC-01,132,690.0,0.05,86526.0
SO000657,1,RC-KD-04,48,235.0,0.02,11054.4
SO000658,1,RC-2F-02,96,290.0,0.05,26448.0
SO000658,2,RC-3F-01,48,330.0,0.05,15048.0
SO000658,3,RC-RC-01,108,690.0,0.05,70794.0
SO000659,1,RC-UV-01,120,375.0,0.12,39600.0
SO000659,2,RC-UV-02,180,580.0,0.08,96048.0
SO000659,3,RC-UV-03,48,445.0,0.08,19651.2
SO000659,4,RC-LG-03,144,430.0,0.09,56347.2
SO000659,5,RC-3F-10,60,260.0,0.08,14352.0
SO000659,6,RC-3F-08,120,295.0,0.09,32214.0
SO000660,1,RC-2F-03,24,435.0,0.01,10335.6
SO000661,1,RC-RC-05,72,655.0,0.06,44330.4
SO000661,2,RC-UV-01,60,375.0,0.06,21150.0
SO000661,3,RC-3F-03,24,275.0,0.07,6138.0
SO000661,4,RC-3F-04,96,345.0,0.07,30801.6
SO000662,1,RC-3F-07,72,300.0,0.08,19872.0
SO000662,2,RC-RC-03,216,740.0,0.09,145454.4
SO000662,3,RC-KD-04,96,235.0,0.11,20078.4
SO000663,1,RC-UV-04,12,420.0,0.0,5040.0
SO000664,1,RC-RC-03,108,740.0,0.12,70329.6
SO000664,2,RC-UV-04,120,420.0,0.09,45864.0
SO000664,3,RC-UV-01,156,375.0,0.11,52065.0
SO000664,4,RC-LG-05,36,345.0,0.1,11178.0
SO000665,1,RC-3F-04,36,345.0,0.06,11674.8
SO000665,2,RC-3F-09,24,205.0,0.04,4723.2
SO000665,3,RC-KD-04,12,235.0,0.06,2650.8
SO000665,4,RC-3F-08,36,295.0,0.04,10195.2
SO000666,1,RC-KD-04,120,235.0,0.06,26508.0
SO000666,2,RC-3F-08,156,295.0,0.03,44639.4
SO000667,1,RC-2F-03,36,435.0,0.04,15033.6
SO000667,2,RC-3F-10,84,260.0,0.03,21184.8
SO000667,3,RC-3F-01,96,330.0,0.07,29462.4
SO000667,4,RC-2F-02,72,290.0,0.03,20253.6
SO000668,1,RC-3F-10,60,260.0,0.06,14664.0
SO000668,2,RC-3F-03,24,275.0,0.06,6204.0
SO000669,1,RC-RC-01,36,690.0,0.05,23598.0
SO000669,2,RC-UV-04,96,420.0,0.03,39110.4
SO000669,3,RC-3F-01,24,330.0,0.06,7444.8
SO000670,1,RC-2F-06,12,270.0,0.05,3078.0
SO000670,2,RC-UV-04,24,420.0,0.07,9374.4
SO000670,3,RC-3F-03,84,275.0,0.04,22176.0
SO000671,1,RC-UV-04,132,420.0,0.09,50450.4
SO000671,2,RC-UV-02,108,580.0,0.1,56376.0
SO000671,3,RC-RC-03,180,740.0,0.12,117216.0
SO000672,1,RC-3F-02,216,305.0,0.1,59292.0
SO000672,2,RC-3F-06,72,260.0,0.08,17222.4
SO000672,3,RC-2F-02,84,290.0,0.11,21680.4
SO000672,4,RC-RC-01,144,690.0,0.1,89424.0
SO000672,5,RC-RC-05,252,655.0,0.09,150204.6
SO000673,1,RC-2F-03,36,435.0,0.06,14720.4
SO000673,2,RC-GF-01,36,745.0,0.04,25747.2
SO000674,1,RC-UV-04,156,420.0,0.09,59623.2
SO000674,2,RC-RC-01,108,690.0,0.12,65577.6
SO000674,3,RC-GF-01,156,745.0,0.11,103435.8
SO000674,4,RC-3F-06,204,260.0,0.12,46675.2
SO000674,5,RC-3F-03,84,275.0,0.11,20559.0
SO000675,1,RC-KD-04,48,235.0,0.01,11167.2
SO000676,1,RC-KD-03,12,185.0,0.02,2175.6
SO000676,2,RC-LG-06,12,570.0,0.01,6771.6
SO000677,1,RC-2F-03,36,435.0,0.05,14877.0
SO000677,2,RC-3F-04,72,345.0,0.04,23846.4
SO000678,1,RC-3F-06,48,260.0,0.06,11731.2
SO000678,2,RC-UV-04,60,420.0,0.05,23940.0
SO000679,1,RC-3F-10,204,260.0,0.08,48796.8
SO000679,2,RC-UV-04,48,420.0,0.12,17740.8
SO000679,3,RC-3F-08,192,295.0,0.11,50409.6
SO000680,1,RC-KD-01,12,220.0,0.02,2587.2
SO000681,1,RC-UV-04,24,420.0,0.0,10080.0
SO000681,2,RC-2F-03,12,435.0,0.02,5115.6
SO000681,3,RC-KD-04,12,235.0,0.0,2820.0
SO000682,1,RC-2F-02,84,290.0,0.03,23629.2
SO000682,2,RC-3F-07,96,300.0,0.05,27360.0
SO000682,3,RC-RC-01,36,690.0,0.04,23846.4
SO000682,4,RC-2F-06,84,270.0,0.06,21319.2
SO000683,1,RC-3F-08,12,295.0,0.01,3504.6
SO000683,2,RC-UV-04,12,420.0,0.02,4939.2
SO000684,1,RC-3F-03,24,275.0,0.03,6402.0
SO000684,2,RC-UV-04,12,420.0,0.01,4989.6
SO000685,1,RC-RC-01,204,690.0,0.09,128091.6
SO000685,2,RC-3F-02,204,305.0,0.12,54753.6
SO000685,3,RC-3F-03,132,275.0,0.1,32670.0
SO000686,1,RC-UV-04,12,420.0,0.06,4737.6
SO000686,2,RC-3F-06,60,260.0,0.06,14664.0
SO000687,1,RC-UV-04,36,420.0,0.0,15120.0
SO000687,2,RC-UV-01,36,375.0,0.01,13365.0
SO000688,1,RC-2F-01,36,310.0,0.07,10378.8
SO000688,2,RC-3F-02,36,305.0,0.04,10540.8
SO000688,3,RC-3F-06,36,260.0,0.06,8798.4
SO000689,1,RC-RC-03,12,740.0,0.03,8613.6
SO000690,1,RC-3F-07,48,300.0,0.05,13680.0
SO000690,2,RC-UV-04,36,420.0,0.06,14212.8
SO000690,3,RC-GF-01,12,745.0,0.06,8403.6
SO000691,1,RC-3F-09,12,205.0,0.01,2435.4
SO000692,1,RC-UV-01,72,375.0,0.05,25650.0
SO000692,2,RC-GF-01,156,745.0,0.03,112733.4
SO000692,3,RC-KD-04,132,235.0,0.07,28848.6
SO000692,4,RC-3F-02,36,305.0,0.07,10211.4
SO000693,1,RC-3F-01,60,330.0,0.06,18612.0
SO000693,2,RC-3F-10,60,260.0,0.06,14664.0
SO000694,1,RC-KD-03,12,185.0,0.0,2220.0
SO000695,1,RC-3F-06,36,260.0,0.06,8798.4
SO000695,2,RC-3F-03,60,275.0,0.05,15675.0
SO000696,1,RC-2F-03,12,435.0,0.01,5167.8
SO000696,2,RC-GF-01,24,745.0,0.01,17701.2
SO000697,1,RC-2F-02,36,290.0,0.01,10335.6
SO000697,2,RC-KD-04,24,235.0,0.0,5640.0
SO000698,1,RC-3F-03,264,275.0,0.1,65340.0
SO000698,2,RC-3F-08,156,295.0,0.08,42338.4
SO000698,3,RC-3F-05,264,255.0,0.1,60588.0
SO000698,4,RC-LG-02,72,385.0,0.11,24670.8
SO000698,5,RC-RC-01,216,690.0,0.11,132645.6
SO000699,1,RC-3F-06,12,260.0,0.03,3026.4
SO000699,2,RC-UV-01,12,375.0,0.02,4410.0
SO000700,1,RC-KD-01,156,220.0,0.09,31231.2
SO000700,2,RC-3F-04,168,345.0,0.11,51584.4
SO000700,3,RC-3F-01,204,330.0,0.11,59914.8
SO000701,1,RC-UV-02,24,580.0,0.03,13502.4
SO000701,2,RC-UV-04,12,420.0,0.01,4989.6
SO000702,1,RC-3F-07,120,300.0,0.09,32760.0
SO000702,2,RC-KD-01,72,220.0,0.09,14414.4
SO000702,3,RC-2F-02,72,290.0,0.12,18374.4
SO000702,4,RC-3F-05,72,255.0,0.09,16707.6
SO000702,5,RC-3F-02,264,305.0,0.1,72468.0
SO000702,6,RC-UV-03,216,445.0,0.11,85546.8
SO000703,1,RC-3F-04,132,345.0,0.05,43263.0
SO000703,2,RC-RC-05,96,655.0,0.04,60364.8
SO000704,1,RC-3F-04,84,345.0,0.03,28110.6
SO000704,2,RC-UV-01,12,375.0,0.03,4365.0
SO000705,1,RC-3F-10,144,260.0,0.1,33696.0
SO000705,2,RC-LG-02,168,385.0,0.1,58212.0
SO000705,3,RC-UV-03,120,445.0,0.09,48594.0
SO000705,4,RC-UV-02,276,580.0,0.09,145672.8
SO000706,1,RC-3F-06,12,260.0,0.02,3057.6
SO000706,2,RC-LG-01,12,390.0,0.02,4586.4
SO000707,1,RC-KD-01,24,220.0,0.04,5068.8
SO000707,2,RC-3F-08,36,295.0,0.06,9982.8
SO000707,3,RC-UV-04,48,420.0,0.05,19152.0
SO000707,4,RC-RC-01,48,690.0,0.06,31132.8
SO000708,1,RC-3F-01,24,330.0,0.04,7603.2
SO000708,2,RC-UV-04,36,420.0,0.05,14364.0
SO000708,3,RC-RC-01,24,690.0,0.04,15897.6
SO000709,1,RC-KD-01,12,220.0,0.0,2640.0
SO000709,2,RC-GF-01,24,745.0,0.03,17343.6
SO000709,3,RC-3F-07,36,300.0,0.02,10584.0
SO000710,1,RC-GF-01,36,745.0,0.05,25479.0
SO000710,2,RC-3F-10,60,260.0,0.03,15132.0
SO000711,1,RC-LG-02,24,385.0,0.03,8962.8
SO000711,2,RC-UV-04,12,420.0,0.05,4788.0
SO000711,3,RC-RC-02,36,690.0,0.05,23598.0
SO000711,4,RC-LG-06,48,570.0,0.03,26539.2
SO000712,1,RC-UV-04,36,420.0,0.07,14061.6
SO000712,2,RC-UV-02,60,580.0,0.04,33408.0
SO000712,3,RC-UV-05,84,525.0,0.07,41013.0
SO000713,1,RC-3F-01,84,330.0,0.12,24393.6
SO000713,2,RC-UV-04,216,420.0,0.11,80740.8
SO000713,3,RC-2F-02,84,290.0,0.11,21680.4
SO000714,1,RC-UV-04,12,420.0,0.02,4939.2
SO000714,2,RC-UV-02,36,580.0,0.01,20671.2
SO000714,3,RC-3F-10,24,260.0,0.02,6115.2
SO000715,1,RC-UV-04,24,420.0,0.02,9878.4
SO000716,1,RC-UV-03,60,445.0,0.06,25098.0
SO000716,2,RC-UV-04,12,420.0,0.07,4687.2
SO000716,3,RC-RC-03,12,740.0,0.06,8347.2
SO000717,1,RC-3F-02,48,305.0,0.06,13761.6
SO000717,2,RC-UV-04,12,420.0,0.03,4888.8
SO000717,3,RC-UV-01,60,375.0,0.03,21825.0
SO000717,4,RC-3F-08,36,295.0,0.06,9982.8
SO000718,1,RC-LG-05,24,345.0,0.03,8031.6
SO000718,2,RC-UV-04,24,420.0,0.02,9878.4
SO000719,1,RC-UV-04,72,420.0,0.06,28425.6
SO000719,2,RC-LG-01,84,390.0,0.04,31449.6
SO000720,1,RC-UV-01,48,375.0,0.03,17460.0
SO000720,2,RC-LG-06,36,570.0,0.03,19904.4
SO000720,3,RC-3F-08,48,295.0,0.03,13735.2
SO000721,1,RC-3F-01,120,330.0,0.06,37224.0
SO000721,2,RC-2F-01,60,310.0,0.06,17484.0
SO000721,3,RC-3F-06,48,260.0,0.03,12105.6
SO000722,1,RC-UV-01,12,375.0,0.01,4455.0
SO000722,2,RC-KD-04,12,235.0,0.0,2820.0
SO000722,3,RC-3F-03,12,275.0,0.02,3234.0
SO000723,1,RC-3F-10,12,260.0,0.01,3088.8
SO000723,2,RC-3F-04,12,345.0,0.01,4098.6
SO000723,3,RC-KD-03,12,185.0,0.02,2175.6
SO000724,1,RC-2F-03,24,435.0,0.0,10440.0
SO000724,2,RC-UV-03,12,445.0,0.03,5179.8
SO000724,3,RC-LG-05,24,345.0,0.01,8197.2
SO000725,1,RC-3F-01,72,330.0,0.12,20908.8
SO000725,2,RC-UV-02,96,580.0,0.11,49555.2
SO000725,3,RC-RC-01,204,690.0,0.1,126684.0
SO000725,4,RC-3F-03,180,275.0,0.11,44055.0
SO000726,1,RC-3F-06,12,260.0,0.01,3088.8
SO000726,2,RC-UV-02,24,580.0,0.03,13502.4
SO000727,1,RC-KD-01,144,220.0,0.04,30412.8
SO000727,2,RC-3F-09,144,205.0,0.04,28339.2
SO000727,3,RC-RC-01,120,690.0,0.06,77832.0
SO000728,1,RC-KD-01,24,220.0,0.01,5227.2
SO000728,2,RC-RC-01,24,690.0,0.01,16394.4
SO000729,1,RC-3F-08,84,295.0,0.03,24036.6
SO000729,2,RC-LG-02,84,385.0,0.06,30399.6
SO000729,3,RC-UV-04,96,420.0,0.03,39110.4
SO000730,1,RC-3F-05,12,255.0,0.03,2968.2
SO000731,1,RC-UV-01,300,375.0,0.08,103500.0
SO000731,2,RC-3F-05,120,255.0,0.08,28152.0
SO000731,3,RC-2F-05,96,375.0,0.11,32040.0
SO000731,4,RC-3F-10,180,260.0,0.1,42120.0
SO000731,5,RC-GF-01,144,745.0,0.08,98697.6
SO000731,6,RC-RC-01,72,690.0,0.11,44215.2
SO000732,1,RC-LG-05,24,345.0,0.05,7866.0
SO000732,2,RC-UV-04,12,420.0,0.05,4788.0
SO000732,3,RC-3F-04,36,345.0,0.07,11550.6
SO000733,1,RC-UV-01,12,375.0,0.03,4365.0
SO000733,2,RC-2F-03,72,435.0,0.05,29754.0
SO000733,3,RC-3F-10,24,260.0,0.06,5865.6
SO000733,4,RC-3F-06,12,260.0,0.04,2995.2
SO000734,1,RC-LG-06,48,570.0,0.03,26539.2
SO000734,2,RC-UV-04,36,420.0,0.06,14212.8
SO000735,1,RC-KD-04,144,235.0,0.11,30117.6
SO000735,2,RC-UV-04,84,420.0,0.09,32104.8
SO000735,3,RC-UV-01,300,375.0,0.08,103500.0
SO000736,1,RC-RC-01,12,690.0,0.03,8031.6
SO000736,2,RC-UV-04,12,420.0,0.0,5040.0
SO000737,1,RC-RC-03,168,740.0,0.11,110644.8
SO000737,2,RC-3F-04,72,345.0,0.09,22604.4
SO000737,3,RC-LG-01,84,390.0,0.12,28828.8
SO000738,1,RC-UV-05,24,525.0,0.02,12348.0
SO000738,2,RC-3F-06,12,260.0,0.0,3120.0
SO000739,1,RC-UV-04,36,420.0,0.03,14666.4
SO000739,2,RC-3F-03,72,275.0,0.04,19008.0
SO000739,3,RC-3F-07,24,300.0,0.03,6984.0
SO000740,1,RC-2F-06,36,270.0,0.01,9622.8
SO000741,1,RC-2F-01,132,310.0,0.09,37237.2
SO000741,2,RC-2F-03,72,435.0,0.09,28501.2
SO000741,3,RC-3F-04,276,345.0,0.08,87602.4
SO000741,4,RC-KD-02,180,210.0,0.11,33642.0
SO000742,1,RC-2F-03,12,435.0,0.02,5115.6
SO000742,2,RC-LG-03,12,430.0,0.02,5056.8
SO000743,1,RC-3F-04,24,345.0,0.02,8114.4
SO000743,2,RC-UV-02,12,580.0,0.02,6820.8
SO000744,1,RC-3F-08,60,295.0,0.05,16815.0
SO000744,2,RC-RC-05,48,655.0,0.07,29239.2
SO000745,1,RC-2F-05,60,375.0,0.1,20250.0
SO000745,2,RC-UV-02,204,580.0,0.11,105304.8
SO000745,3,RC-UV-05,168,525.0,0.1,79380.0
SO000746,1,RC-UV-04,36,420.0,0.0,15120.0
SO000747,1,RC-UV-04,60,420.0,0.06,23688.0
SO000747,2,RC-UV-01,60,375.0,0.05,21375.0
SO000747,3,RC-RC-01,24,690.0,0.05,15732.0
SO000747,4,RC-KD-01,60,220.0,0.03,12804.0
SO000748,1,RC-KD-01,132,220.0,0.09,26426.4
SO000748,2,RC-UV-03,192,445.0,0.11,76041.6
SO000748,3,RC-3F-01,96,330.0,0.12,27878.4
SO000748,4,RC-RC-02,84,690.0,0.12,51004.8
SO000748,5,RC-3F-06,132,260.0,0.1,30888.0
SO000748,6,RC-UV-02,84,580.0,0.1,43848.0
SO000749,1,RC-2F-02,24,290.0,0.07,6472.8
SO000749,2,RC-UV-04,48,420.0,0.04,19353.6
SO000749,3,RC-3F-09,72,205.0,0.04,14169.6
SO000750,1,RC-UV-04,24,420.0,0.0,10080.0
SO000750,2,RC-3F-04,24,345.0,0.02,8114.4
SO000750,3,RC-UV-01,36,375.0,0.01,13365.0
SO000751,1,RC-UV-04,84,420.0,0.06,33163.2
SO000751,2,RC-3F-06,48,260.0,0.06,11731.2
SO000751,3,RC-3F-10,60,260.0,0.04,14976.0
SO000752,1,RC-UV-04,156,420.0,0.07,60933.6
SO000752,2,RC-KD-01,36,220.0,0.04,7603.2
SO000752,3,RC-2F-01,96,310.0,0.03,28867.2
SO000753,1,RC-UV-04,36,420.0,0.03,14666.4
SO000754,1,RC-UV-04,24,420.0,0.06,9475.2
SO000754,2,RC-3F-06,24,260.0,0.05,5928.0
SO000754,3,RC-3F-10,24,260.0,0.05,5928.0
SO000754,4,RC-UV-01,48,375.0,0.04,17280.0
SO000755,1,RC-3F-01,72,330.0,0.03,23047.2
SO000755,2,RC-UV-01,84,375.0,0.06,29610.0
SO000755,3,RC-KD-02,24,210.0,0.04,4838.4
SO000756,1,RC-UV-04,60,420.0,0.03,24444.0
SO000756,2,RC-RC-01,36,690.0,0.01,24591.6
SO000756,3,RC-3F-01,12,330.0,0.01,3920.4
SO000757,1,RC-2F-02,12,290.0,0.02,3410.4
SO000757,2,RC-RC-01,12,690.0,0.01,8197.2
SO000757,3,RC-UV-04,24,420.0,0.0,10080.0
SO000758,1,RC-UV-04,84,420.0,0.07,32810.4
SO000758,2,RC-KD-03,84,185.0,0.04,14918.4
SO000758,3,RC-3F-10,72,260.0,0.05,17784.0
SO000758,4,RC-2F-04,24,310.0,0.04,7142.4
SO000759,1,RC-3F-07,24,300.0,0.02,7056.0
SO000759,2,RC-UV-04,36,420.0,0.01,14968.8
SO000759,3,RC-UV-01,36,375.0,0.01,13365.0
SO000760,1,RC-UV-05,60,525.0,0.03,30555.0
SO000760,2,RC-UV-04,48,420.0,0.05,19152.0
SO000760,3,RC-2F-02,84,290.0,0.03,23629.2
SO000760,4,RC-2F-05,60,375.0,0.06,21150.0
SO000761,1,RC-3F-07,12,300.0,0.03,3492.0
SO000761,2,RC-UV-04,12,420.0,0.02,4939.2
SO000762,1,RC-2F-01,12,310.0,0.01,3682.8
SO000763,1,RC-3F-08,24,295.0,0.07,6584.4
SO000763,2,RC-2F-03,36,435.0,0.03,15190.2
SO000763,3,RC-UV-02,84,580.0,0.04,46771.2
SO000764,1,RC-3F-04,12,345.0,0.01,4098.6
SO000764,2,RC-3F-09,24,205.0,0.01,4870.8
SO000764,3,RC-RC-01,24,690.0,0.02,16228.8
SO000765,1,RC-UV-03,12,445.0,0.0,5340.0
SO000765,2,RC-UV-01,12,375.0,0.02,4410.0
SO000765,3,RC-3F-04,24,345.0,0.01,8197.2
SO000766,1,RC-UV-04,24,420.0,0.01,9979.2
SO000767,1,RC-UV-04,72,420.0,0.09,27518.4
SO000767,2,RC-KD-01,72,220.0,0.12,13939.2
SO000767,3,RC-RC-01,144,690.0,0.09,90417.6
SO000768,1,RC-3F-01,12,330.0,0.01,3920.4
SO000769,1,RC-UV-01,36,375.0,0.05,12825.0
SO000769,2,RC-UV-04,12,420.0,0.03,4888.8
SO000769,3,RC-3F-04,60,345.0,0.06,19458.0
SO000769,4,RC-2F-03,24,435.0,0.06,9813.6
SO000770,1,RC-LG-03,96,430.0,0.07,38390.4
SO000770,2,RC-UV-01,60,375.0,0.06,21150.0
SO000771,1,RC-UV-03,96,445.0,0.08,39302.4
SO000771,2,RC-UV-02,180,580.0,0.11,92916.0
SO000771,3,RC-2F-04,216,310.0,0.09,60933.6
SO000771,4,RC-UV-04,180,420.0,0.1,68040.0
SO000772,1,RC-UV-04,12,420.0,0.01,4989.6
SO000773,1,RC-LG-05,72,345.0,0.05,23598.0
SO000773,2,RC-UV-04,120,420.0,0.04,48384.0
SO000773,3,RC-2F-03,36,435.0,0.05,14877.0
SO000774,1,RC-3F-03,72,275.0,0.01,19602.0
SO000775,1,RC-UV-03,12,445.0,0.01,5286.6
SO000775,2,RC-KD-04,12,235.0,0.0,2820.0
SO000775,3,RC-UV-01,12,375.0,0.01,4455.0
SO000776,1,RC-2F-03,24,435.0,0.05,9918.0
SO000776,2,RC-UV-05,36,525.0,0.04,18144.0
SO000776,3,RC-3F-08,12,295.0,0.05,3363.0
SO000777,1,RC-UV-05,276,525.0,0.08,133308.0
SO000777,2,RC-3F-08,72,295.0,0.09,19328.4
SO000777,3,RC-UV-04,288,420.0,0.1,108864.0
SO000777,4,RC-3F-03,300,275.0,0.11,73425.0
SO000778,1,RC-UV-02,12,580.0,0.01,6890.4
SO000778,2,RC-UV-04,12,420.0,0.01,4989.6
SO000778,3,RC-KD-01,12,220.0,0.02,2587.2
SO000779,1,RC-2F-01,48,310.0,0.0,14880.0
SO000779,2,RC-UV-03,48,445.0,0.03,20719.2
SO000780,1,RC-UV-04,48,420.0,0.06,18950.4
SO000780,2,RC-3F-08,36,295.0,0.04,10195.2
SO000781,1,RC-3F-01,24,330.0,0.01,7840.8
SO000781,2,RC-2F-02,36,290.0,0.02,10231.2
SO000782,1,RC-UV-04,12,420.0,0.01,4989.6
SO000783,1,RC-3F-03,72,275.0,0.06,18612.0
SO000783,2,RC-UV-01,36,375.0,0.04,12960.0
SO000783,3,RC-UV-04,84,420.0,0.04,33868.8
SO000783,4,RC-2F-02,96,290.0,0.05,26448.0
SO000784,1,RC-3F-01,72,330.0,0.06,22334.4
SO000784,2,RC-UV-04,84,420.0,0.05,33516.0
SO000785,1,RC-UV-04,24,420.0,0.01,9979.2
SO000785,2,RC-LG-06,48,570.0,0.02,26812.8
SO000785,3,RC-3F-07,24,300.0,0.02,7056.0
SO000786,1,RC-UV-03,84,445.0,0.06,35137.2
SO000786,2,RC-UV-01,96,375.0,0.05,34200.0
SO000786,3,RC-2F-02,84,290.0,0.03,23629.2
SO000786,4,RC-3F-03,96,275.0,0.05,25080.0
SO000787,1,RC-UV-03,108,445.0,0.1,43254.0
SO000787,2,RC-UV-04,48,420.0,0.08,18547.2
SO000787,3,RC-KD-04,60,235.0,0.08,12972.0
SO000787,4,RC-UV-01,72,375.0,0.12,23760.0
SO000787,5,RC-KD-03,60,185.0,0.11,9879.0
SO000787,6,RC-2F-04,168,310.0,0.09,47392.8
SO000788,1,RC-2F-01,120,310.0,0.04,35712.0
SO000788,2,RC-UV-04,144,420.0,0.04,58060.8
SO000788,3,RC-3F-01,156,330.0,0.04,49420.8
SO000789,1,RC-RC-05,12,655.0,0.02,7702.8
SO000790,1,RC-UV-03,36,445.0,0.05,15219.0
SO000790,2,RC-3F-10,60,260.0,0.04,14976.0
SO000791,1,RC-UV-02,48,580.0,0.1,25056.0
SO000791,2,RC-3F-04,108,345.0,0.09,33906.6
SO000791,3,RC-3F-05,96,255.0,0.11,21787.2
SO000792,1,RC-UV-03,48,445.0,0.03,20719.2
SO000792,2,RC-KD-04,12,235.0,0.04,2707.2
SO000792,3,RC-LG-06,48,570.0,0.05,25992.0
SO000792,4,RC-2F-06,60,270.0,0.07,15066.0
SO000793,1,RC-UV-04,36,420.0,0.03,14666.4
SO000794,1,RC-UV-04,36,420.0,0.03,14666.4
SO000794,2,RC-UV-02,36,580.0,0.05,19836.0
SO000794,3,RC-UV-01,72,375.0,0.05,25650.0
SO000794,4,RC-3F-04,60,345.0,0.05,19665.0
SO000795,1,RC-2F-04,12,310.0,0.03,3608.4
SO000796,1,RC-3F-02,180,305.0,0.09,49959.0
SO000796,2,RC-RC-01,216,690.0,0.09,135626.4
SO000796,3,RC-2F-06,216,270.0,0.11,51904.8
SO000796,4,RC-UV-04,72,420.0,0.08,27820.8
SO000796,5,RC-2F-02,132,290.0,0.09,34834.8
SO000796,6,RC-KD-01,156,220.0,0.09,31231.2
SO000797,1,RC-UV-01,60,375.0,0.04,21600.0
SO000797,2,RC-UV-04,60,420.0,0.04,24192.0
SO000797,3,RC-3F-04,84,345.0,0.03,28110.6
SO000798,1,RC-UV-04,180,420.0,0.09,68796.0
SO000798,2,RC-2F-03,132,435.0,0.09,52252.2
SO000798,3,RC-3F-05,108,255.0,0.09,25061.4
SO000799,1,RC-UV-04,12,420.0,0.03,4888.8
SO000800,1,RC-UV-01,72,375.0,0.02,26460.0
SO000801,1,RC-UV-02,12,580.0,0.01,6890.4
SO000802,1,RC-UV-04,24,420.0,0.02,9878.4
SO000802,2,RC-UV-03,12,445.0,0.02,5233.2
SO000802,3,RC-3F-04,24,345.0,0.02,8114.4
SO000803,1,RC-LG-04,156,420.0,0.11,58312.8
SO000803,2,RC-3F-06,72,260.0,0.12,16473.6
SO000803,3,RC-UV-01,228,375.0,0.12,75240.0
SO000803,4,RC-UV-03,180,445.0,0.1,72090.0
SO000803,5,RC-LG-01,156,390.0,0.1,54756.0
SO000803,6,RC-3F-10,216,260.0,0.08,51667.2
SO000804,1,RC-3F-06,60,260.0,0.05,14820.0
SO000804,2,RC-RC-03,24,740.0,0.04,17049.6
SO000804,3,RC-3F-07,48,300.0,0.06,13536.0
SO000804,4,RC-UV-04,72,420.0,0.04,29030.4
SO000805,1,RC-RC-01,72,690.0,0.04,47692.8
SO000805,2,RC-UV-02,36,580.0,0.04,20044.8
SO000806,1,RC-3F-06,12,260.0,0.03,3026.4
SO000806,2,RC-UV-04,36,420.0,0.01,14968.8
SO000807,1,RC-UV-05,12,525.0,0.02,6174.0
SO000807,2,RC-LG-01,24,390.0,0.01,9266.4
SO000807,3,RC-3F-05,12,255.0,0.0,3060.0
SO000808,1,RC-2F-06,48,270.0,0.05,12312.0
SO000808,2,RC-RC-02,60,690.0,0.07,38502.0
SO000808,3,RC-UV-04,36,420.0,0.04,14515.2
SO000808,4,RC-LG-05,60,345.0,0.05,19665.0
SO000809,1,RC-UV-05,84,525.0,0.11,39249.0
SO000809,2,RC-UV-03,156,445.0,0.09,63172.2
SO000809,3,RC-UV-04,132,420.0,0.11,49341.6
SO000810,1,RC-LG-05,12,345.0,0.02,4057.2
SO000811,1,RC-UV-04,24,420.0,0.02,9878.4
SO000811,2,RC-2F-03,36,435.0,0.01,15503.4
SO000811,3,RC-UV-01,36,375.0,0.02,13230.0
SO000812,1,RC-3F-07,36,300.0,0.0,10800.0
SO000812,2,RC-UV-04,12,420.0,0.01,4989.6
SO000813,1,RC-UV-04,24,420.0,0.01,9979.2
SO000813,2,RC-KD-01,24,220.0,0.02,5174.4
SO000814,1,RC-3F-06,12,260.0,0.01,3088.8
SO000814,2,RC-3F-07,12,300.0,0.0,3600.0
SO000815,1,RC-UV-01,120,375.0,0.09,40950.0
SO000815,2,RC-2F-03,132,435.0,0.1,51678.0
SO000815,3,RC-UV-03,180,445.0,0.09,72891.0
SO000815,4,RC-UV-04,96,420.0,0.09,36691.2
SO000815,5,RC-3F-01,180,330.0,0.09,54054.0
SO000815,6,RC-RC-01,156,690.0,0.11,95799.6
SO000816,1,RC-3F-08,12,295.0,0.02,3469.2
SO000816,2,RC-UV-04,36,420.0,0.01,14968.8
SO000816,3,RC-LG-02,36,385.0,0.02,13582.8
SO000817,1,RC-3F-07,96,300.0,0.09,26208.0
SO000817,2,RC-2F-06,264,270.0,0.1,64152.0
SO000817,3,RC-LG-05,204,345.0,0.11,62638.2
SO000817,4,RC-UV-04,96,420.0,0.09,36691.2
SO000817,5,RC-3F-01,180,330.0,0.09,54054.0
SO000817,6,RC-KD-04,84,235.0,0.09,17963.4
SO000818,1,RC-UV-02,216,580.0,0.1,112752.0
SO000818,2,RC-LG-05,276,345.0,0.09,86650.2
SO000818,3,RC-RC-01,72,690.0,0.09,45208.8
SO000818,4,RC-UV-04,288,420.0,0.09,110073.6
SO000818,5,RC-RC-02,84,690.0,0.08,53323.2
SO000818,6,RC-UV-01,276,375.0,0.1,93150.0
SO000819,1,RC-UV-04,72,420.0,0.04,29030.4
SO000819,2,RC-3F-08,84,295.0,0.07,23045.4
SO000820,1,RC-UV-05,36,525.0,0.01,18711.0
SO000821,1,RC-3F-04,12,345.0,0.05,3933.0
SO000821,2,RC-UV-02,36,580.0,0.06,19627.2
SO000822,1,RC-UV-03,204,445.0,0.08,83517.6
SO000822,2,RC-RC-05,192,655.0,0.11,111926.4
SO000822,3,RC-2F-01,84,310.0,0.08,23956.8
SO000822,4,RC-3F-06,96,260.0,0.1,22464.0
SO000823,1,RC-3F-04,12,345.0,0.01,4098.6
SO000823,2,RC-RC-01,24,690.0,0.0,16560.0
SO000823,3,RC-3F-06,12,260.0,0.02,3057.6
SO000824,1,RC-2F-02,180,290.0,0.09,47502.0
SO000824,2,RC-KD-04,120,235.0,0.09,25662.0
SO000824,3,RC-UV-04,144,420.0,0.1,54432.0
SO000824,4,RC-RC-01,72,690.0,0.11,44215.2
SO000825,1,RC-3F-07,24,300.0,0.03,6984.0
SO000825,2,RC-UV-05,48,525.0,0.04,24192.0
SO000826,1,RC-UV-01,96,375.0,0.09,32760.0
SO000826,2,RC-3F-02,192,305.0,0.08,53875.2
SO000826,3,RC-2F-02,144,290.0,0.09,38001.6
SO000826,4,RC-3F-03,180,275.0,0.1,44550.0
SO000827,1,RC-UV-01,24,375.0,0.0,9000.0
SO000828,1,RC-UV-05,72,525.0,0.1,34020.0
SO000828,2,RC-2F-04,132,310.0,0.09,37237.2
SO000828,3,RC-3F-03,144,275.0,0.11,35244.0
SO000828,4,RC-3F-06,96,260.0,0.11,22214.4
SO000828,5,RC-2F-06,60,270.0,0.08,14904.0
SO000828,6,RC-3F-08,96,295.0,0.1,25488.0
SO000829,1,RC-UV-04,36,420.0,0.0,15120.0
SO000829,2,RC-UV-01,24,375.0,0.0,9000.0
SO000829,3,RC-2F-06,36,270.0,0.01,9622.8
SO000830,1,RC-UV-01,72,375.0,0.03,26190.0
SO000830,2,RC-LG-06,36,570.0,0.05,19494.0
SO000830,3,RC-KD-04,36,235.0,0.05,8037.0
SO000831,1,RC-KD-01,48,220.0,0.06,9926.4
SO000831,2,RC-LG-05,72,345.0,0.04,23846.4
SO000831,3,RC-3F-02,24,305.0,0.07,6807.6
SO000832,1,RC-3F-03,36,275.0,0.04,9504.0
SO000832,2,RC-UV-04,96,420.0,0.03,39110.4
SO000832,3,RC-RC-03,60,740.0,0.04,42624.0
SO000832,4,RC-UV-01,156,375.0,0.07,54405.0
SO000833,1,RC-RC-02,12,690.0,0.01,8197.2
SO000834,1,RC-2F-02,156,290.0,0.1,40716.0
SO000834,2,RC-3F-02,84,305.0,0.12,22545.6
SO000834,3,RC-UV-05,180,525.0,0.11,84105.0
SO000835,1,RC-2F-03,36,435.0,0.02,15346.8
SO000835,2,RC-UV-04,24,420.0,0.02,9878.4
SO000835,3,RC-2F-06,24,270.0,0.03,6285.6
SO000836,1,RC-UV-01,24,375.0,0.0,9000.0
SO000836,2,RC-KD-01,12,220.0,0.0,2640.0
SO000837,1,RC-UV-04,120,420.0,0.08,46368.0
SO000837,2,RC-UV-03,168,445.0,0.09,68031.6
SO000837,3,RC-3F-02,72,305.0,0.11,19544.4
SO000837,4,RC-3F-04,84,345.0,0.12,25502.4
SO000837,5,RC-3F-10,180,260.0,0.1,42120.0
SO000838,1,RC-UV-03,72,445.0,0.06,30117.6
SO000838,2,RC-3F-06,72,260.0,0.04,17971.2
SO000838,3,RC-UV-04,60,420.0,0.03,24444.0
SO000839,1,RC-RC-01,48,690.0,0.05,31464.0
SO000839,2,RC-UV-04,84,420.0,0.05,33516.0
SO000839,3,RC-UV-05,24,525.0,0.05,11970.0
SO000840,1,RC-2F-01,108,310.0,0.11,29797.2
SO000840,2,RC-LG-02,84,385.0,0.1,29106.0
SO000840,3,RC-3F-08,180,295.0,0.11,47259.0
SO000841,1,RC-3F-06,12,260.0,0.04,2995.2
SO000841,2,RC-UV-04,24,420.0,0.05,9576.0
SO000841,3,RC-KD-04,12,235.0,0.06,2650.8
SO000842,1,RC-UV-04,48,420.0,0.02,19756.8
SO000842,2,RC-3F-03,48,275.0,0.0,13200.0
SO000843,1,RC-UV-04,48,420.0,0.05,19152.0
SO000843,2,RC-3F-01,72,330.0,0.03,23047.2
SO000844,1,RC-UV-04,72,420.0,0.06,28425.6
SO000844,2,RC-RC-04,48,435.0,0.04,20044.8
SO000845,1,RC-UV-04,24,420.0,0.03,9777.6
SO000845,2,RC-KD-01,48,220.0,0.03,10243.2
SO000845,3,RC-UV-01,48,375.0,0.0,18000.0
SO000846,1,RC-2F-01,72,310.0,0.07,20757.6
SO000846,2,RC-3F-01,48,330.0,0.04,15206.4
SO000847,1,RC-UV-01,276,375.0,0.09,94185.0
SO000847,2,RC-UV-04,168,420.0,0.1,63504.0
SO000847,3,RC-3F-08,276,295.0,0.11,72463.8
SO000847,4,RC-3F-04,108,345.0,0.1,33534.0
SO000848,1,RC-2F-01,36,310.0,0.05,10602.0
SO000848,2,RC-UV-01,132,375.0,0.05,47025.0
SO000849,1,RC-2F-01,48,310.0,0.03,14433.6
SO000849,2,RC-UV-01,48,375.0,0.04,17280.0
SO000850,1,RC-RC-02,120,690.0,0.04,79488.0
SO000850,2,RC-UV-01,60,375.0,0.06,21150.0
SO000851,1,RC-3F-01,36,330.0,0.06,11167.2
SO000851,2,RC-LG-03,48,430.0,0.05,19608.0
SO000851,3,RC-KD-04,48,235.0,0.04,10828.8
SO000852,1,RC-3F-01,84,330.0,0.04,26611.2
SO000852,2,RC-UV-04,36,420.0,0.07,14061.6
SO000853,1,RC-RC-02,12,690.0,0.03,8031.6
SO000853,2,RC-UV-04,60,420.0,0.05,23940.0
SO000853,3,RC-LG-03,12,430.0,0.07,4798.8
SO000853,4,RC-LG-06,48,570.0,0.05,25992.0
SO000854,1,RC-UV-04,36,420.0,0.06,14212.8
SO000854,2,RC-KD-04,36,235.0,0.04,8121.6
SO000854,3,RC-2F-01,60,310.0,0.04,17856.0
SO000855,1,RC-RC-01,24,690.0,0.0,16560.0
SO000855,2,RC-RC-05,36,655.0,0.02,23108.4
SO000856,1,RC-3F-08,48,295.0,0.02,13876.8
SO000857,1,RC-RC-03,168,740.0,0.1,111888.0
SO000857,2,RC-2F-02,240,290.0,0.09,63336.0
SO000857,3,RC-UV-04,264,420.0,0.1,99792.0
SO000858,1,RC-LG-06,12,570.0,0.03,6634.8
SO000858,2,RC-UV-04,12,420.0,0.01,4989.6
