order_id,order_date,order_status,customer_id,customer_name,customer_type,city,state,zone,sales_rep,payment_terms,sku,product_name,category,qty,unit_price,discount_pct
SO000234,30/05/2025,Delivered,C041,New Enterprises,Distributor,Agartala,Tripura,North-East,Bikash Roy,Credit,RC-2F-02,Breeze 2-Fold - Red,2-Fold Umbrella,252,290.0,0.1
SO000629,2025-09-08,Delivered,C017,New Traders,Distributor,Tezpur,Assam,North-East,Bikash Roy,Credit,RC-2F-01,Classic 2-Fold - Maroon,2-Fold Umbrella,108,310.0,0.08
SO000606,28/08/2025,Delivered,C046,Sri Durga Traders,Distributor,Cooch Behar,West Bengal,North Bengal,Rina Das,Credit,RC-2F-02,Breeze 2-Fold - Red,2-Fold Umbrella,264,290.0,0.1
SO000276,07-Jun-2025,Delivered,C050,Biswakarma Traders,Retailer,Shillong,Meghalaya,North-East,Bikash Roy,Cash,RC-LG-06,Heritage Long - Maroon,Long Umbrella,24,570.0,0.03
SO000075,24-Apr-2025,Delivered,C047,TEESTA TRADING CO.,Retailer,Bhagalpur,Bihar,Other East,Rakesh Singh,Cash,RC-UV-04,SunGuard UV Sun - Beige,UV Sun Umbrella,12,420.0,0.03
SO000392,02-Jul-2025,Delivered,C041,New Enterprises,Distributor,Agartala,Tripura,North-East,Bikash Roy,Credit,RC-3F-08,Compact 3-Fold - Checks,3-Fold Umbrella,276,295.0,0.1
SO000753,20-Jan-2026,Delivered,C050,Biswakarma Traders,Retailer,Shillong,Meghalaya,North-East,Bikash Roy,Cash,RC-UV-04,SunGuard UV Sun - Beige,UV Sun Umbrella,36,420.0,0.03
SO000403,04/07/2025,Delivered,C023,Krishna Emporium,Retailer,Shillong,Meghalaya,North-East,Bikash Roy,Credit,RC-2F-03,Classic 2-Fold - Checks,2-Fold Umbrella,12,₹435.00,0.01
SO000521,31/07/2025,Delivered,C027,Kalyani General Store,Retailer,Asansol,West Bengal,South Bengal,Amit Sarkar,Cash,RC-RC-01,Shield Raincoat - Red,Raincoat,48,690.0,0.02
SO000175,19/05/2025,Delivered,C029,City Stores,Retailer,Durgapur,West Bengal,South Bengal,Amit Sarkar,Cash,RC-3F-08,Compact 3-Fold - Checks,3-Fold Umbrella,12,295.0,0.01
SO000849,25-Mar-2026,Delivered,C036,Hanuman & Sons,Wholesaler,Asansol,West Bengal,South Bengal,Amit Sarkar,Credit,RC-UV-01,SunGuard UV Sun - Maroon,UV Sun Umbrella,48,375.0,0.04
SO000249,03-Jun-2025,Delivered,C041,New Enterprises,Distributor,Agartala,Tripura,North-East,Bikash Roy,Credit,RC-3F-09,Classic 3-Fold - Black,3-Fold Umbrella,276,205.0,0.1
SO000265,2025-06-06,Delivered,C049,Biswakarma Traders,Retailer,Kolkata,West Bengal,South Bengal,Amit Sarkar,Credit,RC-RC-01,Shield Raincoat - Red,Raincoat,36,₹690.00,0.02
SO000070,23/04/2025,Delivered,C059,Sunrise Wholesale,Wholesaler,Durgapur,West Bengal,South Bengal,Amit Sarkar,Credit,RC-UV-04,SunGuard UV Sun - Beige,UV Sun Umbrella,60,420.0,0.05
SO000089,30/04/2025,Delivered,C041,New Enterprises,Distributor,Agartala,Tripura,North-East,Bikash Roy,Credit,RC-KD-01,Kiddo Kids - Cartoon Print,Kids Umbrella,120,220.0,0.08
SO000761,03/02/2026,Delivered,C001,Laxmi Distributors,Retailer,Agartala,Tripura,North-East,Bikash Roy,Cash,RC-UV-04,SunGuard UV Sun - Beige,UV Sun Umbrella,12,₹420.00,0.02
SO000132,08-May-2025,Delivered,C021,City Traders,Wholesaler,Bhubaneswar,Odisha,Other East,Rakesh Singh,Credit,RC-3F-01,Classic 3-Fold - Polka Dot,3-Fold Umbrella,24,330.0,0.04
SO000277,2025-06-07,Delivered,C056,Bharat Wholesale,Retailer,Siliguri,West Bengal,North Bengal,Rina Das,Cash,RC-2F-02,Breeze 2-Fold - Red,2-Fold Umbrella,12,290.0,2%
SO000435,14-Jul-2025,Delivered,C005,Jai Hind Umbrella House,Retailer,Cuttack,Odisha,Other East,Rakesh Singh,Cash,RC-3F-01,Classic 3-Fold - Polka Dot,3-Fold Umbrella,12,330.0,0.02
SO000067,22/04/2025,Delivered,C046,Sri Durga Traders,Distributor,Cooch Behar,West Bengal,North Bengal,Rina Das,Credit,RC-3F-10,Compact 3-Fold - Red,3-Fold Umbrella,276,260.0,0.08
SO000502,2025-07-28,Cancelled,C046,Sri Durga Traders,Distributor,Cooch Behar,West Bengal,North Bengal,Rina Das,Credit,RC-UV-04,SunGuard UV Sun - Beige,UV Sun Umbrella,108,420.0,0.11
SO000473,19/07/2025,Delivered,C058,Lokenath General Store,Wholesaler,Howrah,West Bengal,South Bengal,Amit Sarkar,Credit,RC-2F-01,Classic 2-Fold - Maroon,2-Fold Umbrella,24,310.0,0.04
SO000287,11-Jun-2025,Delivered,C014,New Traders,Distributor,Imphal,Manipur,North-East,Bikash Roy,Credit,RC-3F-04,Compact 3-Fold - Navy Blue,3-Fold Umbrella,108,345.0,0.1
SO000587,2025-08-22,Delivered,C046,Sri Durga Traders,Distributor,Cooch Behar,West Bengal,North Bengal,Rina Das,Credit,RC-RC-01,Shield Raincoat - Red,Raincoat,180,690.0,0.11
SO000853,2026-03-27,Delivered,C057, janata & sons,Wholesaler,Aizawl,Mizoram,North-East,Bikash Roy,Credit,RC-UV-04,SunGuard UV Sun - Beige,UV Sun Umbrella,60,420.0,0.05
SO000530,01/08/2025,Delivered,C006,Modern Stores,Wholesaler,Howrah,West Bengal,South Bengal,Amit Sarkar,Credit,RC-3F-07,Classic 3-Fold - Beige,3-Fold Umbrella,60,300.0,0.06
SO000698,12/11/2025,Delivered,C041,New Enterprises,Distributor,Agartala,Tripura,North-East,Bikash Roy,Credit,RC-3F-03,Storm 3-Fold - Floral Print,3-Fold Umbrella,264,275.0,0.1
SO000608,2025-08-29,Delivered,C025,Modern Stores,Retailer,Silchar,Assam,North-East,Bikash Roy,Credit,RC-3F-04,Compact 3-Fold - Navy Blue,3-Fold Umbrella,12,345.0,0.01
SO000688,30/10/2025,Delivered,C052,Himalaya Traders,Wholesaler,Tezpur,Assam,North-East,Bikash Roy,Credit,RC-3F-06,Breeze 3-Fold - Floral Print,3-Fold Umbrella,36,260.0,0.06
SO000637,10/09/2025,Delivered,C046,Sri Durga Traders,Distributor,Cooch Behar,West Bengal,North Bengal,Rina Das,Credit,RC-3F-04,Compact 3-Fold - Navy Blue,3-Fold Umbrella,132,345.0,0.08
SO000239,2025-05-31,Cancelled,C046,Sri Durga Traders,Distributor,Cooch Behar,West Bengal,North Bengal,Rina Das,Credit,RC-RC-05,Shield Raincoat - Polka Dot,Raincoat,168,655.0,0.11
SO000274,07/06/2025,Delivered,C042,Rainbow Bastralaya,Wholesaler,Purnia,Bihar,Other East,Rakesh Singh,Credit,RC-2F-02,Breeze 2-Fold - Red,2-Fold Umbrella,48,290.0,0.05
SO000313,16/06/2025,Delivered,C017,New Traders,Distributor,Tezpur,Assam,North-East,Bikash Roy,Credit,RC-RC-05,Shield Raincoat - Polka Dot,Raincoat,96,655.0,0.1
SO000382,2025-06-30,Delivered,C017,New Traders,Distributor,Tezpur,Assam,North-East,Bikash Roy,Credit,RC-3F-03,Storm 3-Fold - Floral Print,3-Fold Umbrella,96,275.0,0.08
SO000851,2026-03-26,Delivered,C034,Sai Distributors,Wholesaler,Imphal,Manipur,North-East,Bikash Roy,Credit,RC-LG-03,Storm Long - Bottle Green,Long Umbrella,48,430.0,0.05
SO000441,14-Jul-2025,Delivered,C044,Maa Tara Wholesale,Retailer,Itanagar,Arunachal Pradesh,North-East,Bikash Roy,Cash,RC-2F-03,Classic 2-Fold - Checks,2-Fold Umbrella,12,435.0,0.0
SO000221,28-May-2025,Delivered,C041,New Enterprises,Distributor,Agartala,Tripura,North-East,Bikash Roy,Credit,RC-3F-04,Compact 3-Fold - Navy Blue,3-Fold Umbrella,180,345.0,0.1
SO000210,2025-05-27,Delivered,C014,New Traders,Distributor,Imphal,Manipur,North-East,Bikash Roy,Credit,RC-3F-04,Compact 3-Fold - Navy Blue,3-Fold Umbrella,84,345.0,0.11
SO000383,30/06/2025,Delivered,C024,Rainbow Enterprises,Wholesaler,Dibrugarh,Assam,North-East,Bikash Roy,Credit,RC-3F-01,Classic 3-Fold - Polka Dot,3-Fold Umbrella,96,₹330.00,0.04
SO000781,13-Feb-2026,Delivered,C050,Biswakarma Traders,Retailer,Shillong,Meghalaya,North-East,Bikash Roy,Cash,RC-2F-02,Breeze 2-Fold - Red,2-Fold Umbrella,36,290.0,0.02
SO000570,13/08/2025,Delivered,C048, purbanchal agencies,Wholesaler,Tezpur,Assam,North-East,Bikash Roy,Credit,RC-RC-01,Shield Raincoat - Red,Raincoat,84,690.0,0.07
SO000246,02-Jun-2025,Delivered,C046,Sri Durga Traders,Distributor,Cooch Behar,West Bengal,North Bengal,Rina Das,Credit,RC-RC-03,Shield Raincoat - Grey,Raincoat,264,740.0,0.1
SO000535,02/08/2025,Delivered,C010,Ganga Bastralaya,Wholesaler,Jorhat,Assam,North-East,Bikash Roy,Credit,RC-3F-10,Compact 3-Fold - Red,3-Fold Umbrella,36,260.0,0.07
SO000534,01-Aug-2025,Delivered,C052,Himalaya Traders,Wholesaler,Tezpur,Assam,North-East,Bikash Roy,Credit,RC-3F-07,Classic 3-Fold - Beige,3-Fold Umbrella,5 dz,300.0,0.04
SO000402,04/07/2025,Delivered,C002,City Distributors,Retailer,Tezpur,Assam,,Bikash Roy,Credit,RC-3F-04,Compact 3-Fold - Navy Blue,3-Fold Umbrella,12,345.0,0.03
SO000829,2026-03-13,Delivered,C029, city stores,Retailer,Durgapur,West Bengal,South Bengal,Amit Sarkar,Cash,RC-UV-04,SunGuard UV Sun - Beige,UV Sun Umbrella,3 dz,420.0,0.0
SO000278,09/06/2025,Delivered,C004,Royal Trading Co.,Retailer,Agartala,Tripura,North-East,Bikash Roy,Credit,RC-3F-04,Compact 3-Fold - Navy Blue,3-Fold Umbrella,24,345.0,0.02
SO000148,10/05/2025,Delivered,C041,NEW ENTERPRISES,Distributor,Agartala,Tripura,North-East,Bikash Roy,Credit,RC-3F-01,Classic 3-Fold - Polka Dot,3-Fold Umbrella,204,330.0,0.09
SO000783,2026-02-14,Delivered,C034,Sai Distributors,Wholesaler,Imphal,Manipur,North-East,Bikash Roy,Credit,RC-2F-02,Breeze 2-Fold - Red,2-Fold Umbrella,96,290.0,0.05
SO000710,26-Nov-2025,Delivered,C045,Krishna Umbrella House,Wholesaler,Kharagpur,West Bengal,South Bengal,Amit Sarkar,Credit,RC-3F-10,Compact 3-Fold - Red,3-Fold Umbrella,60,260.0,0.03
SO000804,04/03/2026,Delivered,C030,Star Enterprises  ,Wholesaler,Shillong,Meghalaya,North-East,Bikash Roy,Credit,RC-3F-07,Classic 3-Fold - Beige,3-Fold Umbrella,48,300.0,0.06
SO000447,2025-07-15,Delivered,C036, hanuman & sons,Wholesaler,Asansol,West Bengal,South Bengal,Amit Sarkar,Credit,RC-KD-04,Kiddo Kids - Polka Dot,Kids Umbrella,48,235.0,0.05
SO000281,10/06/2025,Delivered,C006,Modern Stores,Wholesaler,Howrah,West Bengal,South Bengal,Amit Sarkar,Credit,RC-3F-06,Breeze 3-Fold - Floral Print,3-Fold Umbrella,96,260.0,0.05
SO000012,2025-04-04,Delivered,C040,Krishna Distributors,Retailer,Patna,Bihar,Other East,Rakesh Singh,Credit,RC-KD-04,Kiddo Kids - Polka Dot,Kids Umbrella,36,235.0,0.01
SO000068,22-Apr-2025,Delivered,C048,Purbanchal Agencies,Wholesaler,Tezpur,Assam,North-East,Bikash Roy,Credit,RC-UV-01,SunGuard UV Sun - Maroon,UV Sun Umbrella,84,375.0,0.03
SO000756,29/01/2026,Delivered,C049,BISWAKARMA TRADERS,Retailer,kolkata ,West Bengal,South Bengal,Amit Sarkar,Credit,RC-UV-04,SunGuard UV Sun - Beige,UV Sun Umbrella,60,420.0,0.03
SO000781,13-Feb-2026,Delivered,C050,Biswakarma Traders,Retailer,Shillong,Meghalaya,North-East,Bikash Roy,Cash,RC-2F-02,Breeze 2-Fold - Red,2-Fold Umbrella,36,290.0,0.02
SO000330,18/06/2025,Delivered,C034,Sai Distributors,Wholesaler,Imphal,Manipur,North-East,Bikash Roy,Credit,RC-KD-01,Kiddo Kids - Cartoon Print,Kids Umbrella,36,220.0,0.07
SO000725,2025-12-08,Delivered,C017,New Traders,Distributor,Tezpur,Assam,North-East,Bikash Roy,Credit,RC-3F-03,Storm 3-Fold - Floral Print,3-Fold Umbrella,180,₹275.00,0.11
SO000115,2025-05-05,Delivered,C041,New Enterprises,Distributor,Agartala,Tripura,North-East,Bikash Roy,Credit,RC-RC-01,Shield Raincoat - Red,Raincoat,204,690.0,0.12
SO000259,05/06/2025,Cancelled,C041,New Enterprises,Distributor,Agartala,Tripura,North-East,Bikash Roy,Credit,RC-3F-04,Compact 3-Fold - Navy Blue,3-Fold Umbrella,144,345.0,0.08
SO000319,16/06/2025,Delivered,C047,Teesta Trading Co.,Retailer,Bhagalpur,Bihar,Other East,Rakesh Singh,Cash,RC-3F-06,Breeze 3-Fold - Floral Print,3-Fold Umbrella,2 dz,260.0,0.01
SO000823,11-Mar-2026,Delivered,C051,Sai Traders,Retailer,Asansol,West Bengal,South Bengal,Amit Sarkar,Cash,RC-3F-04,Compact 3-Fold - Navy Blue,3-Fold Umbrella,12,345.0,0.01
SO000658,2025-09-23,Delivered,C059,Sunrise Wholesale,Wholesaler,Durgapur,West Bengal,South Bengal,Amit Sarkar,Credit,RC-RC-01,Shield Raincoat - Red,Raincoat,108,690.0,0.05
SO000204,2025-05-24,Delivered,C037,Hanuman Marketing,Retailer,Dimapur,Nagaland,North-East,Bikash Roy,Credit,RC-UV-01,SunGuard UV Sun - Maroon,UV Sun Umbrella,48,375.0,0.02
SO000617,01/09/2025,Delivered,C028,Lokenath General Store,Retailer,Silchar,Assam,North-East,Bikash Roy,Cash,RC-RC-01,Shield Raincoat - Red,Raincoat,12,690.0,0.03
SO000303,14-Jun-2025,Delivered,C001,Laxmi Distributors,Retailer,Agartala,Tripura,North-East,Bikash Roy,Cash,RC-LG-02,Storm Long - Grey,Long Umbrella,12,385.0,0.01
SO000722,04-Dec-2025,Delivered,C009,Brahmaputra General Store,Retailer,Guwahati,Assam,North-East,Bikash Roy,Cash,RC-UV-01,SunGuard UV Sun - Maroon,UV Sun Umbrella,12,375.0,0.01
SO000758,2026-01-31,Delivered,C010,Ganga Bastralaya,Wholesaler,Jorhat,Assam,North-East,Bikash Roy,Credit,RC-2F-04,Classic 2-Fold - Red,2-Fold Umbrella,24,310.0,0.04
SO000040,12/04/2025,Delivered,C002,City Distributors,Retailer,Tezpur,Assam,North-East,Bikash Roy,Credit,RC-2F-03,Classic 2-Fold - Checks,2-Fold Umbrella,1 dz,₹435.00,0.01
SO000263,2025-06-06,Cancelled,C017,New Traders,Distributor,Tezpur,Assam,North-East,Bikash Roy,Credit,RC-2F-04,Classic 2-Fold - Red,2-Fold Umbrella,108,₹310.00,0.11
SO000543,05/08/2025,Delivered,C055,Sonali Traders,Retailer,Bardhaman,West Bengal,South Bengal,Amit Sarkar,Cash,RC-3F-09,Classic 3-Fold - Black,3-Fold Umbrella,24,205.0,0.02
SO000326,17/06/2025,Delivered,C055,Sonali Traders,Retailer,Bardhaman,West Bengal,South Bengal,Amit Sarkar,Cash,RC-RC-01,Shield Raincoat - Red,Raincoat,36,690.0,0.02
SO000652,2025-09-18,Delivered,C044,Maa Tara Wholesale,Retailer,Itanagar,Arunachal Pradesh,North-East,Bikash Roy,Cash,RC-UV-04,SunGuard UV Sun - Beige,UV Sun Umbrella,12,420.0,0.0
SO000050,17/04/2025,Delivered,C046,Sri Durga Traders,Distributor,Cooch Behar,West Bengal,North Bengal,Rina Das,Credit,RC-KD-04,Kiddo Kids - Polka Dot,Kids Umbrella,276,235.0,0.12
SO000173,2025-05-17,Delivered,C042,Rainbow Bastralaya,Wholesaler,Purnia,Bihar,Other East,Rakesh Singh,Credit,RC-2F-01,Classic 2-Fold - Maroon,2-Fold Umbrella,36,310.0,0.05
SO000747,2026-01-08,Delivered,C012,Sonali Marketing,Wholesaler,Ranchi,Jharkhand,Other East,Rakesh Singh,Credit,RC-RC-01,Shield Raincoat - Red,Raincoat,24,690.0,0.05
SO000796,21-Feb-2026,Delivered,C041,New Enterprises,Distributor,Agartala,Tripura,North-East,Bikash Roy,Credit,RC-UV-04,SunGuard UV Sun - Beige,UV Sun Umbrella,72,420.0,0.08
SO000579,19/08/2025,Cancelled,C014,New Traders,Distributor,Imphal,Manipur,North-East,Bikash Roy,Credit,RC-3F-07,Classic 3-Fold - Beige,3-Fold Umbrella,72,300.0,0.11
SO000815,09-Mar-2026,Delivered,C039,Modern Stores,Distributor,Jalpaiguri,West Bengal,North Bengal,Rina Das,Credit,RC-2F-03,Classic 2-Fold - Checks,2-Fold Umbrella,132 pcs,435.0,0.1
SO000521,2025-07-31,Delivered,C027,Kalyani General Store,Retailer,Asansol,West Bengal,South Bengal,Amit Sarkar,Cash,RC-3F-01,Classic 3-Fold - Polka Dot,3-Fold Umbrella,12,₹330.00,0.03
SO000632,09/09/2025,Delivered,C046,Sri Durga Traders,Distributor,Cooch Behar,West Bengal,North Bengal,Rina Das,Credit,RC-2F-02,Breeze 2-Fold - Red,2-Fold Umbrella,216,₹290.00,0.1
SO000609,29-Aug-2025,Delivered,C034,Sai Distributors,Wholesaler,Imphal,Manipur,North-East,Bikash Roy,Credit,RC-RC-01,Shield Raincoat - Red,Raincoat,2 dz,690.0,0.05
SO000676,09-Oct-2025,Delivered,C047,Teesta Trading Co.,Retailer,Bhagalpur,Bihar,Other East,Rakesh Singh,Cash,RC-KD-03,Kiddo Kids - Sky Blue,Kids Umbrella,12,185.0,0.02
SO000599,26-Aug-2025,Delivered,C033,Krishna Distributors,Retailer,Jalpaiguri,West Bengal,North Bengal,Rina Das,Credit,RC-3F-07,Classic 3-Fold - Beige,3-Fold Umbrella,12,300.0,0.0
SO000373,26/06/2025,Delivered,C042,Rainbow Bastralaya  ,Wholesaler,Purnia,Bihar,Other East,Rakesh Singh,Credit,RC-UV-04,SunGuard UV Sun - Beige,UV Sun Umbrella,24 pcs,420.0,0.05
SO000582,20/08/2025,Delivered,C039, modern stores,Distributor,Jalpaiguri,West Bengal,North Bengal,Rina Das,Credit,RC-3F-07,Classic 3-Fold - Beige,3-Fold Umbrella,84,300.0,0.09
SO000737,22/12/2025,Delivered,C046,Sri Durga Traders,Distributor,Cooch Behar,West Bengal,North Bengal,Rina Das,Credit,RC-LG-01,Auto-Open Long - Maroon,Long Umbrella,84,₹390.00,0.12
SO000016,2025-04-05,Delivered,C025,Modern Stores,Retailer,Silchar,Assam,North-East,Bikash Roy,Credit,RC-UV-01,SunGuard UV Sun - Maroon,UV Sun Umbrella,1 dz,375.0,0.03
SO000850,2026-03-26,Delivered,C024,Rainbow Enterprises,Wholesaler,Dibrugarh,Assam,North-East,Bikash Roy,Credit,RC-UV-01,SunGuard UV Sun - Maroon,UV Sun Umbrella,60,375.0,0.06
SO000119,2025-05-06,Delivered,C014,New Traders,Distributor,Imphal,Manipur,North-East,Bikash Roy,Credit,RC-3F-04,Compact 3-Fold - Navy Blue,3-Fold Umbrella,156,345.0,0.1
SO000243,2025-06-02,Delivered,C012,Sonali Marketing,Wholesaler,Ranchi,Jharkhand,Other East,Rakesh Singh,Credit,RC-3F-06,Breeze 3-Fold - Floral Print,3-Fold Umbrella,12,260.0,0.05
SO000225,2025-05-29,Delivered,C011,Sri Durga Umbrella House,Retailer,Silchar,Assam,North-East,Bikash Roy,Cash,RC-LG-05,Storm Long - Checks,Long Umbrella,12,345.0,0.01
SO000627,2025-09-08,Delivered,C010,Ganga Bastralaya,Wholesaler,Jorhat,Assam,North-East,Bikash Roy,Credit,RC-3F-04,Compact 3-Fold - Navy Blue,3-Fold Umbrella,84,345.0,0.04
SO000392,02/07/2025,Delivered,C041,New Enterprises,Distributor,Agartala,Tripura,North-East,Bikash Roy,Credit,RC-KD-03,Kiddo Kids - Sky Blue,Kids Umbrella,96,₹185.00,0.11
SO000626,05/09/2025,Delivered,C058, lokenath general store,Wholesaler,Howrah,West Bengal,South Bengal,Amit Sarkar,Credit,RC-LG-05,Storm Long - Checks,Long Umbrella,48,345.0,0.04
SO000631,08-Sep-2025,Cancelled,C034,Sai Distributors,Wholesaler,Imphal,Manipur,North-East,Bikash Roy,Credit,RC-3F-07,Classic 3-Fold - Beige,3-Fold Umbrella,36,300.0,0.04
SO000560,2025-08-11,Delivered,C006,Modern Stores,Wholesaler,Howrah,West Bengal,South Bengal,Amit Sarkar,Credit,RC-UV-01,SunGuard UV Sun - Maroon,UV Sun Umbrella,120,375.0,0.06
SO000739,2025-12-27,Delivered,C034,Sai Distributors,Wholesaler,Imphal,Manipur,North-East,Bikash Roy,Credit,RC-UV-04,SunGuard UV Sun - Beige,UV Sun Umbrella,36,420.0,0.03
SO000070,23/04/2025,Delivered,C059,Sunrise Wholesale,Wholesaler,Durgapur,West Bengal,South Bengal,Amit Sarkar,Credit,RC-LG-03,Storm Long - Bottle Green,Long Umbrella,48,430.0,0.05
SO000858,31-Mar-2026,Pending,C002,City Distributors,Retailer,Tezpur,Assam,,Bikash Roy,Credit,RC-UV-04,SunGuard UV Sun - Beige,UV Sun Umbrella,12,420.0,0.01
SO000431,2025-07-12,Delivered,C004,Royal Trading Co.,Retailer,Agartala,Tripura,North-East,Bikash Roy,Credit,RC-2F-05,Breeze 2-Fold - Grey,2-Fold Umbrella,48,₹375.00,3%
SO000293,2025-06-12,Delivered,C015,Modern Traders,Retailer,Asansol,West Bengal,South Bengal,Amit Sarkar,Cash,RC-3F-07,Classic 3-Fold - Beige,3-Fold Umbrella,24,300.0,0.0
SO000489,2025-07-24,Delivered,C040,Krishna Distributors,Retailer,Patna,Bihar,Other East,Rakesh Singh,Credit,RC-3F-07,Classic 3-Fold - Beige,3-Fold Umbrella,24,300.0,0.02
SO000462,18/07/2025,Delivered,C004,Royal Trading Co.,Retailer,Agartala,Tripura,North-East,Bikash Roy,Credit,RC-3F-04,Compact 3-Fold - Navy Blue,3-Fold Umbrella,48,345.0,0.02
SO000148,10/05/2025,Delivered,C041,New Enterprises,Distributor,Agartala,Tripura,North-East,Bikash Roy,Credit,RC-RC-05,Shield Raincoat - Polka Dot,Raincoat,22 dz,655.0,0.09
SO000705,20/11/2025,Delivered,C046,Sri Durga Traders,Distributor,Cooch Behar,West Bengal,North Bengal,Rina Das,Credit,RC-UV-03,SunGuard UV Sun - Checks,UV Sun Umbrella,120,445.0,0.09
SO000831,14/03/2026,Delivered,C036,Hanuman & Sons,Wholesaler,Asansol,West Bengal,South Bengal,Amit Sarkar,Credit,RC-KD-01,Kiddo Kids - Cartoon Print,Kids Umbrella,48,220.0,0.06
SO000445,15/07/2025,Delivered,C031,Purbanchal Umbrella House,Retailer,Imphal,Manipur,North-East,Bikash Roy,Credit,RC-3F-09,Classic 3-Fold - Black,3-Fold Umbrella,24,205.0,0.02
SO000787,18-Feb-2026,Delivered,C014,New Traders,Distributor,Imphal,Manipur,North-East,Bikash Roy,Credit,RC-UV-03,SunGuard UV Sun - Checks,UV Sun Umbrella,108,445.0,0.1
SO000466,18-Jul-2025,Delivered,C048,Purbanchal Agencies,Wholesaler,Tezpur,Assam,North-East,Bikash Roy,Credit,RC-UV-01,SunGuard UV Sun - Maroon,UV Sun Umbrella,24,375.0,0.04
SO000654,20/09/2025,Delivered,C024,Rainbow Enterprises  ,Wholesaler,Dibrugarh,Assam,North-East,Bikash Roy,Credit,RC-LG-05,Storm Long - Checks,Long Umbrella,60,345.0,0.05
SO000430,11/07/2025,Delivered,C059,Sunrise Wholesale,Wholesaler,Durgapur,West Bengal,South Bengal,Amit Sarkar,Credit,RC-UV-04,SunGuard UV Sun - Beige,UV Sun Umbrella,84,420.0,0.06
SO000839,21/03/2026,Delivered,C030,Star Enterprises,Wholesaler,Shillong,Meghalaya,North-East,Bikash Roy,Credit,RC-RC-01,Shield Raincoat - Red,Raincoat,48,690.0,0.05
SO000698,2025-11-12,Delivered,C041,New Enterprises,Distributor,Agartala,Tripura,North-East,Bikash Roy,Credit,RC-RC-01,Shield Raincoat - Red,Raincoat,216,690.0,0.11
SO000164,2025-05-15,Delivered,C003, brahmaputra wholesale,Distributor,Tezpur,Assam,North-East,Bikash Roy,Credit,RC-RC-01,Shield Raincoat - Red,Raincoat,252,690.0,0.12
SO000283,2025-06-10,Delivered,C024,RAINBOW ENTERPRISES,Wholesaler,Dibrugarh,Assam,North-East,Bikash Roy,Credit,RC-3F-09,Classic 3-Fold - Black,3-Fold Umbrella,36,205.0,0.06
SO000104,2025-05-03,Delivered,C003,Brahmaputra Wholesale,Distributor,Tezpur,Assam,North-East,Bikash Roy,Credit,RC-3F-04,Compact 3-Fold - Navy Blue,3-Fold Umbrella,228,345.0,0.09
SO000529,2025-07-31,Delivered,C059,Sunrise Wholesale,Wholesaler,Durgapur,West Bengal,South Bengal,Amit Sarkar,Credit,RC-3F-06,Breeze 3-Fold - Floral Print,3-Fold Umbrella,96,260.0,0.06
SO000093,2025-05-01,Delivered,C031,Purbanchal Umbrella House,Retailer,Imphal,Manipur,North-East,Bikash Roy,Credit,RC-3F-05,Breeze 3-Fold - Grey,3-Fold Umbrella,72,255.0,0.01
SO000601,27/08/2025,Delivered,C010,Ganga Bastralaya,Wholesaler,Jorhat,Assam,North-East,Bikash Roy,Credit,RC-2F-03,Classic 2-Fold - Checks,2-Fold Umbrella,120,435.0,0.03
SO000294,12/06/2025,Delivered,C017,New Traders  ,Distributor,Tezpur,Assam,North-East,Bikash Roy,Credit,RC-3F-08,Compact 3-Fold - Checks,3-Fold Umbrella,60,295.0,0.11
SO000324,17-Jun-2025,Delivered,C049,Biswakarma Traders,Retailer,Kolkata,West Bengal,South Bengal,Amit Sarkar,Credit,RC-3F-09,Classic 3-Fold - Black,3-Fold Umbrella,60,₹205.00,0.02
SO000396,2025-07-03,Delivered,C010,Ganga Bastralaya,Wholesaler,Jorhat,Assam,North-East,Bikash Roy,Credit,RC-KD-04,Kiddo Kids - Polka Dot,Kids Umbrella,120,235.0,0.03
SO000434,12/07/2025,Delivered,C049,Biswakarma Traders,Retailer,Kolkata,West Bengal,South Bengal,Amit Sarkar,Credit,RC-RC-01,Shield Raincoat - Red,Raincoat,12,690.0,0.03
SO000289,11/06/2025,Delivered,C029, city stores,Retailer,Durgapur,West Bengal,South Bengal,Amit Sarkar,Cash,RC-KD-01,Kiddo Kids - Cartoon Print,Kids Umbrella,36,220.0,0.0
SO000839,2026-03-21,Delivered,C030,Star Enterprises,Wholesaler,Shillong,Meghalaya,North-East,Bikash Roy,Credit,RC-UV-05,SunGuard UV Sun - Transparent,UV Sun Umbrella,24,₹525.00,0.05
SO000791,2026-02-19,Delivered,C014,New Traders,Distributor,Imphal,Manipur,North-East,Bikash Roy,Credit,RC-3F-04,Compact 3-Fold - Navy Blue,3-Fold Umbrella,108,345.0,0.09
SO000560,2025-08-11,Delivered,C006,Modern Stores,Wholesaler,Howrah,West Bengal,South Bengal,Amit Sarkar,Credit,RC-3F-07,Classic 3-Fold - Beige,3-Fold Umbrella,60,300.0,0.05
SO000063,2025-04-21,Delivered,C041,New Enterprises,Distributor,Agartala,Tripura,North-East,Bikash Roy,Credit,RC-LG-05,Storm Long - Checks,Long Umbrella,84,345.0,0.12
SO000097,02/05/2025,Delivered,C006,Modern Stores,Wholesaler,Howrah,West Bengal,South Bengal,Amit Sarkar,Credit,RC-3F-06,Breeze 3-Fold - Floral Print,3-Fold Umbrella,120 pcs,260.0,0.04
SO000376,2025-06-27,Cancelled,C027,Kalyani General Store,Retailer,Asansol,West Bengal,South Bengal,Amit Sarkar,Cash,RC-2F-06,Breeze 2-Fold - Floral Print,2-Fold Umbrella,24,270.0,0.0
SO000661,24/09/2025,Delivered,C048,Purbanchal Agencies,Wholesaler,Tezpur,Assam,North-East,Bikash Roy,Credit,RC-RC-05,Shield Raincoat - Polka Dot,Raincoat,72,655.0,0.06
SO000515,30-Jul-2025,Delivered,C043,Modern Enterprises,Retailer,Aizawl,Mizoram,North-East,Bikash Roy,Cash,RC-LG-05,Storm Long - Checks,Long Umbrella,24,345.0,0.01
SO000443,15-Jul-2025,Delivered,C017,New Traders,Distributor,Tezpur,Assam,North-East,Bikash Roy,Credit,RC-KD-03,Kiddo Kids - Sky Blue,Kids Umbrella,144,185.0,0.1
SO000748,2026-01-10,Delivered,C041,New Enterprises,Distributor,Agartala,Tripura,North-East,Bikash Roy,Credit,RC-UV-02,SunGuard UV Sun - Grey,UV Sun Umbrella,7 dz,580.0,0.1
SO000812,07-Mar-2026,Delivered,C022,Sonali Stores,Retailer,Jamshedpur,Jharkhand,Other East,Rakesh Singh,Credit,RC-UV-04,SunGuard UV Sun - Beige,UV Sun Umbrella,12,420.0,0.01
SO000657,2025-09-23,Delivered,C031,Purbanchal Umbrella House,Retailer,Imphal,Manipur,North-East,Bikash Roy,Credit,RC-KD-04,Kiddo Kids - Polka Dot,Kids Umbrella,48,235.0,0.02
SO000173,2025-05-17,Delivered,C042,Rainbow Bastralaya,Wholesaler,Purnia,Bihar,Other East,Rakesh Singh,Credit,RC-2F-03,Classic 2-Fold - Checks,2-Fold Umbrella,84,435.0,0.06
SO000661,24/09/2025,Delivered,C048,Purbanchal Agencies,Wholesaler,Tezpur,Assam,North-East,Bikash Roy,Credit,RC-3F-03,Storm 3-Fold - Floral Print,3-Fold Umbrella,24,275.0,0.07
SO000672,07-Oct-2025,Delivered,C003,Brahmaputra Wholesale,Distributor,Tezpur,Assam,North-East,Bikash Roy,Credit,RC-3F-06,Breeze 3-Fold - Floral Print,3-Fold Umbrella,72,260.0,0.08
SO000050,2025-04-17,Delivered,C046,Sri Durga Traders  ,Distributor,Cooch Behar,West Bengal,North Bengal,Rina Das,Credit,RC-UV-04,SunGuard UV Sun - Beige,UV Sun Umbrella,192,420.0,0.1
SO000751,2026-01-15,Delivered,C048,Purbanchal Agencies,Wholesaler,Tezpur,Assam,North-East,Bikash Roy,Credit,RC-UV-04,SunGuard UV Sun - Beige,UV Sun Umbrella,84,420.0,0.06
SO000263,06/06/2025,Cancelled,C017,New Traders,Distributor,,Assam,North-East,Bikash Roy,Credit,RC-RC-01,Shield Raincoat - Red,Raincoat,96,690.0,0.09
SO000234,2025-05-30,Delivered,C041,New Enterprises,Distributor,Agartala,Tripura,North-East,Bikash Roy,Credit,RC-KD-03,Kiddo Kids - Sky Blue,Kids Umbrella,8 dz,185.0,0.11
SO000512,29-Jul-2025,Delivered,C052,Himalaya Traders,Wholesaler,Tezpur,Assam,North-East,Bikash Roy,Credit,RC-2F-06,Breeze 2-Fold - Floral Print,2-Fold Umbrella,60 pcs,270.0,0.07
SO000224,2025-05-29,Delivered,C007,Biswakarma Bazaar,Wholesaler,Malda,West Bengal,North Bengal,Rina Das,Credit,RC-2F-01,Classic 2-Fold - Maroon,2-Fold Umbrella,12,₹310.00,0.06
SO000752,2026-01-19,Delivered,C013,Hanuman Stores,Wholesaler,Bardhaman,West Bengal,South Bengal,Amit Sarkar,Credit,RC-2F-01,Classic 2-Fold - Maroon,2-Fold Umbrella,96,310.0,0.03
SO000550,06/08/2025,Delivered,C056,Bharat Wholesale,Retailer,Siliguri,West Bengal,North Bengal,Rina Das,Cash,RC-RC-03,Shield Raincoat - Grey,Raincoat,12,740.0,0.01
SO000192,2025-05-21,Delivered,C047,Teesta Trading Co.,Retailer,Bhagalpur,Bihar,Other East,Rakesh Singh,Cash,RC-3F-05,Breeze 3-Fold - Grey,3-Fold Umbrella,2 dz,₹255.00,0.02
SO000390,2025-07-02,Delivered,C011,Sri Durga Umbrella House,Retailer,Silchar,Assam,North-East,Bikash Roy,Cash,RC-GF-01,Pro Golf - Floral Print,Golf Umbrella,12,745.0,0.03
SO000047,16-Apr-2025,Delivered,C029,City Stores,Retailer,Durgapur,West Bengal,South Bengal,Amit Sarkar,Cash,RC-UV-03,SunGuard UV Sun - Checks,UV Sun Umbrella,24,445.0,0.01
SO000089,30-Apr-2025,Delivered,C041,New Enterprises,Distributor,Agartala,Tripura,North-East,Bikash Roy,Credit,RC-RC-02,Shield Raincoat - Bottle Green,Raincoat,17 dz,690.0,0.1
SO000571,14-Aug-2025,Delivered,C029,City Stores,Retailer,Durgapur,West Bengal,South Bengal,Amit Sarkar,Cash,RC-RC-04,Shield Raincoat - Checks,Raincoat,12,435.0,0.02
SO000767,07-Feb-2026,Delivered,C003,Brahmaputra Wholesale,Distributor,Tezpur,Assam,North-East,Bikash Roy,Credit,RC-KD-01,Kiddo Kids - Cartoon Print,Kids Umbrella,72,220.0,12%
SO000371,26/06/2025,Delivered,C031,Purbanchal Umbrella House,Retailer,Imphal,Manipur,North-East,Bikash Roy,Credit,RC-UV-04,SunGuard UV Sun - Beige,UV Sun Umbrella,24,420.0,0.0
SO000159,2025-05-14,Delivered,C012,SONALI MARKETING,Wholesaler,Ranchi,Jharkhand,Other East,Rakesh Singh,Credit,RC-RC-02,Shield Raincoat - Bottle Green,Raincoat,60,690.0,0.03
SO000323,17/06/2025,Delivered,C038,Kalyani Distributors,Wholesaler,Agartala,Tripura,North-East,Bikash Roy,Credit,RC-2F-01,Classic 2-Fold - Maroon,2-Fold Umbrella,12,310.0,0.05
SO000488,2025-07-24,Delivered,C031,Purbanchal Umbrella House,Retailer,Imphal,Manipur,North-East,Bikash Roy,Credit,RC-KD-01,Kiddo Kids - Cartoon Print,Kids Umbrella,72,220.0,0.03
SO000333,2025-06-19,Delivered,C001,Laxmi Distributors  ,Retailer,Agartala,Tripura,North-East,Bikash Roy,Cash,RC-RC-03,Shield Raincoat - Grey,Raincoat,12,740.0,0.02
SO000717,01/12/2025,Delivered,C007,Biswakarma Bazaar,Wholesaler,Malda,West Bengal,North Bengal,Rina Das,Credit,RC-UV-01,SunGuard UV Sun - Maroon,UV Sun Umbrella,60,375.0,0.03
SO000123,06/05/2025,Delivered,C043,Modern Enterprises,Retailer,Aizawl,Mizoram,North-East,Bikash Roy,Cash,RC-UV-04,SunGuard UV Sun - Beige,UV Sun Umbrella,12,420.0,0.02
SO000590,23/08/2025,Delivered,C044,Maa Tara Wholesale,Retailer,Itanagar,Arunachal Pradesh,North-East,Bikash Roy,Cash,RC-KD-02,Kiddo Kids - Yellow,Kids Umbrella,12,210.0,0.02
SO000702,15-Nov-2025,Delivered,C046,Sri Durga Traders,Distributor,Cooch Behar,West Bengal,North Bengal,Rina Das,Credit,RC-3F-02,Breeze 3-Fold - Transparent,3-Fold Umbrella,264,305.0,0.1
SO000532,01/08/2025,Delivered,C031,Purbanchal Umbrella House,Retailer,Imphal,Manipur,North-East,Bikash Roy,Credit,RC-3F-03,Storm 3-Fold - Floral Print,,24,275.0,0.01
SO000581,20-Aug-2025,Delivered,C021,City Traders,Wholesaler,Bhubaneswar,Odisha,Other East,Rakesh Singh,Credit,RC-RC-01,Shield Raincoat - Red,Raincoat,24,690.0,0.07
SO000363,25/06/2025,Delivered,C003,Brahmaputra Wholesale,Distributor,Tezpur,Assam,North-East,Bikash Roy,Credit,RC-RC-03,Shield Raincoat - Grey,Raincoat,204,740.0,0.09
SO000765,2026-02-05,Delivered,C060,Modern Marketing,Retailer,Durgapur,West Bengal,South Bengal,Amit Sarkar,Credit,RC-UV-03,SunGuard UV Sun - Checks,UV Sun Umbrella,12,₹445.00,0.0
SO000061,2025-04-21,Delivered,C027,Kalyani General Store,Retailer,Asansol,West Bengal,South Bengal,Amit Sarkar,Cash,RC-RC-01,Shield Raincoat - Red,Raincoat,12,690.0,0.0
SO000237,31/05/2025,Delivered,C038,Kalyani Distributors,Wholesaler,Agartala,Tripura,North-East,Bikash Roy,Credit,RC-RC-02,Shield Raincoat - Bottle Green,Raincoat,84,₹690.00,0.05
SO000602,27/08/2025,Delivered,C012,Sonali Marketing,Wholesaler,Ranchi,Jharkhand,Other East,Rakesh Singh,Credit,RC-UV-04,SunGuard UV Sun - Beige,UV Sun Umbrella,12,420.0,0.07
SO000531,01/08/2025,Delivered,C028,Lokenath General Store,Retailer,Silchar,Assam,North-East,Bikash Roy,Cash,RC-3F-10,Compact 3-Fold - Red,3-Fold Umbrella,36,260.0,0.02
SO000416,09/07/2025,Delivered,C010,Ganga Bastralaya,Wholesaler,Jorhat,Assam,North-East,Bikash Roy,Credit,RC-3F-07,Classic 3-Fold - Beige,3-Fold Umbrella,24,300.0,0.05
SO000768,07/02/2026,Delivered,C023,Krishna Emporium,Retailer,Shillong,Meghalaya,North-East,Bikash Roy,Credit,RC-3F-01,Classic 3-Fold - Polka Dot,3-Fold Umbrella,12,330.0,0.01
SO000339,19-Jun-2025,Delivered,C046,Sri Durga Traders,Distributor,Cooch Behar,West Bengal,North Bengal,Rina Das,Credit,RC-UV-03,SunGuard UV Sun - Checks,UV Sun Umbrella,192,445.0,0.11
SO000214,2025-05-27,Delivered,C047,Teesta Trading Co.,Retailer,Bhagalpur,Bihar,Other East,Rakesh Singh,Cash,RC-KD-01,Kiddo Kids - Cartoon Print,Kids Umbrella,12,220.0,0.03
SO000452,16/07/2025,Delivered,C041,New Enterprises,Distributor,Agartala,Tripura,North-East,Bikash Roy,Credit,RC-RC-05,Shield Raincoat - Polka Dot,Raincoat,144,655.0,0.11
SO000029,2025-04-09,Delivered,C006,Modern Stores,Wholesaler,Howrah,West Bengal,South Bengal,Amit Sarkar,Credit,RC-2F-01,Classic 2-Fold - Maroon,2-Fold Umbrella,48,310.0,0.07
SO000854,2026-03-28,Delivered,C059,Sunrise Wholesale,Wholesaler,Durgapur,West Bengal,South Bengal,Amit Sarkar,Credit,RC-2F-01,Classic 2-Fold - Maroon,2-Fold Umbrella,60,310.0,0.04
SO000699,13-Nov-2025,Delivered,C011,Sri Durga Umbrella House,Retailer,Silchar,Assam,North-East,Bikash Roy,Cash,RC-UV-01,SunGuard UV Sun - Maroon,UV Sun Umbrella,12,375.0,0.02
SO000748,10-Jan-2026,Delivered,C041,New Enterprises,Distributor,Agartala,Tripura,North-East,Bikash Roy,Credit,RC-UV-03,SunGuard UV Sun - Checks,UV Sun Umbrella,192 pcs,445.0,0.11
SO000313,2025-06-16,Delivered,C017,New Traders,Distributor,Tezpur,Assam,North-East,Bikash Roy,Credit,RC-2F-02,Breeze 2-Fold - Red,2-Fold Umbrella,108,290.0,0.1
SO000275,07-Jun-2025,Delivered,C048,Purbanchal Agencies,Wholesaler,Tezpur,Assam,North-East,Bikash Roy,Credit,RC-3F-09,Classic 3-Fold - Black,3-Fold Umbrella,24,205.0,0.06
SO000328,18/06/2025,Delivered,C010,Ganga Bastralaya,Wholesaler,Jorhat,Assam,North-East,Bikash Roy,Credit,RC-RC-03,Shield Raincoat - Grey,Raincoat,84,740.0,0.05
SO000682,16-Oct-2025,Delivered,C048,Purbanchal Agencies,Wholesaler,Tezpur,Assam,North-East,Bikash Roy,Credit,RC-2F-06,Breeze 2-Fold - Floral Print,2-Fold Umbrella,84,270.0,0.06
SO000099,02/05/2025,Delivered,C014,New Traders,Distributor,Imphal,Manipur,North-East,Bikash Roy,Credit,RC-LG-06,Heritage Long - Maroon,Long Umbrella,96,₹570.00,0.1
SO000042,15/04/2025,Delivered,C041,New Enterprises,Distributor,Agartala,Tripura,North-East,Bikash Roy,Credit,RC-UV-01,SunGuard UV Sun - Maroon,UV Sun Umbrella,240,375.0,0.12
SO000064,2025-04-21,Delivered,C060,Modern Marketing,Retailer,Durgapur,West Bengal,South Bengal,Amit Sarkar,Credit,RC-UV-04,SunGuard UV Sun - Beige,UV Sun Umbrella,12,420.0,0.02
SO000504,29/07/2025,Delivered,C003,Brahmaputra Wholesale,Distributor,Tezpur,Assam,North-East,Bikash Roy,Credit,RC-3F-07,Classic 3-Fold - Beige,3-Fold Umbrella,180,₹300.00,0.08
SO000112,2025-05-05,Delivered,C013,HANUMAN STORES,Wholesaler,Bardhaman,West Bengal,South Bengal,Amit Sarkar,Credit,RC-2F-06,Breeze 2-Fold - Floral Print,2-Fold Umbrella,96,270.0,0.03
SO000598,26-Aug-2025,Delivered,C007,Biswakarma Bazaar,Wholesaler,Malda,West Bengal,North Bengal,Rina Das,Credit,RC-2F-04,Classic 2-Fold - Red,2-Fold Umbrella,36,310.0,0.04
SO000150,10/05/2025,Delivered,C049,Biswakarma Traders,Retailer,Kolkata,West Bengal,South Bengal,Amit Sarkar,Credit,RC-RC-01,Shield Raincoat - Red,Raincoat,36,690.0,0.0
SO000559,09-Aug-2025,Delivered,C048,Purbanchal Agencies,Wholesaler,Tezpur,Assam,North-East,Bikash Roy,Credit,RC-3F-07,Classic 3-Fold - Beige,3-Fold Umbrella,84,₹300.00,0.05
SO000375,27/06/2025,Delivered,C017,New Traders,Distributor,Tezpur,Assam,North-East,Bikash Roy,Credit,RC-UV-01,SunGuard UV Sun - Maroon,,180,375.0,10%
SO000579,2025-08-19,Cancelled,C014,New Traders,Distributor,Imphal,Manipur,North-East,Bikash Roy,Credit,RC-2F-01,Classic 2-Fold - Maroon,2-Fold Umbrella,72,310.0,0.1
SO000157,2025-05-13,Delivered,C027,Kalyani General Store,Retailer,Asansol,West Bengal,South Bengal,Amit Sarkar,Cash,RC-RC-01,Shield Raincoat - Red,Raincoat,24,690.0,0.02
SO000126,2025-05-07,Delivered,C028,Lokenath General Store,Retailer,Silchar,Assam,North-East,Bikash Roy,Cash,RC-RC-05,Shield Raincoat - Polka Dot,Raincoat,24,655.0,0.0
SO000293,12/06/2025,Delivered,C015,Modern Traders,Retailer,Asansol,West Bengal,South Bengal,Amit Sarkar,Cash,RC-2F-01,Classic 2-Fold - Maroon,2-Fold Umbrella,12,310.0,0.01
SO000470,2025-07-19,Delivered,C046,Sri Durga Traders,Distributor,Cooch Behar,West Bengal,North Bengal,Rina Das,Credit,RC-LG-06,Heritage Long - Maroon,Long Umbrella,168,570.0,0.09
SO000759,2026-02-02,Delivered,C029,City Stores,Retailer,Durgapur,West Bengal,South Bengal,Amit Sarkar,Cash,RC-UV-04,SunGuard UV Sun - Beige,UV Sun Umbrella,36,420.0,0.01
SO000609,2025-08-29,Delivered,C034,Sai Distributors,Wholesaler,Imphal,Manipur,North-East,Bikash Roy,Credit,RC-2F-06,Breeze 2-Fold - Floral Print,2-Fold Umbrella,3 dz,₹270.00,0.04
SO000475,2025-07-21,Delivered,C034,Sai Distributors,Wholesaler,Imphal,Manipur,North-East,Bikash Roy,Credit,RC-UV-01,SunGuard UV Sun - Maroon,UV Sun Umbrella,36,375.0,0.07
SO000546,2025-08-06,Delivered,C020,Sri Durga Trading Co.,Retailer,Malda,West Bengal,North Bengal,Rina Das,Credit,RC-LG-03,Storm Long - Bottle Green,Long Umbrella,12 pcs,430.0,0.03
SO000327,18/06/2025,Delivered,C004,ROYAL TRADING CO.,Retailer,Agartala,Tripura,North-East,Bikash Roy,Credit,RC-LG-03,Storm Long - Bottle Green,Long Umbrella,24,430.0,0.0
SO000390,2025-07-02,Delivered,C011,Sri Durga Umbrella House,Retailer,Silchar,Assam,North-East,Bikash Roy,Cash,RC-KD-04,Kiddo Kids - Polka Dot,Kids Umbrella,12,235.0,0.02
SO000082,2025-04-25,Delivered,C048,Purbanchal Agencies,Wholesaler,Tezpur,Assam,North-East,Bikash Roy,Credit,RC-UV-04,SunGuard UV Sun - Beige,UV Sun Umbrella,24,420.0,0.04
SO000428,2025-07-11,Delivered,C041,New Enterprises,Distributor,Agartala,Tripura,North-East,Bikash Roy,Credit,RC-LG-03,Storm Long - Bottle Green,Long Umbrella,180,430.0,0.11
SO000015,2025-04-05,Delivered,C021,City Traders,Wholesaler,Bhubaneshwar,Odisha,Other East,Rakesh Singh,Credit,RC-3F-01,Classic 3-Fold - Polka Dot,3-Fold Umbrella,84,330.0,0.06
SO000101,02/05/2025,Delivered,C017,New Traders,Distributor,Tezpur,Assam,North-East,Bikash Roy,Credit,RC-2F-04,Classic 2-Fold - Red,2-Fold Umbrella,180,310.0,0.11
SO000420,09/07/2025,Delivered,C028,Lokenath General Store,Retailer,Silchar,Assam,North-East,Bikash Roy,Cash,RC-RC-01,Shield Raincoat - Red,,36 pcs,690.0,0.02
SO000707,24-Nov-2025,Delivered,C021,City Traders,Wholesaler,Bhubaneswar,Odisha,Other East,Rakesh Singh,Credit,RC-RC-01,Shield Raincoat - Red,Raincoat,4 dz,690.0,0.06
SO000311,16/06/2025,Delivered,C003,Brahmaputra Wholesale,Distributor,Tezpur,Assam,North-East,Bikash Roy,Credit,RC-RC-01,Shield Raincoat - Red,Raincoat,96,₹690.00,0.1
SO000300,13/06/2025,Delivered,C046,Sri Durga Traders,Distributor,,West Bengal,North Bengal,Rina Das,Credit,RC-RC-02,Shield Raincoat - Bottle Green,Raincoat,240,690.0,0.08
SO000142,10/05/2025,Delivered,C022,Sonali Stores,Retailer,Jamshedpur,Jharkhand,Other East,Rakesh Singh,Credit,RC-UV-04,SunGuard UV Sun - Beige,UV Sun Umbrella,12,420.0,0.03
SO000685,24/10/2025,Delivered,C041,New Enterprises,Distributor,Agartala,Tripura,North-East,Bikash Roy,Credit,RC-3F-02,Breeze 3-Fold - Transparent,3-Fold Umbrella,204,305.0,0.12
SO000520,2025-07-31,Cancelled,C017,New Traders,Distributor,Tezpur,Assam,North-East,Bikash Roy,Credit,RC-3F-01,Classic 3-Fold - Polka Dot,3-Fold Umbrella,120,330.0,0.12
SO000201,2025-05-24,Delivered,C006,Modern Stores,Wholesaler,Howrah,West Bengal,South Bengal,Amit Sarkar,Credit,RC-KD-03,Kiddo Kids - Sky Blue,Kids Umbrella,120,185.0,0.07
SO000308,14/06/2025,Delivered,C041,New Enterprises,Distributor,Agartala,Tripura,North-East,Bikash Roy,Credit,RC-RC-01,Shield Raincoat - Red,Raincoat,276,690.0,0.1
SO000622,2025-09-02,Delivered,C005,Jai Hind Umbrella House,Retailer,Cuttack,Odisha,Other East,Rakesh Singh,Cash,RC-2F-02,Breeze 2-Fold - Red,2-Fold Umbrella,12,290.0,0.01
SO000491,25-Jul-2025,Delivered,C021,City Traders,Wholesaler,Bhubaneswar,Odisha,Other East,Rakesh Singh,Credit,RC-3F-04,Compact 3-Fold - Navy Blue,3-Fold Umbrella,60,345.0,0.07
SO000777,2026-02-12,Delivered,C046,Sri Durga Traders,Distributor,Cooch Behar,West Bengal,North Bengal,Rina Das,Credit,RC-UV-04,SunGuard UV Sun - Beige,UV Sun Umbrella,288,420.0,0.1
SO000622,2025-09-02,Delivered,C005,Jai Hind Umbrella House,Retailer,Cuttack,Odisha,Other East,Rakesh Singh,Cash,RC-UV-01,SunGuard UV Sun - Maroon,UV Sun Umbrella,1 dz,375.0,0.0
SO000168,2025-05-15,Delivered,C024,Rainbow Enterprises  ,Wholesaler,Dibrugarh,Assam,North-East,Bikash Roy,Credit,RC-UV-04,SunGuard UV Sun - Beige,UV Sun Umbrella,156,420.0,0.04
SO000174,2025-05-19,Delivered,C017,New Traders,Distributor,Tezpur,Assam,North-East,Bikash Roy,Credit,RC-3F-07,Classic 3-Fold - Beige,3-Fold Umbrella,120,300.0,0.12
SO000605,2025-08-27,Delivered,C058,Lokenath General Store,Wholesaler,Howrah,West Bengal,South Bengal,Amit Sarkar,Credit,RC-LG-05,Storm Long - Checks,Long Umbrella,24,345.0,0.06
SO000852,27-Mar-2026,In Transit,C048,Purbanchal Agencies,Wholesaler,Tezpur,Assam,North-East,Bikash Roy,Credit,RC-3F-01,Classic 3-Fold - Polka Dot,3-Fold Umbrella,84,330.0,0.04
SO000815,2026-03-09,Delivered,C039,Modern Stores,Distributor,Jalpaiguri,West Bengal,North Bengal,Rina Das,Credit,RC-UV-03,SunGuard UV Sun - Checks,UV Sun Umbrella,180,445.0,0.09
SO000201,2025-05-24,Delivered,C006,Modern Stores,Wholesaler,Howrah,West Bengal,South Bengal,Amit Sarkar,Credit,RC-KD-01,Kiddo Kids - Cartoon Print,Kids Umbrella,84,220.0,0.05
SO000696,11-Nov-2025,Delivered,C047,Teesta Trading Co.,Retailer,Bhagalpur,Bihar,Other East,Rakesh Singh,Cash,RC-GF-01,Pro Golf - Floral Print,Golf Umbrella,24,745.0,0.01
SO000067,2025-04-22,Delivered,C046,Sri Durga Traders,Distributor,Cooch Behar,West Bengal,North Bengal,Rina Das,Credit,RC-UV-04,SunGuard UV Sun - Beige,UV Sun Umbrella,180,420.0,0.12
SO000811,07/03/2026,Delivered,C008,Popular & Sons,Retailer,Durgapur,West Bengal,South Bengal,Amit Sarkar,Credit,RC-UV-01,SunGuard UV Sun - Maroon,UV Sun Umbrella,36,₹375.00,0.02
SO000725,2025-12-08,Delivered,C017,New Traders,Distributor,Tezpur,Assam,North-East,Bikash Roy,Credit,RC-RC-01,Shield Raincoat - Red,Raincoat,204,690.0,0.1
SO000845,23/03/2026,Delivered,C037,Hanuman Marketing,Retailer,Dimapur,Nagaland,North-East,Bikash Roy,Credit,RC-UV-04,SunGuard UV Sun - Beige,UV Sun Umbrella,24,420.0,0.03
SO000752,19-Jan-2026,Delivered,C013,Hanuman Stores,Wholesaler,Bardhaman,West Bengal,South Bengal,Amit Sarkar,Credit,RC-UV-04,SunGuard UV Sun - Beige,UV Sun Umbrella,13 dz,420.0,0.07
SO000775,2026-02-12,Delivered,C033,Krishna Distributors,Retailer,Jalpaiguri,West Bengal,North Bengal,Rina Das,Credit,RC-UV-01,SunGuard UV Sun - Maroon,UV Sun Umbrella,12 pcs,375.0,0.01
SO000286,10-Jun-2025,Delivered,C059, sunrise wholesale,Wholesaler,Durgapur,West Bengal,South Bengal,Amit Sarkar,Credit,RC-GF-01,Pro Golf - Floral Print,Golf Umbrella,36,745.0,0.06
SO000021,2025-04-08,Delivered,C006,Modern Stores,Wholesaler,Howrah,West Bengal,South Bengal,Amit Sarkar,Credit,RC-UV-02,SunGuard UV Sun - Grey,UV Sun Umbrella,132,580.0,0.05
SO000614,2025-08-30,Delivered,C033,Krishna Distributors,Retailer,Jalpaiguri,West Bengal,North Bengal,Rina Das,Credit,RC-2F-05,Breeze 2-Fold - Grey,2-Fold Umbrella,24,375.0,0.01
SO000558,2025-08-09,Delivered,C047,Teesta Trading Co.,Retailer,Bhagalpur,Bihar,Other East,Rakesh Singh,Cash,RC-UV-02,SunGuard UV Sun - Grey,UV Sun Umbrella,12,580.0,0.02
SO000713,2025-11-27,Delivered,C041,New Enterprises,Distributor,Agartala,Tripura,North-East,Bikash Roy,Credit,RC-UV-04,SunGuard UV Sun - Beige,UV Sun Umbrella,216,420.0,0.11
SO000804,04/03/2026,Delivered,C030,Star Enterprises,Wholesaler,Shillong,Meghalaya,North-East,Bikash Roy,Credit,RC-RC-03,Shield Raincoat - Grey,Raincoat,24,740.0,0.04
SO000526,31/07/2025,Delivered,C041,New Enterprises,Distributor,Agartala,Tripura,North-East,Bikash Roy,Credit,RC-3F-06,Breeze 3-Fold - Floral Print,3-Fold Umbrella,204,260.0,0.11
SO000845,23/03/2026,Delivered,C037,Hanuman Marketing,Retailer,Dimapur,Nagaland,North-East,Bikash Roy,Credit,RC-UV-01,SunGuard UV Sun - Maroon,UV Sun Umbrella,48,375.0,0.0
SO000046,16/04/2025,Delivered,C006,Modern Stores,Wholesaler,Howrah,West Bengal,South Bengal,Amit Sarkar,Credit,RC-RC-05,Shield Raincoat - Polka Dot,Raincoat,24,655.0,0.04
SO000723,06/12/2025,Delivered,C002,City Distributors,Retailer,Tezpur,Assam,North-East,Bikash Roy,Credit,RC-KD-03,Kiddo Kids - Sky Blue,Kids Umbrella,12,185.0,2%
SO000289,2025-06-11,Delivered,C029,City Stores,Retailer,Durgapur,West Bengal,South Bengal,Amit Sarkar,Cash,RC-2F-04,Classic 2-Fold - Red,2-Fold Umbrella,12,310.0,0.02
SO000060,2025-04-21,Delivered,C001,Laxmi Distributors,Retailer,Agartala,Tripura,North-East,Bikash Roy,Cash,RC-2F-03,Classic 2-Fold - Checks,2-Fold Umbrella,12,435.0,0.02
SO000484,23/07/2025,Delivered,C017,New Traders,Distributor,Tezpur,Assam,North-East,Bikash Roy,Credit,RC-3F-03,Storm 3-Fold - Floral Print,3-Fold Umbrella,108 pcs,275.0,0.11
SO000222,28/05/2025,Delivered,C048,Purbanchal Agencies,Wholesaler,Tezpur,Assam,North-East,Bikash Roy,Credit,RC-LG-05,Storm Long - Checks,Long Umbrella,36 pcs,345.0,0.06
SO000798,27/02/2026,Delivered,C017,New Traders,Distributor,Tezpur,Assam,North-East,Bikash Roy,Credit,RC-UV-04,SunGuard UV Sun - Beige,UV Sun Umbrella,180,420.0,0.09
SO000234,2025-05-30,Delivered,C041,New Enterprises,Distributor,Agartala,Tripura,North-East,Bikash Roy,Credit,RC-RC-01,Shield Raincoat - Red,Raincoat,216,690.0,0.09
SO000311,2025-06-16,Delivered,C003,Brahmaputra Wholesale,Distributor,Tezpur,Assam,North-East,Bikash Roy,Credit,RC-RC-03,Shield Raincoat - Grey,Raincoat,228,740.0,0.09
SO000732,2025-12-17,Delivered,C007,Biswakarma Bazaar,Wholesaler,Malda,West Bengal,North Bengal,Rina Das,Credit,RC-UV-04,SunGuard UV Sun - Beige,UV Sun Umbrella,1 dz,420.0,0.05
SO000667,2025-09-27,Delivered,C034,Sai Distributors,Wholesaler,Imphal,Manipur,North-East,Bikash Roy,Credit,RC-3F-01,Classic 3-Fold - Polka Dot,3-Fold Umbrella,96,330.0,0.07
SO000245,2025-06-02,Delivered,C016,Krishna Emporium,Retailer,guwahati,Assam,North-East,Bikash Roy,Cash,RC-RC-01,Shield Raincoat - Red,Raincoat,24,690.0,0.0
SO000100,02-May-2025,Delivered,C015,Modern Traders,Retailer,Asansol,West Bengal,South Bengal,Amit Sarkar,Cash,RC-3F-01,Classic 3-Fold - Polka Dot,3-Fold Umbrella,12,330.0,0.0
SO000123,2025-05-06,Delivered,C043,Modern Enterprises,Retailer,Aizawl,Mizoram,North-East,Bikash Roy,Cash,RC-2F-04,Classic 2-Fold - Red,2-Fold Umbrella,2 dz,310.0,0.03
SO000642,2025-09-13,Delivered,C023,Krishna Emporium,Retailer,Shillong,Meghalaya,North-East,Bikash Roy,Credit,RC-3F-01,Classic 3-Fold - Polka Dot,3-Fold Umbrella,12,₹330.00,0.01
SO000221,28/05/2025,Delivered,C041,New Enterprises,Distributor,Agartala,Tripura,North-East,Bikash Roy,Credit,RC-2F-02,Breeze 2-Fold - Red,2-Fold Umbrella,180,290.0,0.11
SO000564,12/08/2025,Delivered,C042,Rainbow Bastralaya,Wholesaler,Purnia,Bihar,Other East,Rakesh Singh,Credit,RC-3F-08,Compact 3-Fold - Checks,3-Fold Umbrella,36,295.0,0.05
SO000493,2025-07-25,Cancelled,C053,Rupali Wholesale,Retailer,Jalpaiguri,West Bengal,North Bengal,Rina Das,Credit,RC-LG-03,Storm Long - Bottle Green,Long Umbrella,12,430.0,0.02
SO000728,2025-12-10,Delivered,C028,Lokenath General Store,Retailer,Silchar,Assam,North-East,Bikash Roy,Cash,RC-KD-01,Kiddo Kids - Cartoon Print,Kids Umbrella,24,₹220.00,0.01
SO000569,13-Aug-2025,Cancelled,C046,Sri Durga Traders,Distributor,Cooch Behar,West Bengal,North Bengal,Rina Das,Credit,RC-3F-03,Storm 3-Fold - Floral Print,3-Fold Umbrella,180,275.0,0.1
SO000326,17/06/2025,Delivered,C055,Sonali Traders,Retailer,Bardhaman,West Bengal,South Bengal,Amit Sarkar,Cash,RC-KD-01,Kiddo Kids - Cartoon Print,Kids Umbrella,12,220.0,0.02
SO000198,2025-05-23,Delivered,C012,Sonali Marketing,Wholesaler,Ranchi,Jharkhand,Other East,Rakesh Singh,Credit,RC-3F-01,Classic 3-Fold - Polka Dot,3-Fold Umbrella,12,330.0,4%
SO000589,2025-08-23,Delivered,C038, kalyani distributors,Wholesaler,Agartala,Tripura,North-East,Bikash Roy,Credit,RC-2F-02,Breeze 2-Fold - Red,2-Fold Umbrella,48,290.0,0.03
SO000770,10/02/2026,Delivered,C021,City Traders,Wholesaler,Bhubaneswar,Odisha,Other East,Rakesh Singh,Credit,RC-UV-01,SunGuard UV Sun - Maroon,UV Sun Umbrella,60,375.0,0.06
SO000265,06/06/2025,Delivered,C049,Biswakarma Traders,Retailer,Kolkata,West Bengal,South Bengal,Amit Sarkar,Credit,RC-3F-05,Breeze 3-Fold - Grey,3-Fold Umbrella,12,255.0,0.02
SO000433,12-Jul-2025,Delivered,C024,Rainbow Enterprises,Wholesaler,Dibrugarh,Assam,North-East,Bikash Roy,Credit,RC-3F-08,Compact 3-Fold - Checks,3-Fold Umbrella,8 dz,295.0,0.04
SO000219,28/05/2025,Delivered,C027,Kalyani General Store,Retailer,Asansol,West Bengal,South Bengal,Amit Sarkar,Cash,RC-UV-04,SunGuard UV Sun - Beige,UV Sun Umbrella,48,420.0,0.03
SO000459,17/07/2025,Delivered,C041,New Enterprises,Distributor,Agartala,Tripura,North-East,Bikash Roy,Credit,RC-UV-03,SunGuard UV Sun - Checks,UV Sun Umbrella,300,445.0,0.09
SO000172,2025-05-17,Delivered,C029,City Stores,Retailer,Durgapur,West Bengal,South Bengal,Amit Sarkar,Cash,RC-3F-01,Classic 3-Fold - Polka Dot,3-Fold Umbrella,36,330.0,0.01
SO000574,2025-08-16,Delivered,C041,New Enterprises,Distributor,Agartala,Tripura,North-East,Bikash Roy,Credit,RC-2F-06,Breeze 2-Fold - Floral Print,2-Fold Umbrella,300,270.0,0.11
SO000631,08/09/2025,Cancelled,C034,Sai Distributors  ,Wholesaler,Imphal,Manipur,North-East,Bikash Roy,Credit,RC-GF-01,Pro Golf - Floral Print,Golf Umbrella,96,745.0,0.05
SO000368,26/06/2025,Delivered,C007,Biswakarma Bazaar,Wholesaler,Malda,West Bengal,North Bengal,Rina Das,Credit,RC-3F-01,Classic 3-Fold - Polka Dot,3-Fold Umbrella,36,330.0,0.04
SO000858,31/03/2026,Pending,C002,City Distributors,Retailer,Tezpur,Assam,North-East,Bikash Roy,Credit,RC-LG-06,Heritage Long - Maroon,Long Umbrella,12,570.0,0.03
SO000794,20/02/2026,Delivered,C058,Lokenath General Store,Wholesaler,Howrah,West Bengal,South Bengal,Amit Sarkar,Credit,RC-UV-04,SunGuard UV Sun - Beige,UV Sun Umbrella,36,420.0,0.03
SO000023,08-Apr-2025,Delivered,C019,Ganga Wholesale  ,Retailer,Haora,West Bengal,South Bengal,Amit Sarkar,Cash,RC-UV-04,SunGuard UV Sun - Beige,UV Sun Umbrella,12,420.0,0.0
SO000535,2025-08-02,Delivered,C010,Ganga Bastralaya,Wholesaler,Jorhat,Assam,North-East,Bikash Roy,Credit,RC-RC-01,Shield Raincoat - Red,Raincoat,60,690.0,0.04
SO000102,02/05/2025,Delivered,C041,New Enterprises,Distributor,Agartala,Tripura,North-East,Bikash Roy,Credit,RC-UV-02,SunGuard UV Sun - Grey,UV Sun Umbrella,132,₹580.00,0.11
SO000329,2025-06-18,Delivered,C033,Krishna Distributors,Retailer,Jalpaiguri,West Bengal,North Bengal,Rina Das,Credit,RC-RC-05,Shield Raincoat - Polka Dot,Raincoat,12,655.0,0.03
SO000775,12-Feb-2026,Delivered,C033,Krishna Distributors,Retailer,Jalpaiguri,West Bengal,North Bengal,Rina Das,Credit,RC-UV-03,SunGuard UV Sun - Checks,UV Sun Umbrella,12,445.0,0.01
SO000094,2025-05-01,Delivered,C046, sri durga traders,Distributor,Cooch Behar,West Bengal,North Bengal,Rina Das,Credit,RC-2F-02,Breeze 2-Fold - Red,2-Fold Umbrella,120,290.0,0.1
SO000618,2025-09-01,Cancelled,C036,Hanuman & Sons,Wholesaler,Asansol,West Bengal,South Bengal,Amit Sarkar,Credit,RC-3F-01,Classic 3-Fold - Polka Dot,3-Fold Umbrella,24,330.0,0.05
SO000141,10-May-2025,Delivered,C014,New Traders,Distributor,Imphal,Manipur,North-East,Bikash Roy,Credit,RC-3F-01,Classic 3-Fold - Polka Dot,3-Fold Umbrella,144,330.0,0.09
SO000301,13/06/2025,Cancelled,C049,Biswakarma Traders,Retailer,Kolkata,West Bengal,South Bengal,Amit Sarkar,Credit,RC-RC-02,Shield Raincoat - Bottle Green,Raincoat,36,690.0,0.01
SO000304,14-Jun-2025,Delivered,C003,Brahmaputra Wholesale,Distributor,Tezpur,Assam,North-East,Bikash Roy,Credit,RC-RC-01,Shield Raincoat - Red,Raincoat,240 pcs,690.0,0.09
SO000359,23-Jun-2025,Delivered,C059,Sunrise Wholesale,Wholesaler,Durgapur,West Bengal,South Bengal,Amit Sarkar,Credit,RC-3F-10,Compact 3-Fold - Red,3-Fold Umbrella,48,260.0,0.04
SO000671,06/10/2025,Delivered,C017,New Traders,Distributor,Tezpur,Assam,North-East,Bikash Roy,Credit,RC-UV-04,SunGuard UV Sun - Beige,UV Sun Umbrella,132,420.0,0.09
SO000153,2025-05-12,Delivered,C019,Ganga Wholesale,Retailer,Howrah,West Bengal,South Bengal,Amit Sarkar,Cash,RC-3F-10,Compact 3-Fold - Red,3-Fold Umbrella,24,260.0,0.0
SO000744,2026-01-03,Delivered,C048,Purbanchal Agencies,Wholesaler,Tezpur,Assam,North-East,Bikash Roy,Credit,RC-RC-05,Shield Raincoat - Polka Dot,Raincoat,48,655.0,0.07
SO000283,10/06/2025,Delivered,C024,Rainbow Enterprises  ,Wholesaler,Dibrugarh,Assam,North-East,Bikash Roy,Credit,RC-LG-05,Storm Long - Checks,Long Umbrella,156,345.0,0.04
SO000109,05-May-2025,Delivered,C006,Modern Stores,Wholesaler,Howrah,West Bengal,South Bengal,Amit Sarkar,Credit,RC-RC-01,Shield Raincoat - Red,Raincoat,96,690.0,0.05
SO000582,2025-08-20,Delivered,C039,Modern Stores,Distributor,Jalpaiguri,West Bengal,North Bengal,Rina Das,Credit,RC-RC-02,Shield Raincoat - Bottle Green,Raincoat,96,690.0,0.09
SO000032,2025-04-09,Delivered,C054,Lokenath Agencies,Retailer,Kharagpur,West Bengal,South Bengal,Amit Sarkar,Credit,RC-3F-08,Compact 3-Fold - Checks,3-Fold Umbrella,12,₹295.00,0.02
SO000098,2025-05-02,Delivered,C013,HANUMAN STORES,Wholesaler,Bardhaman,West Bengal,South Bengal,Amit Sarkar,Credit,RC-KD-01,Kiddo Kids - Cartoon Print,Kids Umbrella,132,220.0,0.03
SO000084,2025-04-28,Delivered,C055,Sonali Traders,Retailer,Bardhaman,West Bengal,South Bengal,Amit Sarkar,Cash,RC-KD-01,Kiddo Kids - Cartoon Print,Kids Umbrella,36,220.0,0.02
SO000741,31-Dec-2025,Delivered,C041,New Enterprises,Distributor,Agartala,Tripura,North-East,Bikash Roy,Credit,RC-KD-02,Kiddo Kids - Yellow,Kids Umbrella,180,210.0,0.11
SO000169,15/05/2025,Delivered,C033,Krishna Distributors,Retailer,Jalpaiguri,West Bengal,North Bengal,Rina Das,Credit,RC-LG-02,Storm Long - Grey,Long Umbrella,12,385.0,0.01
SO000729,11/12/2025,Delivered,C006,Modern Stores,Wholesaler,Howrah,West Bengal,South Bengal,Amit Sarkar,Credit,RC-LG-02,Storm Long - Grey,Long Umbrella,84 pcs,385.0,0.06
SO000817,2026-03-10,Delivered,C041,New Enterprises,Distributor,Agartala,Tripura,North-East,Bikash Roy,Credit,RC-LG-05,Storm Long - Checks,Long Umbrella,204,345.0,0.11
SO000571,14/08/2025,Delivered,C029,City Stores,Retailer,Durgapur,West Bengal,South Bengal,Amit Sarkar,Cash,RC-3F-03,Storm 3-Fold - Floral Print,3-Fold Umbrella,12,275.0,0.01
SO000524,31-Jul-2025,Delivered,C035,Ganga Traders,Retailer,Bardhaman,West Bengal,South Bengal,Amit Sarkar,Credit,RC-RC-03,Shield Raincoat - Grey,Raincoat,12,740.0,0.01
SO000701,2025-11-14,Delivered,C050,Biswakarma Traders,Retailer,Shillong,Meghalaya,North-East,Bikash Roy,Cash,RC-UV-02,SunGuard UV Sun - Grey,UV Sun Umbrella,24,580.0,0.03
SO000147,2025-05-10,Delivered,C040,Krishna Distributors,Retailer,Patna,Bihar,Other East,Rakesh Singh,Credit,RC-KD-04,Kiddo Kids - Polka Dot,Kids Umbrella,24,₹235.00,0.0
SO000140,2025-05-10,Delivered,C010,Ganga Bastralaya,Wholesaler,Jorhat,Assam,North-East,Bikash Roy,Credit,RC-3F-06,Breeze 3-Fold - Floral Print,3-Fold Umbrella,60,260.0,0.03
SO000099,02-May-2025,Delivered,C014,New Traders,Distributor,Imphal,Manipur,North-East,Bikash Roy,Credit,RC-UV-05,SunGuard UV Sun - Transparent,UV Sun Umbrella,72,525.0,0.08
SO000655,2025-09-22,Delivered,C031,Purbanchal Umbrella House,Retailer,Imphal,Manipur,North-East,Bikash Roy,Credit,RC-3F-04,Compact 3-Fold - Navy Blue,3-Fold Umbrella,48,345.0,0.0
SO000767,07/02/2026,Delivered,C003,Brahmaputra Wholesale,Distributor,Tezpur,Assam,North-East,Bikash Roy,Credit,RC-UV-04,SunGuard UV Sun - Beige,UV Sun Umbrella,72,420.0,0.09
SO000113,2025-05-05,Delivered,C014,New Traders,Distributor,Imphal,Manipur,North-East,Bikash Roy,Credit,RC-3F-06,Breeze 3-Fold - Floral Print,3-Fold Umbrella,72,₹260.00,0.1
SO000079,2025-04-25,Delivered,C013,Hanuman Stores,Wholesaler,Bardhaman,West Bengal,South Bengal,Amit Sarkar,Credit,RC-2F-04,Classic 2-Fold - Red,2-Fold Umbrella,72,310.0,0.03
SO000332,18/06/2025,Delivered,C057,Janata & Sons,Wholesaler,Aizawl,Mizoram,North-East,Bikash Roy,Credit,RC-RC-01,Shield Raincoat - Red,Raincoat,60,690.0,0.04
SO000837,2026-03-19,Delivered,C046,Sri Durga Traders,Distributor,Cooch Behar,West Bengal,North Bengal,Rina Das,Credit,RC-3F-10,Compact 3-Fold - Red,3-Fold Umbrella,180,260.0,0.1
SO000137,09/05/2025,Delivered,C017,New Traders,Distributor,Tezpur,Assam,North-East,Bikash Roy,Credit,RC-3F-08,Compact 3-Fold - Checks,3-Fold Umbrella,48,₹295.00,0.1
SO000061,2025-04-21,Delivered,C027,Kalyani General Store,Retailer,Asansol,West Bengal,South Bengal,Amit Sarkar,Cash,RC-UV-04,SunGuard UV Sun - Beige,UV Sun Umbrella,24,420.0,0.0
SO000133,2025-05-08,Delivered,C024,Rainbow Enterprises,Wholesaler,Dibrugarh,Assam,,Bikash Roy,Credit,RC-2F-01,Classic 2-Fold - Maroon,2-Fold Umbrella,156,310.0,0.05
SO000154,12/05/2025,Delivered,C041,New Enterprises,Distributor,Agartala,Tripura,North-East,Bikash Roy,Credit,RC-LG-05,Storm Long - Checks,Long Umbrella,72,345.0,0.1
SO000674,07/10/2025,Delivered,C039,Modern Stores,Distributor,Jalpaiguri,West Bengal,North Bengal,Rina Das,Credit,RC-RC-01,Shield Raincoat - Red,Raincoat,9 dz,690.0,0.12
SO000737,2025-12-22,Delivered,C046,Sri Durga Traders,Distributor,Cooch Behar,West Bengal,North Bengal,Rina Das,Credit,RC-3F-04,Compact 3-Fold - Navy Blue,3-Fold Umbrella,72,₹345.00,9%
SO000336,2025-06-19,Delivered,C037,Hanuman Marketing,Retailer,Dimapur,Nagaland,North-East,Bikash Roy,Credit,RC-KD-01,Kiddo Kids - Cartoon Print,Kids Umbrella,12,220.0,0.02
SO000711,2025-11-26,Delivered,C057,Janata & Sons,Wholesaler,Aizawl,Mizoram,North-East,Bikash Roy,Credit,RC-LG-02,Storm Long - Grey,,2 dz,385.0,0.03
SO000195,2025-05-22,Delivered,C025,Modern Stores,Retailer,Silchar,Assam,North-East,Bikash Roy,Credit,RC-UV-04,SunGuard UV Sun - Beige,UV Sun Umbrella,12,420.0,0.03
SO000498,28/07/2025,Cancelled,C003,Brahmaputra Wholesale,Distributor,Tezpur,Assam,North-East,Bikash Roy,Credit,RC-UV-04,SunGuard UV Sun - Beige,UV Sun Umbrella,60,₹420.00,0.11
SO000737,22/12/2025,Delivered,C046,Sri Durga Traders,Distributor,Cooch Behar,West Bengal,North Bengal,Rina Das,Credit,RC-RC-03,Shield Raincoat - Grey,Raincoat,168,740.0,0.11
SO000625,04-Sep-2025,Delivered,C039,Modern Stores,Distributor,Jalpaiguri,West Bengal,North Bengal,Rina Das,Credit,RC-LG-05,Storm Long - Checks,Long Umbrella,192,345.0,0.1
SO000215,2025-05-27,Delivered,C048,Purbanchal Agencies,Wholesaler,Tezpur,Assam,North-East,Bikash Roy,Credit,RC-3F-08,Compact 3-Fold - Checks,3-Fold Umbrella,60 pcs,295.0,0.06
SO000166,2025-05-15,Delivered,C017,New Traders,Distributor,Tezpur,Assam,North-East,Bikash Roy,Credit,RC-UV-04,SunGuard UV Sun - Beige,UV Sun Umbrella,84,420.0,0.12
SO000438,14/07/2025,Delivered,C014,New Traders  ,Distributor,Imphal,Manipur,North-East,Bikash Roy,Credit,RC-3F-08,Compact 3-Fold - Checks,3-Fold Umbrella,144,295.0,0.09
SO000556,09/08/2025,Delivered,C003,Brahmaputra Wholesale,Distributor,Tezpur,Assam,North-East,Bikash Roy,Credit,RC-UV-04,SunGuard UV Sun - Beige,UV Sun Umbrella,120 pcs,420.0,0.1
SO000188,21/05/2025,Delivered,C012,Sonali Marketing,Wholesaler,Ranchi,Jharkhand,Other East,Rakesh Singh,Credit,RC-3F-06,Breeze 3-Fold - Floral Print,,36,260.0,0.06
SO000400,2025-07-03,Delivered,C048,Purbanchal Agencies,Wholesaler,Tezpur,Assam,North-East,Bikash Roy,Credit,RC-3F-05,Breeze 3-Fold - Grey,3-Fold Umbrella,36,₹255.00,0.04
SO000503,28/07/2025,Delivered,C051,SAI TRADERS,Retailer,Asansol,West Bengal,South Bengal,Amit Sarkar,Cash,RC-UV-04,SunGuard UV Sun - Beige,UV Sun Umbrella,12,420.0,0.0
SO000607,29-Aug-2025,Delivered,C004,Royal Trading Co.,Retailer,Agartala,Tripura,North-East,Bikash Roy,Credit,RC-KD-01,Kiddo Kids - Cartoon Print,Kids Umbrella,12,220.0,0.01
SO000267,07/06/2025,Delivered,C010,Ganga Bastralaya,Wholesaler,Jorhat,Assam,North-East,Bikash Roy,Credit,RC-RC-02,Shield Raincoat - Bottle Green,Raincoat,84,690.0,0.07
SO000554,2025-08-08,Delivered,C013,Hanuman Stores,Wholesaler,Bardhaman,West Bengal,South Bengal,Amit Sarkar,Credit,RC-3F-07,Classic 3-Fold - Beige,3-Fold Umbrella,72,300.0,0.07
SO000838,2026-03-21,Delivered,C021,City Traders,Wholesaler,Bhubaneswar,Odisha,Other East,Rakesh Singh,Credit,RC-UV-03,SunGuard UV Sun - Checks,UV Sun Umbrella,72,445.0,0.06
SO000710,26/11/2025,Delivered,C045,Krishna Umbrella House,Wholesaler,Kharagpur,West Bengal,South Bengal,Amit Sarkar,Credit,RC-GF-01,Pro Golf - Floral Print,Golf Umbrella,36,745.0,0.05
SO000397,2025-07-03,Delivered,C021, city traders,Wholesaler,Bhubaneshwar,Odisha,Other East,Rakesh Singh,Credit,RC-RC-01,Shield Raincoat - Red,Raincoat,72,₹690.00,0.03
SO000189,2025-05-21,Delivered,C022, sonali stores,Retailer,Jamshedpur,Jharkhand,Other East,Rakesh Singh,Credit,RC-RC-01,Shield Raincoat - Red,Raincoat,12,690.0,0.0
SO000771,2026-02-10,Delivered,C041,New Enterprises,Distributor,Agartala,Tripura,North-East,Bikash Roy,Credit,RC-2F-04,Classic 2-Fold - Red,2-Fold Umbrella,216,310.0,0.09
SO000714,2025-11-27,Delivered,C055,Sonali Traders,Retailer,Bardhaman,West Bengal,South Bengal,Amit Sarkar,Cash,RC-UV-02,SunGuard UV Sun - Grey,UV Sun Umbrella,36,580.0,0.01
SO000270,2025-06-07,Delivered,C033,Krishna Distributors,Retailer,Jalpaiguri,West Bengal,North Bengal,Rina Das,Credit,RC-2F-01,Classic 2-Fold - Maroon,2-Fold Umbrella,36,310.0,0.03
SO000364,2025-06-25,Delivered,C013,Hanuman Stores,Wholesaler,Bardhaman,West Bengal,South Bengal,Amit Sarkar,Credit,RC-2F-06,Breeze 2-Fold - Floral Print,2-Fold Umbrella,36,270.0,0.03
SO000648,16/09/2025,Delivered,C039,Modern Stores,Distributor,Jalpaiguri,West Bengal,North Bengal,Rina Das,Credit,RC-UV-04,SunGuard UV Sun - Beige,UV Sun Umbrella,132,420.0,0.11
SO000162,2025-05-14,Delivered,C049,Biswakarma Traders,Retailer,Kolkata,West Bengal,South Bengal,Amit Sarkar,Credit,RC-3F-07,Classic 3-Fold - Beige,3-Fold Umbrella,12,300.0,0.03
SO000284,2025-06-10,Delivered,C037,Hanuman Marketing  ,Retailer,Dimapur,Nagaland,North-East,Bikash Roy,Credit,RC-KD-04,Kiddo Kids - Polka Dot,Kids Umbrella,24,235.0,0.01
SO000435,14/07/2025,Delivered,C005,Jai Hind Umbrella House,Retailer,Cuttack,Odisha,Other East,Rakesh Singh,Cash,RC-LG-03,Storm Long - Bottle Green,Long Umbrella,12 pcs,430.0,0.01
SO000670,03-Oct-2025,Delivered,C030,Star Enterprises,Wholesaler,Shillong,Meghalaya,North-East,Bikash Roy,Credit,RC-UV-04,SunGuard UV Sun - Beige,UV Sun Umbrella,24,420.0,0.07
SO000687,29-Oct-2025,Delivered,C055,Sonali Traders,Retailer,Bardhaman,West Bengal,South Bengal,Amit Sarkar,Cash,RC-UV-01,SunGuard UV Sun - Maroon,UV Sun Umbrella,36,375.0,0.01
SO000535,02-Aug-2025,Delivered,C010,Ganga Bastralaya,Wholesaler,Jorhat,Assam,North-East,Bikash Roy,Credit,RC-KD-04,Kiddo Kids - Polka Dot,Kids Umbrella,120,235.0,0.05
SO000561,11-Aug-2025,Delivered,C013,Hanuman Stores,Wholesaler,Bardhaman,West Bengal,South Bengal,Amit Sarkar,Credit,RC-2F-03,Classic 2-Fold - Checks,2-Fold Umbrella,156,435.0,0.07
SO000496,2025-07-26,Delivered,C046,Sri Durga Traders,Distributor,Cooch Behar,West Bengal,North Bengal,Rina Das,Credit,RC-UV-04,SunGuard UV Sun - Beige,UV Sun Umbrella,300,420.0,0.11
SO000842,2026-03-23,Delivered,C004,Royal Trading Co.,Retailer,Agartala,Tripura,North-East,Bikash Roy,Credit,RC-UV-04,SunGuard UV Sun - Beige,UV Sun Umbrella,48,420.0,0.02
SO000142,2025-05-10,Delivered,C022,Sonali Stores,Retailer,Jamshedpur,Jharkhand,Other East,Rakesh Singh,Credit,RC-RC-05,Shield Raincoat - Polka Dot,Raincoat,48,655.0,0%
SO000647,2025-09-16,Delivered,C014,New Traders,Distributor,Imphal,Manipur,North-East,Bikash Roy,Credit,RC-3F-01,Classic 3-Fold - Polka Dot,3-Fold Umbrella,144,330.0,0.09
SO000818,10/03/2026,Delivered,C046,Sri Durga Traders,Distributor,Cooch Behar,West Bengal,North Bengal,Rina Das,Credit,RC-RC-01,Shield Raincoat - Red,Raincoat,72 pcs,690.0,0.09
SO000242,02-Jun-2025,Delivered,C010,Ganga Bastralaya,Wholesaler,Jorhat,Assam,North-East,Bikash Roy,Credit,RC-UV-02,SunGuard UV Sun - Grey,UV Sun Umbrella,60,580.0,0.04
SO000251,2025-06-04,Delivered,C030,Star Enterprises,Wholesaler,Shillong,Meghalaya,North-East,Bikash Roy,Credit,RC-RC-02,Shield Raincoat - Bottle Green,Raincoat,12,690.0,0.03
SO000523,31-Jul-2025,Delivered,C034,Sai Distributors,Wholesaler,Imphal,Manipur,North-East,Bikash Roy,Credit,RC-3F-06,Breeze 3-Fold - Floral Print,3-Fold Umbrella,84,260.0,0.05
SO000427,2025-07-11,Delivered,C024,Rainbow Enterprises,Wholesaler,Dibrugarh,Assam,North-East,Bikash Roy,Credit,RC-3F-04,Compact 3-Fold - Navy Blue,3-Fold Umbrella,60,₹345.00,0.03
SO000337,2025-06-19,Delivered,C040,Krishna Distributors,Retailer,Patna,Bihar,Other East,Rakesh Singh,Credit,RC-KD-01,Kiddo Kids - Cartoon Print,Kids Umbrella,12,220.0,0.01
SO000087,30/04/2025,Delivered,C003,Brahmaputra Wholesale,Distributor,Tezpur,Assam,North-East,Bikash Roy,Credit,RC-UV-04,SunGuard UV Sun - Beige,UV Sun Umbrella,252,420.0,0.11
SO000300,13/06/2025,Delivered,C046,Sri Durga Traders,Distributor,Cooch Behar,West Bengal,North Bengal,Rina Das,Credit,RC-2F-05,Breeze 2-Fold - Grey,2-Fold Umbrella,264,375.0,0.08
SO000554,08-Aug-2025,Delivered,C013,Hanuman Stores,Wholesaler,Bardhaman,West Bengal,South Bengal,Amit Sarkar,Credit,RC-UV-03,SunGuard UV Sun - Checks,UV Sun Umbrella,96,445.0,5%
SO000076,24/04/2025,Delivered,C055,Sonali Traders,Retailer,Bardhaman,West Bengal,South Bengal,Amit Sarkar,Cash,RC-3F-08,Compact 3-Fold - Checks,3-Fold Umbrella,36,295.0,0.02
SO000152,12-May-2025,Delivered,C013,Hanuman Stores,Wholesaler,Bardhaman,West Bengal,South Bengal,Amit Sarkar,Credit,RC-3F-07,Classic 3-Fold - Beige,3-Fold Umbrella,36,300.0,0.06
SO000143,2025-05-10,Delivered,C024,Rainbow Enterprises,Wholesaler,Dibrugarh,Assam,North-East,Bikash Roy,Credit,RC-3F-01,Classic 3-Fold - Polka Dot,3-Fold Umbrella,156,330.0,0.07
SO000322,17/06/2025,Cancelled,C034,Sai Distributors,Wholesaler,Imphal,Manipur,North-East,Bikash Roy,Credit,RC-3F-08,Compact 3-Fold - Checks,3-Fold Umbrella,48,295.0,0.05
SO000479,22-Jul-2025,Delivered,C011,Sri Durga Umbrella House,Retailer,Silchar,Assam,North-East,Bikash Roy,Cash,RC-3F-02,Breeze 3-Fold - Transparent,3-Fold Umbrella,12,305.0,0.01
SO000029,09/04/2025,Delivered,C006,Modern Stores,Wholesaler,Howrah,West Bengal,South Bengal,Amit Sarkar,Credit,RC-RC-05,Shield Raincoat - Polka Dot,Raincoat,96,655.0,0.05
SO000134,08/05/2025,Delivered,C048,Purbanchal Agencies,Wholesaler,Tezpur,Assam,North-East,Bikash Roy,Credit,RC-3F-06,Breeze 3-Fold - Floral Print,3-Fold Umbrella,48,260.0,0.03
SO000644,13/09/2025,Delivered,C056,Bharat Wholesale,Retailer,SILIGURI,West Bengal,North Bengal,Rina Das,Cash,RC-3F-04,Compact 3-Fold - Navy Blue,3-Fold Umbrella,24,345.0,0.03
SO000703,20/11/2025,Delivered,C006,Modern Stores,Wholesaler,Haora,West Bengal,South Bengal,Amit Sarkar,Credit,RC-RC-05,Shield Raincoat - Polka Dot,Raincoat,96,655.0,0.04
SO000709,25/11/2025,Delivered,C018,New Traders,Retailer,Itanagar,Arunachal Pradesh,North-East,Bikash Roy,Credit,RC-KD-01,Kiddo Kids - Cartoon Print,Kids Umbrella,12,220.0,0.0
SO000103,2025-05-02,Delivered,C046,Sri Durga Traders,Distributor,Cooch Behar,West Bengal,North Bengal,Rina Das,Credit,RC-UV-04,SunGuard UV Sun - Beige,UV Sun Umbrella,132,420.0,0.08
SO000572,14/08/2025,Cancelled,C041,New Enterprises,Distributor,Agartala,Tripura,North-East,Bikash Roy,Credit,RC-2F-05,Breeze 2-Fold - Grey,2-Fold Umbrella,132 pcs,375.0,0.1
SO000097,02/05/2025,Delivered,C006,Modern Stores,Wholesaler,Haora,West Bengal,South Bengal,Amit Sarkar,Credit,RC-2F-03,Classic 2-Fold - Checks,2-Fold Umbrella,120,435.0,0.06
SO000557,09/08/2025,Delivered,C008,Popular & Sons,Retailer,Durgapur,West Bengal,South Bengal,Amit Sarkar,Credit,RC-KD-04,Kiddo Kids - Polka Dot,Kids Umbrella,36,235.0,0.0
SO000591,2025-08-23,Delivered,C052,Himalaya Traders,Wholesaler,Tezpur,Assam,North-East,Bikash Roy,Credit,RC-UV-02,SunGuard UV Sun - Grey,UV Sun Umbrella,84,580.0,0.06
SO000675,08-Oct-2025,Delivered,C004,Royal Trading Co.,Retailer,Agartala,Tripura,North-East,Bikash Roy,Credit,RC-KD-04,Kiddo Kids - Polka Dot,Kids Umbrella,48,235.0,0.01
SO000241,2025-05-31,Delivered,C055,Sonali Traders,Retailer,Bardhaman,West Bengal,South Bengal,Amit Sarkar,Cash,RC-3F-06,Breeze 3-Fold - Floral Print,3-Fold Umbrella,24,260.0,0.0
SO000785,16-Feb-2026,Delivered,C031,Purbanchal Umbrella House,Retailer,Imphal,Manipur,North-East,Bikash Roy,Credit,RC-LG-06,Heritage Long - Maroon,Long Umbrella,48,570.0,0.02
SO000696,11/11/2025,Delivered,C047,Teesta Trading Co.,Retailer,Bhagalpur,Bihar,Other East,Rakesh Singh,Cash,RC-2F-03,Classic 2-Fold - Checks,2-Fold Umbrella,1 dz,435.0,0.01
SO000384,30/06/2025,Delivered,C030,Star Enterprises,Wholesaler,Shillong,Meghalaya,North-East,Bikash Roy,Credit,RC-3F-09,Classic 3-Fold - Black,3-Fold Umbrella,36,205.0,0.05
SO000293,2025-06-12,Delivered,C015,Modern Traders,Retailer,Asansol,West Bengal,South Bengal,Amit Sarkar,Cash,RC-2F-03,Classic 2-Fold - Checks,2-Fold Umbrella,24,₹435.00,0.02
SO000662,2025-09-25,Delivered,C003,Brahmaputra Wholesale,Distributor,Tezpur,Assam,North-East,Bikash Roy,Credit,RC-3F-07,Classic 3-Fold - Beige,3-Fold Umbrella,6 dz,300.0,0.08
SO000545,2025-08-06,Delivered,C013,Hanuman Stores,Wholesaler,Bardhaman,West Bengal,South Bengal,Amit Sarkar,Credit,RC-KD-03,Kiddo Kids - Sky Blue,Kids Umbrella,60,₹185.00,0.05
SO000784,2026-02-14,Delivered,C038,Kalyani Distributors,Wholesaler,Agartala,Tripura,North-East,Bikash Roy,Credit,RC-UV-04,SunGuard UV Sun - Beige,UV Sun Umbrella,84,420.0,0.05
SO000093,01/05/2025,Delivered,C031,Purbanchal Umbrella House,Retailer,Imphal,Manipur,North-East,Bikash Roy,Credit,RC-LG-01,Auto-Open Long - Maroon,Long Umbrella,72,390.0,0.02
SO000325,17/06/2025,Delivered,C050,Biswakarma Traders,Retailer,Shillong,Meghalaya,North-East,Bikash Roy,Cash,RC-UV-01,SunGuard UV Sun - Maroon,UV Sun Umbrella,36,375.0,0.02
SO000375,27/06/2025,Delivered,C017,New Traders,Distributor,Tezpur,Assam,North-East,Bikash Roy,Credit,RC-3F-01,Classic 3-Fold - Polka Dot,3-Fold Umbrella,72,330.0,0.09
SO000237,2025-05-31,Delivered,C038,Kalyani Distributors,Wholesaler,Agartala,Tripura,North-East,Bikash Roy,Credit,RC-KD-04,Kiddo Kids - Polka Dot,Kids Umbrella,36,235.0,0.03
SO000427,11/07/2025,Delivered,C024,Rainbow Enterprises,Wholesaler,Dibrugarh,Assam,North-East,Bikash Roy,Credit,RC-3F-03,Storm 3-Fold - Floral Print,3-Fold Umbrella,72,275.0,0.06
SO000832,16/03/2026,Delivered,C013,Hanuman Stores,Wholesaler,Bardhaman,West Bengal,South Bengal,Amit Sarkar,Credit,RC-RC-03,Shield Raincoat - Grey,Raincoat,60,740.0,0.04
SO000261,2025-06-05,Cancelled,C046,Sri Durga Traders,Distributor,Cooch Behar,West Bengal,North Bengal,Rina Das,Credit,RC-LG-03,Storm Long - Bottle Green,Long Umbrella,108,430.0,0.09
SO000063,21/04/2025,Delivered,C041,New Enterprises,Distributor,Agartala,Tripura,North-East,Bikash Roy,Credit,RC-UV-04,SunGuard UV Sun - Beige,UV Sun Umbrella,180,420.0,0.1
SO000828,13/03/2026,Delivered,C014,New Traders,Distributor,Imphal,Manipur,North-East,Bikash Roy,Credit,RC-2F-04,Classic 2-Fold - Red,2-Fold Umbrella,132,310.0,0.09
SO000718,2025-12-01,Delivered,C009,BRAHMAPUTRA GENERAL STORE,Retailer,guwahati,Assam,North-East,Bikash Roy,Cash,RC-LG-05,Storm Long - Checks,Long Umbrella,24,345.0,0.03
SO000284,2025-06-10,Delivered,C037,Hanuman Marketing,Retailer,Dimapur,Nagaland,North-East,Bikash Roy,Credit,RC-2F-04,Classic 2-Fold - Red,2-Fold Umbrella,24 pcs,₹310.00,0.0
SO000047,2025-04-16,Delivered,C029,City Stores,Retailer,Durgapur,West Bengal,South Bengal,Amit Sarkar,Cash,RC-RC-01,Shield Raincoat - Red,Raincoat,36,690.0,2%
SO000102,2025-05-02,Delivered,C041,New Enterprises,Distributor,Agartala,Tripura,North-East,Bikash Roy,Credit,RC-LG-06,Heritage Long - Maroon,Long Umbrella,144,570.0,0.1
SO000695,08-Nov-2025,Delivered,C030,Star Enterprises,Wholesaler,Shillong,Meghalaya,North-East,Bikash Roy,Credit,RC-3F-06,Breeze 3-Fold - Floral Print,3-Fold Umbrella,36,260.0,0.06
SO000101,2025-05-02,Delivered,C017,New Traders,Distributor,Tezpur,Assam,North-East,Bikash Roy,Credit,RC-LG-05,Storm Long - Checks,Long Umbrella,60,345.0,0.09
SO000240,31/05/2025,Delivered,C049,Biswakarma Traders,Retailer,Kolkata,West Bengal,South Bengal,Amit Sarkar,Credit,RC-UV-04,SunGuard UV Sun - Beige,UV Sun Umbrella,12,420.0,0.02
SO000103,2025-05-02,Delivered,C046,Sri Durga Traders,Distributor,Cooch Behar,West Bengal,North Bengal,Rina Das,Credit,RC-UV-04,SunGuard UV Sun - Beige,UV Sun Umbrella,132,420.0,0.08
SO000648,16/09/2025,Delivered,C039,Modern Stores,Distributor,Jalpaiguri,West Bengal,,Rina Das,Credit,RC-UV-01,SunGuard UV Sun - Maroon,UV Sun Umbrella,60,375.0,0.09
SO000304,14-Jun-2025,Delivered,C003,Brahmaputra Wholesale,Distributor,Tezpur,Assam,North-East,Bikash Roy,Credit,RC-2F-02,Breeze 2-Fold - Red,2-Fold Umbrella,192,290.0,0.11
SO000800,28/02/2026,Delivered,C031,Purbanchal Umbrella House,Retailer,Imphal,Manipur,North-East,Bikash Roy,Credit,RC-UV-01,SunGuard UV Sun - Maroon,UV Sun Umbrella,72,375.0,0.02
SO000030,09/04/2025,Delivered,C013,Hanuman Stores,Wholesaler,Bardhaman,West Bengal,South Bengal,Amit Sarkar,Credit,RC-LG-03,Storm Long - Bottle Green,Long Umbrella,132,430.0,0.05
SO000721,04/12/2025,Delivered,C006,Modern Stores,Wholesaler,Howrah,West Bengal,South Bengal,Amit Sarkar,Credit,RC-2F-01,Classic 2-Fold - Maroon,2-Fold Umbrella,60,310.0,0.06
SO000844,23/03/2026,Delivered,C034,Sai Distributors,Wholesaler,Imphal,Manipur,North-East,Bikash Roy,Credit,RC-UV-04,SunGuard UV Sun - Beige,UV Sun Umbrella,72,420.0,0.06
SO000070,23-Apr-2025,Delivered,C059,Sunrise Wholesale,Wholesaler,Durgapur,West Bengal,South Bengal,Amit Sarkar,Credit,RC-UV-01,SunGuard UV Sun - Maroon,UV Sun Umbrella,108,375.0,0.05
SO000082,2025-04-25,Delivered,C048,Purbanchal Agencies,Wholesaler,Tezpur,Assam,North-East,Bikash Roy,Credit,RC-3F-04,Compact 3-Fold - Navy Blue,3-Fold Umbrella,48,345.0,0.07
SO000346,20/06/2025,Delivered,C058,Lokenath General Store,Wholesaler,Howrah,West Bengal,South Bengal,Amit Sarkar,Credit,RC-RC-01,Shield Raincoat - Red,Raincoat,36,690.0,0.06
SO000692,2025-11-05,Delivered,C013,Hanuman Stores,Wholesaler,Bardhaman,West Bengal,South Bengal,Amit Sarkar,Credit,RC-GF-01,Pro Golf - Floral Print,Golf Umbrella,156,745.0,0.03
SO000260,05/06/2025,Delivered,C042,Rainbow Bastralaya  ,Wholesaler,Purnia,Bihar,Other East,Rakesh Singh,Credit,RC-3F-03,Storm 3-Fold - Floral Print,3-Fold Umbrella,84,275.0,0.06
SO000057,2025-04-19,Delivered,C030,Star Enterprises,Wholesaler,Shillong,Meghalaya,North-East,Bikash Roy,Credit,RC-2F-06,Breeze 2-Fold - Floral Print,2-Fold Umbrella,84,270.0,0.05
SO000572,14/08/2025,Cancelled,C041,New Enterprises,Distributor,Agartala,Tripura,North-East,Bikash Roy,Credit,RC-2F-02,Breeze 2-Fold - Red,2-Fold Umbrella,132,290.0,0.09
SO000679,2025-10-11,Delivered,C039,Modern Stores,Distributor,Jalpaiguri,West Bengal,North Bengal,Rina Das,Credit,RC-3F-10,Compact 3-Fold - Red,3-Fold Umbrella,204,260.0,0.08
SO000019,2025-04-07,Delivered,C042,Rainbow Bastralaya,Wholesaler,Purnia,Bihar,Other East,Rakesh Singh,Credit,RC-UV-02,SunGuard UV Sun - Grey,UV Sun Umbrella,72,580.0,0.04
SO000776,12/02/2026,Delivered,C045,Krishna Umbrella House,Wholesaler,Kharagpur,West Bengal,South Bengal,Amit Sarkar,Credit,RC-3F-08,Compact 3-Fold - Checks,3-Fold Umbrella,12,295.0,0.05
SO000279,09/06/2025,Delivered,C013,Hanuman Stores,Wholesaler,Bardhaman,West Bengal,South Bengal,Amit Sarkar,Credit,RC-RC-05,Shield Raincoat - Polka Dot,Raincoat,60,655.0,0.06
SO000520,31-Jul-2025,Cancelled,C017,New Traders,Distributor,Tezpur,Assam,North-East,Bikash Roy,Credit,RC-LG-02,Storm Long - Grey,Long Umbrella,168,385.0,0.11
SO000516,2025-07-30,Delivered,C046,Sri Durga Traders,Distributor,Cooch Behar,West Bengal,North Bengal,Rina Das,Credit,RC-3F-03,Storm 3-Fold - Floral Print,3-Fold Umbrella,72,275.0,0.09
SO000254,2025-06-04,Delivered,C044,Maa Tara Wholesale,Retailer,Itanagar,Arunachal Pradesh,North-East,Bikash Roy,Cash,RC-UV-04,SunGuard UV Sun - Beige,UV Sun Umbrella,12,420.0,0.0
SO000570,2025-08-13,Delivered,C048,Purbanchal Agencies,Wholesaler,Tezpur,Assam,North-East,Bikash Roy,Credit,RC-LG-01,Auto-Open Long - Maroon,Long Umbrella,84,390.0,0.04
SO000045,16/04/2025,Delivered,C003,Brahmaputra Wholesale,Distributor,Tezpur,Assam,North-East,Bikash Roy,Credit,RC-RC-01,Shield Raincoat - Red,Raincoat,252,690.0,0.11
SO000190,21/05/2025,Delivered,C031, purbanchal umbrella house,Retailer,Imphal,Manipur,North-East,Bikash Roy,Credit,RC-UV-01,SunGuard UV Sun - Maroon,UV Sun Umbrella,24,375.0,0.02
SO000395,03-Jul-2025,Delivered,C009,Brahmaputra General Store,Retailer,Guwahati,Assam,North-East,Bikash Roy,Cash,RC-LG-05,Storm Long - Checks,Long Umbrella,24,₹345.00,0.03
SO000633,10/09/2025,Delivered,C003, brahmaputra wholesale,Distributor,Tezpur,Assam,North-East,Bikash Roy,Credit,RC-3F-04,Compact 3-Fold - Navy Blue,3-Fold Umbrella,72,345.0,0.1
SO000166,15-May-2025,Delivered,C017,New Traders  ,Distributor,Tezpur,Assam,North-East,Bikash Roy,Credit,RC-2F-02,Breeze 2-Fold - Red,2-Fold Umbrella,168,290.0,0.09
SO000332,2025-06-18,Delivered,C057, janata & sons,Wholesaler,Aizawl,Mizoram,North-East,Bikash Roy,Credit,RC-UV-04,SunGuard UV Sun - Beige,UV Sun Umbrella,36,420.0,0.04
SO000756,2026-01-29,Delivered,C049,Biswakarma Traders,Retailer,Kolkata,West Bengal,South Bengal,Amit Sarkar,Credit,RC-RC-01,Shield Raincoat - Red,Raincoat,36,690.0,1%
SO000708,24-Nov-2025,Delivered,C038,Kalyani Distributors,Wholesaler,Agartala,Tripura,North-East,Bikash Roy,Credit,RC-3F-01,Classic 3-Fold - Polka Dot,3-Fold Umbrella,24,330.0,0.04
SO000526,2025-07-31,Delivered,C041,New Enterprises,Distributor,Agartala,Tripura,North-East,Bikash Roy,Credit,RC-RC-05,Shield Raincoat - Polka Dot,Raincoat,12 dz,655.0,0.09
SO000199,2025-05-23,Delivered,C021,City Traders,Wholesaler,Bhubaneswar,Odisha,Other East,Rakesh Singh,Credit,RC-2F-01,Classic 2-Fold - Maroon,2-Fold Umbrella,60,310.0,0.07
SO000831,2026-03-14,Delivered,C036,Hanuman & Sons,Wholesaler,Asansol,West Bengal,South Bengal,Amit Sarkar,Credit,RC-3F-02,Breeze 3-Fold - Transparent,3-Fold Umbrella,2 dz,305.0,0.07
SO000286,10/06/2025,Delivered,C059,Sunrise Wholesale,Wholesaler,Durgapur,West Bengal,South Bengal,Amit Sarkar,Credit,RC-KD-04,Kiddo Kids - Polka Dot,Kids Umbrella,60,235.0,0.04
SO000207,2025-05-26,Delivered,C051,Sai Traders,Retailer,Asansol,West Bengal,South Bengal,Amit Sarkar,Cash,RC-3F-05,Breeze 3-Fold - Grey,3-Fold Umbrella,12,255.0,0.02
SO000292,12/06/2025,Delivered,C003,Brahmaputra Wholesale,Distributor,Tezpur,Assam,North-East,Bikash Roy,Credit,RC-3F-08,Compact 3-Fold - Checks,3-Fold Umbrella,120,295.0,0.12
SO000420,09/07/2025,Delivered,C028,Lokenath General Store,Retailer,Silchar,Assam,North-East,Bikash Roy,Cash,RC-3F-06,Breeze 3-Fold - Floral Print,3-Fold Umbrella,12,260.0,0.03
SO000487,2025-07-23,Delivered,C059,Sunrise Wholesale,Wholesaler,Durgapur,West Bengal,South Bengal,Amit Sarkar,Credit,RC-KD-04,Kiddo Kids - Polka Dot,Kids Umbrella,96,235.0,0.06
SO000155,12/05/2025,Delivered,C051,Sai Traders,Retailer,Asansol,West Bengal,South Bengal,Amit Sarkar,Cash,RC-3F-06,Breeze 3-Fold - Floral Print,3-Fold Umbrella,12,260.0,0.02
SO000455,17-Jul-2025,Delivered,C008,Popular & Sons,Retailer,Durgapur,West Bengal,South Bengal,Amit Sarkar,Credit,RC-3F-08,Compact 3-Fold - Checks,3-Fold Umbrella,12,295.0,0.02
SO000622,2025-09-02,Delivered,C005,Jai Hind Umbrella House,Retailer,Cuttack,Odisha,Other East,Rakesh Singh,Cash,RC-3F-06,Breeze 3-Fold - Floral Print,3-Fold Umbrella,1 dz,260.0,0.0
SO000351,2025-06-21,Delivered,C053,Rupali Wholesale,Retailer,Jalpaiguri,West Bengal,North Bengal,Rina Das,Credit,RC-2F-01,Classic 2-Fold - Maroon,2-Fold Umbrella,12,310.0,0.02
SO000785,2026-02-16,Delivered,C031,Purbanchal Umbrella House,Retailer,Imphal,Manipur,North-East,Bikash Roy,Credit,RC-3F-07,Classic 3-Fold - Beige,3-Fold Umbrella,24,₹300.00,0.02
SO000720,02/12/2025,Delivered,C022,Sonali Stores,Retailer,Jamshedpur,Jharkhand,Other East,Rakesh Singh,Credit,RC-3F-08,Compact 3-Fold - Checks,3-Fold Umbrella,48 pcs,295.0,0.03
SO000209,27/05/2025,Delivered,C004,Royal Trading Co.,Retailer,Agartala,Tripura,North-East,Bikash Roy,Credit,RC-RC-05,Shield Raincoat - Polka Dot,Raincoat,48,655.0,0.03
SO000108,2025-05-03,Delivered,C041,New Enterprises,Distributor,Agartala,Tripura,North-East,Bikash Roy,Credit,RC-UV-01,SunGuard UV Sun - Maroon,UV Sun Umbrella,216,375.0,0.11
SO000186,20/05/2025,Delivered,C059,Sunrise Wholesale,Wholesaler,Durgapur,West Bengal,South Bengal,Amit Sarkar,Credit,RC-2F-03,Classic 2-Fold - Checks,2-Fold Umbrella,108,435.0,0.05
SO000001,01-Apr-2025,Delivered,C014,New Traders,Distributor,Imphal,Manipur,North-East,Bikash Roy,Credit,RC-KD-01,Kiddo Kids - Cartoon Print,Kids Umbrella,144,220.0,0.09
SO000416,09/07/2025,Delivered,C010,Ganga Bastralaya,Wholesaler,Jorhat,Assam,North-East,Bikash Roy,Credit,RC-3F-04,Compact 3-Fold - Navy Blue,3-Fold Umbrella,120,345.0,0.04
SO000016,05/04/2025,Delivered,C025,Modern Stores,Retailer,Silchar,Assam,North-East,Bikash Roy,Credit,RC-3F-05,Breeze 3-Fold - Grey,3-Fold Umbrella,12,255.0,0.02
SO000054,2025-04-18,Delivered,C056,Bharat Wholesale,Retailer,Siliguri,West Bengal,North Bengal,Rina Das,Cash,RC-UV-04,SunGuard UV Sun - Beige,UV Sun Umbrella,24,420.0,0.01
SO000815,2026-03-09,Delivered,C039,Modern Stores,Distributor,Jalpaiguri,West Bengal,North Bengal,Rina Das,Credit,RC-UV-01,SunGuard UV Sun - Maroon,UV Sun Umbrella,120,375.0,9%
SO000615,01/09/2025,Delivered,C009,Brahmaputra General Store,Retailer,Guwahati,Assam,North-East,Bikash Roy,Cash,RC-UV-04,SunGuard UV Sun - Beige,UV Sun Umbrella,24,420.0,0.0
SO000405,04-Jul-2025,Delivered,C047,Teesta Trading Co.,Retailer,Bhagalpur,Bihar,Other East,Rakesh Singh,Cash,RC-3F-07,Classic 3-Fold - Beige,3-Fold Umbrella,12,300.0,0.03
SO000721,2025-12-04,Delivered,C006,Modern Stores,Wholesaler,Haora,West Bengal,South Bengal,Amit Sarkar,Credit,RC-3F-01,Classic 3-Fold - Polka Dot,3-Fold Umbrella,120,330.0,0.06
SO000272,07/06/2025,Delivered,C037,Hanuman Marketing,Retailer,Dimapur,Nagaland,North-East,Bikash Roy,Credit,RC-RC-01,Shield Raincoat - Red,Raincoat,24,690.0,0.03
SO000794,2026-02-20,Delivered,C058,Lokenath General Store,Wholesaler,Howrah,West Bengal,South Bengal,Amit Sarkar,Credit,RC-UV-01,SunGuard UV Sun - Maroon,UV Sun Umbrella,72,375.0,0.05
SO000398,03/07/2025,Delivered,C031,Purbanchal Umbrella House,Retailer,Imphal,Manipur,North-East,Bikash Roy,Credit,RC-LG-05,Storm Long - Checks,Long Umbrella,72,345.0,0.02
SO000543,05/08/2025,Delivered,C055, sonali traders,Retailer,Bardhaman,West Bengal,South Bengal,Amit Sarkar,Cash,RC-UV-04,SunGuard UV Sun - Beige,UV Sun Umbrella,24,420.0,0.01
SO000027,2025-04-08,Delivered,C053,Rupali Wholesale,Retailer,Jalpaiguri,West Bengal,North Bengal,Rina Das,Credit,RC-3F-07,Classic 3-Fold - Beige,3-Fold Umbrella,12,300.0,0.02
SO000606,2025-08-28,Delivered,C046,Sri Durga Traders,Distributor,Cooch Behar,West Bengal,North Bengal,Rina Das,Credit,RC-RC-02,Shield Raincoat - Bottle Green,Raincoat,180,690.0,0.09
SO000479,22-Jul-2025,Delivered,C011,Sri Durga Umbrella House,Retailer,Silchar,Assam,North-East,Bikash Roy,Cash,RC-RC-01,Shield Raincoat - Red,Raincoat,2 dz,690.0,0.0
SO000806,2026-03-04,Delivered,C049,Biswakarma Traders,Retailer,Kolkata,West Bengal,South Bengal,Amit Sarkar,Credit,RC-UV-04,SunGuard UV Sun - Beige,UV Sun Umbrella,36,420.0,0.01
SO000274,07-Jun-2025,Delivered,C042,Rainbow Bastralaya,Wholesaler,Purnia,Bihar,Other East,Rakesh Singh,Credit,RC-RC-01,Shield Raincoat - Red,Raincoat,72,690.0,0.04
SO000159,2025-05-14,Delivered,C012,SONALI MARKETING,Wholesaler,Ranchi,Jharkhand,Other East,Rakesh Singh,Credit,RC-RC-02,Shield Raincoat - Bottle Green,Raincoat,60,690.0,0.03
SO000082,25/04/2025,Delivered,C048,Purbanchal Agencies,Wholesaler,Tezpur,Assam,North-East,Bikash Roy,Credit,RC-RC-03,Shield Raincoat - Grey,Raincoat,96,740.0,0.04
SO000594,25/08/2025,Delivered,C007,Biswakarma Bazaar,Wholesaler,Malda,West Bengal,North Bengal,Rina Das,Credit,RC-RC-01,Shield Raincoat - Red,Raincoat,60,690.0,0.07
SO000334,19/06/2025,Delivered,C006,Modern Stores,Wholesaler,Haora,West Bengal,South Bengal,Amit Sarkar,Credit,RC-3F-03,Storm 3-Fold - Floral Print,3-Fold Umbrella,24,275.0,0.03
SO000097,02-May-2025,Delivered,C006,Modern Stores,Wholesaler,Howrah,West Bengal,South Bengal,Amit Sarkar,Credit,RC-RC-02,Shield Raincoat - Bottle Green,Raincoat,60,690.0,0.04
SO000026,08/04/2025,Delivered,C051,Sai Traders,Retailer,Asansol,West Bengal,South Bengal,Amit Sarkar,Cash,RC-3F-10,Compact 3-Fold - Red,3-Fold Umbrella,12,260.0,0.0
SO000720,2025-12-02,Delivered,C022,Sonali Stores,Retailer,Jamshedpur,Jharkhand,Other East,Rakesh Singh,Credit,RC-UV-01,SunGuard UV Sun - Maroon,UV Sun Umbrella,48,375.0,0.03
SO000056,2025-04-19,Delivered,C017,New Traders,Distributor,,Assam,North-East,Bikash Roy,Credit,RC-UV-04,SunGuard UV Sun - Beige,UV Sun Umbrella,216,420.0,0.09
SO000259,2025-06-05,Cancelled,C041,New Enterprises,Distributor,Agartala,Tripura,North-East,Bikash Roy,Credit,RC-RC-05,Shield Raincoat - Polka Dot,Raincoat,156,655.0,0.08
SO000003,2025-04-01,Delivered,C034,Sai Distributors,Wholesaler,Imphal,Manipur,North-East,Bikash Roy,Credit,RC-LG-05,Storm Long - Checks,Long Umbrella,72,345.0,0.05
SO000665,26-Sep-2025,Delivered,C057,Janata & Sons,Wholesaler,Aizawl,Mizoram,North-East,Bikash Roy,Credit,RC-3F-09,Classic 3-Fold - Black,3-Fold Umbrella,24,205.0,0.04
SO000568,2025-08-13,Delivered,C011,Sri Durga Umbrella House,Retailer,Silchar,Assam,North-East,Bikash Roy,Cash,RC-RC-01,Shield Raincoat - Red,Raincoat,12,690.0,0.03
SO000664,26/09/2025,Delivered,C014,New Traders,Distributor,Imphal,Manipur,North-East,Bikash Roy,Credit,RC-RC-03,Shield Raincoat - Grey,Raincoat,108,740.0,0.12
SO000778,13/02/2026,Delivered,C002,City Distributors,Retailer,Tezpur,Assam,North-East,Bikash Roy,Credit,RC-UV-04,SunGuard UV Sun - Beige,UV Sun Umbrella,12,420.0,0.01
SO000099,02/05/2025,Delivered,C014,New Traders,Distributor,Imphal,Manipur,North-East,Bikash Roy,Credit,RC-KD-04,Kiddo Kids - Polka Dot,Kids Umbrella,108,235.0,0.09
SO000140,10-May-2025,Delivered,C010,Ganga Bastralaya  ,Wholesaler,Jorhat,Assam,North-East,Bikash Roy,Credit,RC-3F-01,Classic 3-Fold - Polka Dot,3-Fold Umbrella,36,330.0,0.04
SO000353,23/06/2025,Delivered,C009,Brahmaputra General Store,Retailer,Guwahati,Assam,North-East,Bikash Roy,Cash,RC-LG-05,Storm Long - Checks,Long Umbrella,12 pcs,345.0,1%
SO000069,2025-04-23,Delivered,C013,Hanuman Stores,Wholesaler,Bardhaman,West Bengal,South Bengal,Amit Sarkar,Credit,RC-UV-04,SunGuard UV Sun - Beige,UV Sun Umbrella,132,420.0,0.05
SO000807,05/03/2026,Delivered,C035,Ganga Traders,Retailer,Bardhaman,West Bengal,South Bengal,Amit Sarkar,Credit,RC-3F-05,Breeze 3-Fold - Grey,3-Fold Umbrella,12,255.0,0.0
SO000504,29/07/2025,Delivered,C003,Brahmaputra Wholesale,Distributor,Tezpur,Assam,North-East,Bikash Roy,Credit,RC-3F-03,Storm 3-Fold - Floral Print,3-Fold Umbrella,144,275.0,0.11
SO000065,2025-04-22,Delivered,C021,City Traders,Wholesaler,Bhubaneswar,Odisha,Other East,Rakesh Singh,Credit,RC-RC-05,Shield Raincoat - Polka Dot,Raincoat,72,₹655.00,0.04
SO000024,08-Apr-2025,Delivered,C027,Kalyani General Store,Retailer,Asansol,West Bengal,South Bengal,Amit Sarkar,Cash,RC-GF-01,Pro Golf - Floral Print,Golf Umbrella,12,745.0,0.0
SO000432,12-Jul-2025,Delivered,C021,City Traders,Wholesaler,Bhubaneshwar,Odisha,Other East,Rakesh Singh,Credit,RC-RC-01,Shield Raincoat - Red,Raincoat,48,690.0,0.06
SO000055,19-Apr-2025,Delivered,C013,Hanuman Stores,Wholesaler,Bardhaman,West Bengal,South Bengal,Amit Sarkar,Credit,RC-3F-07,Classic 3-Fold - Beige,3-Fold Umbrella,8 dz,300.0,0.04
SO000184,20/05/2025,Delivered,C044,Maa Tara Wholesale,Retailer,Itanagar,Arunachal Pradesh,North-East,Bikash Roy,Cash,RC-3F-05,Breeze 3-Fold - Grey,3-Fold Umbrella,24,255.0,0.02
SO000293,12/06/2025,Delivered,C015,Modern Traders,Retailer,Asansol,West Bengal,South Bengal,Amit Sarkar,Cash,RC-2F-01,Classic 2-Fold - Maroon,2-Fold Umbrella,12,310.0,0.01
SO000743,2026-01-02,Delivered,C044, maa tara wholesale,Retailer,Itanagar,Arunachal Pradesh,North-East,Bikash Roy,Cash,RC-3F-04,Compact 3-Fold - Navy Blue,3-Fold Umbrella,24,345.0,0.02
SO000042,2025-04-15,Delivered,C041,New Enterprises,Distributor,Agartala,Tripura,,Bikash Roy,Credit,RC-KD-04,Kiddo Kids - Polka Dot,Kids Umbrella,11 dz,235.0,0.08
SO000642,13-Sep-2025,Delivered,C023,Krishna Emporium,Retailer,Shillong,Meghalaya,North-East,Bikash Roy,Credit,RC-2F-05,Breeze 2-Fold - Grey,2-Fold Umbrella,12,375.0,0.02
SO000433,12-Jul-2025,Delivered,C024,Rainbow Enterprises,Wholesaler,Dibrugarh,Assam,North-East,Bikash Roy,Credit,RC-3F-03,Storm 3-Fold - Floral Print,3-Fold Umbrella,72,275.0,0.07
SO000723,2025-12-06,Delivered,C002,City Distributors,Retailer,Tezpur,Assam,North-East,Bikash Roy,Credit,RC-3F-04,Compact 3-Fold - Navy Blue,3-Fold Umbrella,12 pcs,345.0,0.01
SO000613,30-Aug-2025,Cancelled,C014,New Traders,Distributor,Imphal,Manipur,North-East,Bikash Roy,Credit,RC-LG-03,Storm Long - Bottle Green,Long Umbrella,108,430.0,0.1
SO000490,2025-07-24,Delivered,C041,New Enterprises,Distributor,Agartala,Tripura,North-East,Bikash Roy,Credit,RC-3F-08,Compact 3-Fold - Checks,3-Fold Umbrella,144,295.0,0.1
SO000504,29-Jul-2025,Delivered,C003,BRAHMAPUTRA WHOLESALE,Distributor,Tezpur,Assam,North-East,Bikash Roy,Credit,RC-UV-04,SunGuard UV Sun - Beige,UV Sun Umbrella,108,420.0,0.12
SO000580,20-Aug-2025,Cancelled,C017,New Traders,Distributor,Tezpur,Assam,North-East,Bikash Roy,Credit,RC-UV-04,SunGuard UV Sun - Beige,UV Sun Umbrella,180,420.0,0.08
SO000096,2025-05-01,Delivered,C050, biswakarma traders,Retailer,Shillong,Meghalaya,North-East,Bikash Roy,Cash,RC-2F-06,Breeze 2-Fold - Floral Print,2-Fold Umbrella,36,270.0,0.02
SO000429,11/07/2025,Delivered,C042,Rainbow Bastralaya,Wholesaler,Purnia,Bihar,Other East,Rakesh Singh,Credit,RC-3F-06,Breeze 3-Fold - Floral Print,3-Fold Umbrella,12,260.0,0.04
SO000851,2026-03-26,Delivered,C034,Sai Distributors,Wholesaler,Imphal,Manipur,North-East,Bikash Roy,Credit,RC-3F-01,Classic 3-Fold - Polka Dot,3-Fold Umbrella,36,330.0,0.06
SO000700,14/11/2025,Delivered,C003,Brahmaputra Wholesale,Distributor,Tezpur,Assam,North-East,Bikash Roy,Credit,RC-3F-04,Compact 3-Fold - Navy Blue,3-Fold Umbrella,168,345.0,0.11
SO000637,10/09/2025,Delivered,C046,Sri Durga Traders,Distributor,Cooch Behar,West Bengal,North Bengal,Rina Das,Credit,RC-3F-08,Compact 3-Fold - Checks,3-Fold Umbrella,216,295.0,0.08
SO000154,12/05/2025,Delivered,C041,New Enterprises,Distributor,Agartala,Tripura,North-East,Bikash Roy,Credit,RC-LG-02,Storm Long - Grey,Long Umbrella,144,385.0,0.1
SO000532,01/08/2025,Delivered,C031,Purbanchal Umbrella House,Retailer,Imphal,Manipur,North-East,Bikash Roy,Credit,RC-UV-04,SunGuard UV Sun - Beige,UV Sun Umbrella,72,420.0,0.02
SO000769,07/02/2026,Delivered,C045,Krishna Umbrella House,Wholesaler,Kharagpur,West Bengal,South Bengal,Amit Sarkar,Credit,RC-UV-01,SunGuard UV Sun - Maroon,UV Sun Umbrella,36,375.0,0.05
SO000840,21/03/2026,Delivered,C039,Modern Stores,Distributor,Jalpaiguri,West Bengal,North Bengal,Rina Das,Credit,RC-LG-02,Storm Long - Grey,Long Umbrella,84,385.0,0.1
SO000232,30/05/2025,Delivered,C028, lokenath general store,Retailer,Silchar,Assam,North-East,Bikash Roy,Cash,RC-2F-06,Breeze 2-Fold - Floral Print,2-Fold Umbrella,24,270.0,0.02
SO000071,2025-04-24,Delivered,C006,Modern Stores,Wholesaler,Howrah,West Bengal,South Bengal,Amit Sarkar,Credit,RC-UV-04,SunGuard UV Sun - Beige,UV Sun Umbrella,120,420.0,0.06
SO000783,2026-02-14,Delivered,C034,Sai Distributors,Wholesaler,Imphal,Manipur,North-East,Bikash Roy,Credit,RC-UV-04,SunGuard UV Sun - Beige,UV Sun Umbrella,84,420.0,0.04
SO000203,2025-05-24,Delivered,C032,Modern Bazaar,Retailer,Jamshedpur,Jharkhand,Other East,Rakesh Singh,Cash,RC-RC-01,Shield Raincoat - Red,Raincoat,24,690.0,0.02
SO000725,08/12/2025,Delivered,C017,New Traders,Distributor,Tezpur,Assam,North-East,Bikash Roy,Credit,RC-3F-01,Classic 3-Fold - Polka Dot,3-Fold Umbrella,72,330.0,0.12
SO000035,10/04/2025,Delivered,C046,Sri Durga Traders,Distributor,Cooch Behar,West Bengal,North Bengal,Rina Das,Credit,RC-2F-01,Classic 2-Fold - Maroon,2-Fold Umbrella,132,310.0,0.12
SO000183,20/05/2025,Delivered,C041,New Enterprises,Distributor,Agartala,Tripura,North-East,Bikash Roy,Credit,RC-3F-04,Compact 3-Fold - Navy Blue,3-Fold Umbrella,192 pcs,345.0,0.11
SO000548,06-Aug-2025,Delivered,C033,Krishna Distributors,Retailer,Jalpaiguri,West Bengal,North Bengal,Rina Das,Credit,RC-3F-07,Classic 3-Fold - Beige,3-Fold Umbrella,12,₹300.00,0.02
SO000613,2025-08-30,Cancelled,C014,New Traders,Distributor,Imphal,Manipur,North-East,Bikash Roy,Credit,RC-KD-04,Kiddo Kids - Polka Dot,Kids Umbrella,156,235.0,0.1
SO000419,09-Jul-2025,Delivered,C023,KRISHNA EMPORIUM,Retailer,Shillong,Meghalaya,North-East,Bikash Roy,Credit,RC-RC-03,Shield Raincoat - Grey,Raincoat,12,740.0,0.02
SO000580,2025-08-20,Cancelled,C017,New Traders,Distributor,Tezpur,Assam,North-East,Bikash Roy,Credit,RC-RC-02,Shield Raincoat - Bottle Green,Raincoat,9 dz,690.0,0.1
SO000732,17/12/2025,Delivered,C007, biswakarma bazaar,Wholesaler,Malda,West Bengal,North Bengal,Rina Das,Credit,RC-3F-04,Compact 3-Fold - Navy Blue,3-Fold Umbrella,36,345.0,0.07
SO000245,02-Jun-2025,Delivered,C016,Krishna Emporium,Retailer,Guwahati,Assam,North-East,Bikash Roy,Cash,RC-2F-06,Breeze 2-Fold - Floral Print,2-Fold Umbrella,24,270.0,0.0
SO000222,28/05/2025,Delivered,C048,Purbanchal Agencies,Wholesaler,Tezpur,Assam,North-East,Bikash Roy,Credit,RC-2F-04,Classic 2-Fold - Red,2-Fold Umbrella,36,310.0,0.04
SO000515,2025-07-30,Delivered,C043,Modern Enterprises,Retailer,Aizawl,Mizoram,North-East,Bikash Roy,Cash,RC-RC-02,Shield Raincoat - Bottle Green,Raincoat,24,690.0,0.0
SO000685,24/10/2025,Delivered,C041,New Enterprises,Distributor,Agartala,Tripura,North-East,Bikash Roy,Credit,RC-RC-01,Shield Raincoat - Red,Raincoat,204,690.0,0.09
SO000408,05/07/2025,Delivered,C046,Sri Durga Traders,Distributor,Cooch Behar,West Bengal,North Bengal,Rina Das,Credit,RC-RC-01,Shield Raincoat - Red,Raincoat,228,690.0,0.1
SO000368,26/06/2025,Delivered,C007,Biswakarma Bazaar,Wholesaler,Malda,West Bengal,North Bengal,Rina Das,Credit,RC-RC-01,Shield Raincoat - Red,Raincoat,36,690.0,0.06
SO000658,23-Sep-2025,Delivered,C059,Sunrise Wholesale,Wholesaler,Durgapur,West Bengal,South Bengal,Amit Sarkar,Credit,RC-2F-02,Breeze 2-Fold - Red,2-Fold Umbrella,96,290.0,0.05
SO000307,14/06/2025,Delivered,C030,Star Enterprises,Wholesaler,Shillong,Meghalaya,North-East,Bikash Roy,Credit,RC-3F-07,Classic 3-Fold - Beige,3-Fold Umbrella,48,₹300.00,0.04
SO000786,17-Feb-2026,Delivered,C034,Sai Distributors,Wholesaler,Imphal,Manipur,North-East,Bikash Roy,Credit,RC-UV-01,SunGuard UV Sun - Maroon,UV Sun Umbrella,96,375.0,0.05
SO000581,2025-08-20,Delivered,C021,City Traders,Wholesaler,Bhubaneshwar,Odisha,Other East,Rakesh Singh,Credit,RC-2F-01,Classic 2-Fold - Maroon,2-Fold Umbrella,72,310.0,0.05
SO000087,30/04/2025,Delivered,C003,Brahmaputra Wholesale,Distributor,Tezpur,Assam,North-East,Bikash Roy,Credit,RC-LG-05,Storm Long - Checks,Long Umbrella,96,345.0,0.1
SO000459,17/07/2025,Delivered,C041,New Enterprises,Distributor,Agartala,Tripura,North-East,Bikash Roy,Credit,RC-3F-04,Compact 3-Fold - Navy Blue,3-Fold Umbrella,192,345.0,0.09
SO000366,2025-06-25,Delivered,C030,Star Enterprises,Wholesaler,Shillong,Meghalaya,North-East,Bikash Roy,Credit,RC-3F-05,Breeze 3-Fold - Grey,3-Fold Umbrella,36,255.0,0.07
SO000180,2025-05-20,Delivered,C008,Popular & Sons,Retailer,Durgapur,West Bengal,South Bengal,Amit Sarkar,Credit,RC-3F-01,Classic 3-Fold - Polka Dot,3-Fold Umbrella,36,330.0,0.03
SO000238,31-May-2025,Delivered,C041,New Enterprises,Distributor,Agartala,Tripura,North-East,Bikash Roy,Credit,RC-2F-06,Breeze 2-Fold - Floral Print,2-Fold Umbrella,144,270.0,0.12
SO000221,2025-05-28,Delivered,C041,New Enterprises,Distributor,Agartala,Tripura,North-East,Bikash Roy,Credit,RC-3F-03,Storm 3-Fold - Floral Print,3-Fold Umbrella,96,275.0,0.08
SO000044,15/04/2025,Delivered,C059,Sunrise Wholesale,Wholesaler,Durgapur,West Bengal,South Bengal,Amit Sarkar,Credit,RC-3F-03,Storm 3-Fold - Floral Print,3-Fold Umbrella,96,275.0,0.04
SO000762,03/02/2026,Delivered,C018,New Traders,Retailer,Itanagar,Arunachal Pradesh,North-East,Bikash Roy,Credit,RC-2F-01,Classic 2-Fold - Maroon,2-Fold Umbrella,12,310.0,0.01
SO000765,05-Feb-2026,Delivered,C060,Modern Marketing,Retailer,Durgapur,West Bengal,South Bengal,Amit Sarkar,Credit,RC-UV-01,SunGuard UV Sun - Maroon,UV Sun Umbrella,12,₹375.00,0.02
SO000574,2025-08-16,Delivered,C041,New Enterprises,Distributor,Agartala,Tripura,North-East,Bikash Roy,Credit,RC-3F-01,Classic 3-Fold - Polka Dot,3-Fold Umbrella,15 dz,330.0,0.1
SO000181,2025-05-20,Delivered,C015,Modern Traders,Retailer,Asansol,West Bengal,South Bengal,Amit Sarkar,Cash,RC-LG-02,Storm Long - Grey,Long Umbrella,12,385.0,0.02
SO000636,10-Sep-2025,Delivered,C040,Krishna Distributors,Retailer,Patna,Bihar,Other East,Rakesh Singh,Credit,RC-3F-01,Classic 3-Fold - Polka Dot,3-Fold Umbrella,24,330.0,0.0
SO000837,19/03/2026,Delivered,C046,Sri Durga Traders,Distributor,Cooch Behar,West Bengal,North Bengal,Rina Das,Credit,RC-3F-04,Compact 3-Fold - Navy Blue,3-Fold Umbrella,7 dz,345.0,0.12
SO000587,22/08/2025,Delivered,C046,Sri Durga Traders,Distributor,Cooch Behar,West Bengal,North Bengal,Rina Das,Credit,RC-KD-01,Kiddo Kids - Cartoon Print,Kids Umbrella,288,220.0,0.09
SO000637,10-Sep-2025,Delivered,C046,Sri Durga Traders,Distributor,Cooch Behar,West Bengal,North Bengal,Rina Das,Credit,RC-3F-05,Breeze 3-Fold - Grey,3-Fold Umbrella,168,255.0,0.11
SO000651,2025-09-18,Delivered,C039,Modern Stores,Distributor,Jalpaiguri,West Bengal,North Bengal,Rina Das,Credit,RC-LG-04,Storm Long - Beige,Long Umbrella,96,420.0,0.09
SO000564,12/08/2025,Delivered,C042,Rainbow Bastralaya,Wholesaler,Purnia,Bihar,Other East,Rakesh Singh,Credit,RC-LG-05,Storm Long - Checks,Long Umbrella,48,345.0,0.04
SO000248,03/06/2025,Delivered,C035,Ganga Traders,Retailer,Bardhaman,West Bengal,South Bengal,Amit Sarkar,Credit,RC-3F-01,Classic 3-Fold - Polka Dot,3-Fold Umbrella,12,330.0,0.02
SO000204,2025-05-24,Delivered,C037,Hanuman Marketing,Retailer,Dimapur,Nagaland,North-East,Bikash Roy,Credit,RC-UV-04,SunGuard UV Sun - Beige,UV Sun Umbrella,48,420.0,0.01
SO000221,28/05/2025,Delivered,C041,New Enterprises,Distributor,Agartala,Tripura,North-East,Bikash Roy,Credit,RC-KD-04,Kiddo Kids - Polka Dot,Kids Umbrella,300,235.0,0.09
SO000305,14/06/2025,Delivered,C006,Modern Stores,Wholesaler,Howrah,West Bengal,South Bengal,Amit Sarkar,Credit,RC-3F-04,Compact 3-Fold - Navy Blue,3-Fold Umbrella,132,345.0,0.04
SO000813,2026-03-07,Delivered,C056,Bharat Wholesale,Retailer,Siliguri,West Bengal,North Bengal,Rina Das,Cash,RC-KD-01,Kiddo Kids - Cartoon Print,Kids Umbrella,24,₹220.00,0.02
SO000037,11-Apr-2025,Delivered,C027,Kalyani General Store,Retailer,Asansol,West Bengal,South Bengal,Amit Sarkar,Cash,RC-UV-04,SunGuard UV Sun - Beige,UV Sun Umbrella,48 pcs,420.0,0.01
SO000562,11/08/2025,Cancelled,C017,New Traders,Distributor,Tezpur,Assam,North-East,Bikash Roy,Credit,RC-2F-04,Classic 2-Fold - Red,2-Fold Umbrella,216,310.0,0.09
SO000088,30/04/2025,Delivered,C006,Modern Stores,Wholesaler,Howrah,West Bengal,South Bengal,Amit Sarkar,Credit,RC-LG-05,Storm Long - Checks,Long Umbrella,96,345.0,0.04
SO000248,03/06/2025,Delivered,C035,Ganga Traders,Retailer,Bardhaman,West Bengal,South Bengal,Amit Sarkar,Credit,RC-2F-01,Classic 2-Fold - Maroon,2-Fold Umbrella,12,310.0,0.03
SO000213,27/05/2025,Delivered,C034,Sai Distributors,Wholesaler,Imphal,Manipur,North-East,Bikash Roy,Credit,RC-RC-01,Shield Raincoat - Red,Raincoat,72,690.0,0.03
SO000095,01/05/2025,Delivered,C048,Purbanchal Agencies  ,Wholesaler,Tezpur,Assam,North-East,Bikash Roy,Credit,RC-3F-10,Compact 3-Fold - Red,3-Fold Umbrella,60,260.0,0.05
SO000082,2025-04-25,Delivered,C048,Purbanchal Agencies,Wholesaler,Tezpur,Assam,North-East,Bikash Roy,Credit,RC-3F-01,Classic 3-Fold - Polka Dot,3-Fold Umbrella,36,330.0,4%
SO000433,12-Jul-2025,Delivered,C024,Rainbow Enterprises,Wholesaler,Dibrugarh,Assam,North-East,Bikash Roy,Credit,RC-3F-07,Classic 3-Fold - Beige,3-Fold Umbrella,36 pcs,300.0,0.06
SO000448,2025-07-15,Delivered,C041,New Enterprises,Distributor,Agartala,Tripura,North-East,Bikash Roy,Credit,RC-3F-08,Compact 3-Fold - Checks,3-Fold Umbrella,120,295.0,0.09
SO000576,2025-08-16,Delivered,C058,Lokenath General Store,Wholesaler,Howrah,West Bengal,South Bengal,Amit Sarkar,Credit,RC-3F-06,Breeze 3-Fold - Floral Print,3-Fold Umbrella,36,260.0,0.03
SO000468,19/07/2025,Delivered,C006,Modern Stores,Wholesaler,Howrah,West Bengal,South Bengal,Amit Sarkar,Credit,RC-RC-01,Shield Raincoat - Red,Raincoat,60,690.0,0.05
SO000172,17/05/2025,Delivered,C029,City Stores,Retailer,Durgapur,West Bengal,South Bengal,Amit Sarkar,Cash,RC-KD-01,Kiddo Kids - Cartoon Print,Kids Umbrella,24,220.0,0.01
SO000253,04-Jun-2025,Delivered,C041,New Enterprises,Distributor,Agartala,Tripura,North-East,Bikash Roy,Credit,RC-3F-05,Breeze 3-Fold - Grey,3-Fold Umbrella,96 pcs,255.0,0.09
SO000649,2025-09-16,Delivered,C052,Himalaya Traders,Wholesaler,Tezpur,Assam,North-East,Bikash Roy,Credit,RC-3F-06,Breeze 3-Fold - Floral Print,3-Fold Umbrella,60,260.0,0.03
SO000032,2025-04-09,Delivered,C054,Lokenath Agencies,Retailer,Kharagpur,West Bengal,South Bengal,Amit Sarkar,Credit,RC-UV-04,SunGuard UV Sun - Beige,UV Sun Umbrella,24,420.0,0.0
SO000314,16/06/2025,Delivered,C021, city traders,Wholesaler,Bhubaneswar,Odisha,Other East,Rakesh Singh,Credit,RC-KD-04,Kiddo Kids - Polka Dot,Kids Umbrella,36,235.0,0.04
SO000239,2025-05-31,Cancelled,C046,SRI DURGA TRADERS,Distributor,Cooch Behar,West Bengal,North Bengal,Rina Das,Credit,RC-KD-04,Kiddo Kids - Polka Dot,Kids Umbrella,108,235.0,0.11
SO000347,21-Jun-2025,Delivered,C012,Sonali Marketing,Wholesaler,Ranchi,Jharkhand,,Rakesh Singh,Credit,RC-3F-08,Compact 3-Fold - Checks,3-Fold Umbrella,36,295.0,0.05
SO000020,07/04/2025,Delivered,C053,Rupali Wholesale,Retailer,Jalpaiguri,West Bengal,North Bengal,Rina Das,Credit,RC-KD-01,Kiddo Kids - Cartoon Print,Kids Umbrella,12,220.0,0.01
SO000756,29/01/2026,Delivered,C049,Biswakarma Traders,Retailer,Kolkata,West Bengal,South Bengal,Amit Sarkar,Credit,RC-3F-01,Classic 3-Fold - Polka Dot,3-Fold Umbrella,1 dz,330.0,0.01
SO000492,2025-07-25,Delivered,C032,Modern Bazaar,Retailer,Jamshedpur,Jharkhand,Other East,Rakesh Singh,Cash,RC-KD-02,Kiddo Kids - Yellow,Kids Umbrella,12,₹210.00,1%
SO000664,26-Sep-2025,Delivered,C014,New Traders,Distributor,Imphal,Manipur,North-East,Bikash Roy,Credit,RC-UV-01,SunGuard UV Sun - Maroon,UV Sun Umbrella,156,375.0,0.11
SO000131,08/05/2025,Delivered,C017,New Traders,Distributor,Tezpur,Assam,North-East,Bikash Roy,Credit,RC-3F-08,Compact 3-Fold - Checks,3-Fold Umbrella,180,295.0,0.1
SO000616,01-Sep-2025,Delivered,C022,SONALI STORES,Retailer,Jamshedpur,Jharkhand,Other East,Rakesh Singh,Credit,RC-UV-01,SunGuard UV Sun - Maroon,UV Sun Umbrella,12,375.0,0.02
SO000366,25/06/2025,Delivered,C030,Star Enterprises  ,Wholesaler,Shillong,Meghalaya,North-East,Bikash Roy,Credit,RC-2F-01,Classic 2-Fold - Maroon,2-Fold Umbrella,36,310.0,0.05
SO000263,2025-06-06,Cancelled,C017,New Traders,Distributor,Tezpur,Assam,North-East,Bikash Roy,Credit,RC-2F-04,Classic 2-Fold - Red,2-Fold Umbrella,108,₹310.00,0.11
SO000755,29-Jan-2026,Delivered,C048,Purbanchal Agencies,Wholesaler,Tezpur,Assam,North-East,Bikash Roy,Credit,RC-3F-01,Classic 3-Fold - Polka Dot,3-Fold Umbrella,72,330.0,0.03
SO000749,10-Jan-2026,Delivered,C048,Purbanchal Agencies,Wholesaler,Tezpur,Assam,North-East,Bikash Roy,Credit,RC-UV-04,SunGuard UV Sun - Beige,UV Sun Umbrella,48,420.0,0.04
SO000595,25/08/2025,Cancelled,C021,City Traders,Wholesaler,Bhubaneswar,Odisha,Other East,Rakesh Singh,Credit,RC-2F-01,Classic 2-Fold - Maroon,2-Fold Umbrella,96,310.0,0.06
SO000721,2025-12-04,Delivered,C006,Modern Stores,Wholesaler,Howrah,West Bengal,South Bengal,Amit Sarkar,Credit,RC-3F-06,Breeze 3-Fold - Floral Print,3-Fold Umbrella,48,260.0,0.03
SO000254,04-Jun-2025,Delivered,C044,Maa Tara Wholesale,Retailer,Itanagar,Arunachal Pradesh,North-East,Bikash Roy,Cash,RC-2F-02,Breeze 2-Fold - Red,2-Fold Umbrella,24,290.0,0.02
SO000292,12/06/2025,Delivered,C003,Brahmaputra Wholesale,Distributor,Tezpur,Assam,North-East,Bikash Roy,Credit,RC-3F-01,Classic 3-Fold - Polka Dot,3-Fold Umbrella,216,330.0,0.08
SO000553,07/08/2025,Delivered,C031,Purbanchal Umbrella House,Retailer,Imphal,Manipur,North-East,Bikash Roy,Credit,RC-2F-02,Breeze 2-Fold - Red,2-Fold Umbrella,2 dz,290.0,0.0
SO000012,2025-04-04,Delivered,C040,Krishna Distributors,Retailer,Patna,Bihar,Other East,Rakesh Singh,Credit,RC-3F-06,Breeze 3-Fold - Floral Print,3-Fold Umbrella,24,260.0,0.01
SO000758,31/01/2026,Delivered,C010,Ganga Bastralaya,Wholesaler,Jorhat,Assam,North-East,Bikash Roy,Credit,RC-KD-03,Kiddo Kids - Sky Blue,Kids Umbrella,84,185.0,0.04
SO000113,2025-05-05,Delivered,C014,New Traders,Distributor,Imphal,Manipur,North-East,Bikash Roy,Credit,RC-3F-10,Compact 3-Fold - Red,3-Fold Umbrella,48,260.0,0.08
SO000428,2025-07-11,Delivered,C041,New Enterprises,Distributor,Agartala,Tripura,North-East,Bikash Roy,Credit,RC-RC-03,Shield Raincoat - Grey,Raincoat,144,740.0,0.1
SO000678,11/10/2025,Delivered,C038,Kalyani Distributors,Wholesaler,Agartala,Tripura,North-East,Bikash Roy,Credit,RC-3F-06,Breeze 3-Fold - Floral Print,3-Fold Umbrella,48,260.0,0.06
SO000349,2025-06-21,Delivered,C034,Sai Distributors,Wholesaler,Imphal,Manipur,North-East,Bikash Roy,Credit,RC-3F-06,Breeze 3-Fold - Floral Print,3-Fold Umbrella,60,260.0,0.04
SO000413,2025-07-07,Delivered,C057,Janata & Sons,Wholesaler,Aizawl,Mizoram,North-East,Bikash Roy,Credit,RC-RC-01,Shield Raincoat - Red,Raincoat,36,₹690.00,0.06
SO000100,02-May-2025,Delivered,C015,Modern Traders  ,Retailer,Asansol,West Bengal,South Bengal,Amit Sarkar,Cash,RC-RC-05,Shield Raincoat - Polka Dot,Raincoat,12,655.0,0.02
SO000818,10-Mar-2026,Delivered,C046,Sri Durga Traders,Distributor,Cooch Behar,West Bengal,North Bengal,Rina Das,Credit,RC-UV-01,SunGuard UV Sun - Maroon,UV Sun Umbrella,276,375.0,0.1
SO000827,13-Mar-2026,Delivered,C008,Popular & Sons,Retailer,Durgapur,West Bengal,South Bengal,Amit Sarkar,Credit,RC-UV-01,SunGuard UV Sun - Maroon,UV Sun Umbrella,24,375.0,0.0
SO000314,2025-06-16,Delivered,C021,City Traders,Wholesaler,Bhubaneswar,Odisha,Other East,Rakesh Singh,Credit,RC-RC-01,Shield Raincoat - Red,Raincoat,84 pcs,690.0,0.04
SO000288,11-Jun-2025,Delivered,C020,Sri Durga Trading Co.,Retailer,Malda,West Bengal,North Bengal,Rina Das,Credit,RC-KD-02,Kiddo Kids - Yellow,Kids Umbrella,12,210.0,0.02
SO000074,2025-04-24,Delivered,C031,Purbanchal Umbrella House,Retailer,Imphal,Manipur,North-East,Bikash Roy,Credit,RC-2F-01,Classic 2-Fold - Maroon,2-Fold Umbrella,48,310.0,0.01
SO000046,2025-04-16,Delivered,C006,Modern Stores,Wholesaler,Howrah,West Bengal,South Bengal,Amit Sarkar,Credit,RC-3F-04,Compact 3-Fold - Navy Blue,3-Fold Umbrella,132,345.0,0.06
SO000722,04-Dec-2025,Delivered,C009,Brahmaputra General Store,Retailer,guwahati,Assam,North-East,Bikash Roy,Cash,RC-3F-03,Storm 3-Fold - Floral Print,3-Fold Umbrella,12,275.0,0.02
SO000417,2025-07-09,Delivered,C020,Sri Durga Trading Co.,Retailer,Malda,West Bengal,North Bengal,Rina Das,Credit,RC-2F-02,Breeze 2-Fold - Red,2-Fold Umbrella,12,290.0,0.03
SO000605,2025-08-27,Delivered,C058, lokenath general store,Wholesaler,Howrah,West Bengal,South Bengal,Amit Sarkar,Credit,RC-3F-07,Classic 3-Fold - Beige,3-Fold Umbrella,72,₹300.00,0.05
SO000428,11/07/2025,Delivered,C041,New Enterprises,Distributor,Agartala,Tripura,North-East,Bikash Roy,Credit,RC-UV-03,SunGuard UV Sun - Checks,UV Sun Umbrella,192,445.0,0.1
SO000037,2025-04-11,Delivered,C027,Kalyani General Store,Retailer,Asansol,West Bengal,South Bengal,Amit Sarkar,Cash,RC-UV-01,SunGuard UV Sun - Maroon,UV Sun Umbrella,12,₹375.00,0.01
SO000485,23/07/2025,Delivered,C020,Sri Durga Trading Co.,Retailer,Malda,West Bengal,North Bengal,Rina Das,Credit,RC-KD-03,Kiddo Kids - Sky Blue,Kids Umbrella,12,₹185.00,0.02
SO000323,2025-06-17,Delivered,C038,Kalyani Distributors,Wholesaler,Agartala,Tripura,North-East,Bikash Roy,Credit,RC-LG-03,Storm Long - Bottle Green,Long Umbrella,60,430.0,0.07
SO000723,2025-12-06,Delivered,C002,City Distributors,Retailer,Tezpur,Assam,North-East,Bikash Roy,Credit,RC-3F-10,Compact 3-Fold - Red,3-Fold Umbrella,12,260.0,0.01
SO000672,2025-10-07,Delivered,C003,Brahmaputra Wholesale,Distributor,Tezpur,Assam,North-East,Bikash Roy,Credit,RC-RC-05,Shield Raincoat - Polka Dot,Raincoat,252,655.0,0.09
SO000083,2025-04-28,Delivered,C003,Brahmaputra Wholesale,Distributor,Tezpur,Assam,North-East,Bikash Roy,Credit,RC-RC-01,Shield Raincoat - Red,Raincoat,156,690.0,0.11
SO000430,11/07/2025,Delivered,C059,Sunrise Wholesale,Wholesaler,Durgapur,West Bengal,South Bengal,Amit Sarkar,Credit,RC-KD-01,Kiddo Kids - Cartoon Print,Kids Umbrella,60,220.0,5%
SO000486,2025-07-23,Delivered,C021,City Traders,Wholesaler,Bhubaneswar,Odisha,,Rakesh Singh,Credit,RC-RC-05,Shield Raincoat - Polka Dot,Raincoat,48,655.0,0.05
SO000537,04-Aug-2025,Delivered,C003,Brahmaputra Wholesale,Distributor,Tezpur,Assam,North-East,Bikash Roy,Credit,RC-RC-01,Shield Raincoat - Red,Raincoat,144,690.0,0.08
SO000266,07/06/2025,Delivered,C006,Modern Stores,Wholesaler,Howrah,West Bengal,South Bengal,Amit Sarkar,Credit,RC-3F-06,Breeze 3-Fold - Floral Print,3-Fold Umbrella,84,260.0,0.04
SO000397,03-Jul-2025,Delivered,C021,City Traders,Wholesaler,Bhubaneshwar,Odisha,Other East,Rakesh Singh,Credit,RC-2F-02,Breeze 2-Fold - Red,2-Fold Umbrella,48,290.0,0.04
SO000454,2025-07-17,Delivered,C002,City Distributors,Retailer,Tezpur,Assam,North-East,Bikash Roy,Credit,RC-KD-04,Kiddo Kids - Polka Dot,Kids Umbrella,12,235.0,0.01
SO000187,21-May-2025,Delivered,C003,Brahmaputra Wholesale,Distributor,Tezpur,Assam,North-East,Bikash Roy,Credit,RC-KD-03,Kiddo Kids - Sky Blue,Kids Umbrella,180,185.0,0.11
SO000812,07-Mar-2026,Delivered,C022,Sonali Stores,Retailer,Jamshedpur,Jharkhand,Other East,Rakesh Singh,Credit,RC-3F-07,Classic 3-Fold - Beige,3-Fold Umbrella,36,300.0,0%
SO000095,01/05/2025,Delivered,C048,Purbanchal Agencies,Wholesaler,Tezpur,Assam,North-East,Bikash Roy,Credit,RC-3F-08,Compact 3-Fold - Checks,3-Fold Umbrella,84,295.0,0.05
SO000069,23/04/2025,Delivered,C013,Hanuman Stores,Wholesaler,Bardhaman,West Bengal,South Bengal,Amit Sarkar,Credit,RC-2F-05,Breeze 2-Fold - Grey,2-Fold Umbrella,6 dz,375.0,0.07
SO000105,2025-05-03,Delivered,C008,Popular & Sons,Retailer,Durgapur,West Bengal,South Bengal,Amit Sarkar,Credit,RC-3F-06,Breeze 3-Fold - Floral Print,3-Fold Umbrella,12,260.0,0.0
SO000823,11/03/2026,Delivered,C051,Sai Traders,Retailer,Asansol,West Bengal,South Bengal,Amit Sarkar,Cash,RC-3F-06,Breeze 3-Fold - Floral Print,3-Fold Umbrella,12,₹260.00,0.02
SO000686,2025-10-28,Delivered,C012, sonali marketing,Wholesaler,Ranchi,Jharkhand,Other East,Rakesh Singh,Credit,RC-3F-06,Breeze 3-Fold - Floral Print,3-Fold Umbrella,60,260.0,0.06
SO000377,27/06/2025,Delivered,C035,Ganga Traders,Retailer,Bardhaman,West Bengal,South Bengal,Amit Sarkar,Credit,RC-RC-01,Shield Raincoat - Red,Raincoat,12,690.0,0.01
SO000577,2025-08-18,Delivered,C034,Sai Distributors,Wholesaler,Imphal,Manipur,North-East,Bikash Roy,Credit,RC-KD-01,Kiddo Kids - Cartoon Print,Kids Umbrella,60,₹220.00,0.04
SO000083,28/04/2025,Delivered,C003,Brahmaputra Wholesale,Distributor,Tezpur,Assam,North-East,Bikash Roy,Credit,RC-UV-01,SunGuard UV Sun - Maroon,UV Sun Umbrella,180,375.0,0.11
SO000794,20/02/2026,Delivered,C058,Lokenath General Store,Wholesaler,Howrah,West Bengal,South Bengal,Amit Sarkar,Credit,RC-UV-02,SunGuard UV Sun - Grey,UV Sun Umbrella,36,580.0,0.05
SO000286,2025-06-10,Delivered,C059,Sunrise Wholesale,Wholesaler,Durgapur,West Bengal,South Bengal,Amit Sarkar,Credit,RC-3F-08,Compact 3-Fold - Checks,3-Fold Umbrella,24,295.0,0.05
SO000063,2025-04-21,Delivered,C041,New Enterprises,Distributor,Agartala,Tripura,North-East,Bikash Roy,Credit,RC-RC-05,Shield Raincoat - Polka Dot,Raincoat,84,655.0,0.09
SO000234,30/05/2025,Delivered,C041,New Enterprises,Distributor,Agartala,Tripura,North-East,Bikash Roy,Credit,RC-KD-02,Kiddo Kids - Yellow,Kids Umbrella,15 dz,210.0,0.09
SO000136,2025-05-09,Delivered,C015,Modern Traders,Retailer,Asansol,West Bengal,South Bengal,Amit Sarkar,Cash,RC-RC-01,Shield Raincoat - Red,Raincoat,1 dz,690.0,0.01
SO000747,2026-01-08,Delivered,C012,Sonali Marketing,Wholesaler,Ranchi,Jharkhand,Other East,Rakesh Singh,Credit,RC-UV-01,SunGuard UV Sun - Maroon,UV Sun Umbrella,60,375.0,0.05
SO000829,2026-03-13,Delivered,C029,City Stores,Retailer,Durgapur,West Bengal,South Bengal,Amit Sarkar,Cash,RC-2F-06,Breeze 2-Fold - Floral Print,2-Fold Umbrella,36,270.0,0.01
SO000726,09-Dec-2025,Delivered,C004,Royal Trading Co.,Retailer,Agartala,Tripura,North-East,Bikash Roy,Credit,RC-UV-02,SunGuard UV Sun - Grey,UV Sun Umbrella,24,580.0,0.03
SO000734,2025-12-17,Delivered,C059,Sunrise Wholesale,Wholesaler,Durgapur,West Bengal,South Bengal,Amit Sarkar,Credit,RC-LG-06,Heritage Long - Maroon,Long Umbrella,48,570.0,0.03
SO000097,02-May-2025,Delivered,C006,Modern Stores,Wholesaler,Howrah,West Bengal,South Bengal,Amit Sarkar,Credit,RC-UV-04,SunGuard UV Sun - Beige,UV Sun Umbrella,84,420.0,0.07
SO000253,2025-06-04,Delivered,C041,New Enterprises,Distributor,Agartala,Tripura,North-East,Bikash Roy,Credit,RC-3F-03,Storm 3-Fold - Floral Print,3-Fold Umbrella,156,275.0,0.11
SO000084,2025-04-28,Delivered,C055,Sonali Traders,Retailer,Bardhaman,West Bengal,South Bengal,Amit Sarkar,Cash,RC-UV-04,SunGuard UV Sun - Beige,UV Sun Umbrella,36,420.0,0.0
SO000057,19/04/2025,Delivered,C030,Star Enterprises,Wholesaler,Shillong,Meghalaya,North-East,Bikash Roy,Credit,RC-UV-01,SunGuard UV Sun - Maroon,UV Sun Umbrella,24,375.0,0.07
SO000659,24-Sep-2025,Delivered,C017,New Traders,Distributor,Tezpur,Assam,North-East,Bikash Roy,Credit,RC-UV-02,SunGuard UV Sun - Grey,UV Sun Umbrella,180,580.0,0.08
SO000843,23-Mar-2026,Delivered,C021,City Traders  ,Wholesaler,Bhubaneswar,Odisha,Other East,Rakesh Singh,Credit,RC-3F-01,Classic 3-Fold - Polka Dot,3-Fold Umbrella,72,330.0,0.03
SO000745,05-Jan-2026,Delivered,C039,Modern Stores,Distributor,Jalpaiguri,West Bengal,North Bengal,Rina Das,Credit,RC-2F-05,Breeze 2-Fold - Grey,,60,375.0,0.1
SO000392,02/07/2025,Delivered,C041,New Enterprises,Distributor,Agartala,Tripura,North-East,Bikash Roy,Credit,RC-2F-02,Breeze 2-Fold - Red,2-Fold Umbrella,216,290.0,0.08
SO000348,2025-06-21,Delivered,C030,Star Enterprises,Wholesaler,Shillong,Meghalaya,North-East,Bikash Roy,Credit,RC-3F-04,Compact 3-Fold - Navy Blue,3-Fold Umbrella,36,345.0,0.05
SO000585,2025-08-21,Delivered,C059,Sunrise Wholesale,Wholesaler,Durgapur,West Bengal,South Bengal,Amit Sarkar,Credit,RC-UV-04,SunGuard UV Sun - Beige,UV Sun Umbrella,24 pcs,420.0,0.04
SO000383,30/06/2025,Delivered,C024,Rainbow Enterprises,Wholesaler,Dibrugarh,Assam,North-East,Bikash Roy,Credit,RC-3F-03,Storm 3-Fold - Floral Print,3-Fold Umbrella,60,275.0,0.04
SO000789,2026-02-18,Delivered,C028,Lokenath General Store,Retailer,Silchar,Assam,North-East,Bikash Roy,Cash,RC-RC-05,Shield Raincoat - Polka Dot,Raincoat,12,655.0,0.02
SO000461,17-Jul-2025,Delivered,C059,SUNRISE WHOLESALE,Wholesaler,Durgapur,West Bengal,South Bengal,Amit Sarkar,Credit,RC-KD-03,Kiddo Kids - Sky Blue,Kids Umbrella,60,185.0,0.05
SO000698,2025-11-12,Delivered,C041,New Enterprises,Distributor,Agartala,Tripura,North-East,Bikash Roy,Credit,RC-RC-01,Shield Raincoat - Red,Raincoat,216,690.0,0.11
SO000529,2025-07-31,Delivered,C059,Sunrise Wholesale,Wholesaler,Durgapur,West Bengal,South Bengal,Amit Sarkar,Credit,RC-2F-01,Classic 2-Fold - Maroon,2-Fold Umbrella,108,310.0,7%
SO000167,15-May-2025,Delivered,C023,Krishna Emporium,Retailer,Shillong,Meghalaya,North-East,Bikash Roy,Credit,RC-RC-01,Shield Raincoat - Red,Raincoat,12,690.0,0.03
SO000182,20-May-2025,Delivered,C031,Purbanchal Umbrella House,Retailer,Imphal,Manipur,North-East,Bikash Roy,Credit,RC-KD-03,Kiddo Kids - Sky Blue,Kids Umbrella,24,185.0,0.01
SO000830,14-Mar-2026,Delivered,C024,Rainbow Enterprises,Wholesaler,Dibrugarh,Assam,North-East,Bikash Roy,Credit,RC-UV-01,SunGuard UV Sun - Maroon,UV Sun Umbrella,72,375.0,0.03
SO000396,2025-07-03,Delivered,C010,Ganga Bastralaya,Wholesaler,Jorhat,Assam,North-East,Bikash Roy,Credit,RC-UV-01,SunGuard UV Sun - Maroon,UV Sun Umbrella,36,375.0,0.06
SO000183,2025-05-20,Delivered,C041,New Enterprises,Distributor,Agartala,Tripura,North-East,Bikash Roy,Credit,RC-RC-05,Shield Raincoat - Polka Dot,Raincoat,156,655.0,0.09
SO000160,14-May-2025,Delivered,C030,Star Enterprises,Wholesaler,Shillong,Meghalaya,North-East,Bikash Roy,Credit,RC-2F-02,Breeze 2-Fold - Red,2-Fold Umbrella,60,290.0,0.05
SO000106,03-May-2025,Delivered,C033,Krishna Distributors,Retailer,Jalpaiguri,West Bengal,North Bengal,Rina Das,Credit,RC-3F-06,Breeze 3-Fold - Floral Print,3-Fold Umbrella,36,260.0,0.03
SO000053,2025-04-18,Delivered,C042,Rainbow Bastralaya,Wholesaler,Purnia,Bihar,Other East,Rakesh Singh,Credit,RC-2F-02,Breeze 2-Fold - Red,2-Fold Umbrella,48,290.0,0.05
SO000706,22-Nov-2025,Delivered,C019,Ganga Wholesale,Retailer,Haora,West Bengal,South Bengal,Amit Sarkar,Cash,RC-LG-01,Auto-Open Long - Maroon,Long Umbrella,12,390.0,0.02
SO000128,07/05/2025,Delivered,C041,New Enterprises,Distributor,Agartala,Tripura,North-East,Bikash Roy,Credit,RC-3F-08,Compact 3-Fold - Checks,3-Fold Umbrella,132,295.0,11%
SO000809,05/03/2026,Delivered,C041,New Enterprises,Distributor,Agartala,Tripura,North-East,Bikash Roy,Credit,RC-UV-05,SunGuard UV Sun - Transparent,UV Sun Umbrella,7 dz,₹525.00,0.11
SO000604,2025-08-27,Delivered,C039,Modern Stores,Distributor,Jalpaiguri,West Bengal,North Bengal,Rina Das,Credit,RC-RC-03,Shield Raincoat - Grey,Raincoat,8 dz,740.0,0.12
SO000485,2025-07-23,Delivered,C020,Sri Durga Trading Co.,Retailer,Malda,West Bengal,North Bengal,Rina Das,Credit,RC-LG-01,Auto-Open Long - Maroon,Long Umbrella,12,390.0,0.0
SO000138,09-May-2025,Delivered,C038,Kalyani Distributors  ,Wholesaler,Agartala,Tripura,North-East,Bikash Roy,Credit,RC-UV-05,SunGuard UV Sun - Transparent,UV Sun Umbrella,48,525.0,0.06
SO000818,2026-03-10,Delivered,C046,Sri Durga Traders,Distributor,Cooch Behar,West Bengal,North Bengal,Rina Das,Credit,RC-UV-04,SunGuard UV Sun - Beige,UV Sun Umbrella,288,420.0,0.09
SO000139,10/05/2025,Delivered,C005,Jai Hind Umbrella House,Retailer,Cuttack,Odisha,Other East,Rakesh Singh,Cash,RC-KD-03,Kiddo Kids - Sky Blue,Kids Umbrella,12,₹185.00,0.0
SO000670,2025-10-03,Delivered,C030,Star Enterprises  ,Wholesaler,Shillong,Meghalaya,North-East,Bikash Roy,Credit,RC-3F-03,Storm 3-Fold - Floral Print,3-Fold Umbrella,84,275.0,0.04
SO000484,23/07/2025,Delivered,C017,New Traders,Distributor,Tezpur,Assam,North-East,Bikash Roy,Credit,RC-UV-02,SunGuard UV Sun - Grey,UV Sun Umbrella,96,580.0,0.11
SO000075,2025-04-24,Delivered,C047,Teesta Trading Co.,Retailer,Bhagalpur,Bihar,Other East,Rakesh Singh,Cash,RC-UV-01,SunGuard UV Sun - Maroon,UV Sun Umbrella,12,375.0,0.02
SO000566,2025-08-12,Delivered,C046,Sri Durga Traders,Distributor,Cooch Behar,West Bengal,North Bengal,Rina Das,Credit,RC-3F-04,Compact 3-Fold - Navy Blue,3-Fold Umbrella,228,345.0,0.12
SO000429,2025-07-11,Delivered,C042,Rainbow Bastralaya,Wholesaler,Purnia,Bihar,Other East,Rakesh Singh,Credit,RC-2F-01,Classic 2-Fold - Maroon,2-Fold Umbrella,24,310.0,0.06
SO000119,06-May-2025,Delivered,C014,New Traders,Distributor,Imphal,Manipur,North-East,Bikash Roy,Credit,RC-RC-01,Shield Raincoat - Red,Raincoat,36,690.0,0.1
SO000466,2025-07-18,Delivered,C048,Purbanchal Agencies,Wholesaler,Tezpur,Assam,North-East,Bikash Roy,Credit,RC-3F-07,Classic 3-Fold - Beige,3-Fold Umbrella,48,300.0,0.03
SO000181,2025-05-20,Delivered,C015,Modern Traders,Retailer,Asansol,West Bengal,South Bengal,Amit Sarkar,Cash,RC-UV-04,SunGuard UV Sun - Beige,UV Sun Umbrella,12,₹420.00,0.01
SO000393,02/07/2025,Delivered,C048,Purbanchal Agencies,Wholesaler,Tezpur,Assam,North-East,Bikash Roy,Credit,RC-LG-02,Storm Long - Grey,Long Umbrella,24,385.0,0.04
SO000048,17/04/2025,Delivered,C021,City Traders,Wholesaler,Bhubaneswar,Odisha,Other East,Rakesh Singh,Credit,RC-KD-04,Kiddo Kids - Polka Dot,Kids Umbrella,60,235.0,0.03
SO000087,2025-04-30,Delivered,C003,Brahmaputra Wholesale,Distributor,Tezpur,Assam,North-East,Bikash Roy,Credit,RC-UV-05,SunGuard UV Sun - Transparent,UV Sun Umbrella,120,525.0,0.08
SO000711,2025-11-26,Delivered,C057,Janata & Sons,Wholesaler,Aizawl,Mizoram,North-East,Bikash Roy,Credit,RC-RC-02,Shield Raincoat - Bottle Green,Raincoat,36,690.0,0.05
SO000621,2025-09-01,Delivered,C059,Sunrise Wholesale  ,Wholesaler,Durgapur,West Bengal,South Bengal,Amit Sarkar,Credit,RC-3F-02,Breeze 3-Fold - Transparent,3-Fold Umbrella,36,305.0,0.03
SO000771,10/02/2026,Delivered,C041,New Enterprises,Distributor,Agartala,Tripura,North-East,Bikash Roy,Credit,RC-UV-02,SunGuard UV Sun - Grey,UV Sun Umbrella,180,580.0,0.11
SO000317,16/06/2025,Delivered,C035,Ganga Traders,Retailer,Bardhaman,West Bengal,South Bengal,Amit Sarkar,Credit,RC-2F-01,Classic 2-Fold - Maroon,2-Fold Umbrella,24,310.0,0.0
SO000213,27/05/2025,Delivered,C034,Sai Distributors,Wholesaler,Imphal,Manipur,North-East,Bikash Roy,Credit,RC-RC-05,Shield Raincoat - Polka Dot,Raincoat,24,655.0,0.03
SO000048,2025-04-17,Delivered,C021,City Traders,Wholesaler,Bhubaneswar,Odisha,Other East,Rakesh Singh,Credit,RC-3F-10,Compact 3-Fold - Red,3-Fold Umbrella,60,260.0,0.03
SO000630,2025-09-08,Delivered,C031,Purbanchal Umbrella House,Retailer,Imphal,Manipur,North-East,Bikash Roy,Credit,RC-RC-01,Shield Raincoat - Red,Raincoat,72,690.0,0.01
SO000509,2025-07-29,Delivered,C041,New Enterprises,Distributor,Agartala,Tripura,North-East,Bikash Roy,Credit,RC-RC-05,Shield Raincoat - Polka Dot,Raincoat,204,655.0,0.08
SO000057,19/04/2025,Delivered,C030,Star Enterprises,Wholesaler,Shillong,Meghalaya,North-East,Bikash Roy,Credit,RC-UV-04,SunGuard UV Sun - Beige,UV Sun Umbrella,84,420.0,0.06
SO000210,2025-05-27,Delivered,C014,New Traders,Distributor,Imphal,Manipur,North-East,Bikash Roy,Credit,RC-RC-01,Shield Raincoat - Red,Raincoat,180,690.0,11%
SO000773,2026-02-11,Delivered,C024,Rainbow Enterprises,Wholesaler,Dibrugarh,Assam,North-East,Bikash Roy,Credit,RC-LG-05,Storm Long - Checks,Long Umbrella,72,₹345.00,0.05
SO000051,18/04/2025,Delivered,C013,Hanuman Stores,Wholesaler,Bardhaman,West Bengal,South Bengal,Amit Sarkar,Credit,RC-2F-01,Classic 2-Fold - Maroon,2-Fold Umbrella,132,310.0,0.06
SO000078,2025-04-25,Delivered,C009,Brahmaputra General Store,Retailer,Guwahati,Assam,North-East,Bikash Roy,Cash,RC-UV-03,SunGuard UV Sun - Checks,UV Sun Umbrella,12,445.0,0.01
SO000129,2025-05-07,Delivered,C058,Lokenath General Store,Wholesaler,Howrah,West Bengal,South Bengal,Amit Sarkar,Credit,RC-3F-07,Classic 3-Fold - Beige,3-Fold Umbrella,36,300.0,0.05
SO000644,13/09/2025,Delivered,C056,Bharat Wholesale,Retailer,Siliguri,West Bengal,North Bengal,Rina Das,Cash,RC-UV-03,SunGuard UV Sun - Checks,UV Sun Umbrella,12,₹445.00,0.01
SO000735,18/12/2025,Delivered,C041,New Enterprises,Distributor,Agartala,Tripura,North-East,Bikash Roy,Credit,RC-KD-04,Kiddo Kids - Polka Dot,Kids Umbrella,144,235.0,0.11
SO000166,15-May-2025,Delivered,C017,New Traders,Distributor,Tezpur,Assam,North-East,Bikash Roy,Credit,RC-RC-01,Shield Raincoat - Red,Raincoat,60,₹690.00,0.09
SO000422,10/07/2025,Delivered,C021,City Traders,Wholesaler,Bhubaneswar,Odisha,Other East,Rakesh Singh,Credit,RC-3F-08,Compact 3-Fold - Checks,3-Fold Umbrella,36,₹295.00,0.05
SO000522,31/07/2025,Delivered,C031,Purbanchal Umbrella House,Retailer,Imphal,Manipur,North-East,Bikash Roy,Credit,RC-3F-04,Compact 3-Fold - Navy Blue,3-Fold Umbrella,24,345.0,0.02
SO000106,03/05/2025,Delivered,C033,Krishna Distributors,Retailer,Jalpaiguri,West Bengal,North Bengal,Rina Das,Credit,RC-UV-01,SunGuard UV Sun - Maroon,UV Sun Umbrella,36,375.0,0.03
SO000145,2025-05-10,Delivered,C030, star enterprises,Wholesaler,Shillong,Meghalaya,North-East,Bikash Roy,Credit,RC-UV-04,SunGuard UV Sun - Beige,UV Sun Umbrella,84,420.0,0.06
SO000062,21/04/2025,Delivered,C032,Modern Bazaar,Retailer,Jamshedpur,Jharkhand,Other East,Rakesh Singh,Cash,RC-UV-01,SunGuard UV Sun - Maroon,UV Sun Umbrella,12,375.0,0.01
SO000123,06/05/2025,Delivered,C043,Modern Enterprises,Retailer,Aizawl,Mizoram,North-East,Bikash Roy,Cash,RC-UV-04,SunGuard UV Sun - Beige,UV Sun Umbrella,12,420.0,0.02
SO000239,31/05/2025,Cancelled,C046,Sri Durga Traders  ,Distributor,Cooch Behar,West Bengal,North Bengal,Rina Das,Credit,RC-3F-02,Breeze 3-Fold - Transparent,3-Fold Umbrella,72,305.0,0.11
SO000826,12/03/2026,Delivered,C039,Modern Stores,Distributor,Jalpaiguri,West Bengal,North Bengal,Rina Das,Credit,RC-UV-01,SunGuard UV Sun - Maroon,UV Sun Umbrella,96,375.0,0.09
SO000799,27/02/2026,Delivered,C037,Hanuman Marketing,Retailer,Dimapur,Nagaland,North-East,Bikash Roy,Credit,RC-UV-04,SunGuard UV Sun - Beige,UV Sun Umbrella,12,420.0,0.03
SO000641,12/09/2025,Delivered,C052,HIMALAYA TRADERS,Wholesaler,Tezpur,Assam,North-East,Bikash Roy,Credit,RC-UV-05,SunGuard UV Sun - Transparent,UV Sun Umbrella,84 pcs,525.0,0.05
SO000659,24/09/2025,Delivered,C017,New Traders,Distributor,Tezpur,Assam,North-East,Bikash Roy,Credit,RC-3F-10,Compact 3-Fold - Red,3-Fold Umbrella,60,260.0,0.08
SO000301,2025-06-13,Cancelled,C049,Biswakarma Traders,Retailer,Kolkata,West Bengal,South Bengal,Amit Sarkar,Credit,RC-GF-01,Pro Golf - Floral Print,Golf Umbrella,36,745.0,0.0
SO000764,04-Feb-2026,Delivered,C032,Modern Bazaar,Retailer,Jamshedpur,Jharkhand,Other East,Rakesh Singh,Cash,RC-3F-09,Classic 3-Fold - Black,,24,205.0,0.01
SO000615,01/09/2025,Delivered,C009,Brahmaputra General Store,Retailer,Guwahati,Assam,North-East,Bikash Roy,Cash,RC-2F-05,Breeze 2-Fold - Grey,2-Fold Umbrella,12,375.0,0.02
SO000694,07/11/2025,Delivered,C027,Kalyani General Store,Retailer,Asansol,West Bengal,South Bengal,Amit Sarkar,Cash,RC-KD-03,Kiddo Kids - Sky Blue,Kids Umbrella,12,185.0,0.0
SO000738,23/12/2025,Delivered,C008,Popular & Sons,Retailer,Durgapur,West Bengal,South Bengal,Amit Sarkar,Credit,RC-UV-05,SunGuard UV Sun - Transparent,UV Sun Umbrella,24,525.0,0.02
SO000023,08/04/2025,Delivered,C019,Ganga Wholesale,Retailer,Howrah,West Bengal,South Bengal,Amit Sarkar,Cash,RC-GF-01,Pro Golf - Floral Print,Golf Umbrella,12,745.0,0.02
SO000165,15/05/2025,Delivered,C010,Ganga Bastralaya,Wholesaler,Jorhat,Assam,North-East,Bikash Roy,Credit,RC-RC-02,Shield Raincoat - Bottle Green,Raincoat,8 dz,690.0,0.05
SO000271,2025-06-07,Delivered,C034,Sai Distributors,Wholesaler,Imphal,Manipur,North-East,Bikash Roy,Credit,RC-3F-05,Breeze 3-Fold - Grey,3-Fold Umbrella,60,255.0,0.04
SO000269,2025-06-07,Delivered,C028,Lokenath General Store,Retailer,Silchar,Assam,North-East,Bikash Roy,Cash,RC-LG-03,Storm Long - Bottle Green,Long Umbrella,36,430.0,0.01
SO000826,12-Mar-2026,Delivered,C039,Modern Stores,Distributor,Jalpaiguri,West Bengal,North Bengal,Rina Das,Credit,RC-3F-02,Breeze 3-Fold - Transparent,3-Fold Umbrella,192,305.0,0.08
SO000476,2025-07-21,Delivered,C047,Teesta Trading Co.,Retailer,Bhagalpur,Bihar,Other East,Rakesh Singh,Cash,RC-UV-03,SunGuard UV Sun - Checks,UV Sun Umbrella,24,445.0,0.01
SO000741,31-Dec-2025,Delivered,C041,New Enterprises,Distributor,Agartala,Tripura,North-East,Bikash Roy,Credit,RC-2F-03,Classic 2-Fold - Checks,2-Fold Umbrella,72,435.0,0.09
SO000269,2025-06-07,Delivered,C028,Lokenath General Store,Retailer,Silchar,Assam,North-East,Bikash Roy,Cash,RC-RC-01,Shield Raincoat - Red,Raincoat,12,690.0,0.03
SO000556,09-Aug-2025,Delivered,C003,Brahmaputra Wholesale,Distributor,Tezpur,Assam,North-East,Bikash Roy,Credit,RC-RC-01,Shield Raincoat - Red,Raincoat,180,₹690.00,0.09
SO000780,13-Feb-2026,Delivered,C048,Purbanchal Agencies,Wholesaler,Tezpur,Assam,North-East,Bikash Roy,Credit,RC-3F-08,Compact 3-Fold - Checks,3-Fold Umbrella,36,295.0,0.04
SO000518,31-Jul-2025,Delivered,C001,Laxmi Distributors,Retailer,Agartala,Tripura,North-East,Bikash Roy,Cash,RC-3F-04,Compact 3-Fold - Navy Blue,3-Fold Umbrella,12,₹345.00,0.0
SO000567,12/08/2025,Delivered,C054,Lokenath Agencies,Retailer,Kharagpur,West Bengal,South Bengal,Amit Sarkar,Credit,RC-3F-02,Breeze 3-Fold - Transparent,3-Fold Umbrella,1 dz,305.0,0.02
SO000352,2025-06-21,Delivered,C059,Sunrise Wholesale,Wholesaler,Durgapur,West Bengal,South Bengal,Amit Sarkar,Credit,RC-2F-05,Breeze 2-Fold - Grey,2-Fold Umbrella,24,375.0,0.06
SO000623,2025-09-02,Delivered,C039,Modern Stores,Distributor,Jalpaiguri,West Bengal,North Bengal,Rina Das,Credit,RC-UV-04,SunGuard UV Sun - Beige,UV Sun Umbrella,144,420.0,0.11
SO000594,25-Aug-2025,Delivered,C007,Biswakarma Bazaar,Wholesaler,Malda,West Bengal,North Bengal,Rina Das,Credit,RC-3F-06,Breeze 3-Fold - Floral Print,3-Fold Umbrella,36,260.0,0.04
SO000414,2025-07-08,Delivered,C030,Star Enterprises,Wholesaler,Shillong,Meghalaya,North-East,Bikash Roy,Credit,RC-RC-01,Shield Raincoat - Red,Raincoat,24,₹690.00,0.06
SO000505,29/07/2025,Delivered,C017,New Traders,Distributor,Tezpur,Assam,North-East,Bikash Roy,Credit,RC-RC-01,Shield Raincoat - Red,Raincoat,156,690.0,0.09
SO000086,29/04/2025,Delivered,C056,Bharat Wholesale,Retailer,Shiliguri,West Bengal,North Bengal,Rina Das,Cash,RC-UV-01,SunGuard UV Sun - Maroon,UV Sun Umbrella,12,375.0,0.0
SO000611,29-Aug-2025,Delivered,C049,Biswakarma Traders,Retailer,Kolkata,West Bengal,South Bengal,Amit Sarkar,Credit,RC-LG-05,Storm Long - Checks,Long Umbrella,36,345.0,0.01
SO000797,23/02/2026,Delivered,C010,Ganga Bastralaya,Wholesaler,Jorhat,Assam,North-East,Bikash Roy,Credit,RC-UV-01,SunGuard UV Sun - Maroon,UV Sun Umbrella,60,375.0,0.04
SO000154,12-May-2025,Delivered,C041,New Enterprises,Distributor,Agartala,Tripura,North-East,Bikash Roy,Credit,RC-3F-04,Compact 3-Fold - Navy Blue,3-Fold Umbrella,192,345.0,0.11
SO000475,2025-07-21,Delivered,C034,Sai Distributors,Wholesaler,Imphal,Manipur,North-East,Bikash Roy,Credit,RC-UV-04,SunGuard UV Sun - Beige,UV Sun Umbrella,96,420.0,0.04
SO000759,02/02/2026,Delivered,C029,City Stores,Retailer,Durgapur,West Bengal,South Bengal,Amit Sarkar,Cash,RC-3F-07,Classic 3-Fold - Beige,3-Fold Umbrella,24,300.0,0.02
SO000053,2025-04-18,Delivered,C042,Rainbow Bastralaya,Wholesaler,Purnia,Bihar,Other East,Rakesh Singh,Credit,RC-UV-04,SunGuard UV Sun - Beige,UV Sun Umbrella,60,420.0,0.07
SO000717,2025-12-01,Delivered,C007,Biswakarma Bazaar,Wholesaler,Malda,West Bengal,North Bengal,Rina Das,Credit,RC-3F-08,Compact 3-Fold - Checks,3-Fold Umbrella,36,295.0,0.06
SO000498,28/07/2025,Cancelled,C003,Brahmaputra Wholesale,Distributor,Tezpur,Assam,North-East,Bikash Roy,Credit,RC-3F-03,Storm 3-Fold - Floral Print,3-Fold Umbrella,216,₹275.00,0.09
SO000456,17/07/2025,Delivered,C016,KRISHNA EMPORIUM,Retailer,Guwahati,Assam,North-East,Bikash Roy,Cash,RC-KD-01,Kiddo Kids - Cartoon Print,Kids Umbrella,12,220.0,0.01
SO000207,2025-05-26,Delivered,C051,Sai Traders,Retailer,Asansol,West Bengal,South Bengal,Amit Sarkar,Cash,RC-3F-05,Breeze 3-Fold - Grey,3-Fold Umbrella,12,255.0,0.02
SO000692,05/11/2025,Delivered,C013,Hanuman Stores,Wholesaler,Bardhaman,West Bengal,South Bengal,Amit Sarkar,Credit,RC-3F-02,Breeze 3-Fold - Transparent,3-Fold Umbrella,36,305.0,0.07
SO000260,2025-06-05,Delivered,C042,Rainbow Bastralaya,Wholesaler,Purnia,Bihar,Other East,Rakesh Singh,Credit,RC-3F-02,Breeze 3-Fold - Transparent,3-Fold Umbrella,84,305.0,0.06
SO000592,25/08/2025,Delivered,C005,Jai Hind Umbrella House,Retailer,Cuttack,Odisha,Other East,Rakesh Singh,Cash,RC-RC-01,Shield Raincoat - Red,Raincoat,12,690.0,0.02
SO000452,2025-07-16,Delivered,C041,New Enterprises,Distributor,Agartala,Tripura,North-East,Bikash Roy,Credit,RC-LG-02,Storm Long - Grey,Long Umbrella,84,385.0,0.09
SO000709,25-Nov-2025,Delivered,C018,New Traders,Retailer,Itanagar,Arunachal Pradesh,North-East,Bikash Roy,Credit,RC-3F-07,Classic 3-Fold - Beige,3-Fold Umbrella,36,₹300.00,0.02
SO000296,13-Jun-2025,Delivered,C010,Ganga Bastralaya,Wholesaler,Jorhat,Assam,North-East,Bikash Roy,Credit,RC-UV-04,SunGuard UV Sun - Beige,UV Sun Umbrella,120,420.0,0.06
SO000731,2025-12-15,Delivered,C041,New Enterprises,Distributor,Agartala,Tripura,North-East,Bikash Roy,Credit,RC-3F-05,Breeze 3-Fold - Grey,3-Fold Umbrella,120,255.0,0.08
SO000687,29/10/2025,Delivered,C055, sonali traders,Retailer,Bardhaman,West Bengal,South Bengal,Amit Sarkar,Cash,RC-UV-04,SunGuard UV Sun - Beige,UV Sun Umbrella,36,420.0,0.0
SO000382,30/06/2025,Delivered,C017,New Traders,Distributor,Tezpur,Assam,North-East,Bikash Roy,Credit,RC-3F-06,Breeze 3-Fold - Floral Print,3-Fold Umbrella,108,260.0,0.11
SO000638,11/09/2025,Delivered,C049,Biswakarma Traders,Retailer,kolkata ,West Bengal,South Bengal,Amit Sarkar,Credit,RC-RC-02,Shield Raincoat - Bottle Green,Raincoat,60,690.0,0.01
SO000464,2025-07-18,Delivered,C038,Kalyani Distributors,Wholesaler,Agartala,Tripura,North-East,Bikash Roy,Credit,RC-3F-08,Compact 3-Fold - Checks,3-Fold Umbrella,12,295.0,0.03
SO000302,13/06/2025,Cancelled,C052,Himalaya Traders,Wholesaler,Tezpur,Assam,North-East,Bikash Roy,Credit,RC-LG-01,Auto-Open Long - Maroon,Long Umbrella,84,390.0,0.05
SO000565,12/08/2025,Delivered,C043,Modern Enterprises,Retailer,Aizawl,Mizoram,North-East,Bikash Roy,Cash,RC-3F-10,Compact 3-Fold - Red,3-Fold Umbrella,12,260.0,0.03
SO000387,01/07/2025,Delivered,C030,Star Enterprises,Wholesaler,Shillong,Meghalaya,North-East,Bikash Roy,Credit,RC-UV-04,SunGuard UV Sun - Beige,UV Sun Umbrella,12,420.0,0.07
SO000623,02/09/2025,Delivered,C039,Modern Stores,Distributor,Jalpaiguri,West Bengal,North Bengal,Rina Das,Credit,RC-UV-02,SunGuard UV Sun - Grey,UV Sun Umbrella,192,580.0,0.11
SO000107,2025-05-03,Delivered,C040,Krishna Distributors,Retailer,Patna,Bihar,Other East,Rakesh Singh,Credit,RC-UV-01,SunGuard UV Sun - Maroon,UV Sun Umbrella,24,375.0,0.02
SO000236,2025-05-31,Delivered,C033,KRISHNA DISTRIBUTORS,Retailer,Jalpaiguri,West Bengal,North Bengal,Rina Das,Credit,RC-GF-01,Pro Golf - Floral Print,Golf Umbrella,12,745.0,0.01
SO000847,24/03/2026,Delivered,C046,Sri Durga Traders,Distributor,Cooch Behar,West Bengal,North Bengal,Rina Das,Credit,RC-UV-04,SunGuard UV Sun - Beige,,168,420.0,0.1
SO000518,31/07/2025,Delivered,C001,Laxmi Distributors,Retailer,Agartala,Tripura,North-East,Bikash Roy,Cash,RC-2F-03,Classic 2-Fold - Checks,2-Fold Umbrella,12,435.0,0.01
SO000610,2025-08-29,Cancelled,C041,New Enterprises,Distributor,Agartala,Tripura,North-East,Bikash Roy,Credit,RC-2F-06,Breeze 2-Fold - Floral Print,2-Fold Umbrella,240,₹270.00,0.09
SO000602,27-Aug-2025,Delivered,C012,Sonali Marketing,Wholesaler,Ranchi,Jharkhand,Other East,Rakesh Singh,Credit,RC-3F-04,Compact 3-Fold - Navy Blue,3-Fold Umbrella,24,345.0,0.06
SO000807,05/03/2026,Delivered,C035,Ganga Traders,Retailer,Bardhaman,West Bengal,South Bengal,Amit Sarkar,Credit,RC-3F-05,Breeze 3-Fold - Grey,3-Fold Umbrella,12,255.0,0.0
SO000310,2025-06-14,Delivered,C059,Sunrise Wholesale,Wholesaler,Durgapur,West Bengal,South Bengal,Amit Sarkar,Credit,RC-3F-04,Compact 3-Fold - Navy Blue,3-Fold Umbrella,60,345.0,0.03
SO000414,08/07/2025,Delivered,C030,Star Enterprises,Wholesaler,Shillong,Meghalaya,North-East,Bikash Roy,Credit,RC-RC-03,Shield Raincoat - Grey,Raincoat,24,740.0,0.06
SO000612,30/08/2025,Delivered,C006,Modern Stores,Wholesaler,Howrah,West Bengal,South Bengal,Amit Sarkar,Credit,RC-3F-02,Breeze 3-Fold - Transparent,3-Fold Umbrella,48,305.0,0.07
SO000817,2026-03-10,Delivered,C041,New Enterprises,Distributor,Agartala,Tripura,North-East,Bikash Roy,Credit,RC-UV-04,SunGuard UV Sun - Beige,UV Sun Umbrella,96,₹420.00,0.09
SO000122,2025-05-06,Delivered,C041, new enterprises,Distributor,Agartala,Tripura,North-East,Bikash Roy,Credit,RC-2F-02,Breeze 2-Fold - Red,2-Fold Umbrella,300,290.0,0.1
SO000633,2025-09-10,Delivered,C003, brahmaputra wholesale,Distributor,Tezpur,Assam,North-East,Bikash Roy,Credit,RC-UV-04,SunGuard UV Sun - Beige,UV Sun Umbrella,144,420.0,0.1
SO000453,2025-07-16,Delivered,C046,Sri Durga Traders  ,Distributor,Cooch Behar,West Bengal,North Bengal,Rina Das,Credit,RC-KD-04,Kiddo Kids - Polka Dot,Kids Umbrella,300 pcs,235.0,0.09
SO000544,2025-08-06,Delivered,C005,Jai Hind Umbrella House,Retailer,Cuttack,Odisha,Other East,Rakesh Singh,Cash,RC-UV-01,SunGuard UV Sun - Maroon,UV Sun Umbrella,12,375.0,0.03
SO000462,2025-07-18,Delivered,C004,Royal Trading Co.,Retailer,Agartala,Tripura,North-East,Bikash Roy,Credit,RC-LG-01,Auto-Open Long - Maroon,Long Umbrella,24,390.0,0.01
SO000440,14-Jul-2025,Delivered,C031,Purbanchal Umbrella House,Retailer,Imphal,Manipur,North-East,Bikash Roy,Credit,RC-3F-03,Storm 3-Fold - Floral Print,3-Fold Umbrella,24,275.0,0.02
SO000268,2025-06-07,Delivered,C024,RAINBOW ENTERPRISES,Wholesaler,Dibrugarh,Assam,North-East,Bikash Roy,Credit,RC-RC-01,Shield Raincoat - Red,Raincoat,72,690.0,0.07
SO000510,29/07/2025,Delivered,C047,Teesta Trading Co.,Retailer,Bhagalpur,Bihar,,Rakesh Singh,Cash,RC-3F-07,Classic 3-Fold - Beige,3-Fold Umbrella,12 pcs,300.0,0.02
SO000094,01/05/2025,Delivered,C046,Sri Durga Traders,Distributor,Cooch Behar,West Bengal,North Bengal,Rina Das,Credit,RC-2F-03,Classic 2-Fold - Checks,2-Fold Umbrella,108,435.0,0.1
SO000279,09/06/2025,Delivered,C013,Hanuman Stores,Wholesaler,Bardhaman,West Bengal,South Bengal,Amit Sarkar,Credit,RC-RC-02,Shield Raincoat - Bottle Green,Raincoat,132,690.0,0.04
SO000697,2025-11-12,Delivered,C028,Lokenath General Store,Retailer,Silchar,Assam,North-East,Bikash Roy,Cash,RC-KD-04,Kiddo Kids - Polka Dot,Kids Umbrella,24,235.0,0.0
SO000659,24/09/2025,Delivered,C017,New Traders,Distributor,Tezpur,Assam,North-East,Bikash Roy,Credit,RC-LG-03,Storm Long - Bottle Green,Long Umbrella,144,430.0,0.09
SO000068,2025-04-22,Delivered,C048,Purbanchal Agencies,Wholesaler,Tezpur,Assam,North-East,Bikash Roy,Credit,RC-2F-01,Classic 2-Fold - Maroon,2-Fold Umbrella,36,₹310.00,0.07
SO000647,16-Sep-2025,Delivered,C014,New Traders,Distributor,Imphal,Manipur,North-East,Bikash Roy,Credit,RC-3F-05,Breeze 3-Fold - Grey,3-Fold Umbrella,96,255.0,0.09
SO000587,22/08/2025,Delivered,C046,Sri Durga Traders,Distributor,Cooch Behar,West Bengal,North Bengal,Rina Das,Credit,RC-2F-01,Classic 2-Fold - Maroon,2-Fold Umbrella,228,310.0,0.11
SO000078,25-Apr-2025,Delivered,C009,Brahmaputra General Store,Retailer,Guwahati,Assam,North-East,Bikash Roy,Cash,RC-RC-03,Shield Raincoat - Grey,Raincoat,24,740.0,0.02
SO000430,2025-07-11,Delivered,C059,Sunrise Wholesale,Wholesaler,Durgapur,West Bengal,South Bengal,Amit Sarkar,Credit,RC-RC-01,Shield Raincoat - Red,Raincoat,48 pcs,690.0,0.04
SO000725,08-Dec-2025,Delivered,C017,New Traders,Distributor,Tezpur,Assam,North-East,Bikash Roy,Credit,RC-UV-02,SunGuard UV Sun - Grey,UV Sun Umbrella,96,580.0,0.11
SO000302,13-Jun-2025,Cancelled,C052,Himalaya Traders,Wholesaler,Tezpur,Assam,North-East,Bikash Roy,Credit,RC-RC-03,Shield Raincoat - Grey,Raincoat,12,740.0,0.06
SO000482,22/07/2025,Delivered,C046,Sri Durga Traders,Distributor,Cooch Behar,West Bengal,North Bengal,Rina Das,Credit,RC-3F-06,Breeze 3-Fold - Floral Print,3-Fold Umbrella,132,260.0,0.09
SO000223,2025-05-28,Delivered,C049,Biswakarma Traders,Retailer,Calcutta,West Bengal,South Bengal,Amit Sarkar,Credit,RC-GF-01,Pro Golf - Floral Print,Golf Umbrella,36 pcs,745.0,0.01
SO000404,04-Jul-2025,Delivered,C031,Purbanchal Umbrella House,Retailer,Imphal,Manipur,North-East,Bikash Roy,Credit,RC-RC-01,Shield Raincoat - Red,Raincoat,48,690.0,0.02
SO000754,2026-01-21,Delivered,C038,Kalyani Distributors,Wholesaler,Agartala,Tripura,North-East,Bikash Roy,Credit,RC-UV-04,SunGuard UV Sun - Beige,UV Sun Umbrella,24,420.0,0.06
SO000225,29/05/2025,Delivered,C011,Sri Durga Umbrella House,Retailer,Silchar,Assam,North-East,Bikash Roy,Cash,RC-3F-06,Breeze 3-Fold - Floral Print,3-Fold Umbrella,12,260.0,0.02
SO000206,26-May-2025,Delivered,C049,Biswakarma Traders,Retailer,KOLKATA,West Bengal,South Bengal,Amit Sarkar,Credit,RC-RC-01,Shield Raincoat - Red,Raincoat,12,690.0,0.01
SO000802,2026-03-02,Delivered,C043,Modern Enterprises,Retailer,Aizawl,Mizoram,North-East,Bikash Roy,Cash,RC-UV-04,SunGuard UV Sun - Beige,UV Sun Umbrella,24,420.0,0.02
SO000609,29-Aug-2025,Delivered,C034, sai distributors,Wholesaler,Imphal,Manipur,North-East,Bikash Roy,Credit,RC-3F-02,Breeze 3-Fold - Transparent,3-Fold Umbrella,84,305.0,0.04
SO000304,14-Jun-2025,Delivered,C003,Brahmaputra Wholesale,Distributor,Tezpur,Assam,North-East,Bikash Roy,Credit,RC-2F-01,Classic 2-Fold - Maroon,2-Fold Umbrella,60 pcs,310.0,9%
SO000488,24/07/2025,Delivered,C031,Purbanchal Umbrella House,Retailer,Imphal,Manipur,North-East,Bikash Roy,Credit,RC-3F-01,Classic 3-Fold - Polka Dot,3-Fold Umbrella,72,330.0,0.02
SO000853,27/03/2026,Delivered,C057,Janata & Sons,Wholesaler,Aizawl,Mizoram,North-East,Bikash Roy,Credit,RC-LG-03,Storm Long - Bottle Green,Long Umbrella,12,430.0,0.07
SO000144,2025-05-10,Delivered,C028,Lokenath General Store,Retailer,Silchar,Assam,North-East,Bikash Roy,Cash,RC-KD-01,Kiddo Kids - Cartoon Print,Kids Umbrella,2 dz,220.0,0.01
SO000525,31-Jul-2025,Delivered,C036,Hanuman & Sons,Wholesaler,Asansol,West Bengal,South Bengal,Amit Sarkar,Credit,RC-3F-09,Classic 3-Fold - Black,3-Fold Umbrella,72,205.0,0.04
SO000005,02/04/2025,Delivered,C055,Sonali Traders,Retailer,Bardhaman,West Bengal,South Bengal,Amit Sarkar,Cash,RC-UV-04,SunGuard UV Sun - Beige,UV Sun Umbrella,12,420.0,0.01
SO000582,2025-08-20,Delivered,C039,Modern Stores,Distributor,Jalpaiguri,West Bengal,North Bengal,Rina Das,Credit,RC-2F-05,Breeze 2-Fold - Grey,2-Fold Umbrella,48,375.0,0.11
SO000234,30-May-2025,Delivered,C041,New Enterprises,Distributor,Agartala,Tripura,North-East,Bikash Roy,Credit,RC-LG-02,Storm Long - Grey,Long Umbrella,216,385.0,0.1
SO000793,20/02/2026,Delivered,C029,City Stores,Retailer,Durgapur,West Bengal,South Bengal,Amit Sarkar,Cash,RC-UV-04,SunGuard UV Sun - Beige,UV Sun Umbrella,36,₹420.00,0.03
SO000540,2025-08-05,Delivered,C021,City Traders,Wholesaler,Bhubaneshwar,Odisha,Other East,Rakesh Singh,Credit,RC-3F-06,Breeze 3-Fold - Floral Print,3-Fold Umbrella,60,260.0,5%
SO000205,26-May-2025,Delivered,C003,Brahmaputra Wholesale,Distributor,Tezpur,Assam,North-East,Bikash Roy,Credit,RC-UV-04,SunGuard UV Sun - Beige,UV Sun Umbrella,180,420.0,0.11
SO000234,2025-05-30,Delivered,C041,New Enterprises,Distributor,Agartala,Tripura,North-East,Bikash Roy,Credit,RC-3F-08,Compact 3-Fold - Checks,3-Fold Umbrella,204,295.0,0.1
SO000140,2025-05-10,Delivered,C010,Ganga Bastralaya,Wholesaler,Jorhat,Assam,North-East,Bikash Roy,Credit,RC-3F-03,Storm 3-Fold - Floral Print,3-Fold Umbrella,84,275.0,0.04
SO000531,2025-08-01,Delivered,C028,Lokenath General Store,Retailer,Silchar,Assam,North-East,Bikash Roy,Cash,RC-3F-04,Compact 3-Fold - Navy Blue,3-Fold Umbrella,12,345.0,0.01
SO000523,2025-07-31,Delivered,C034,Sai Distributors  ,Wholesaler,Imphal,Manipur,North-East,Bikash Roy,Credit,RC-2F-01,Classic 2-Fold - Maroon,2-Fold Umbrella,36,310.0,0.05
SO000846,24/03/2026,Delivered,C034,Sai Distributors,Wholesaler,Imphal,Manipur,North-East,Bikash Roy,Credit,RC-3F-01,Classic 3-Fold - Polka Dot,3-Fold Umbrella,48 pcs,330.0,0.04
SO000588,2025-08-23,Delivered,C028,Lokenath General Store,Retailer,Silchar,Assam,North-East,Bikash Roy,Cash,RC-3F-01,Classic 3-Fold - Polka Dot,3-Fold Umbrella,1 dz,330.0,0.01
SO000519,31-Jul-2025,Delivered,C010,Ganga Bastralaya,Wholesaler,Jorhat,Assam,North-East,Bikash Roy,Credit,RC-RC-01,Shield Raincoat - Red,Raincoat,96,690.0,0.06
SO000802,02-Mar-2026,Delivered,C043,Modern Enterprises,Retailer,Aizawl,Mizoram,North-East,Bikash Roy,Cash,RC-UV-03,SunGuard UV Sun - Checks,UV Sun Umbrella,12,445.0,0.02
SO000134,2025-05-08,Delivered,C048,Purbanchal Agencies,Wholesaler,Tezpur,Assam,North-East,Bikash Roy,Credit,RC-LG-03,Storm Long - Bottle Green,Long Umbrella,72,430.0,0.04
SO000554,2025-08-08,Delivered,C013,Hanuman Stores,Wholesaler,Bardhaman,West Bengal,South Bengal,Amit Sarkar,Credit,RC-LG-05,Storm Long - Checks,Long Umbrella,96,345.0,0.04
SO000216,27/05/2025,Delivered,C059,Sunrise Wholesale,Wholesaler,Durgapur,West Bengal,South Bengal,Amit Sarkar,Credit,RC-LG-05,Storm Long - Checks,Long Umbrella,48,345.0,0.07
SO000624,2025-09-04,Delivered,C021,City Traders,Wholesaler,Bhubaneshwar,Odisha,Other East,Rakesh Singh,Credit,RC-3F-04,Compact 3-Fold - Navy Blue,3-Fold Umbrella,48,345.0,0.06
SO000478,2025-07-22,Delivered,C003,Brahmaputra Wholesale,Distributor,Tezpur,Assam,North-East,Bikash Roy,Credit,RC-LG-02,Storm Long - Grey,Long Umbrella,6 dz,385.0,0.11
SO000478,2025-07-22,Delivered,C003,Brahmaputra Wholesale,Distributor,Tezpur,Assam,North-East,Bikash Roy,Credit,RC-3F-01,Classic 3-Fold - Polka Dot,3-Fold Umbrella,72,330.0,0.09
SO000226,29-May-2025,Delivered,C016,Krishna Emporium,Retailer,Guwahati,Assam,North-East,Bikash Roy,Cash,RC-RC-02,Shield Raincoat - Bottle Green,Raincoat,12,690.0,0.0
SO000224,2025-05-29,Delivered,C007,Biswakarma Bazaar,Wholesaler,Malda,West Bengal,North Bengal,Rina Das,Credit,RC-RC-01,Shield Raincoat - Red,Raincoat,60,690.0,0.07
SO000735,18/12/2025,Delivered,C041,NEW ENTERPRISES,Distributor,Agartala,Tripura,North-East,Bikash Roy,Credit,RC-UV-01,SunGuard UV Sun - Maroon,UV Sun Umbrella,300,375.0,0.08
SO000098,02/05/2025,Delivered,C013,Hanuman Stores,Wholesaler,Bardhaman,West Bengal,South Bengal,Amit Sarkar,Credit,RC-RC-01,Shield Raincoat - Red,Raincoat,36 pcs,690.0,0.04
SO000698,12/11/2025,Delivered,C041,New Enterprises,Distributor,Agartala,Tripura,North-East,Bikash Roy,Credit,RC-3F-08,Compact 3-Fold - Checks,3-Fold Umbrella,156,₹295.00,0.08
SO000561,11/08/2025,Delivered,C013,Hanuman Stores,Wholesaler,Bardhaman,West Bengal,South Bengal,Amit Sarkar,Credit,RC-2F-02,Breeze 2-Fold - Red,2-Fold Umbrella,6 dz,290.0,0.06
SO000630,08/09/2025,Delivered,C031,Purbanchal Umbrella House,Retailer,Imphal,Manipur,North-East,Bikash Roy,Credit,RC-2F-02,Breeze 2-Fold - Red,2-Fold Umbrella,2 dz,290.0,0.01
SO000128,07/05/2025,Delivered,C041,New Enterprises,Distributor,Agartala,Tripura,North-East,Bikash Roy,Credit,RC-RC-03,Shield Raincoat - Grey,Raincoat,72,740.0,0.08
SO000574,2025-08-16,Delivered,C041,New Enterprises,Distributor,Agartala,Tripura,North-East,Bikash Roy,Credit,RC-3F-05,Breeze 3-Fold - Grey,3-Fold Umbrella,132,255.0,0.11
SO000411,07/07/2025,Delivered,C022,Sonali Stores,Retailer,Jamshedpur,Jharkhand,Other East,Rakesh Singh,Credit,RC-RC-01,Shield Raincoat - Red,Raincoat,36,690.0,0.0
SO000249,03/06/2025,Delivered,C041,New Enterprises,Distributor,Agartala,Tripura,North-East,Bikash Roy,Credit,RC-RC-02,Shield Raincoat - Bottle Green,Raincoat,180,690.0,0.11
SO000692,05/11/2025,Delivered,C013,Hanuman Stores,Wholesaler,Bardhaman,West Bengal,South Bengal,Amit Sarkar,Credit,RC-UV-01,SunGuard UV Sun - Maroon,UV Sun Umbrella,72,375.0,0.05
SO000583,2025-08-20,Delivered,C049,Biswakarma Traders,Retailer,kolkata ,West Bengal,South Bengal,Amit Sarkar,Credit,RC-2F-01,Classic 2-Fold - Maroon,2-Fold Umbrella,60,310.0,0.0
SO000750,12/01/2026,Delivered,C040,Krishna Distributors,Retailer,Patna,Bihar,Other East,Rakesh Singh,Credit,RC-3F-04,Compact 3-Fold - Navy Blue,3-Fold Umbrella,24,345.0,0.02
SO000011,2025-04-04,Delivered,C038,Kalyani Distributors,Wholesaler,Agartala,Tripura,North-East,Bikash Roy,Credit,RC-GF-01,Pro Golf - Floral Print,Golf Umbrella,12,745.0,0.07
SO000233,2025-05-30,Delivered,C031,Purbanchal Umbrella House,Retailer,Imphal,Manipur,North-East,Bikash Roy,Credit,RC-2F-06,Breeze 2-Fold - Floral Print,2-Fold Umbrella,72,270.0,0.03
SO000406,04/07/2025,Delivered,C051,Sai Traders,Retailer,Asansol,West Bengal,South Bengal,Amit Sarkar,Cash,RC-KD-01,Kiddo Kids - Cartoon Print,Kids Umbrella,12,220.0,0.02
SO000111,2025-05-05,Delivered,C012,SONALI MARKETING,Wholesaler,Ranchi,Jharkhand,Other East,Rakesh Singh,Credit,RC-3F-06,Breeze 3-Fold - Floral Print,3-Fold Umbrella,24,260.0,0.04
SO000115,2025-05-05,Delivered,C041,New Enterprises,Distributor,Agartala,Tripura,North-East,Bikash Roy,Credit,RC-3F-05,Breeze 3-Fold - Grey,3-Fold Umbrella,276,255.0,0.09
SO000689,2025-11-03,Delivered,C027,Kalyani General Store,Retailer,Asansol,West Bengal,South Bengal,Amit Sarkar,Cash,RC-RC-03,Shield Raincoat - Grey,Raincoat,12,740.0,0.03
SO000187,2025-05-21,Delivered,C003,Brahmaputra Wholesale,Distributor,Tezpur,Assam,North-East,Bikash Roy,Credit,RC-UV-03,SunGuard UV Sun - Checks,UV Sun Umbrella,60,445.0,0.12
SO000056,19/04/2025,Delivered,C017,New Traders,Distributor,Tezpur,Assam,North-East,Bikash Roy,Credit,RC-2F-05,Breeze 2-Fold - Grey,2-Fold Umbrella,180,375.0,0.11
SO000788,2026-02-18,Delivered,C024,Rainbow Enterprises,Wholesaler,Dibrugarh,Assam,North-East,Bikash Roy,Credit,RC-3F-01,Classic 3-Fold - Polka Dot,3-Fold Umbrella,156,330.0,0.04
SO000318,16/06/2025,Delivered,C041,New Enterprises,Distributor,Agartala,Tripura,North-East,Bikash Roy,Credit,RC-KD-01,Kiddo Kids - Cartoon Print,Kids Umbrella,300,220.0,0.09
SO000320,2025-06-17,Delivered,C006, modern stores,Wholesaler,Howrah,West Bengal,South Bengal,Amit Sarkar,Credit,RC-3F-06,Breeze 3-Fold - Floral Print,3-Fold Umbrella,24,260.0,0.04
SO000643,13-Sep-2025,Delivered,C054,Lokenath Agencies  ,Retailer,Kharagpur,West Bengal,South Bengal,Amit Sarkar,Credit,RC-3F-07,Classic 3-Fold - Beige,3-Fold Umbrella,1 dz,300.0,0.03
SO000124,06/05/2025,Delivered,C049,Biswakarma Traders,Retailer,Kolkata,West Bengal,South Bengal,Amit Sarkar,Credit,RC-RC-05,Shield Raincoat - Polka Dot,Raincoat,60,655.0,0.0
SO000399,03-Jul-2025,Delivered,C036,Hanuman & Sons,Wholesaler,Asansol,West Bengal,South Bengal,Amit Sarkar,Credit,RC-LG-02,Storm Long - Grey,Long Umbrella,48,385.0,4%
SO000776,12-Feb-2026,Delivered,C045, krishna umbrella house,Wholesaler,Kharagpur,West Bengal,South Bengal,Amit Sarkar,Credit,RC-UV-05,SunGuard UV Sun - Transparent,UV Sun Umbrella,36,525.0,0.04
SO000588,23/08/2025,Delivered,C028,Lokenath General Store,Retailer,Silchar,Assam,North-East,Bikash Roy,Cash,RC-RC-03,Shield Raincoat - Grey,Raincoat,12 pcs,₹740.00,0.02
SO000063,21/04/2025,Delivered,C041,New Enterprises,Distributor,Agartala,Tripura,North-East,Bikash Roy,Credit,RC-3F-04,Compact 3-Fold - Navy Blue,3-Fold Umbrella,10 dz,345.0,0.09
SO000438,14/07/2025,Delivered,C014,New Traders,Distributor,Imphal,Manipur,North-East,Bikash Roy,Credit,RC-2F-01,Classic 2-Fold - Maroon,2-Fold Umbrella,132,310.0,0.09
SO000388,01/07/2025,Delivered,C037,Hanuman Marketing  ,Retailer,Dimapur,Nagaland,North-East,Bikash Roy,Credit,RC-GF-01,Pro Golf - Floral Print,Golf Umbrella,48,745.0,0.01
SO000206,2025-05-26,Delivered,C049,Biswakarma Traders,Retailer,Kolkata,West Bengal,South Bengal,Amit Sarkar,Credit,RC-UV-01,SunGuard UV Sun - Maroon,UV Sun Umbrella,12,375.0,0.01
SO000232,2025-05-30,Delivered,C028,Lokenath General Store,Retailer,Silchar,Assam,North-East,Bikash Roy,Cash,RC-UV-04,SunGuard UV Sun - Beige,UV Sun Umbrella,36,420.0,0.01
SO000500,28/07/2025,Delivered,C030,Star Enterprises,Wholesaler,Shillong,Meghalaya,North-East,Bikash Roy,Credit,RC-KD-03,Kiddo Kids - Sky Blue,Kids Umbrella,12,185.0,0.04
SO000632,2025-09-09,Delivered,C046,Sri Durga Traders,Distributor,Cooch Behar,West Bengal,North Bengal,Rina Das,Credit,RC-2F-03,Classic 2-Fold - Checks,2-Fold Umbrella,192,435.0,0.1
SO000068,2025-04-22,Delivered,C048,Purbanchal Agencies  ,Wholesaler,Tezpur,Assam,North-East,Bikash Roy,Credit,RC-UV-03,SunGuard UV Sun - Checks,UV Sun Umbrella,84,445.0,0.03
SO000685,24/10/2025,Delivered,C041,New Enterprises,Distributor,Agartala,Tripura,North-East,Bikash Roy,Credit,RC-3F-03,Storm 3-Fold - Floral Print,3-Fold Umbrella,132,₹275.00,0.1
SO000148,10-May-2025,Delivered,C041, new enterprises,Distributor,Agartala,Tripura,North-East,Bikash Roy,Credit,RC-3F-07,Classic 3-Fold - Beige,3-Fold Umbrella,72 pcs,300.0,0.09
SO000141,10/05/2025,Delivered,C014,New Traders,Distributor,Imphal,Manipur,North-East,Bikash Roy,Credit,RC-UV-02,SunGuard UV Sun - Grey,UV Sun Umbrella,108,580.0,0.12
SO000688,2025-10-30,Delivered,C052,Himalaya Traders,Wholesaler,Tezpur,Assam,North-East,Bikash Roy,Credit,RC-3F-02,Breeze 3-Fold - Transparent,3-Fold Umbrella,36,305.0,0.04
SO000301,2025-06-13,Cancelled,C049,Biswakarma Traders,Retailer,Kolkata,West Bengal,South Bengal,Amit Sarkar,Credit,RC-KD-04,Kiddo Kids - Polka Dot,Kids Umbrella,12,235.0,0.02
SO000574,16-Aug-2025,Delivered,C041,New Enterprises,Distributor,Agartala,Tripura,North-East,Bikash Roy,Credit,RC-KD-01,Kiddo Kids - Cartoon Print,Kids Umbrella,216,220.0,0.1
SO000341,19/06/2025,Delivered,C053,Rupali Wholesale,Retailer,Jalpaiguri,West Bengal,North Bengal,Rina Das,Credit,RC-UV-04,SunGuard UV Sun - Beige,UV Sun Umbrella,24,420.0,0.0
SO000664,26-Sep-2025,Delivered,C014,New Traders,Distributor,Imphal,Manipur,North-East,Bikash Roy,Credit,RC-UV-04,SunGuard UV Sun - Beige,UV Sun Umbrella,120,420.0,0.09
SO000311,2025-06-16,Delivered,C003,Brahmaputra Wholesale,Distributor,Tezpur,Assam,North-East,Bikash Roy,Credit,RC-3F-06,Breeze 3-Fold - Floral Print,3-Fold Umbrella,168,260.0,0.1
SO000343,2025-06-20,Delivered,C005,Jai Hind Umbrella House,Retailer,Cuttack,Odisha,Other East,Rakesh Singh,Cash,RC-3F-05,Breeze 3-Fold - Grey,3-Fold Umbrella,12,255.0,0.01
SO000188,21-May-2025,Delivered,C012,Sonali Marketing,Wholesaler,Ranchi,Jharkhand,Other East,Rakesh Singh,Credit,RC-3F-07,Classic 3-Fold - Beige,3-Fold Umbrella,12,300.0,0.04
SO000577,2025-08-18,Delivered,C034,Sai Distributors,Wholesaler,Imphal,Manipur,North-East,Bikash Roy,Credit,RC-3F-10,Compact 3-Fold - Red,3-Fold Umbrella,84,260.0,0.05
SO000103,2025-05-02,Delivered,C046,Sri Durga Traders,Distributor,Cooch Behar,West Bengal,North Bengal,Rina Das,Credit,RC-3F-01,Classic 3-Fold - Polka Dot,3-Fold Umbrella,288,330.0,0.08
SO000749,10-Jan-2026,Delivered,C048,Purbanchal Agencies,Wholesaler,Tezpur,Assam,North-East,Bikash Roy,Credit,RC-3F-09,Classic 3-Fold - Black,3-Fold Umbrella,72,205.0,0.04
SO000101,2025-05-02,Delivered,C017,New Traders,Distributor,Tezpur,Assam,North-East,Bikash Roy,Credit,RC-LG-01,Auto-Open Long - Maroon,Long Umbrella,120,390.0,0.1
SO000174,19/05/2025,Delivered,C017,New Traders,Distributor,Tezpur,Assam,North-East,Bikash Roy,Credit,RC-LG-05,Storm Long - Checks,Long Umbrella,144,345.0,0.09
SO000236,31/05/2025,Delivered,C033,Krishna Distributors,Retailer,Jalpaiguri,West Bengal,North Bengal,Rina Das,Credit,RC-2F-02,Breeze 2-Fold - Red,2-Fold Umbrella,24,290.0,0.03
SO000416,09/07/2025,Delivered,C010,Ganga Bastralaya,Wholesaler,Jorhat,Assam,North-East,Bikash Roy,Credit,RC-RC-01,Shield Raincoat - Red,Raincoat,24,690.0,0.03
SO000450,16/07/2025,Delivered,C036,Hanuman & Sons,Wholesaler,Asansol,West Bengal,South Bengal,Amit Sarkar,Credit,RC-RC-01,Shield Raincoat - Red,Raincoat,24,690.0,0.03
SO000791,19-Feb-2026,Delivered,C014,New Traders,Distributor,Imphal,Manipur,North-East,Bikash Roy,Credit,RC-UV-02,SunGuard UV Sun - Grey,UV Sun Umbrella,48,580.0,0.1
SO000257,2025-06-05,Delivered,C006,Modern Stores,Wholesaler,Howrah,West Bengal,South Bengal,Amit Sarkar,Credit,RC-RC-01,Shield Raincoat - Red,Raincoat,60,690.0,0.07
SO000232,30-May-2025,Delivered,C028,Lokenath General Store,Retailer,Silchar,Assam,North-East,Bikash Roy,Cash,RC-3F-04,Compact 3-Fold - Navy Blue,3-Fold Umbrella,12,345.0,0.02
SO000582,20/08/2025,Delivered,C039,Modern Stores,Distributor,Jalpaiguri,West Bengal,North Bengal,Rina Das,Credit,RC-KD-04,Kiddo Kids - Polka Dot,Kids Umbrella,144,235.0,0.08
SO000415,2025-07-08,Delivered,C056,Bharat Wholesale,Retailer,Siliguri,West Bengal,North Bengal,Rina Das,Cash,RC-3F-06,Breeze 3-Fold - Floral Print,3-Fold Umbrella,24,260.0,0.03
SO000475,21/07/2025,Delivered,C034,Sai Distributors,Wholesaler,Imphal,Manipur,North-East,Bikash Roy,Credit,RC-KD-04,Kiddo Kids - Polka Dot,Kids Umbrella,60,₹235.00,0.04
SO000542,2025-08-05,Delivered,C048,Purbanchal Agencies,Wholesaler,Tezpur,Assam,North-East,Bikash Roy,Credit,RC-3F-06,Breeze 3-Fold - Floral Print,3-Fold Umbrella,24,₹260.00,0.06
SO000698,12/11/2025,Delivered,C041,New Enterprises,Distributor,Agartala,Tripura,North-East,Bikash Roy,Credit,RC-3F-05,Breeze 3-Fold - Grey,3-Fold Umbrella,264,255.0,0.1
SO000152,12-May-2025,Delivered,C013,Hanuman Stores,Wholesaler,Bardhaman,West Bengal,South Bengal,Amit Sarkar,Credit,RC-UV-04,SunGuard UV Sun - Beige,UV Sun Umbrella,60,420.0,0.05
SO000183,20/05/2025,Delivered,C041,New Enterprises,Distributor,Agartala,Tripura,North-East,Bikash Roy,Credit,RC-3F-03,Storm 3-Fold - Floral Print,3-Fold Umbrella,264,275.0,0.1
SO000350,21/06/2025,Cancelled,C041,New Enterprises,Distributor,Agartala,Tripura,North-East,Bikash Roy,Credit,RC-3F-06,Breeze 3-Fold - Floral Print,3-Fold Umbrella,276 pcs,260.0,0.12
SO000833,16-Mar-2026,Delivered,C025,Modern Stores,Retailer,Silchar,Assam,North-East,Bikash Roy,Credit,RC-RC-02,Shield Raincoat - Bottle Green,Raincoat,12,690.0,0.01
SO000813,07/03/2026,Delivered,C056,Bharat Wholesale,Retailer,Siliguri,West Bengal,North Bengal,Rina Das,Cash,RC-UV-04,SunGuard UV Sun - Beige,UV Sun Umbrella,24,420.0,0.01
SO000161,2025-05-14,Delivered,C034,Sai Distributors,Wholesaler,Imphal,Manipur,North-East,Bikash Roy,Credit,RC-RC-02,Shield Raincoat - Bottle Green,Raincoat,48,690.0,0.03
SO000556,09/08/2025,Delivered,C003,Brahmaputra Wholesale,Distributor,Tezpur,Assam,North-East,Bikash Roy,Credit,RC-2F-03,Classic 2-Fold - Checks,2-Fold Umbrella,180,435.0,0.09
SO000674,2025-10-07,Delivered,C039,Modern Stores  ,Distributor,Jalpaiguri,West Bengal,North Bengal,Rina Das,Credit,RC-UV-04,SunGuard UV Sun - Beige,UV Sun Umbrella,156,420.0,0.09
SO000238,31/05/2025,Delivered,C041,New Enterprises,Distributor,Agartala,Tripura,North-East,Bikash Roy,Credit,RC-2F-04,Classic 2-Fold - Red,2-Fold Umbrella,300,310.0,0.12
SO000010,2025-04-04,Delivered,C031,Purbanchal Umbrella House,Retailer,Imphal,Manipur,North-East,Bikash Roy,Credit,RC-UV-03,SunGuard UV Sun - Checks,UV Sun Umbrella,72,445.0,0.01
SO000848,25/03/2026,Delivered,C013,Hanuman Stores,Wholesaler,Bardhaman,West Bengal,South Bengal,Amit Sarkar,Credit,RC-2F-01,Classic 2-Fold - Maroon,2-Fold Umbrella,36,310.0,0.05
SO000022,08-Apr-2025,Delivered,C015,MODERN TRADERS,Retailer,Asansol,West Bengal,South Bengal,Amit Sarkar,Cash,RC-UV-01,SunGuard UV Sun - Maroon,UV Sun Umbrella,12,375.0,0.01
SO000129,2025-05-07,Delivered,C058,Lokenath General Store,Wholesaler,Haora,West Bengal,South Bengal,Amit Sarkar,Credit,RC-3F-10,Compact 3-Fold - Red,3-Fold Umbrella,7 dz,260.0,0.04
SO000184,2025-05-20,Delivered,C044,Maa Tara Wholesale,Retailer,Itanagar,Arunachal Pradesh,North-East,Bikash Roy,Cash,RC-3F-04,Compact 3-Fold - Navy Blue,3-Fold Umbrella,24,345.0,0.01
SO000677,2025-10-10,Delivered,C013,Hanuman Stores,Wholesaler,Bardhaman,West Bengal,South Bengal,Amit Sarkar,Credit,RC-2F-03,Classic 2-Fold - Checks,2-Fold Umbrella,36,435.0,5%
SO000420,2025-07-09,Delivered,C028,Lokenath General Store,Retailer,Silchar,Assam,North-East,Bikash Roy,Cash,RC-3F-10,Compact 3-Fold - Red,3-Fold Umbrella,36,260.0,1%
SO000146,10-May-2025,Delivered,C034,Sai Distributors,Wholesaler,Imphal,Manipur,North-East,Bikash Roy,Credit,RC-UV-02,SunGuard UV Sun - Grey,UV Sun Umbrella,36,580.0,0.05
SO000045,16-Apr-2025,Delivered,C003,Brahmaputra Wholesale,Distributor,Tezpur,Assam,North-East,Bikash Roy,Credit,RC-3F-07,Classic 3-Fold - Beige,3-Fold Umbrella,96,300.0,0.1
SO000262,2025-06-06,Delivered,C008,Popular & Sons,Retailer,Durgapur,West Bengal,South Bengal,Amit Sarkar,Credit,RC-LG-05,Storm Long - Checks,Long Umbrella,24,345.0,0.03
SO000447,15/07/2025,Delivered,C036,Hanuman & Sons,Wholesaler,Asansol,West Bengal,South Bengal,Amit Sarkar,Credit,RC-2F-01,Classic 2-Fold - Maroon,2-Fold Umbrella,36,310.0,0.07
SO000754,2026-01-21,Delivered,C038,Kalyani Distributors  ,Wholesaler,Agartala,Tripura,North-East,Bikash Roy,Credit,RC-3F-10,Compact 3-Fold - Red,3-Fold Umbrella,24,₹260.00,0.05
SO000028,2025-04-09,Delivered,C003,Brahmaputra Wholesale,Distributor,Tezpur,Assam,North-East,Bikash Roy,Credit,RC-UV-04,SunGuard UV Sun - Beige,UV Sun Umbrella,240,420.0,0.08
SO000458,17/07/2025,Delivered,C039,Modern Stores,Distributor,Jalpaiguri,West Bengal,North Bengal,Rina Das,Credit,RC-2F-05,Breeze 2-Fold - Grey,2-Fold Umbrella,132,375.0,0.09
SO000212,2025-05-27,Delivered,C025,Modern Stores,Retailer,Silchar,Assam,North-East,Bikash Roy,Credit,RC-UV-04,SunGuard UV Sun - Beige,UV Sun Umbrella,12,420.0,0.0
SO000450,16-Jul-2025,Delivered,C036,Hanuman & Sons,Wholesaler,Asansol,West Bengal,South Bengal,Amit Sarkar,Credit,RC-KD-04,Kiddo Kids - Polka Dot,Kids Umbrella,12,235.0,0.04
SO000003,01/04/2025,Delivered,C034,Sai Distributors,Wholesaler,Imphal,Manipur,North-East,Bikash Roy,Credit,RC-RC-01,Shield Raincoat - Red,Raincoat,48,690.0,0.04
SO000171,16-May-2025,Delivered,C010,Ganga Bastralaya,Wholesaler,Jorhat,Assam,North-East,Bikash Roy,Credit,RC-3F-08,Compact 3-Fold - Checks,3-Fold Umbrella,24,295.0,0.07
SO000170,15/05/2025,Delivered,C046,Sri Durga Traders,Distributor,Cooch Behar,West Bengal,North Bengal,Rina Das,Credit,RC-3F-06,Breeze 3-Fold - Floral Print,3-Fold Umbrella,168,260.0,0.11
SO000098,02/05/2025,Delivered,C013,Hanuman Stores,Wholesaler,Bardhaman,West Bengal,South Bengal,Amit Sarkar,Credit,RC-GF-01,Pro Golf - Floral Print,Golf Umbrella,36,₹745.00,6%
SO000702,15-Nov-2025,Delivered,C046, sri durga traders,Distributor,Cooch Behar,West Bengal,North Bengal,Rina Das,Credit,RC-3F-05,Breeze 3-Fold - Grey,3-Fold Umbrella,72,255.0,0.09
SO000448,15/07/2025,Delivered,C041,New Enterprises,Distributor,Agartala,Tripura,North-East,Bikash Roy,Credit,RC-LG-05,Storm Long - Checks,Long Umbrella,120,345.0,0.09
SO000374,27/06/2025,Delivered,C007,Biswakarma Bazaar,Wholesaler,Malda,West Bengal,North Bengal,Rina Das,Credit,RC-GF-01,Pro Golf - Floral Print,Golf Umbrella,24,745.0,5%
SO000509,2025-07-29,Delivered,C041,NEW ENTERPRISES,Distributor,Agartala,Tripura,North-East,Bikash Roy,Credit,RC-KD-01,Kiddo Kids - Cartoon Print,Kids Umbrella,264,220.0,0.09
SO000437,2025-07-14,Delivered,C010,Ganga Bastralaya,Wholesaler,Jorhat,Assam,North-East,Bikash Roy,Credit,RC-RC-02,Shield Raincoat - Bottle Green,Raincoat,84,₹690.00,0.05
SO000825,12/03/2026,Delivered,C036,Hanuman & Sons,Wholesaler,Asansol,West Bengal,South Bengal,Amit Sarkar,Credit,RC-3F-07,Classic 3-Fold - Beige,3-Fold Umbrella,24,300.0,0.03
SO000329,18-Jun-2025,Delivered,C033,Krishna Distributors,Retailer,Jalpaiguri,West Bengal,North Bengal,Rina Das,Credit,RC-2F-01,Classic 2-Fold - Maroon,2-Fold Umbrella,24,310.0,0%
SO000306,14/06/2025,Delivered,C024,Rainbow Enterprises,Wholesaler,Dibrugarh,Assam,North-East,Bikash Roy,Credit,RC-KD-04,Kiddo Kids - Polka Dot,Kids Umbrella,36,235.0,7%
SO000805,04/03/2026,Delivered,C036,Hanuman & Sons,Wholesaler,Asansol,West Bengal,South Bengal,Amit Sarkar,Credit,RC-UV-02,SunGuard UV Sun - Grey,UV Sun Umbrella,36,580.0,0.04
SO000259,05/06/2025,Cancelled,C041,New Enterprises,Distributor,Agartala,Tripura,North-East,Bikash Roy,Credit,RC-3F-12,Compact 3-Fold - Floral Print,3-Fold Umbrella,240,300.0,0.09
SO000656,23-Sep-2025,Delivered,C006,Modern Stores,Wholesaler,Howrah,West Bengal,South Bengal,Amit Sarkar,Credit,RC-RC-01,Shield Raincoat - Red,Raincoat,132,690.0,0.05
SO000361,24/06/2025,Delivered,C012,Sonali Marketing,Wholesaler,Ranchi,Jharkhand,Other East,Rakesh Singh,Credit,RC-3F-01,Classic 3-Fold - Polka Dot,3-Fold Umbrella,72,330.0,0.05
SO000342,19/06/2025,Delivered,C060,MODERN MARKETING,Retailer,Durgapur,West Bengal,South Bengal,Amit Sarkar,Credit,RC-UV-04,SunGuard UV Sun - Beige,UV Sun Umbrella,12 pcs,420.0,0.03
SO000673,07/10/2025,Delivered,C021,City Traders,Wholesaler,Bhubaneshwar,Odisha,Other East,Rakesh Singh,Credit,RC-GF-01,Pro Golf - Floral Print,Golf Umbrella,36,745.0,0.04
SO000671,06-Oct-2025,Delivered,C017,New Traders,Distributor,Tezpur,Assam,North-East,Bikash Roy,Credit,RC-UV-02,SunGuard UV Sun - Grey,UV Sun Umbrella,108,580.0,0.1
SO000148,10-May-2025,Delivered,C041,New Enterprises,Distributor,Agartala,Tripura,North-East,Bikash Roy,Credit,RC-3F-03,Storm 3-Fold - Floral Print,3-Fold Umbrella,264,275.0,0.1
SO000442,14-Jul-2025,Delivered,C059,Sunrise Wholesale,Wholesaler,Durgapur,West Bengal,South Bengal,Amit Sarkar,Credit,RC-RC-05,Shield Raincoat - Polka Dot,Raincoat,84,655.0,0.05
SO000130,08-May-2025,Delivered,C003,Brahmaputra Wholesale,Distributor,Tezpur,Assam,North-East,Bikash Roy,Credit,RC-3F-01,Classic 3-Fold - Polka Dot,3-Fold Umbrella,252,330.0,0.09
SO000649,16/09/2025,Delivered,C052,Himalaya Traders,Wholesaler,Tezpur,Assam,North-East,Bikash Roy,Credit,RC-KD-01,Kiddo Kids - Cartoon Print,Kids Umbrella,72,220.0,0.06
SO000035,2025-04-10,Delivered,C046,Sri Durga Traders,Distributor,Cooch Behar,West Bengal,North Bengal,Rina Das,Credit,RC-3F-08,Compact 3-Fold - Checks,3-Fold Umbrella,192 pcs,295.0,0.08
SO000460,17-Jul-2025,Delivered,C048,PURBANCHAL AGENCIES,Wholesaler,Tezpur,Assam,North-East,Bikash Roy,Credit,RC-RC-05,Shield Raincoat - Polka Dot,Raincoat,36,655.0,5%
SO000612,30/08/2025,Delivered,C006,Modern Stores,Wholesaler,Haora,West Bengal,South Bengal,Amit Sarkar,Credit,RC-3F-04,Compact 3-Fold - Navy Blue,3-Fold Umbrella,60,345.0,0.03
SO000543,05/08/2025,Delivered,C055, sonali traders,Retailer,Bardhaman,West Bengal,South Bengal,Amit Sarkar,Cash,RC-LG-06,Heritage Long - Maroon,Long Umbrella,12,570.0,0.02
SO000449,2025-07-16,Delivered,C024,Rainbow Enterprises,Wholesaler,Dibrugarh,Assam,North-East,Bikash Roy,Credit,RC-UV-02,SunGuard UV Sun - Grey,UV Sun Umbrella,156,580.0,0.04
SO000609,29/08/2025,Delivered,C034,Sai Distributors,Wholesaler,Imphal,Manipur,North-East,Bikash Roy,Credit,RC-GF-01,Pro Golf - Floral Print,Golf Umbrella,96,745.0,0.04
SO000692,2025-11-05,Delivered,C013,Hanuman Stores,Wholesaler,Bardhaman,West Bengal,South Bengal,Amit Sarkar,Credit,RC-KD-04,Kiddo Kids - Polka Dot,Kids Umbrella,132,235.0,0.07
SO000593,2025-08-25,Delivered,C006,Modern Stores,Wholesaler,Howrah,West Bengal,South Bengal,Amit Sarkar,Credit,RC-KD-04,Kiddo Kids - Polka Dot,Kids Umbrella,96,235.0,0.05
SO000054,18/04/2025,Delivered,C056,Bharat Wholesale,Retailer,Siliguri,West Bengal,North Bengal,Rina Das,Cash,RC-KD-04,Kiddo Kids - Polka Dot,Kids Umbrella,12,235.0,0.02
SO000321,2025-06-17,Delivered,C014,New Traders,Distributor,Imphal,Manipur,North-East,Bikash Roy,Credit,RC-3F-01,Classic 3-Fold - Polka Dot,3-Fold Umbrella,72,330.0,0.08
SO000482,22/07/2025,Delivered,C046,Sri Durga Traders  ,Distributor,Cooch Behar,West Bengal,North Bengal,Rina Das,Credit,RC-RC-01,Shield Raincoat - Red,Raincoat,216 pcs,690.0,0.1
SO000335,19-Jun-2025,Delivered,C033,Krishna Distributors,Retailer,Jalpaiguri,West Bengal,North Bengal,Rina Das,Credit,RC-RC-01,Shield Raincoat - Red,Raincoat,12,690.0,0.02
SO000045,2025-04-16,Delivered,C003,Brahmaputra Wholesale,Distributor,Tezpur,Assam,North-East,Bikash Roy,Credit,RC-3F-02,Breeze 3-Fold - Transparent,3-Fold Umbrella,120,305.0,0.08
SO000203,2025-05-24,Delivered,C032,Modern Bazaar,Retailer,Jamshedpur,Jharkhand,Other East,Rakesh Singh,Cash,RC-RC-01,Shield Raincoat - Red,Raincoat,24,690.0,0.02
SO000568,13-Aug-2025,Delivered,C011,Sri Durga Umbrella House,Retailer,Silchar,Assam,North-East,Bikash Roy,Cash,RC-KD-04,Kiddo Kids - Polka Dot,Kids Umbrella,12,235.0,0.03
SO000792,19/02/2026,Delivered,C030,Star Enterprises,Wholesaler,Shillong,Meghalaya,North-East,Bikash Roy,Credit,RC-UV-03,SunGuard UV Sun - Checks,UV Sun Umbrella,48,445.0,0.03
SO000850,2026-03-26,Delivered,C024,Rainbow Enterprises,Wholesaler,Dibrugarh,Assam,North-East,Bikash Roy,Credit,RC-RC-02,Shield Raincoat - Bottle Green,Raincoat,120,690.0,0.04
SO000335,2025-06-19,Delivered,C033,Krishna Distributors,Retailer,Jalpaiguri,West Bengal,North Bengal,Rina Das,Credit,RC-3F-04,Compact 3-Fold - Navy Blue,3-Fold Umbrella,12,345.0,0.0
SO000836,18/03/2026,Delivered,C050,Biswakarma Traders,Retailer,Shillong,Meghalaya,North-East,Bikash Roy,Cash,RC-UV-01,SunGuard UV Sun - Maroon,UV Sun Umbrella,24,375.0,0.0
SO000223,2025-05-28,Delivered,C049,Biswakarma Traders,Retailer,Kolkata,West Bengal,South Bengal,Amit Sarkar,Credit,RC-2F-01,Classic 2-Fold - Maroon,2-Fold Umbrella,12,310.0,0.01
SO000533,01/08/2025,Delivered,C040,Krishna Distributors,Retailer,Patna,Bihar,Other East,Rakesh Singh,Credit,RC-UV-05,SunGuard UV Sun - Transparent,UV Sun Umbrella,36,525.0,0.0
SO000414,08/07/2025,Delivered,C030,Star Enterprises,Wholesaler,Shillong,Meghalaya,North-East,Bikash Roy,Credit,RC-2F-02,Breeze 2-Fold - Red,2-Fold Umbrella,60,290.0,0.05
SO000229,29-May-2025,Delivered,C037,Hanuman Marketing,Retailer,Dimapur,Nagaland,North-East,Bikash Roy,Credit,RC-RC-01,Shield Raincoat - Red,Raincoat,24,690.0,0.0
SO000497,26/07/2025,Delivered,C048,Purbanchal Agencies,Wholesaler,Tezpur,Assam,North-East,Bikash Roy,Credit,RC-RC-01,Shield Raincoat - Red,Raincoat,48,690.0,0.05
SO000589,23/08/2025,Delivered,C038, kalyani distributors,Wholesaler,Agartala,Tripura,North-East,Bikash Roy,Credit,RC-LG-03,Storm Long - Bottle Green,Long Umbrella,36,430.0,0.05
SO000412,2025-07-07,Delivered,C046,Sri Durga Traders,Distributor,Cooch Behar,West Bengal,North Bengal,Rina Das,Credit,RC-3F-03,Storm 3-Fold - Floral Print,3-Fold Umbrella,132,275.0,0.11
SO000191,2025-05-21,Delivered,C041,New Enterprises,Distributor,Agartala,Tripura,North-East,Bikash Roy,Credit,RC-2F-06,Breeze 2-Fold - Floral Print,2-Fold Umbrella,216,270.0,0.09
SO000755,29/01/2026,Delivered,C048,Purbanchal Agencies,Wholesaler,Tezpur,Assam,North-East,Bikash Roy,Credit,RC-UV-01,SunGuard UV Sun - Maroon,UV Sun Umbrella,84 pcs,375.0,0.06
SO000835,2026-03-17,Delivered,C018,New Traders,Retailer,Itanagar,Arunachal Pradesh,North-East,Bikash Roy,Credit,RC-UV-04,SunGuard UV Sun - Beige,UV Sun Umbrella,2 dz,420.0,0.02
SO000392,02-Jul-2025,Delivered,C041,New Enterprises,Distributor,Agartala,Tripura,North-East,Bikash Roy,Credit,RC-3F-10,Compact 3-Fold - Red,3-Fold Umbrella,252,260.0,0.11
SO000497,26-Jul-2025,Delivered,C048,Purbanchal Agencies,Wholesaler,Tezpur,Assam,North-East,Bikash Roy,Credit,RC-3F-02,Breeze 3-Fold - Transparent,3-Fold Umbrella,72,305.0,0.07
SO000059,19-Apr-2025,Delivered,C046,Sri Durga Traders,Distributor,Cooch Behar,West Bengal,North Bengal,Rina Das,Credit,RC-3F-08,Compact 3-Fold - Checks,3-Fold Umbrella,132,295.0,0.1
SO000796,2026-02-21,Delivered,C041,New Enterprises,Distributor,Agartala,Tripura,North-East,Bikash Roy,Credit,RC-RC-01,Shield Raincoat - Red,Raincoat,216,690.0,0.09
SO000796,2026-02-21,Delivered,C041,NEW ENTERPRISES,Distributor,Agartala,Tripura,North-East,Bikash Roy,Credit,RC-2F-06,Breeze 2-Fold - Floral Print,2-Fold Umbrella,216,270.0,0.11
SO000792,19-Feb-2026,Delivered,C030,Star Enterprises,Wholesaler,Shillong,Meghalaya,North-East,Bikash Roy,Credit,RC-KD-04,Kiddo Kids - Polka Dot,Kids Umbrella,12,235.0,0.04
SO000052,18/04/2025,Delivered,C041,New Enterprises,Distributor,Agartala,Tripura,North-East,Bikash Roy,Credit,RC-UV-02,SunGuard UV Sun - Grey,UV Sun Umbrella,144,580.0,0.11
SO000319,2025-06-16,Delivered,C047,Teesta Trading Co.,Retailer,Bhagalpur,Bihar,Other East,Rakesh Singh,Cash,RC-2F-01,Classic 2-Fold - Maroon,2-Fold Umbrella,24,310.0,0.01
SO000654,2025-09-20,Delivered,C024,Rainbow Enterprises,Wholesaler,Dibrugarh,Assam,North-East,Bikash Roy,Credit,RC-2F-06,Breeze 2-Fold - Floral Print,2-Fold Umbrella,156,270.0,0.04
SO000380,28/06/2025,Delivered,C013,Hanuman Stores,Wholesaler,Bardhaman,West Bengal,South Bengal,Amit Sarkar,Credit,RC-RC-01,Shield Raincoat - Red,Raincoat,132,690.0,5%
SO000803,04/03/2026,Delivered,C003,Brahmaputra Wholesale,Distributor,Tezpur,Assam,North-East,Bikash Roy,Credit,RC-LG-01,Auto-Open Long - Maroon,Long Umbrella,156,390.0,0.1
SO000309,14/06/2025,Delivered,C049,Biswakarma Traders,Retailer,Kolkata,West Bengal,South Bengal,Amit Sarkar,Credit,RC-3F-04,Compact 3-Fold - Navy Blue,3-Fold Umbrella,36,345.0,0.02
SO000328,18/06/2025,Delivered,C010,Ganga Bastralaya,Wholesaler,Jorhat,Assam,North-East,Bikash Roy,Credit,RC-KD-02,Kiddo Kids - Yellow,Kids Umbrella,36,210.0,0.07
SO000168,2025-05-15,Delivered,C024,Rainbow Enterprises,Wholesaler,Dibrugarh,Assam,North-East,Bikash Roy,Credit,RC-LG-05,Storm Long - Checks,Long Umbrella,96,345.0,0.03
SO000707,2025-11-24,Delivered,C021,City Traders,Wholesaler,Bhubaneswar,Odisha,Other East,Rakesh Singh,Credit,RC-3F-08,Compact 3-Fold - Checks,3-Fold Umbrella,36,295.0,0.06
SO000613,30/08/2025,Cancelled,C014,New Traders,Distributor,Imphal,Manipur,North-East,Bikash Roy,Credit,RC-RC-01,Shield Raincoat - Red,Raincoat,108,₹690.00,11%
SO000170,15/05/2025,Delivered,C046,Sri Durga Traders,Distributor,Cooch Behar,West Bengal,North Bengal,Rina Das,Credit,RC-RC-03,Shield Raincoat - Grey,Raincoat,132,740.0,0.11
SO000844,23/03/2026,Delivered,C034,Sai Distributors,Wholesaler,Imphal,Manipur,North-East,Bikash Roy,Credit,RC-RC-04,Shield Raincoat - Checks,Raincoat,48,435.0,0.04
SO000760,2026-02-02,Delivered,C038,Kalyani Distributors,Wholesaler,Agartala,Tripura,North-East,Bikash Roy,Credit,RC-UV-05,SunGuard UV Sun - Transparent,UV Sun Umbrella,60,525.0,0.03
SO000375,27-Jun-2025,Delivered,C017,NEW TRADERS,Distributor,Tezpur,Assam,North-East,Bikash Roy,Credit,RC-3F-04,Compact 3-Fold - Navy Blue,3-Fold Umbrella,216,345.0,0.11
SO000373,2025-06-26,Delivered,C042,Rainbow Bastralaya,Wholesaler,Purnia,Bihar,Other East,Rakesh Singh,Credit,RC-2F-01,Classic 2-Fold - Maroon,2-Fold Umbrella,12,310.0,0.03
SO000427,11/07/2025,Delivered,C024,Rainbow Enterprises,Wholesaler,Dibrugarh,Assam,North-East,Bikash Roy,Credit,RC-RC-01,Shield Raincoat - Red,Raincoat,144,690.0,0.04
SO000042,15-Apr-2025,Delivered,C041,New Enterprises,Distributor,Agartala,Tripura,North-East,Bikash Roy,Credit,RC-2F-02,Breeze 2-Fold - Red,2-Fold Umbrella,264 pcs,290.0,0.1
SO000338,19/06/2025,Delivered,C041,New Enterprises,Distributor,Agartala,Tripura,North-East,Bikash Roy,Credit,RC-2F-04,Classic 2-Fold - Red,2-Fold Umbrella,72,310.0,0.09
SO000518,31/07/2025,Delivered,C001,Laxmi Distributors,Retailer,Agartala,Tripura,North-East,Bikash Roy,Cash,RC-KD-04,Kiddo Kids - Polka Dot,Kids Umbrella,12,235.0,0.02
SO000113,05/05/2025,Delivered,C014,New Traders,Distributor,Imphal,Manipur,North-East,Bikash Roy,Credit,RC-2F-06,Breeze 2-Fold - Floral Print,2-Fold Umbrella,180,270.0,0.08
SO000177,2025-05-19,Delivered,C034,Sai Distributors,Wholesaler,Imphal,Manipur,North-East,Bikash Roy,Credit,RC-2F-03,Classic 2-Fold - Checks,2-Fold Umbrella,60,435.0,0.07
SO000754,2026-01-21,Delivered,C038,Kalyani Distributors,Wholesaler,Agartala,Tripura,North-East,Bikash Roy,Credit,RC-UV-01,SunGuard UV Sun - Maroon,UV Sun Umbrella,48,375.0,4%
SO000174,19-May-2025,Delivered,C017,New Traders,Distributor,Tezpur,Assam,North-East,Bikash Roy,Credit,RC-UV-04,SunGuard UV Sun - Beige,UV Sun Umbrella,96,420.0,0.12
SO000629,2025-09-08,Delivered,C017,New Traders,Distributor,Tezpur,Assam,North-East,Bikash Roy,Credit,RC-3F-05,Breeze 3-Fold - Grey,3-Fold Umbrella,7 dz,255.0,0.12
SO000263,2025-06-06,Cancelled,C017,New Traders,Distributor,Tezpur,Assam,,Bikash Roy,Credit,RC-2F-02,Breeze 2-Fold - Red,2-Fold Umbrella,168,290.0,0.11
SO000130,08-May-2025,Delivered,C003,Brahmaputra Wholesale,Distributor,Tezpur,Assam,North-East,Bikash Roy,Credit,RC-LG-03,Storm Long - Bottle Green,Long Umbrella,72,430.0,0.09
SO000262,2025-06-06,Delivered,C008,Popular & Sons,Retailer,Durgapur,West Bengal,South Bengal,Amit Sarkar,Credit,RC-LG-01,Auto-Open Long - Maroon,Long Umbrella,24 pcs,390.0,0.03
SO000796,2026-02-21,Delivered,C041,New Enterprises,Distributor,Agartala,Tripura,North-East,Bikash Roy,Credit,RC-3F-02,Breeze 3-Fold - Transparent,3-Fold Umbrella,180,₹305.00,0.09
SO000835,2026-03-17,Delivered,C018,New Traders,Retailer,Itanagar,Arunachal Pradesh,North-East,Bikash Roy,Credit,RC-UV-04,SunGuard UV Sun - Beige,UV Sun Umbrella,2 dz,420.0,0.02
SO000562,11-Aug-2025,Cancelled,C017,New Traders,Distributor,Tezpur,Assam,North-East,Bikash Roy,Credit,RC-KD-01,Kiddo Kids - Cartoon Print,Kids Umbrella,60,220.0,0.08
SO000322,2025-06-17,Cancelled,C034,Sai Distributors,Wholesaler,Imphal,Manipur,North-East,Bikash Roy,Credit,RC-UV-01,SunGuard UV Sun - Maroon,UV Sun Umbrella,84,375.0,0.04
SO000146,10-May-2025,Delivered,C034,Sai Distributors,Wholesaler,Imphal,Manipur,North-East,Bikash Roy,Credit,RC-3F-03,Storm 3-Fold - Floral Print,3-Fold Umbrella,24,275.0,0.06
SO000053,2025-04-18,Delivered,C042,Rainbow Bastralaya,Wholesaler,Purnia,Bihar,Other East,Rakesh Singh,Credit,RC-2F-02,Breeze 2-Fold - Red,2-Fold Umbrella,48,290.0,0.05
SO000139,10/05/2025,Delivered,C005,Jai Hind Umbrella House,Retailer,Cuttack,Odisha,Other East,Rakesh Singh,Cash,RC-2F-05,Breeze 2-Fold - Grey,2-Fold Umbrella,12,₹375.00,0.02
SO000482,22-Jul-2025,Delivered,C046,Sri Durga Traders,Distributor,Cooch Behar,West Bengal,North Bengal,Rina Das,Credit,RC-3F-01,Classic 3-Fold - Polka Dot,3-Fold Umbrella,84 pcs,330.0,0.09
SO000290,2025-06-11,Delivered,C041,New Enterprises,Distributor,Agartala,Tripura,North-East,Bikash Roy,Credit,RC-2F-01,Classic 2-Fold - Maroon,2-Fold Umbrella,120,310.0,0.08
SO000537,04/08/2025,Delivered,C003,Brahmaputra Wholesale,Distributor,Tezpur,Assam,North-East,Bikash Roy,Credit,RC-2F-06,Breeze 2-Fold - Floral Print,2-Fold Umbrella,60,270.0,0.12
SO000294,2025-06-12,Delivered,C017,New Traders,Distributor,Tezpur,Assam,North-East,Bikash Roy,Credit,RC-3F-03,Storm 3-Fold - Floral Print,3-Fold Umbrella,120,275.0,0.1
SO000824,12-Mar-2026,Delivered,C014,New Traders,Distributor,Imphal,Manipur,North-East,Bikash Roy,Credit,RC-UV-04,SunGuard UV Sun - Beige,UV Sun Umbrella,144,₹420.00,0.1
SO000054,2025-04-18,Delivered,C056,Bharat Wholesale,Retailer,Shiliguri,West Bengal,North Bengal,Rina Das,Cash,RC-3F-03,Storm 3-Fold - Floral Print,3-Fold Umbrella,12,275.0,0.01
SO000733,2025-12-17,Delivered,C038,Kalyani Distributors,Wholesaler,Agartala,Tripura,North-East,Bikash Roy,Credit,RC-UV-01,SunGuard UV Sun - Maroon,UV Sun Umbrella,12,375.0,0.03
SO000851,2026-03-26,Delivered,C034,Sai Distributors,Wholesaler,Imphal,Manipur,North-East,Bikash Roy,Credit,RC-KD-04,Kiddo Kids - Polka Dot,Kids Umbrella,48,235.0,0.04
SO000558,09/08/2025,Delivered,C047,Teesta Trading Co.,Retailer,Bhagalpur,Bihar,Other East,Rakesh Singh,Cash,RC-2F-01,Classic 2-Fold - Maroon,2-Fold Umbrella,12,310.0,0.03
SO000826,12/03/2026,Delivered,C039,Modern Stores,Distributor,Jalpaiguri,West Bengal,North Bengal,Rina Das,Credit,RC-2F-02,Breeze 2-Fold - Red,2-Fold Umbrella,144,290.0,0.09
SO000298,13/06/2025,Delivered,C020,Sri Durga Trading Co.,Retailer,Malda,West Bengal,North Bengal,Rina Das,Credit,RC-RC-01,Shield Raincoat - Red,Raincoat,12,690.0,0.02
SO000798,2026-02-27,Delivered,C017,New Traders,Distributor,Tezpur,Assam,North-East,Bikash Roy,Credit,RC-2F-03,Classic 2-Fold - Checks,2-Fold Umbrella,132,₹435.00,0.09
SO000822,2026-03-11,Delivered,C039,Modern Stores,Distributor,Jalpaiguri,West Bengal,North Bengal,Rina Das,Credit,RC-UV-03,SunGuard UV Sun - Checks,UV Sun Umbrella,204,445.0,0.08
SO000001,01/04/2025,Delivered,C014,New Traders,Distributor,Imphal,Manipur,North-East,Bikash Roy,Credit,RC-RC-01,Shield Raincoat - Red,Raincoat,36,690.0,0.09
SO000426,2025-07-11,Delivered,C005,Jai Hind Umbrella House,Retailer,Cuttack,Odisha,Other East,Rakesh Singh,Cash,RC-KD-01,Kiddo Kids - Cartoon Print,Kids Umbrella,12,220.0,0.02
SO000537,2025-08-04,Delivered,C003,Brahmaputra Wholesale,Distributor,Tezpur,Assam,North-East,Bikash Roy,Credit,RC-LG-03,Storm Long - Bottle Green,Long Umbrella,228,430.0,0.08
SO000501,28-Jul-2025,Delivered,C037,Hanuman Marketing,Retailer,Dimapur,Nagaland,North-East,Bikash Roy,Credit,RC-RC-01,Shield Raincoat - Red,Raincoat,24,690.0,0.01
SO000248,2025-06-03,Delivered,C035,Ganga Traders,Retailer,Bardhaman,West Bengal,South Bengal,Amit Sarkar,Credit,RC-3F-10,Compact 3-Fold - Red,3-Fold Umbrella,24,260.0,0.0
SO000575,2025-08-16,Delivered,C047,Teesta Trading Co.,Retailer,Bhagalpur,Bihar,Other East,Rakesh Singh,Cash,RC-3F-07,Classic 3-Fold - Beige,3-Fold Umbrella,12,300.0,0.02
SO000205,26-May-2025,Delivered,C003,Brahmaputra Wholesale,Distributor,Tezpur,Assam,North-East,Bikash Roy,Credit,RC-3F-02,Breeze 3-Fold - Transparent,3-Fold Umbrella,180,305.0,0.1
SO000222,28/05/2025,Delivered,C048,Purbanchal Agencies,Wholesaler,Tezpur,Assam,North-East,Bikash Roy,Credit,RC-RC-01,Shield Raincoat - Red,Raincoat,72,690.0,0.04
SO000001,01/04/2025,Delivered,C014,New Traders,Distributor,Imphal,Manipur,North-East,Bikash Roy,Credit,RC-3F-07,Classic 3-Fold - Beige,3-Fold Umbrella,168,300.0,0.12
SO000711,2025-11-26,Delivered,C057,Janata & Sons,Wholesaler,Aizawl,Mizoram,North-East,Bikash Roy,Credit,RC-LG-06,Heritage Long - Maroon,Long Umbrella,48,570.0,0.03
SO000691,04/11/2025,Delivered,C044,Maa Tara Wholesale,Retailer,Itanagar,Arunachal Pradesh,North-East,Bikash Roy,Cash,RC-3F-09,Classic 3-Fold - Black,3-Fold Umbrella,1 dz,205.0,0.01
SO000779,13/02/2026,Delivered,C037,Hanuman Marketing,Retailer,Dimapur,Nagaland,North-East,Bikash Roy,Credit,RC-UV-03,SunGuard UV Sun - Checks,UV Sun Umbrella,48,445.0,0.03
SO000128,07-May-2025,Delivered,C041,New Enterprises,Distributor,Agartala,Tripura,North-East,Bikash Roy,Credit,RC-2F-06,Breeze 2-Fold - Floral Print,2-Fold Umbrella,120,270.0,0.11
SO000604,2025-08-27,Delivered,C039,Modern Stores,Distributor,Jalpaiguri,West Bengal,North Bengal,Rina Das,Credit,RC-3F-07,Classic 3-Fold - Beige,3-Fold Umbrella,120,300.0,0.1
SO000386,2025-07-01,Delivered,C010,Ganga Bastralaya,Wholesaler,Jorhat,Assam,North-East,Bikash Roy,Credit,RC-3F-02,Breeze 3-Fold - Transparent,3-Fold Umbrella,60,305.0,0.06
SO000147,10-May-2025,Delivered,C040,Krishna Distributors,Retailer,,Bihar,Other East,Rakesh Singh,Credit,RC-2F-01,Classic 2-Fold - Maroon,2-Fold Umbrella,12,310.0,0.02
SO000407,2025-07-04,Delivered,C054,Lokenath Agencies,Retailer,Kharagpur,West Bengal,South Bengal,Amit Sarkar,Credit,RC-UV-01,SunGuard UV Sun - Maroon,UV Sun Umbrella,2 dz,375.0,0.02
SO000033,10-Apr-2025,Delivered,C004,Royal Trading Co.,Retailer,Agartala,Tripura,North-East,Bikash Roy,Credit,RC-UV-02,SunGuard UV Sun - Grey,UV Sun Umbrella,24,580.0,0.02
SO000824,12-Mar-2026,Delivered,C014,New Traders,Distributor,Imphal,Manipur,North-East,Bikash Roy,Credit,RC-2F-02,Breeze 2-Fold - Red,2-Fold Umbrella,180,290.0,0.09
SO000583,20/08/2025,Delivered,C049,Biswakarma Traders,Retailer,Kolkata,West Bengal,South Bengal,Amit Sarkar,Credit,RC-2F-06,Breeze 2-Fold - Floral Print,2-Fold Umbrella,12,270.0,0.03
SO000451,2025-07-16,Delivered,C037,Hanuman Marketing,Retailer,Dimapur,Nagaland,North-East,Bikash Roy,Credit,RC-3F-02,Breeze 3-Fold - Transparent,3-Fold Umbrella,12,₹305.00,0.02
SO000849,25-Mar-2026,Delivered,C036,Hanuman & Sons,Wholesaler,Asansol,West Bengal,South Bengal,Amit Sarkar,Credit,RC-2F-01,Classic 2-Fold - Maroon,2-Fold Umbrella,48,310.0,0.03
SO000450,16/07/2025,Delivered,C036,Hanuman & Sons,Wholesaler,Asansol,West Bengal,South Bengal,Amit Sarkar,Credit,RC-UV-04,SunGuard UV Sun - Beige,UV Sun Umbrella,60,420.0,5%
SO000822,11/03/2026,Delivered,C039,Modern Stores,Distributor,Jalpaiguri,West Bengal,North Bengal,Rina Das,Credit,RC-3F-06,Breeze 3-Fold - Floral Print,3-Fold Umbrella,96,₹260.00,0.1
SO000191,2025-05-21,Delivered,C041,New Enterprises,Distributor,Agartala,Tripura,North-East,Bikash Roy,Credit,RC-RC-05,Shield Raincoat - Polka Dot,Raincoat,84,655.0,0.08
SO000499,28-Jul-2025,Delivered,C029,City Stores,Retailer,Durgapur,West Bengal,South Bengal,Amit Sarkar,Cash,RC-2F-03,Classic 2-Fold - Checks,2-Fold Umbrella,24,435.0,0.02
SO000495,2025-07-26,Delivered,C040,Krishna Distributors,Retailer,Patna,Bihar,Other East,Rakesh Singh,Credit,RC-3F-04,Compact 3-Fold - Navy Blue,3-Fold Umbrella,36,345.0,0.02
SO000199,23-May-2025,Delivered,C021,City Traders,Wholesaler,Bhubaneswar,Odisha,Other East,Rakesh Singh,Credit,RC-3F-12,Compact 3-Fold - Floral Print,3-Fold Umbrella,60,300.0,0.06
SO000268,2025-06-07,Delivered,C024,Rainbow Enterprises,Wholesaler,Dibrugarh,Assam,North-East,Bikash Roy,Credit,RC-3F-03,Storm 3-Fold - Floral Print,3-Fold Umbrella,60,275.0,0.06
SO000562,2025-08-11,Cancelled,C017,New Traders,Distributor,Tezpur,Assam,North-East,Bikash Roy,Credit,RC-3F-01,Classic 3-Fold - Polka Dot,3-Fold Umbrella,84,330.0,0.11
SO000828,13/03/2026,Delivered,C014,New Traders,Distributor,Imphal,Manipur,North-East,Bikash Roy,Credit,RC-2F-06,Breeze 2-Fold - Floral Print,2-Fold Umbrella,60,270.0,0.08
SO000539,2025-08-04,Delivered,C046,Sri Durga Traders,Distributor,Cooch Behar,West Bengal,North Bengal,Rina Das,Credit,RC-3F-04,Compact 3-Fold - Navy Blue,3-Fold Umbrella,228,345.0,0.08
SO000369,26/06/2025,Delivered,C012,Sonali Marketing,Wholesaler,Ranchi,Jharkhand,Other East,Rakesh Singh,Credit,RC-3F-04,Compact 3-Fold - Navy Blue,3-Fold Umbrella,12,345.0,0.05
SO000300,2025-06-13,Delivered,C046, sri durga traders,Distributor,Cooch Behar,West Bengal,North Bengal,Rina Das,Credit,RC-RC-01,Shield Raincoat - Red,Raincoat,132,690.0,0.11
SO000516,30-Jul-2025,Delivered,C046,Sri Durga Traders,Distributor,Cooch Behar,West Bengal,North Bengal,Rina Das,Credit,RC-3F-04,Compact 3-Fold - Navy Blue,3-Fold Umbrella,144,₹345.00,0.09
SO000686,28/10/2025,Delivered,C012,SONALI MARKETING,Wholesaler,Ranchi,Jharkhand,Other East,Rakesh Singh,Credit,RC-UV-04,SunGuard UV Sun - Beige,UV Sun Umbrella,12,420.0,0.06
SO000645,2025-09-15,Cancelled,C013,Hanuman Stores,Wholesaler,Bardhaman,West Bengal,South Bengal,Amit Sarkar,Credit,RC-UV-04,SunGuard UV Sun - Beige,,60,420.0,0.04
SO000517,2025-07-30,Delivered,C055,Sonali Traders,Retailer,Bardhaman,West Bengal,South Bengal,Amit Sarkar,Cash,RC-RC-01,Shield Raincoat - Red,Raincoat,36,690.0,0.01
SO000697,12/11/2025,Delivered,C028,Lokenath General Store,Retailer,Silchar,Assam,North-East,Bikash Roy,Cash,RC-2F-02,Breeze 2-Fold - Red,2-Fold Umbrella,36,290.0,0.01
SO000114,2025-05-05,Delivered,C024,Rainbow Enterprises,Wholesaler,Dibrugarh,Assam,North-East,Bikash Roy,Credit,RC-LG-02,Storm Long - Grey,Long Umbrella,144,385.0,0.04
SO000573,2025-08-16,Delivered,C010,Ganga Bastralaya,Wholesaler,Jorhat,Assam,North-East,Bikash Roy,Credit,RC-2F-06,Breeze 2-Fold - Floral Print,2-Fold Umbrella,24,270.0,0.04
SO000698,2025-11-12,Delivered,C041,New Enterprises,Distributor,Agartala,Tripura,North-East,Bikash Roy,Credit,RC-LG-02,Storm Long - Grey,Long Umbrella,6 dz,385.0,0.11
SO000815,09/03/2026,Delivered,C039,Modern Stores,Distributor,Jalpaiguri,West Bengal,North Bengal,Rina Das,Credit,RC-RC-01,Shield Raincoat - Red,Raincoat,156 pcs,690.0,0.11
SO000272,07-Jun-2025,Delivered,C037,Hanuman Marketing,Retailer,Dimapur,Nagaland,North-East,Bikash Roy,Credit,RC-3F-08,Compact 3-Fold - Checks,3-Fold Umbrella,24,295.0,0.02
SO000104,03/05/2025,Delivered,C003,Brahmaputra Wholesale,Distributor,Tezpur,Assam,North-East,Bikash Roy,Credit,RC-UV-04,SunGuard UV Sun - Beige,UV Sun Umbrella,228,₹420.00,0.08
SO000672,07/10/2025,Delivered,C003,Brahmaputra Wholesale,Distributor,Tezpur,Assam,North-East,Bikash Roy,Credit,RC-2F-02,Breeze 2-Fold - Red,2-Fold Umbrella,84 pcs,290.0,0.11
SO000438,14/07/2025,Delivered,C014,New Traders  ,Distributor,Imphal,Manipur,North-East,Bikash Roy,Credit,RC-RC-01,Shield Raincoat - Red,Raincoat,168,690.0,0.1
SO000378,27/06/2025,Delivered,C042,Rainbow Bastralaya,Wholesaler,Purnia,Bihar,Other East,Rakesh Singh,Credit,RC-2F-03,Classic 2-Fold - Checks,2-Fold Umbrella,48,435.0,0.07
SO000646,15/09/2025,Delivered,C049,Biswakarma Traders,Retailer,Kolkata,West Bengal,South Bengal,Amit Sarkar,Credit,RC-LG-03,Storm Long - Bottle Green,Long Umbrella,12,430.0,0.02
SO000406,04-Jul-2025,Delivered,C051,Sai Traders,Retailer,Asansol,West Bengal,South Bengal,Amit Sarkar,Cash,RC-RC-05,Shield Raincoat - Polka Dot,Raincoat,24,655.0,0.03
SO000159,14/05/2025,Delivered,C012,Sonali Marketing,Wholesaler,Ranchi,Jharkhand,Other East,Rakesh Singh,Credit,RC-LG-03,Storm Long - Bottle Green,Long Umbrella,72,430.0,0.06
SO000295,13/06/2025,Delivered,C006,Modern Stores,Wholesaler,Haora,West Bengal,South Bengal,Amit Sarkar,Credit,RC-3F-03,Storm 3-Fold - Floral Print,3-Fold Umbrella,24,275.0,0.07
SO000352,2025-06-21,Delivered,C059,Sunrise Wholesale,Wholesaler,Durgapur,West Bengal,South Bengal,Amit Sarkar,Credit,RC-3F-01,Classic 3-Fold - Polka Dot,3-Fold Umbrella,96,330.0,0.04
SO000539,04/08/2025,Delivered,C046,Sri Durga Traders,Distributor,Cooch Behar,West Bengal,North Bengal,Rina Das,Credit,RC-2F-02,Breeze 2-Fold - Red,2-Fold Umbrella,180 pcs,290.0,0.1
SO000759,02/02/2026,Delivered,C029,City Stores,Retailer,Durgapur,West Bengal,South Bengal,Amit Sarkar,Cash,RC-UV-01,SunGuard UV Sun - Maroon,UV Sun Umbrella,36,375.0,0.01
SO000365,2025-06-25,Delivered,C022,Sonali Stores,Retailer,Jamshedpur,Jharkhand,Other East,Rakesh Singh,Credit,RC-3F-07,Classic 3-Fold - Beige,3-Fold Umbrella,36,300.0,0.01
SO000134,08/05/2025,Delivered,C048,Purbanchal Agencies,Wholesaler,Tezpur,Assam,North-East,Bikash Roy,Credit,RC-3F-08,Compact 3-Fold - Checks,3-Fold Umbrella,84,₹295.00,0.04
SO000634,2025-09-10,Delivered,C008,Popular & Sons  ,Retailer,Durgapur,West Bengal,South Bengal,Amit Sarkar,Credit,RC-LG-06,Heritage Long - Maroon,Long Umbrella,12,570.0,0.01
SO000458,17/07/2025,Delivered,C039,Modern Stores,Distributor,Jalpaiguri,West Bengal,North Bengal,Rina Das,Credit,RC-UV-02,SunGuard UV Sun - Grey,UV Sun Umbrella,192,580.0,0.11
SO000362,24/06/2025,Delivered,C052,Himalaya Traders,Wholesaler,Tezpur,Assam,North-East,Bikash Roy,Credit,RC-RC-01,Shield Raincoat - Red,Raincoat,24,690.0,0.05
SO000834,17/03/2026,Pending,C003,Brahmaputra Wholesale,Distributor,Tezpur,Assam,North-East,Bikash Roy,Credit,RC-3F-02,Breeze 3-Fold - Transparent,3-Fold Umbrella,84,305.0,0.12
SO000207,2025-05-26,Delivered,C051,Sai Traders,Retailer,Asansol,West Bengal,South Bengal,Amit Sarkar,Cash,RC-UV-02,SunGuard UV Sun - Grey,UV Sun Umbrella,24,580.0,0.03
SO000537,04/08/2025,Delivered,C003,Brahmaputra Wholesale,Distributor,Tezpur,Assam,North-East,Bikash Roy,Credit,RC-KD-01,Kiddo Kids - Cartoon Print,Kids Umbrella,156,220.0,0.11
SO000194,22-May-2025,Delivered,C020,Sri Durga Trading Co.,Retailer,Malda,West Bengal,North Bengal,Rina Das,Credit,RC-2F-03,Classic 2-Fold - Checks,2-Fold Umbrella,12,435.0,0.01
SO000187,21/05/2025,Delivered,C003,BRAHMAPUTRA WHOLESALE,Distributor,Tezpur,Assam,North-East,Bikash Roy,Credit,RC-UV-02,SunGuard UV Sun - Grey,UV Sun Umbrella,84,580.0,0.11
SO000494,2025-07-25,Delivered,C060,Modern Marketing,Retailer,Durgapur,West Bengal,South Bengal,Amit Sarkar,Credit,RC-3F-06,Breeze 3-Fold - Floral Print,3-Fold Umbrella,1 dz,260.0,0.02
SO000530,01/08/2025,Delivered,C006,Modern Stores,Wholesaler,,West Bengal,South Bengal,Amit Sarkar,Credit,RC-3F-06,Breeze 3-Fold - Floral Print,3-Fold Umbrella,24,260.0,0.05
SO000019,2025-04-07,Delivered,C042,Rainbow Bastralaya,Wholesaler,Purnia,Bihar,Other East,Rakesh Singh,Credit,RC-UV-05,SunGuard UV Sun - Transparent,UV Sun Umbrella,4 dz,525.0,0.06
SO000090,30/04/2025,Delivered,C058,Lokenath General Store,Wholesaler,Haora,West Bengal,South Bengal,Amit Sarkar,Credit,RC-3F-05,Breeze 3-Fold - Grey,3-Fold Umbrella,72,255.0,0.03
SO000432,2025-07-12,Delivered,C021,City Traders,Wholesaler,Bhubaneshwar,Odisha,Other East,Rakesh Singh,Credit,RC-3F-04,Compact 3-Fold - Navy Blue,3-Fold Umbrella,96,345.0,0.05
SO000855,30/03/2026,In Transit,C018,New Traders,Retailer,Itanagar,Arunachal Pradesh,North-East,Bikash Roy,Credit,RC-RC-01,Shield Raincoat - Red,Raincoat,2 dz,₹690.00,0.0
SO000665,26-Sep-2025,Delivered,C057,Janata & Sons,Wholesaler,Aizawl,Mizoram,North-East,Bikash Roy,Credit,RC-3F-04,Compact 3-Fold - Navy Blue,3-Fold Umbrella,36,345.0,0.06
SO000168,15/05/2025,Delivered,C024,Rainbow Enterprises,Wholesaler,Dibrugarh,Assam,North-East,Bikash Roy,Credit,RC-3F-01,Classic 3-Fold - Polka Dot,3-Fold Umbrella,96 pcs,330.0,0.06
SO000168,15-May-2025,Delivered,C024,Rainbow Enterprises,Wholesaler,Dibrugarh,Assam,North-East,Bikash Roy,Credit,RC-2F-02,Breeze 2-Fold - Red,2-Fold Umbrella,96,290.0,0.04
SO000771,10/02/2026,Delivered,C041,New Enterprises,Distributor,Agartala,Tripura,North-East,Bikash Roy,Credit,RC-UV-04,SunGuard UV Sun - Beige,UV Sun Umbrella,180,₹420.00,0.1
SO000471,19-Jul-2025,Delivered,C052,Himalaya Traders,Wholesaler,Tezpur,Assam,North-East,Bikash Roy,Credit,RC-3F-04,Compact 3-Fold - Navy Blue,3-Fold Umbrella,24,345.0,0.06
SO000425,10/07/2025,Delivered,C059,Sunrise Wholesale,Wholesaler,Durgapur,West Bengal,South Bengal,Amit Sarkar,Credit,RC-2F-01,Classic 2-Fold - Maroon,2-Fold Umbrella,24,310.0,0.06
SO000062,21/04/2025,Delivered,C032,Modern Bazaar,Retailer,Jamshedpur,Jharkhand,Other East,Rakesh Singh,Cash,RC-UV-01,SunGuard UV Sun - Maroon,UV Sun Umbrella,12,375.0,0.01
SO000816,10/03/2026,Delivered,C029,CITY STORES,Retailer,Durgapur,West Bengal,South Bengal,Amit Sarkar,Cash,RC-UV-04,SunGuard UV Sun - Beige,UV Sun Umbrella,36,₹420.00,0.01
SO000087,2025-04-30,Delivered,C003,Brahmaputra Wholesale,Distributor,Tezpur,Assam,North-East,Bikash Roy,Credit,RC-3F-09,Classic 3-Fold - Black,3-Fold Umbrella,216,205.0,0.11
SO000654,2025-09-20,Delivered,C024,Rainbow Enterprises,Wholesaler,Dibrugarh,Assam,North-East,Bikash Roy,Credit,RC-3F-06,Breeze 3-Fold - Floral Print,3-Fold Umbrella,72,260.0,0.04
SO000546,06-Aug-2025,Delivered,C020,Sri Durga Trading Co.,Retailer,Malda,West Bengal,North Bengal,Rina Das,Credit,RC-2F-06,Breeze 2-Fold - Floral Print,2-Fold Umbrella,12,270.0,0.0
SO000016,05/04/2025,Delivered,C025,Modern Stores,Retailer,Silchar,Assam,North-East,Bikash Roy,Credit,RC-3F-01,Classic 3-Fold - Polka Dot,3-Fold Umbrella,12,330.0,0.01
SO000196,22/05/2025,Delivered,C046,Sri Durga Traders,Distributor,Cooch Behar,West Bengal,North Bengal,Rina Das,Credit,RC-2F-06,Breeze 2-Fold - Floral Print,2-Fold Umbrella,228 pcs,270.0,0.08
SO000404,04-Jul-2025,Delivered,C031,Purbanchal Umbrella House,Retailer,Imphal,Manipur,North-East,Bikash Roy,Credit,RC-3F-04,Compact 3-Fold - Navy Blue,3-Fold Umbrella,72,345.0,0.03
SO000348,2025-06-21,Delivered,C030,Star Enterprises,Wholesaler,Shillong,Meghalaya,North-East,Bikash Roy,Credit,RC-2F-03,Classic 2-Fold - Checks,2-Fold Umbrella,36,₹435.00,0.05
SO000448,15-Jul-2025,Delivered,C041,New Enterprises,Distributor,Agartala,Tripura,North-East,Bikash Roy,Credit,RC-2F-03,Classic 2-Fold - Checks,2-Fold Umbrella,72,435.0,0.11
SO000320,17/06/2025,Delivered,C006,Modern Stores,Wholesaler,Howrah,West Bengal,South Bengal,Amit Sarkar,Credit,RC-LG-01,Auto-Open Long - Maroon,Long Umbrella,96,390.0,0.06
SO000339,19-Jun-2025,Delivered,C046,Sri Durga Traders,Distributor,Cooch Behar,West Bengal,North Bengal,Rina Das,Credit,RC-KD-02,Kiddo Kids - Yellow,Kids Umbrella,228,210.0,0.11
SO000159,2025-05-14,Delivered,C012,Sonali Marketing,Wholesaler,Ranchi,Jharkhand,Other East,Rakesh Singh,Credit,RC-KD-04,Kiddo Kids - Polka Dot,Kids Umbrella,12,235.0,0.05
SO000099,02/05/2025,Delivered,C014,New Traders,Distributor,Imphal,Manipur,North-East,Bikash Roy,Credit,RC-KD-01,Kiddo Kids - Cartoon Print,Kids Umbrella,72,₹220.00,0.08
SO000042,2025-04-15,Delivered,C041,New Enterprises,Distributor,Agartala,Tripura,North-East,Bikash Roy,Credit,RC-3F-03,Storm 3-Fold - Floral Print,3-Fold Umbrella,276,₹275.00,0.08
SO000031,09-Apr-2025,Delivered,C037,Hanuman Marketing,Retailer,Dimapur,Nagaland,North-East,Bikash Roy,Credit,RC-RC-05,Shield Raincoat - Polka Dot,Raincoat,48,655.0,0.01
SO000592,2025-08-25,Delivered,C005,Jai Hind Umbrella House,Retailer,Cuttack,Odisha,Other East,Rakesh Singh,Cash,RC-3F-07,Classic 3-Fold - Beige,3-Fold Umbrella,12,₹300.00,0.01
SO000104,03/05/2025,Delivered,C003,Brahmaputra Wholesale,Distributor,Tezpur,Assam,North-East,Bikash Roy,Credit,RC-3F-10,Compact 3-Fold - Red,3-Fold Umbrella,216,260.0,0.08
SO000508,29-Jul-2025,Delivered,C038,Kalyani Distributors,Wholesaler,Agartala,Tripura,North-East,Bikash Roy,Credit,RC-RC-01,Shield Raincoat - Red,Raincoat,24,690.0,0.03
SO000464,2025-07-18,Delivered,C038,Kalyani Distributors,Wholesaler,Agartala,Tripura,North-East,Bikash Roy,Credit,RC-3F-04,Compact 3-Fold - Navy Blue,3-Fold Umbrella,60,345.0,0.06
SO000580,20/08/2025,Cancelled,C017,New Traders,Distributor,Tezpur,Assam,North-East,Bikash Roy,Credit,RC-RC-05,Shield Raincoat - Polka Dot,Raincoat,168,655.0,0.12
SO000456,17/07/2025,Delivered,C016,Krishna Emporium,Retailer,Guwahati,Assam,North-East,Bikash Roy,Cash,RC-2F-06,Breeze 2-Fold - Floral Print,2-Fold Umbrella,24,270.0,0.01
SO000621,01/09/2025,Delivered,C059,Sunrise Wholesale,Wholesaler,Durgapur,West Bengal,South Bengal,Amit Sarkar,Credit,RC-LG-05,Storm Long - Checks,Long Umbrella,108,₹345.00,0.07
SO000211,2025-05-27,Delivered,C016,Krishna Emporium  ,Retailer,Guwahati,Assam,North-East,Bikash Roy,Cash,RC-RC-04,Shield Raincoat - Checks,Raincoat,24,435.0,0.03
SO000038,11/04/2025,Delivered,C033,Krishna Distributors,Retailer,Jalpaiguri,West Bengal,North Bengal,Rina Das,Credit,RC-2F-03,Classic 2-Fold - Checks,2-Fold Umbrella,1 dz,435.0,0.0
SO000672,2025-10-07,Delivered,C003,Brahmaputra Wholesale,Distributor,Tezpur,Assam,North-East,Bikash Roy,Credit,RC-3F-02,Breeze 3-Fold - Transparent,3-Fold Umbrella,216,305.0,0.1
SO000828,13/03/2026,Delivered,C014,New Traders  ,Distributor,Imphal,Manipur,North-East,Bikash Roy,Credit,RC-3F-06,Breeze 3-Fold - Floral Print,3-Fold Umbrella,96,260.0,0.11
SO000407,04-Jul-2025,Delivered,C054,Lokenath Agencies,Retailer,Kharagpur,West Bengal,South Bengal,Amit Sarkar,Credit,RC-RC-01,Shield Raincoat - Red,Raincoat,12,690.0,0.02
SO000297,2025-06-13,Delivered,C014,New Traders,Distributor,Imphal,Manipur,North-East,Bikash Roy,Credit,RC-UV-01,SunGuard UV Sun - Maroon,UV Sun Umbrella,180,375.0,0.12
SO000126,2025-05-07,Delivered,C028,Lokenath General Store,Retailer,Silchar,Assam,North-East,Bikash Roy,Cash,RC-3F-03,Storm 3-Fold - Floral Print,3-Fold Umbrella,24,275.0,0.01
SO000739,27/12/2025,Delivered,C034,Sai Distributors,Wholesaler,Imphal,Manipur,North-East,Bikash Roy,Credit,RC-3F-03,Storm 3-Fold - Floral Print,3-Fold Umbrella,72,275.0,0.04
SO000534,2025-08-01,Delivered,C052,Himalaya Traders,Wholesaler,Tezpur,Assam,North-East,Bikash Roy,Credit,RC-2F-02,Breeze 2-Fold - Red,2-Fold Umbrella,24,290.0,0.06
SO000077,2025-04-25,Delivered,C002,City Distributors,Retailer,Tezpur,Assam,North-East,Bikash Roy,Credit,RC-2F-04,Classic 2-Fold - Red,2-Fold Umbrella,1 dz,310.0,0.0
SO000379,28/06/2025,Delivered,C010,Ganga Bastralaya,Wholesaler,Jorhat,Assam,North-East,Bikash Roy,Credit,RC-RC-01,Shield Raincoat - Red,Raincoat,60 pcs,₹690.00,0.04
SO000084,2025-04-28,Delivered,C055,Sonali Traders,Retailer,Bardhaman,West Bengal,South Bengal,Amit Sarkar,Cash,RC-3F-02,Breeze 3-Fold - Transparent,3-Fold Umbrella,24,305.0,0.01
SO000524,31/07/2025,Delivered,C035,Ganga Traders,Retailer,Bardhaman,West Bengal,South Bengal,Amit Sarkar,Credit,RC-UV-04,SunGuard UV Sun - Beige,UV Sun Umbrella,24,420.0,0.03
SO000088,30/04/2025,Delivered,C006,Modern Stores,Wholesaler,Howrah,West Bengal,South Bengal,Amit Sarkar,Credit,RC-3F-03,Storm 3-Fold - Floral Print,3-Fold Umbrella,84,275.0,0.04
SO000091,01/05/2025,Delivered,C017,New Traders,Distributor,Tezpur,Assam,North-East,Bikash Roy,Credit,RC-2F-03,Classic 2-Fold - Checks,2-Fold Umbrella,156 pcs,₹435.00,0.09
SO000680,11/10/2025,Delivered,C051,Sai Traders,Retailer,Asansol,West Bengal,South Bengal,Amit Sarkar,Cash,RC-KD-01,Kiddo Kids - Cartoon Print,Kids Umbrella,12,220.0,0.02
SO000702,15/11/2025,Delivered,C046,Sri Durga Traders,Distributor,Cooch Behar,West Bengal,North Bengal,Rina Das,Credit,RC-KD-01,Kiddo Kids - Cartoon Print,Kids Umbrella,72,220.0,0.09
SO000227,29/05/2025,Delivered,C021,City Traders,Wholesaler,Bhubaneswar,Odisha,Other East,Rakesh Singh,Credit,RC-LG-05,Storm Long - Checks,Long Umbrella,24,345.0,0.05
SO000667,27/09/2025,Delivered,C034,Sai Distributors,Wholesaler,Imphal,Manipur,North-East,Bikash Roy,Credit,RC-2F-02,Breeze 2-Fold - Red,2-Fold Umbrella,72,290.0,0.03
SO000742,02/01/2026,Delivered,C005,Jai Hind Umbrella House,Retailer,Cuttack,Odisha,Other East,Rakesh Singh,Cash,RC-LG-03,Storm Long - Bottle Green,Long Umbrella,12,430.0,0.02
SO000174,2025-05-19,Delivered,C017,New Traders,Distributor,Tezpur,Assam,North-East,Bikash Roy,Credit,RC-RC-01,Shield Raincoat - Red,Raincoat,132,690.0,0.08
SO000251,04-Jun-2025,Delivered,C030,STAR ENTERPRISES,Wholesaler,Shillong,Meghalaya,North-East,Bikash Roy,Credit,RC-2F-02,Breeze 2-Fold - Red,2-Fold Umbrella,24,290.0,0.03
SO000026,2025-04-08,Delivered,C051,Sai Traders,Retailer,Asansol,West Bengal,South Bengal,Amit Sarkar,Cash,RC-RC-01,Shield Raincoat - Red,Raincoat,12,690.0,0.01
SO000423,10-Jul-2025,Delivered,C037,Hanuman Marketing,Retailer,Dimapur,Nagaland,North-East,Bikash Roy,Credit,RC-3F-04,Compact 3-Fold - Navy Blue,3-Fold Umbrella,4 dz,345.0,0.03
SO000821,11-Mar-2026,Delivered,C038,Kalyani Distributors,Wholesaler,Agartala,Tripura,North-East,Bikash Roy,Credit,RC-3F-04,Compact 3-Fold - Navy Blue,3-Fold Umbrella,12,345.0,0.05
SO000534,2025-08-01,Delivered,C052,HIMALAYA TRADERS,Wholesaler,Tezpur,Assam,North-East,Bikash Roy,Credit,RC-3F-11,Storm 3-Fold - Transparent,3-Fold Umbrella,36,280.0,0.06
SO000300,2025-06-13,Delivered,C046,Sri Durga Traders,Distributor,Cooch Behar,West Bengal,North Bengal,Rina Das,Credit,RC-RC-05,Shield Raincoat - Polka Dot,Raincoat,276,₹655.00,0.09
SO000602,27/08/2025,Delivered,C012,Sonali Marketing,Wholesaler,Ranchi,Jharkhand,Other East,Rakesh Singh,Credit,RC-3F-09,Classic 3-Fold - Black,3-Fold Umbrella,60,205.0,0.05
SO000825,2026-03-12,Delivered,C036,Hanuman & Sons,Wholesaler,Asansol,West Bengal,South Bengal,Amit Sarkar,Credit,RC-UV-05,SunGuard UV Sun - Transparent,UV Sun Umbrella,48,525.0,0.04
SO000273,07/06/2025,Delivered,C038,Kalyani Distributors,Wholesaler,Agartala,Tripura,North-East,Bikash Roy,Credit,RC-KD-04,Kiddo Kids - Polka Dot,Kids Umbrella,72 pcs,235.0,0.05
SO000379,2025-06-28,Delivered,C010,Ganga Bastralaya,Wholesaler,Jorhat,Assam,North-East,Bikash Roy,Credit,RC-LG-03,Storm Long - Bottle Green,Long Umbrella,84,430.0,0.04
SO000280,09/06/2025,Delivered,C030,Star Enterprises,Wholesaler,Shillong,Meghalaya,North-East,Bikash Roy,Credit,RC-2F-01,Classic 2-Fold - Maroon,2-Fold Umbrella,36,₹310.00,0.05
SO000246,02/06/2025,Delivered,C046,Sri Durga Traders,Distributor,Cooch Behar,West Bengal,North Bengal,Rina Das,Credit,RC-3F-08,Compact 3-Fold - Checks,3-Fold Umbrella,132,295.0,0.09
SO000801,02/03/2026,Delivered,C001,Laxmi Distributors,Retailer,Agartala,Tripura,North-East,Bikash Roy,Cash,RC-UV-02,SunGuard UV Sun - Grey,UV Sun Umbrella,12,580.0,0.01
SO000385,30/06/2025,Delivered,C031,Purbanchal Umbrella House,Retailer,Imphal,Manipur,North-East,Bikash Roy,Credit,RC-RC-01,Shield Raincoat - Red,Raincoat,24,690.0,0.02
SO000205,2025-05-26,Delivered,C003,Brahmaputra Wholesale,Distributor,Tezpur,Assam,North-East,Bikash Roy,Credit,RC-KD-03,Kiddo Kids - Sky Blue,Kids Umbrella,144,185.0,0.08
SO000769,07-Feb-2026,Delivered,C045,Krishna Umbrella House,Wholesaler,Kharagpur,West Bengal,South Bengal,Amit Sarkar,Credit,RC-3F-04,Compact 3-Fold - Navy Blue,3-Fold Umbrella,60,345.0,0.06
SO000636,2025-09-10,Delivered,C040,Krishna Distributors,Retailer,Patna,Bihar,Other East,Rakesh Singh,Credit,RC-3F-04,Compact 3-Fold - Navy Blue,3-Fold Umbrella,12,345.0,0.01
SO000555,08/08/2025,Delivered,C037,Hanuman Marketing,Retailer,Dimapur,Nagaland,North-East,Bikash Roy,Credit,RC-UV-04,SunGuard UV Sun - Beige,UV Sun Umbrella,12,₹420.00,0.02
SO000635,2025-09-10,Delivered,C017,New Traders,Distributor,Tezpur,Assam,North-East,Bikash Roy,Credit,RC-UV-01,SunGuard UV Sun - Maroon,UV Sun Umbrella,96,375.0,0.1
SO000240,2025-05-31,Delivered,C049,Biswakarma Traders,Retailer,Kolkata,West Bengal,South Bengal,Amit Sarkar,Credit,RC-LG-02,Storm Long - Grey,Long Umbrella,12,385.0,0.01
SO000484,23/07/2025,Delivered,C017,New Traders,Distributor,Tezpur,Assam,North-East,Bikash Roy,Credit,RC-3F-03,Storm 3-Fold - Floral Print,3-Fold Umbrella,108 pcs,275.0,0.11
SO000808,05-Mar-2026,Delivered,C038,Kalyani Distributors,Wholesaler,Agartala,Tripura,North-East,Bikash Roy,Credit,RC-LG-05,Storm Long - Checks,Long Umbrella,60,345.0,0.05
SO000383,2025-06-30,Delivered,C024,Rainbow Enterprises,Wholesaler,Dibrugarh,Assam,North-East,Bikash Roy,Credit,RC-3F-08,Compact 3-Fold - Checks,3-Fold Umbrella,156,295.0,3%
SO000603,27/08/2025,Delivered,C034,Sai Distributors,Wholesaler,Imphal,Manipur,North-East,Bikash Roy,Credit,RC-KD-01,Kiddo Kids - Cartoon Print,Kids Umbrella,36,220.0,0.05
SO000529,31/07/2025,Delivered,C059,Sunrise Wholesale,Wholesaler,Durgapur,West Bengal,South Bengal,Amit Sarkar,Credit,RC-RC-01,Shield Raincoat - Red,Raincoat,24,690.0,0.05
SO000280,2025-06-09,Delivered,C030,Star Enterprises,Wholesaler,Shillong,Meghalaya,North-East,Bikash Roy,Credit,RC-3F-04,Compact 3-Fold - Navy Blue,3-Fold Umbrella,72,345.0,0.04
SO000682,16/10/2025,Delivered,C048,Purbanchal Agencies,Wholesaler,Tezpur,Assam,North-East,Bikash Roy,Credit,RC-3F-07,Classic 3-Fold - Beige,3-Fold Umbrella,96,300.0,0.05
SO000601,27/08/2025,Delivered,C010,Ganga Bastralaya,Wholesaler,Jorhat,Assam,North-East,Bikash Roy,Credit,RC-3F-04,Compact 3-Fold - Navy Blue,3-Fold Umbrella,84,₹345.00,0.05
SO000259,05-Jun-2025,Cancelled,C041,New Enterprises,Distributor,Agartala,Tripura,North-East,Bikash Roy,Credit,RC-2F-06,Breeze 2-Fold - Floral Print,2-Fold Umbrella,120,₹270.00,0.1
SO000670,2025-10-03,Delivered,C030,Star Enterprises,Wholesaler,Shillong,Meghalaya,North-East,Bikash Roy,Credit,RC-2F-06,Breeze 2-Fold - Floral Print,2-Fold Umbrella,12 pcs,270.0,0.05
SO000666,27/09/2025,Delivered,C024,RAINBOW ENTERPRISES,Wholesaler,Dibrugarh,Assam,North-East,Bikash Roy,Credit,RC-3F-08,Compact 3-Fold - Checks,3-Fold Umbrella,156,295.0,0.03
SO000415,2025-07-08,Delivered,C056,Bharat Wholesale,Retailer,Siliguri,West Bengal,North Bengal,Rina Das,Cash,RC-RC-01,Shield Raincoat - Red,Raincoat,24,690.0,0.01
SO000343,20-Jun-2025,Delivered,C005,Jai Hind Umbrella House,Retailer,Cuttack,Odisha,Other East,Rakesh Singh,Cash,RC-LG-05,Storm Long - Checks,Long Umbrella,12,345.0,0.03
SO000326,17-Jun-2025,Delivered,C055,Sonali Traders,Retailer,Bardhaman,West Bengal,South Bengal,Amit Sarkar,Cash,RC-KD-02,Kiddo Kids - Yellow,Kids Umbrella,12,210.0,0.02
SO000173,17/05/2025,Delivered,C042,Rainbow Bastralaya,Wholesaler,Purnia,Bihar,Other East,Rakesh Singh,Credit,RC-KD-04,Kiddo Kids - Polka Dot,Kids Umbrella,24,235.0,0.03
SO000225,29-May-2025,Delivered,C011,Sri Durga Umbrella House,Retailer,Silchar,Assam,North-East,Bikash Roy,Cash,RC-KD-03,Kiddo Kids - Sky Blue,Kids Umbrella,12 pcs,185.0,0.01
SO000478,22-Jul-2025,Delivered,C003,Brahmaputra Wholesale,Distributor,Tezpur,Assam,North-East,Bikash Roy,Credit,RC-2F-06,Breeze 2-Fold - Floral Print,2-Fold Umbrella,9 dz,270.0,0.1
SO000447,15-Jul-2025,Delivered,C036,Hanuman & Sons,Wholesaler,Asansol,West Bengal,South Bengal,Amit Sarkar,Credit,RC-3F-06,Breeze 3-Fold - Floral Print,3-Fold Umbrella,72 pcs,260.0,0.03
SO000324,2025-06-17,Delivered,C049,Biswakarma Traders,Retailer,Kolkata,West Bengal,South Bengal,Amit Sarkar,Credit,RC-2F-06,Breeze 2-Fold - Floral Print,2-Fold Umbrella,36,270.0,0.03
SO000486,2025-07-23,Delivered,C021,City Traders,Wholesaler,Bhubaneswar,Odisha,Other East,Rakesh Singh,Credit,RC-UV-04,SunGuard UV Sun - Beige,UV Sun Umbrella,84,420.0,0.03
SO000665,2025-09-26,Delivered,C057,Janata & Sons,Wholesaler,Aizawl,Mizoram,North-East,Bikash Roy,Credit,RC-KD-04,Kiddo Kids - Polka Dot,Kids Umbrella,12,235.0,0.06
SO000306,14/06/2025,Delivered,C024,Rainbow Enterprises,Wholesaler,Dibrugarh,Assam,North-East,Bikash Roy,Credit,RC-LG-06,Heritage Long - Maroon,Long Umbrella,144,570.0,0.05
SO000272,07-Jun-2025,Delivered,C037,Hanuman Marketing,Retailer,Dimapur,Nagaland,North-East,Bikash Roy,Credit,RC-3F-02,Breeze 3-Fold - Transparent,3-Fold Umbrella,2 dz,305.0,0.02
SO000359,23/06/2025,Delivered,C059,Sunrise Wholesale,Wholesaler,Durgapur,West Bengal,South Bengal,Amit Sarkar,Credit,RC-LG-03,Storm Long - Bottle Green,Long Umbrella,2 dz,430.0,0.04
SO000362,2025-06-24,Delivered,C052,Himalaya Traders,Wholesaler,Tezpur,Assam,North-East,Bikash Roy,Credit,RC-3F-01,Classic 3-Fold - Polka Dot,3-Fold Umbrella,72,330.0,0.07
SO000446,2025-07-15,Delivered,C033,Krishna Distributors,Retailer,Jalpaiguri,West Bengal,North Bengal,Rina Das,Credit,RC-3F-06,Breeze 3-Fold - Floral Print,3-Fold Umbrella,24,260.0,0.0
SO000525,31-Jul-2025,Delivered,C036,Hanuman & Sons,Wholesaler,Asansol,West Bengal,South Bengal,Amit Sarkar,Credit,RC-2F-06,Breeze 2-Fold - Floral Print,2-Fold Umbrella,48,₹270.00,0.06
SO000787,18/02/2026,Delivered,C014,New Traders,Distributor,Imphal,Manipur,North-East,Bikash Roy,Credit,RC-KD-04,Kiddo Kids - Polka Dot,Kids Umbrella,60 pcs,235.0,0.08
SO000366,25/06/2025,Delivered,C030,Star Enterprises,Wholesaler,Shillong,Meghalaya,North-East,Bikash Roy,Credit,RC-2F-06,Breeze 2-Fold - Floral Print,2-Fold Umbrella,60,270.0,0.06
SO000250,04-Jun-2025,Cancelled,C013,Hanuman Stores,Wholesaler,Bardhaman,West Bengal,South Bengal,Amit Sarkar,Credit,RC-UV-01,SunGuard UV Sun - Maroon,UV Sun Umbrella,156,375.0,0.06
SO000285,10-Jun-2025,Delivered,C041,New Enterprises,Distributor,Agartala,Tripura,North-East,Bikash Roy,Credit,RC-3F-06,Breeze 3-Fold - Floral Print,3-Fold Umbrella,300,260.0,0.11
SO000161,14-May-2025,Delivered,C034,Sai Distributors,Wholesaler,Imphal,Manipur,North-East,Bikash Roy,Credit,RC-KD-04,Kiddo Kids - Polka Dot,Kids Umbrella,24,235.0,0.06
SO000548,06/08/2025,Delivered,C033,Krishna Distributors,Retailer,Jalpaiguri,West Bengal,North Bengal,Rina Das,Credit,RC-3F-06,Breeze 3-Fold - Floral Print,3-Fold Umbrella,36,260.0,0.03
SO000163,14-May-2025,Delivered,C056,Bharat Wholesale,Retailer,Siliguri,West Bengal,North Bengal,Rina Das,Cash,RC-RC-01,Shield Raincoat - Red,Raincoat,12,690.0,0.0
SO000818,2026-03-10,Delivered,C046,Sri Durga Traders,Distributor,Cooch Behar,West Bengal,North Bengal,Rina Das,Credit,RC-UV-02,SunGuard UV Sun - Grey,UV Sun Umbrella,216,580.0,0.1
SO000704,20-Nov-2025,Delivered,C042,Rainbow Bastralaya,Wholesaler,Purnia,Bihar,Other East,Rakesh Singh,Credit,RC-3F-04,Compact 3-Fold - Navy Blue,3-Fold Umbrella,84,345.0,0.03
SO000171,16/05/2025,Delivered,C010,Ganga Bastralaya,Wholesaler,Jorhat,Assam,North-East,Bikash Roy,Credit,RC-RC-01,Shield Raincoat - Red,Raincoat,60,690.0,0.06
SO000847,2026-03-24,Delivered,C046,Sri Durga Traders,Distributor,Cooch Behar,West Bengal,North Bengal,Rina Das,Credit,RC-3F-04,Compact 3-Fold - Navy Blue,3-Fold Umbrella,108,345.0,0.1
SO000118,06-May-2025,Delivered,C007,Biswakarma Bazaar,Wholesaler,Malda,West Bengal,North Bengal,Rina Das,Credit,RC-3F-10,Compact 3-Fold - Red,3-Fold Umbrella,12,260.0,0.04
SO000633,10/09/2025,Delivered,C003,Brahmaputra Wholesale,Distributor,Tezpur,Assam,North-East,Bikash Roy,Credit,RC-3F-10,Compact 3-Fold - Red,3-Fold Umbrella,120,260.0,0.08
SO000792,19/02/2026,Delivered,C030,Star Enterprises,Wholesaler,Shillong,Meghalaya,North-East,Bikash Roy,Credit,RC-LG-06,Heritage Long - Maroon,Long Umbrella,48,570.0,0.05
SO000049,2025-04-17,Delivered,C035,Ganga Traders,Retailer,Bardhaman,West Bengal,South Bengal,Amit Sarkar,Credit,RC-2F-06,Breeze 2-Fold - Floral Print,2-Fold Umbrella,12,270.0,0.01
SO000230,2025-05-29,Delivered,C048,Purbanchal Agencies,Wholesaler,Tezpur,Assam,North-East,Bikash Roy,Credit,RC-UV-01,SunGuard UV Sun - Maroon,UV Sun Umbrella,84,375.0,0.03
SO000128,07/05/2025,Delivered,C041,New Enterprises,Distributor,Agartala,Tripura,North-East,Bikash Roy,Credit,RC-KD-01,Kiddo Kids - Cartoon Print,Kids Umbrella,120,220.0,0.1
SO000512,29/07/2025,Delivered,C052,Himalaya Traders,Wholesaler,Tezpur,Assam,North-East,Bikash Roy,Credit,RC-RC-01,Shield Raincoat - Red,Raincoat,6 dz,690.0,0.05
SO000013,2025-04-04,Delivered,C051,Sai Traders,Retailer,Asansol,West Bengal,South Bengal,Amit Sarkar,Cash,RC-2F-06,Breeze 2-Fold - Floral Print,2-Fold Umbrella,24,₹270.00,0.01
SO000627,08-Sep-2025,Delivered,C010,Ganga Bastralaya,Wholesaler,Jorhat,Assam,North-East,Bikash Roy,Credit,RC-2F-01,Classic 2-Fold - Maroon,2-Fold Umbrella,72,310.0,0.04
SO000101,2025-05-02,Delivered,C017,New Traders,Distributor,Tezpur,Assam,North-East,Bikash Roy,Credit,RC-RC-01,Shield Raincoat - Red,Raincoat,60,690.0,0.12
SO000340,19/06/2025,Delivered,C051,Sai Traders,Retailer,Asansol,West Bengal,South Bengal,Amit Sarkar,Cash,RC-KD-04,Kiddo Kids - Polka Dot,Kids Umbrella,12,235.0,0.0
SO000535,2025-08-02,Delivered,C010,Ganga Bastralaya,Wholesaler,Jorhat,Assam,North-East,Bikash Roy,Credit,RC-2F-02,Breeze 2-Fold - Red,2-Fold Umbrella,96,₹290.00,0.04
SO000208,2025-05-26,Delivered,C058,Lokenath General Store,Wholesaler,Howrah,West Bengal,South Bengal,Amit Sarkar,Credit,RC-UV-05,SunGuard UV Sun - Transparent,UV Sun Umbrella,12,525.0,0.06
SO000118,06/05/2025,Delivered,C007,Biswakarma Bazaar,Wholesaler,Malda,West Bengal,North Bengal,Rina Das,Credit,RC-RC-03,Shield Raincoat - Grey,Raincoat,36,740.0,0.03
SO000834,17/03/2026,Pending,C003,Brahmaputra Wholesale,Distributor,Tezpur,Assam,North-East,Bikash Roy,Credit,RC-UV-05,SunGuard UV Sun - Transparent,UV Sun Umbrella,180,525.0,0.11
SO000816,10/03/2026,Delivered,C029,City Stores,Retailer,Durgapur,West Bengal,South Bengal,Amit Sarkar,Cash,RC-LG-02,Storm Long - Grey,Long Umbrella,36,385.0,0.02
SO000815,2026-03-09,Delivered,C039,Modern Stores,Distributor,Jalpaiguri,West Bengal,North Bengal,Rina Das,Credit,RC-3F-01,Classic 3-Fold - Polka Dot,3-Fold Umbrella,180,330.0,0.09
SO000358,23-Jun-2025,Delivered,C056,BHARAT WHOLESALE,Retailer,Siliguri,West Bengal,North Bengal,Rina Das,Cash,RC-3F-09,Classic 3-Fold - Black,3-Fold Umbrella,12,205.0,0.0
SO000731,2025-12-15,Delivered,C041,New Enterprises,Distributor,Agartala,Tripura,North-East,Bikash Roy,Credit,RC-2F-05,Breeze 2-Fold - Grey,2-Fold Umbrella,96,375.0,0.11
SO000484,23/07/2025,Delivered,C017,New Traders,Distributor,Tezpur,Assam,North-East,Bikash Roy,Credit,RC-LG-06,Heritage Long - Maroon,Long Umbrella,14 dz,570.0,0.1
SO000122,2025-05-06,Delivered,C041,New Enterprises,Distributor,Agartala,Tripura,North-East,Bikash Roy,Credit,RC-2F-01,Classic 2-Fold - Maroon,2-Fold Umbrella,204,₹310.00,0.1
SO000836,2026-03-18,Delivered,C050,Biswakarma Traders,Retailer,Shillong,Meghalaya,North-East,Bikash Roy,Cash,RC-KD-01,Kiddo Kids - Cartoon Print,Kids Umbrella,12,220.0,0.0
SO000240,31/05/2025,Delivered,C049,Biswakarma Traders,Retailer,KOLKATA,West Bengal,South Bengal,Amit Sarkar,Credit,RC-RC-01,Shield Raincoat - Red,Raincoat,1 dz,690.0,0.01
SO000176,2025-05-19,Delivered,C032,Modern Bazaar,Retailer,Jamshedpur,Jharkhand,Other East,Rakesh Singh,Cash,RC-RC-01,Shield Raincoat - Red,Raincoat,24,690.0,0.03
SO000166,15/05/2025,Delivered,C017,New Traders  ,Distributor,Tezpur,Assam,North-East,Bikash Roy,Credit,RC-2F-01,Classic 2-Fold - Maroon,2-Fold Umbrella,192,₹310.00,0.11
SO000579,2025-08-19,Cancelled,C014, new traders,Distributor,Imphal,Manipur,North-East,Bikash Roy,Credit,RC-UV-04,SunGuard UV Sun - Beige,UV Sun Umbrella,120,420.0,0.09
SO000661,24/09/2025,Delivered,C048,Purbanchal Agencies,Wholesaler,Tezpur,Assam,North-East,Bikash Roy,Credit,RC-UV-01,SunGuard UV Sun - Maroon,UV Sun Umbrella,60,375.0,0.06
SO000661,24-Sep-2025,Delivered,C048,Purbanchal Agencies,Wholesaler,Tezpur,Assam,North-East,Bikash Roy,Credit,RC-3F-04,Compact 3-Fold - Navy Blue,3-Fold Umbrella,96,345.0,0.07
SO000612,30/08/2025,Delivered,C006,Modern Stores,Wholesaler,Haora,West Bengal,South Bengal,Amit Sarkar,Credit,RC-3F-04,Compact 3-Fold - Navy Blue,3-Fold Umbrella,60,345.0,0.03
SO000748,10/01/2026,Delivered,C041,New Enterprises,Distributor,Agartala,Tripura,North-East,Bikash Roy,Credit,RC-3F-06,Breeze 3-Fold - Floral Print,3-Fold Umbrella,132,260.0,0.1
SO000687,29-Oct-2025,Delivered,C055,Sonali Traders,Retailer,Bardhaman,West Bengal,South Bengal,Amit Sarkar,Cash,RC-UV-01,SunGuard UV Sun - Maroon,UV Sun Umbrella,36,375.0,0.01
SO000745,05-Jan-2026,Delivered,C039,Modern Stores,Distributor,Jalpaiguri,West Bengal,North Bengal,Rina Das,Credit,RC-UV-02,SunGuard UV Sun - Grey,UV Sun Umbrella,204,580.0,0.11
SO000273,2025-06-07,Delivered,C038,Kalyani Distributors,Wholesaler,Agartala,Tripura,North-East,Bikash Roy,Credit,RC-3F-08,Compact 3-Fold - Checks,3-Fold Umbrella,48,295.0,0.06
SO000045,2025-04-16,Delivered,C003,Brahmaputra Wholesale,Distributor,Tezpur,Assam,North-East,Bikash Roy,Credit,RC-3F-06,Breeze 3-Fold - Floral Print,3-Fold Umbrella,252 pcs,₹260.00,0.1
SO000547,2025-08-06,Delivered,C022,Sonali Stores,Retailer,Jamshedpur,Jharkhand,Other East,Rakesh Singh,Credit,RC-KD-04,Kiddo Kids - Polka Dot,Kids Umbrella,36 pcs,235.0,0.01
SO000669,2025-09-27,Delivered,C048,Purbanchal Agencies,Wholesaler,Tezpur,Assam,North-East,Bikash Roy,Credit,RC-UV-04,SunGuard UV Sun - Beige,UV Sun Umbrella,8 dz,420.0,0.03
SO000829,2026-03-13,Delivered,C029,City Stores,Retailer,Durgapur,West Bengal,South Bengal,Amit Sarkar,Cash,RC-UV-01,SunGuard UV Sun - Maroon,UV Sun Umbrella,24,₹375.00,0.0
SO000059,19-Apr-2025,Delivered,C046,Sri Durga Traders,Distributor,Cooch Behar,West Bengal,North Bengal,Rina Das,Credit,RC-LG-03,Storm Long - Bottle Green,Long Umbrella,120,430.0,0.11
SO000432,2025-07-12,Delivered,C021,City Traders,Wholesaler,Bhubaneswar,Odisha,Other East,Rakesh Singh,Credit,RC-LG-01,Auto-Open Long - Maroon,Long Umbrella,96,390.0,0.05
SO000566,12/08/2025,Delivered,C046,Sri Durga Traders,Distributor,Cooch Behar,West Bengal,North Bengal,Rina Das,Credit,RC-2F-01,Classic 2-Fold - Maroon,2-Fold Umbrella,264,310.0,0.11
SO000551,2025-08-07,Delivered,C010,Ganga Bastralaya,Wholesaler,Jorhat,Assam,North-East,Bikash Roy,Credit,RC-LG-05,Storm Long - Checks,Long Umbrella,96,345.0,0.04
SO000757,2026-01-29,Delivered,C050,Biswakarma Traders,Retailer,Shillong,Meghalaya,North-East,Bikash Roy,Cash,RC-UV-04,SunGuard UV Sun - Beige,UV Sun Umbrella,24,₹420.00,0.0
SO000297,13-Jun-2025,Delivered,C014,New Traders,Distributor,Imphal,Manipur,North-East,Bikash Roy,Credit,RC-LG-05,Storm Long - Checks,Long Umbrella,132,345.0,0.11
SO000143,2025-05-10,Delivered,C024,Rainbow Enterprises,Wholesaler,Dibrugarh,Assam,North-East,Bikash Roy,Credit,RC-3F-06,Breeze 3-Fold - Floral Print,3-Fold Umbrella,144,260.0,0.04
SO000769,2026-02-07,Delivered,C045,Krishna Umbrella House,Wholesaler,Kharagpur,West Bengal,South Bengal,Amit Sarkar,Credit,RC-2F-03,Classic 2-Fold - Checks,2-Fold Umbrella,24,435.0,0.06
SO000422,2025-07-10,Delivered,C021,City Traders,Wholesaler,Bhubaneshwar,Odisha,Other East,Rakesh Singh,Credit,RC-RC-01,Shield Raincoat - Red,Raincoat,60,690.0,0.04
SO000279,2025-06-09,Delivered,C013,Hanuman Stores,Wholesaler,Bardhaman,West Bengal,South Bengal,Amit Sarkar,Credit,RC-2F-02,Breeze 2-Fold - Red,2-Fold Umbrella,8 dz,290.0,0.06
SO000628,08-Sep-2025,Cancelled,C014,New Traders,Distributor,,Manipur,North-East,Bikash Roy,Credit,RC-3F-06,Breeze 3-Fold - Floral Print,3-Fold Umbrella,72,260.0,0.1
SO000817,2026-03-10,Delivered,C041,New Enterprises,Distributor,Agartala,Tripura,North-East,Bikash Roy,Credit,RC-2F-06,Breeze 2-Fold - Floral Print,2-Fold Umbrella,264,270.0,0.1
SO000356,2025-06-23,Delivered,C035,Ganga Traders,Retailer,Bardhaman,West Bengal,South Bengal,Amit Sarkar,Credit,RC-3F-08,Compact 3-Fold - Checks,3-Fold Umbrella,12,295.0,0.0
SO000245,02/06/2025,Delivered,C016,Krishna Emporium,Retailer,Guwahati,Assam,North-East,Bikash Roy,Cash,RC-LG-06,Heritage Long - Maroon,Long Umbrella,24,570.0,0.02
SO000382,30/06/2025,Delivered,C017,New Traders,Distributor,Tezpur,Assam,North-East,Bikash Roy,Credit,RC-RC-01,Shield Raincoat - Red,Raincoat,18 dz,₹690.00,10%
SO000580,2025-08-20,Cancelled,C017,New Traders,Distributor,Tezpur,Assam,North-East,Bikash Roy,Credit,RC-UV-05,SunGuard UV Sun - Transparent,UV Sun Umbrella,144,525.0,0.09
SO000164,2025-05-15,Delivered,C003,Brahmaputra Wholesale,Distributor,Tezpur,Assam,North-East,Bikash Roy,Credit,RC-KD-04,Kiddo Kids - Polka Dot,Kids Umbrella,14 dz,235.0,0.1
SO000191,2025-05-21,Delivered,C041, new enterprises,Distributor,Agartala,Tripura,North-East,Bikash Roy,Credit,RC-3F-01,Classic 3-Fold - Polka Dot,3-Fold Umbrella,156,330.0,0.08
SO000063,2025-04-21,Delivered,C041,New Enterprises,Distributor,Agartala,Tripura,North-East,Bikash Roy,Credit,RC-RC-01,Shield Raincoat - Red,Raincoat,156,690.0,0.12
SO000494,2025-07-25,Delivered,C060,Modern Marketing,Retailer,Durgapur,West Bengal,South Bengal,Amit Sarkar,Credit,RC-KD-04,Kiddo Kids - Polka Dot,Kids Umbrella,12,235.0,0.01
SO000629,2025-09-08,Delivered,C017,New Traders,Distributor,Tezpur,Assam,North-East,Bikash Roy,Credit,RC-3F-04,Compact 3-Fold - Navy Blue,3-Fold Umbrella,84,₹345.00,0.12
SO000716,29-Nov-2025,Delivered,C057,Janata & Sons,Wholesaler,Aizawl,Mizoram,North-East,Bikash Roy,Credit,RC-RC-03,Shield Raincoat - Grey,Raincoat,12,740.0,0.06
SO000819,2026-03-11,Delivered,C021,City Traders,Wholesaler,Bhubaneswar,Odisha,Other East,Rakesh Singh,Credit,RC-UV-04,SunGuard UV Sun - Beige,UV Sun Umbrella,72,420.0,0.04
SO000540,05/08/2025,Delivered,C021,City Traders,Wholesaler,Bhubaneswar,Odisha,Other East,Rakesh Singh,Credit,RC-3F-04,Compact 3-Fold - Navy Blue,3-Fold Umbrella,72,345.0,0.04
SO000338,19/06/2025,Delivered,C041,New Enterprises,Distributor,Agartala,Tripura,North-East,Bikash Roy,Credit,RC-KD-01,Kiddo Kids - Cartoon Print,Kids Umbrella,240,220.0,0.1
SO000287,11/06/2025,Delivered,C014,New Traders,Distributor,Imphal,Manipur,North-East,Bikash Roy,Credit,RC-RC-01,Shield Raincoat - Red,Raincoat,168,₹690.00,0.11
SO000372,26/06/2025,Delivered,C032,Modern Bazaar,Retailer,Jamshedpur,Jharkhand,Other East,Rakesh Singh,Cash,RC-LG-05,Storm Long - Checks,Long Umbrella,12,₹345.00,0.01
SO000031,2025-04-09,Delivered,C037,Hanuman Marketing,Retailer,Dimapur,Nagaland,North-East,Bikash Roy,Credit,RC-LG-06,Heritage Long - Maroon,Long Umbrella,12,570.0,0.03
SO000780,2026-02-13,Delivered,C048,Purbanchal Agencies  ,Wholesaler,Tezpur,Assam,North-East,Bikash Roy,Credit,RC-UV-04,SunGuard UV Sun - Beige,UV Sun Umbrella,48,420.0,0.06
SO000840,21-Mar-2026,Delivered,C039,Modern Stores,Distributor,Jalpaiguri,West Bengal,North Bengal,Rina Das,Credit,RC-2F-01,Classic 2-Fold - Maroon,2-Fold Umbrella,108,310.0,0.11
SO000510,29/07/2025,Delivered,C047,Teesta Trading Co.,Retailer,Bhagalpur,Bihar,Other East,Rakesh Singh,Cash,RC-LG-01,Auto-Open Long - Maroon,Long Umbrella,24,390.0,0.01
SO000541,2025-08-05,Delivered,C025,Modern Stores,Retailer,Silchar,Assam,North-East,Bikash Roy,Credit,RC-LG-03,Storm Long - Bottle Green,Long Umbrella,12,430.0,0.01
SO000308,2025-06-14,Delivered,C041,New Enterprises,Distributor,Agartala,Tripura,North-East,Bikash Roy,Credit,RC-3F-01,Classic 3-Fold - Polka Dot,3-Fold Umbrella,216,₹330.00,0.1
SO000817,2026-03-10,Delivered,C041,New Enterprises,Distributor,Agartala,Tripura,North-East,Bikash Roy,Credit,RC-KD-04,Kiddo Kids - Polka Dot,Kids Umbrella,84,235.0,0.09
SO000699,2025-11-13,Delivered,C011,Sri Durga Umbrella House,Retailer,Silchar,Assam,North-East,Bikash Roy,Cash,RC-3F-06,Breeze 3-Fold - Floral Print,3-Fold Umbrella,12,260.0,0.03
SO000285,2025-06-10,Delivered,C041, new enterprises,Distributor,Agartala,Tripura,North-East,Bikash Roy,Credit,RC-3F-01,Classic 3-Fold - Polka Dot,3-Fold Umbrella,72,330.0,0.08
SO000705,20/11/2025,Delivered,C046,Sri Durga Traders,Distributor,Cooch Behar,West Bengal,North Bengal,Rina Das,Credit,RC-UV-02,SunGuard UV Sun - Grey,UV Sun Umbrella,276,580.0,0.09
SO000786,17/02/2026,Delivered,C034,Sai Distributors,Wholesaler,Imphal,Manipur,North-East,Bikash Roy,Credit,RC-UV-03,SunGuard UV Sun - Checks,UV Sun Umbrella,84,445.0,0.06
SO000040,12/04/2025,Delivered,C002,City Distributors,Retailer,Tezpur,Assam,North-East,Bikash Roy,Credit,RC-3F-07,Classic 3-Fold - Beige,3-Fold Umbrella,12,300.0,0.01
SO000178,19/05/2025,Delivered,C049,Biswakarma Traders,Retailer,KOLKATA,West Bengal,South Bengal,Amit Sarkar,Credit,RC-RC-03,Shield Raincoat - Grey,Raincoat,36,740.0,0.02
SO000049,17-Apr-2025,Delivered,C035,Ganga Traders  ,Retailer,Bardhaman,West Bengal,South Bengal,Amit Sarkar,Credit,RC-3F-04,Compact 3-Fold - Navy Blue,3-Fold Umbrella,12,₹345.00,0.01
SO000412,07-Jul-2025,Delivered,C046,Sri Durga Traders,Distributor,Cooch Behar,West Bengal,North Bengal,Rina Das,Credit,RC-3F-01,Classic 3-Fold - Polka Dot,3-Fold Umbrella,228,330.0,0.1
SO000292,12/06/2025,Delivered,C003,Brahmaputra Wholesale,Distributor,Tezpur,Assam,North-East,Bikash Roy,Credit,RC-RC-01,Shield Raincoat - Red,Raincoat,180,690.0,0.09
SO000726,2025-12-09,Delivered,C004,Royal Trading Co.,Retailer,Agartala,Tripura,North-East,Bikash Roy,Credit,RC-3F-06,Breeze 3-Fold - Floral Print,3-Fold Umbrella,12,260.0,0.01
SO000253,04-Jun-2025,Delivered,C041,New Enterprises,Distributor,Agartala,Tripura,North-East,Bikash Roy,Credit,RC-3F-09,Classic 3-Fold - Black,3-Fold Umbrella,252,205.0,0.1
SO000854,28-Mar-2026,Delivered,C059,Sunrise Wholesale,Wholesaler,Durgapur,West Bengal,South Bengal,Amit Sarkar,Credit,RC-UV-04,SunGuard UV Sun - Beige,UV Sun Umbrella,3 dz,420.0,0.06
SO000798,27/02/2026,Delivered,C017,New Traders,Distributor,Tezpur,Assam,North-East,Bikash Roy,Credit,RC-3F-05,Breeze 3-Fold - Grey,3-Fold Umbrella,108,255.0,0.09
SO000197,22-May-2025,Delivered,C052,Himalaya Traders,Wholesaler,Tezpur,Assam,North-East,Bikash Roy,Credit,RC-3F-01,Classic 3-Fold - Polka Dot,3-Fold Umbrella,60,330.0,0.04
SO000099,2025-05-02,Delivered,C014,New Traders  ,Distributor,Imphal,Manipur,North-East,Bikash Roy,Credit,RC-2F-02,Breeze 2-Fold - Red,2-Fold Umbrella,132,290.0,0.1
SO000164,15-May-2025,Delivered,C003,Brahmaputra Wholesale,Distributor,Tezpur,Assam,North-East,Bikash Roy,Credit,RC-LG-05,Storm Long - Checks,Long Umbrella,60,345.0,0.09
SO000299,13-Jun-2025,Delivered,C023,Krishna Emporium,Retailer,Shillong,Meghalaya,North-East,Bikash Roy,Credit,RC-KD-01,Kiddo Kids - Cartoon Print,Kids Umbrella,24,220.0,0.02
SO000509,2025-07-29,Delivered,C041,New Enterprises,Distributor,Agartala,Tripura,North-East,Bikash Roy,Credit,RC-3F-04,Compact 3-Fold - Navy Blue,3-Fold Umbrella,216,345.0,0.09
SO000855,2026-03-30,In Transit,C018,New Traders,Retailer,Itanagar,Arunachal Pradesh,North-East,Bikash Roy,Credit,RC-RC-05,Shield Raincoat - Polka Dot,Raincoat,36,655.0,0.02
SO000777,12/02/2026,Delivered,C046,Sri Durga Traders,Distributor,Cooch Behar,West Bengal,North Bengal,Rina Das,Credit,RC-3F-08,Compact 3-Fold - Checks,3-Fold Umbrella,72,295.0,0.09
SO000787,2026-02-18,Delivered,C014,New Traders,Distributor,Imphal,Manipur,North-East,Bikash Roy,Credit,RC-UV-01,SunGuard UV Sun - Maroon,UV Sun Umbrella,72 pcs,375.0,0.12
SO000640,11-Sep-2025,Delivered,C059, sunrise wholesale,Wholesaler,Durgapur,West Bengal,South Bengal,Amit Sarkar,Credit,RC-2F-01,Classic 2-Fold - Maroon,2-Fold Umbrella,36,310.0,0.06
SO000465,18/07/2025,Delivered,C041,New Enterprises,Distributor,Agartala,Tripura,North-East,Bikash Roy,Credit,RC-KD-04,Kiddo Kids - Polka Dot,Kids Umbrella,144,235.0,0.1
SO000059,19/04/2025,Delivered,C046,Sri Durga Traders,Distributor,Cooch Behar,West Bengal,North Bengal,Rina Das,Credit,RC-UV-04,SunGuard UV Sun - Beige,UV Sun Umbrella,72,420.0,0.12
SO000371,2025-06-26,Delivered,C031,Purbanchal Umbrella House,Retailer,Imphal,Manipur,North-East,Bikash Roy,Credit,RC-3F-04,Compact 3-Fold - Navy Blue,3-Fold Umbrella,72,345.0,0.0
SO000773,2026-02-11,Delivered,C024,Rainbow Enterprises,Wholesaler,Dibrugarh,Assam,North-East,Bikash Roy,Credit,RC-2F-03,Classic 2-Fold - Checks,2-Fold Umbrella,36,435.0,0.05
SO000360,24/06/2025,Delivered,C007,Biswakarma Bazaar,Wholesaler,Malda,West Bengal,North Bengal,Rina Das,Credit,RC-UV-04,SunGuard UV Sun - Beige,UV Sun Umbrella,60,420.0,0.05
SO000495,26/07/2025,Delivered,C040,Krishna Distributors,Retailer,Patna,Bihar,Other East,Rakesh Singh,Credit,RC-KD-02,Kiddo Kids - Yellow,Kids Umbrella,12,210.0,0.02
SO000596,25/08/2025,Delivered,C036,Hanuman & Sons,Wholesaler,Asansol,West Bengal,South Bengal,Amit Sarkar,Credit,RC-3F-10,Compact 3-Fold - Red,3-Fold Umbrella,12,260.0,0.07
SO000256,2025-06-05,Delivered,C005,Jai Hind Umbrella House,Retailer,Cuttack,Odisha,Other East,Rakesh Singh,Cash,RC-RC-03,Shield Raincoat - Grey,Raincoat,12 pcs,740.0,0.02
SO000367,2025-06-26,Delivered,C003,Brahmaputra Wholesale,Distributor,Tezpur,Assam,North-East,Bikash Roy,Credit,RC-KD-03,Kiddo Kids - Sky Blue,Kids Umbrella,108,185.0,0.1
SO000483,22-Jul-2025,Delivered,C057,Janata & Sons,Wholesaler,Aizawl,Mizoram,North-East,Bikash Roy,Credit,RC-2F-04,Classic 2-Fold - Red,2-Fold Umbrella,36,310.0,0.04
SO000194,2025-05-22,Delivered,C020,Sri Durga Trading Co.,Retailer,Malda,West Bengal,North Bengal,Rina Das,Credit,RC-LG-02,Storm Long - Grey,Long Umbrella,12,385.0,0.02
SO000538,04/08/2025,Delivered,C004,Royal Trading Co.,Retailer,Agartala,Tripura,North-East,Bikash Roy,Credit,RC-3F-01,Classic 3-Fold - Polka Dot,3-Fold Umbrella,48,330.0,0.01
SO000400,2025-07-03,Delivered,C048,Purbanchal Agencies,Wholesaler,Tezpur,Assam,North-East,Bikash Roy,Credit,RC-2F-03,Classic 2-Fold - Checks,2-Fold Umbrella,84,435.0,0.04
SO000205,2025-05-26,Delivered,C003,Brahmaputra Wholesale,Distributor,Tezpur,Assam,North-East,Bikash Roy,Credit,RC-RC-03,Shield Raincoat - Grey,Raincoat,17 dz,740.0,0.08
SO000421,09/07/2025,Delivered,C049,Biswakarma Traders,Retailer,Kolkata,West Bengal,South Bengal,Amit Sarkar,Credit,RC-RC-01,Shield Raincoat - Red,Raincoat,36,690.0,0.01
SO000702,2025-11-15,Delivered,C046,Sri Durga Traders,Distributor,Cooch Behar,West Bengal,North Bengal,Rina Das,Credit,RC-3F-07,Classic 3-Fold - Beige,3-Fold Umbrella,10 dz,300.0,0.09
SO000216,27/05/2025,Delivered,C059,Sunrise Wholesale,Wholesaler,Durgapur,West Bengal,South Bengal,Amit Sarkar,Credit,RC-LG-05,Storm Long - Checks,Long Umbrella,48,345.0,0.07
SO000357,23/06/2025,Cancelled,C038,KALYANI DISTRIBUTORS,Wholesaler,Agartala,Tripura,North-East,Bikash Roy,Credit,RC-3F-08,Compact 3-Fold - Checks,3-Fold Umbrella,48,295.0,0.04
SO000671,06/10/2025,Delivered,C017,New Traders,Distributor,Tezpur,Assam,North-East,Bikash Roy,Credit,RC-RC-03,Shield Raincoat - Grey,Raincoat,180,740.0,0.12
SO000490,24/07/2025,Delivered,C041,New Enterprises,Distributor,Agartala,Tripura,North-East,Bikash Roy,Credit,RC-2F-04,Classic 2-Fold - Red,2-Fold Umbrella,132,310.0,0.08
SO000312,16/06/2025,Delivered,C013,Hanuman Stores,Wholesaler,Bardhaman,West Bengal,South Bengal,Amit Sarkar,Credit,RC-KD-01,Kiddo Kids - Cartoon Print,Kids Umbrella,72,220.0,4%
SO000210,2025-05-27,Delivered,C014,New Traders,Distributor,Imphal,Manipur,North-East,Bikash Roy,Credit,RC-UV-01,SunGuard UV Sun - Maroon,UV Sun Umbrella,132,375.0,0.1
SO000621,2025-09-01,Delivered,C059,Sunrise Wholesale  ,Wholesaler,Durgapur,West Bengal,South Bengal,Amit Sarkar,Credit,RC-UV-01,SunGuard UV Sun - Maroon,UV Sun Umbrella,48,₹375.00,0.07
SO000769,07/02/2026,Delivered,C045,Krishna Umbrella House,Wholesaler,Kharagpur,West Bengal,South Bengal,Amit Sarkar,Credit,RC-UV-04,SunGuard UV Sun - Beige,UV Sun Umbrella,12,420.0,0.03
SO000460,17/07/2025,Delivered,C048,Purbanchal Agencies,Wholesaler,Tezpur,Assam,North-East,Bikash Roy,Credit,RC-3F-03,Storm 3-Fold - Floral Print,3-Fold Umbrella,36,275.0,0.05
SO000357,2025-06-23,Cancelled,C038,Kalyani Distributors,Wholesaler,Agartala,Tripura,North-East,Bikash Roy,Credit,RC-2F-01,Classic 2-Fold - Maroon,2-Fold Umbrella,12,310.0,0.05
SO000805,04/03/2026,Delivered,C036,Hanuman & Sons,Wholesaler,Asansol,West Bengal,South Bengal,Amit Sarkar,Credit,RC-RC-01,Shield Raincoat - Red,Raincoat,72,₹690.00,0.04
SO000261,2025-06-05,Cancelled,C046,Sri Durga Traders,Distributor,Cooch Behar,West Bengal,North Bengal,Rina Das,Credit,RC-RC-01,Shield Raincoat - Red,Raincoat,300,690.0,0.08
SO000704,20/11/2025,Delivered,C042,Rainbow Bastralaya,Wholesaler,Purnia,Bihar,Other East,Rakesh Singh,Credit,RC-UV-01,SunGuard UV Sun - Maroon,UV Sun Umbrella,12,375.0,0.03
SO000651,18/09/2025,Delivered,C039,Modern Stores,Distributor,Jalpaiguri,West Bengal,North Bengal,Rina Das,Credit,RC-3F-06,Breeze 3-Fold - Floral Print,3-Fold Umbrella,180,260.0,0.09
SO000502,28-Jul-2025,Cancelled,C046,Sri Durga Traders,Distributor,Cooch Behar,West Bengal,North Bengal,Rina Das,Credit,RC-RC-05,Shield Raincoat - Polka Dot,Raincoat,6 dz,655.0,0.11
SO000632,09-Sep-2025,Delivered,C046,Sri Durga Traders,Distributor,Cooch Behar,West Bengal,North Bengal,Rina Das,Credit,RC-KD-04,Kiddo Kids - Polka Dot,Kids Umbrella,228,235.0,0.09
SO000745,05/01/2026,Delivered,C039,Modern Stores,Distributor,Jalpaiguri,West Bengal,North Bengal,Rina Das,Credit,RC-UV-05,SunGuard UV Sun - Transparent,UV Sun Umbrella,168,525.0,0.1
SO000376,2025-06-27,Cancelled,C027,Kalyani General Store,Retailer,Asansol,West Bengal,South Bengal,Amit Sarkar,Cash,RC-UV-02,SunGuard UV Sun - Grey,UV Sun Umbrella,24,580.0,0.03
SO000790,2026-02-18,Delivered,C030,Star Enterprises,Wholesaler,Shillong,Meghalaya,North-East,Bikash Roy,Credit,RC-UV-03,SunGuard UV Sun - Checks,UV Sun Umbrella,36,445.0,0.05
SO000051,18-Apr-2025,Delivered,C013,Hanuman Stores,Wholesaler,Bardhaman,West Bengal,South Bengal,Amit Sarkar,Credit,RC-2F-04,Classic 2-Fold - Red,2-Fold Umbrella,36,310.0,0.05
SO000212,27/05/2025,Delivered,C025,Modern Stores,Retailer,Silchar,Assam,North-East,Bikash Roy,Credit,RC-KD-02,Kiddo Kids - Yellow,Kids Umbrella,12,210.0,0.02
SO000259,2025-06-05,Cancelled,C041,New Enterprises,Distributor,Agartala,Tripura,North-East,Bikash Roy,Credit,RC-3F-07,Classic 3-Fold - Beige,3-Fold Umbrella,276,300.0,0.12
SO000263,2025-06-06,Cancelled,C017,New Traders,Distributor,Tezpur,Assam,North-East,Bikash Roy,Credit,RC-UV-04,SunGuard UV Sun - Beige,UV Sun Umbrella,216,₹420.00,0.11
SO000175,19/05/2025,Delivered,C029,City Stores,Retailer,Durgapur,West Bengal,South Bengal,Amit Sarkar,Cash,RC-RC-01,Shield Raincoat - Red,Raincoat,12,690.0,0.02
SO000372,2025-06-26,Delivered,C032,Modern Bazaar,Retailer,Jamshedpur,Jharkhand,Other East,Rakesh Singh,Cash,RC-3F-04,Compact 3-Fold - Navy Blue,3-Fold Umbrella,24,345.0,0.0
SO000674,2025-10-07,Delivered,C039,Modern Stores,Distributor,Jalpaiguri,West Bengal,North Bengal,Rina Das,Credit,RC-3F-06,Breeze 3-Fold - Floral Print,3-Fold Umbrella,17 dz,260.0,0.12
SO000716,2025-11-29,Delivered,C057,Janata & Sons,Wholesaler,Aizawl,Mizoram,North-East,Bikash Roy,Credit,RC-UV-04,SunGuard UV Sun - Beige,UV Sun Umbrella,12,₹420.00,0.07
SO000321,2025-06-17,Delivered,C014,New Traders,Distributor,Imphal,Manipur,North-East,Bikash Roy,Credit,RC-3F-04,Compact 3-Fold - Navy Blue,3-Fold Umbrella,168,345.0,0.09
SO000074,24/04/2025,Delivered,C031,Purbanchal Umbrella House,Retailer,Imphal,Manipur,North-East,Bikash Roy,Credit,RC-UV-04,SunGuard UV Sun - Beige,UV Sun Umbrella,72,420.0,0.01
SO000496,26/07/2025,Delivered,C046,Sri Durga Traders,Distributor,Cooch Behar,West Bengal,North Bengal,Rina Das,Credit,RC-3F-01,Classic 3-Fold - Polka Dot,3-Fold Umbrella,216,330.0,0.11
SO000729,11-Dec-2025,Delivered,C006,Modern Stores,Wholesaler,Howrah,West Bengal,South Bengal,Amit Sarkar,Credit,RC-UV-04,SunGuard UV Sun - Beige,UV Sun Umbrella,96,420.0,0.03
SO000500,2025-07-28,Delivered,C030,Star Enterprises,Wholesaler,Shillong,Meghalaya,North-East,Bikash Roy,Credit,RC-UV-01,SunGuard UV Sun - Maroon,UV Sun Umbrella,24,₹375.00,0.07
SO000044,15-Apr-2025,Delivered,C059,Sunrise Wholesale,Wholesaler,Durgapur,West Bengal,South Bengal,Amit Sarkar,Credit,RC-3F-10,Compact 3-Fold - Red,3-Fold Umbrella,36,260.0,0.04
SO000528,31/07/2025,Delivered,C051,Sai Traders,Retailer,Asansol,West Bengal,South Bengal,Amit Sarkar,Cash,RC-RC-01,Shield Raincoat - Red,Raincoat,12,690.0,0.03
SO000729,2025-12-11,Delivered,C006,Modern Stores,Wholesaler,Howrah,West Bengal,South Bengal,Amit Sarkar,Credit,RC-3F-08,Compact 3-Fold - Checks,3-Fold Umbrella,84,295.0,0.03
SO000091,01-May-2025,Delivered,C017,New Traders,Distributor,Tezpur,Assam,North-East,Bikash Roy,Credit,RC-2F-02,Breeze 2-Fold - Red,2-Fold Umbrella,120,290.0,0.1
SO000174,2025-05-19,Delivered,C017,New Traders,Distributor,Tezpur,Assam,North-East,Bikash Roy,Credit,RC-3F-03,Storm 3-Fold - Floral Print,3-Fold Umbrella,168,275.0,0.09
SO000796,21-Feb-2026,Delivered,C041,New Enterprises,Distributor,Agartala,Tripura,North-East,Bikash Roy,Credit,RC-KD-01,Kiddo Kids - Cartoon Print,Kids Umbrella,156,220.0,0.09
SO000095,01/05/2025,Delivered,C048,Purbanchal Agencies  ,Wholesaler,Tezpur,Assam,North-East,Bikash Roy,Credit,RC-RC-01,Shield Raincoat - Red,Raincoat,8 dz,690.0,0.05
SO000350,21/06/2025,Cancelled,C041,New Enterprises,Distributor,Agartala,Tripura,North-East,Bikash Roy,Credit,RC-RC-01,Shield Raincoat - Red,Raincoat,192,690.0,0.1
SO000108,03/05/2025,Delivered,C041,New Enterprises,Distributor,Agartala,Tripura,North-East,Bikash Roy,Credit,RC-GF-01,Pro Golf - Floral Print,Golf Umbrella,204,745.0,0.08
SO000809,2026-03-05,Delivered,C041,New Enterprises,Distributor,Agartala,Tripura,North-East,Bikash Roy,Credit,RC-UV-03,SunGuard UV Sun - Checks,UV Sun Umbrella,156,445.0,0.09
SO000253,04/06/2025,Delivered,C041,New Enterprises  ,Distributor,Agartala,Tripura,North-East,Bikash Roy,Credit,RC-3F-01,Classic 3-Fold - Polka Dot,3-Fold Umbrella,84,330.0,0.1
SO000471,2025-07-19,Delivered,C052,Himalaya Traders,Wholesaler,Tezpur,Assam,North-East,Bikash Roy,Credit,RC-3F-08,Compact 3-Fold - Checks,3-Fold Umbrella,60,295.0,0.06
SO000039,11/04/2025,Delivered,C037,Hanuman Marketing,Retailer,Dimapur,Nagaland,North-East,Bikash Roy,Credit,RC-UV-01,SunGuard UV Sun - Maroon,UV Sun Umbrella,24,375.0,0.02
SO000231,30/05/2025,Delivered,C016,Krishna Emporium,Retailer,Guwahati,Assam,North-East,Bikash Roy,Cash,RC-3F-02,Breeze 3-Fold - Transparent,3-Fold Umbrella,12,305.0,0.01
SO000083,2025-04-28,Delivered,C003,Brahmaputra Wholesale  ,Distributor,Tezpur,Assam,North-East,Bikash Roy,Credit,RC-3F-01,Classic 3-Fold - Polka Dot,3-Fold Umbrella,156,330.0,0.12
SO000508,2025-07-29,Delivered,C038,Kalyani Distributors,Wholesaler,Agartala,Tripura,North-East,Bikash Roy,Credit,RC-UV-04,SunGuard UV Sun - Beige,UV Sun Umbrella,84,420.0,0.06
SO000346,20-Jun-2025,Delivered,C058,Lokenath General Store,Wholesaler,Howrah,West Bengal,South Bengal,Amit Sarkar,Credit,RC-3F-07,Classic 3-Fold - Beige,3-Fold Umbrella,36,300.0,0.07
SO000591,2025-08-23,Delivered,C052,HIMALAYA TRADERS,Wholesaler,Tezpur,Assam,North-East,Bikash Roy,Credit,RC-3F-02,Breeze 3-Fold - Transparent,3-Fold Umbrella,72,305.0,0.07
SO000556,2025-08-09,Delivered,C003,Brahmaputra Wholesale,Distributor,Tezpur,Assam,North-East,Bikash Roy,Credit,RC-2F-01,Classic 2-Fold - Maroon,2-Fold Umbrella,216,310.0,0.12
SO000803,04/03/2026,Delivered,C003,Brahmaputra Wholesale,Distributor,Tezpur,Assam,North-East,Bikash Roy,Credit,RC-UV-01,SunGuard UV Sun - Maroon,UV Sun Umbrella,228,375.0,0.12
SO000113,2025-05-05,Delivered,C014,New Traders,Distributor,Imphal,Manipur,North-East,Bikash Roy,Credit,RC-RC-01,Shield Raincoat - Red,Raincoat,156,690.0,0.1
SO000816,10/03/2026,Delivered,C029,City Stores,Retailer,Durgapur,West Bengal,South Bengal,Amit Sarkar,Cash,RC-3F-08,Compact 3-Fold - Checks,3-Fold Umbrella,12,295.0,0.02
SO000439,14-Jul-2025,Delivered,C023,Krishna Emporium,Retailer,Shillong,Meghalaya,North-East,Bikash Roy,Credit,RC-RC-01,Shield Raincoat - Red,Raincoat,12,690.0,0.02
SO000688,30-Oct-2025,Delivered,C052,Himalaya Traders,Wholesaler,Tezpur,Assam,North-East,Bikash Roy,Credit,RC-2F-01,Classic 2-Fold - Maroon,2-Fold Umbrella,36,310.0,0.07
SO000505,2025-07-29,Delivered,C017, new traders,Distributor,Tezpur,Assam,North-East,Bikash Roy,Credit,RC-RC-05,Shield Raincoat - Polka Dot,Raincoat,120,655.0,0.08
SO000207,26/05/2025,Delivered,C051,Sai Traders,Retailer,Asansol,West Bengal,South Bengal,Amit Sarkar,Cash,RC-RC-05,Shield Raincoat - Polka Dot,Raincoat,24,655.0,0.03
SO000210,27/05/2025,Delivered,C014,New Traders,Distributor,Imphal,Manipur,North-East,Bikash Roy,Credit,RC-LG-02,Storm Long - Grey,Long Umbrella,144,385.0,0.11
SO000540,2025-08-05,Delivered,C021,CITY TRADERS,Wholesaler,Bhubaneswar,Odisha,Other East,Rakesh Singh,Credit,RC-2F-01,Classic 2-Fold - Maroon,2-Fold Umbrella,72,310.0,0.05
SO000837,19/03/2026,Delivered,C046,Sri Durga Traders,Distributor,Cooch Behar,West Bengal,North Bengal,Rina Das,Credit,RC-UV-03,SunGuard UV Sun - Checks,UV Sun Umbrella,168,445.0,0.09
SO000127,2025-05-07,Delivered,C037,Hanuman Marketing,Retailer,Dimapur,Nagaland,North-East,Bikash Roy,Credit,RC-3F-07,Classic 3-Fold - Beige,3-Fold Umbrella,48 pcs,300.0,0.02
SO000552,07/08/2025,Delivered,C014,New Traders,Distributor,Imphal,Manipur,North-East,Bikash Roy,Credit,RC-2F-06,Breeze 2-Fold - Floral Print,2-Fold Umbrella,6 dz,270.0,0.09
SO000448,2025-07-15,Delivered,C041,New Enterprises,Distributor,Agartala,Tripura,North-East,Bikash Roy,Credit,RC-2F-04,Classic 2-Fold - Red,2-Fold Umbrella,216,310.0,0.08
SO000383,30/06/2025,Delivered,C024,Rainbow Enterprises,Wholesaler,Dibrugarh,Assam,North-East,Bikash Roy,Credit,RC-3F-10,Compact 3-Fold - Red,3-Fold Umbrella,96,₹260.00,0.04
SO000803,2026-03-04,Delivered,C003,Brahmaputra Wholesale,Distributor,Tezpur,Assam,North-East,Bikash Roy,Credit,RC-3F-10,Compact 3-Fold - Red,3-Fold Umbrella,216,260.0,0.08
SO000471,19/07/2025,Delivered,C052,Himalaya Traders  ,Wholesaler,Tezpur,Assam,North-East,Bikash Roy,Credit,RC-3F-10,Compact 3-Fold - Red,3-Fold Umbrella,24,260.0,5%
SO000052,18/04/2025,Delivered,C041,New Enterprises,Distributor,Agartala,Tripura,North-East,Bikash Roy,Credit,RC-2F-04,Classic 2-Fold - Red,2-Fold Umbrella,132 pcs,310.0,0.12
SO000424,2025-07-10,Delivered,C053,Rupali Wholesale,Retailer,Jalpaiguri,West Bengal,North Bengal,Rina Das,Credit,RC-3F-02,Breeze 3-Fold - Transparent,3-Fold Umbrella,24,305.0,0.02
SO000109,2025-05-05,Delivered,C006,Modern Stores,Wholesaler,Howrah,West Bengal,South Bengal,Amit Sarkar,Credit,RC-UV-04,SunGuard UV Sun - Beige,UV Sun Umbrella,132,420.0,0.04
SO000367,2025-06-26,Delivered,C003,Brahmaputra Wholesale,Distributor,Tezpur,Assam,North-East,Bikash Roy,Credit,RC-RC-01,Shield Raincoat - Red,Raincoat,72,690.0,0.11
SO000808,05/03/2026,Delivered,C038,Kalyani Distributors,Wholesaler,Agartala,Tripura,North-East,Bikash Roy,Credit,RC-2F-06,Breeze 2-Fold - Floral Print,2-Fold Umbrella,48,270.0,0.05
SO000750,12/01/2026,Delivered,C040,Krishna Distributors,Retailer,Patna,Bihar,Other East,Rakesh Singh,Credit,RC-UV-04,SunGuard UV Sun - Beige,UV Sun Umbrella,24,420.0,0.0
SO000102,2025-05-02,Delivered,C041,New Enterprises,Distributor,Agartala,Tripura,North-East,Bikash Roy,Credit,RC-LG-06,Heritage Long - Maroon,Long Umbrella,144,570.0,0.1
SO000818,2026-03-10,Delivered,C046,Sri Durga Traders,Distributor,Cooch Behar,West Bengal,North Bengal,Rina Das,Credit,RC-LG-05,Storm Long - Checks,Long Umbrella,276,345.0,0.09
SO000605,27/08/2025,Delivered,C058, lokenath general store,Wholesaler,Howrah,West Bengal,South Bengal,Amit Sarkar,Credit,RC-2F-02,Breeze 2-Fold - Red,2-Fold Umbrella,60,290.0,0.06
SO000019,07/04/2025,Delivered,C042,Rainbow Bastralaya,Wholesaler,Purnia,Bihar,Other East,Rakesh Singh,Credit,RC-3F-07,Classic 3-Fold - Beige,3-Fold Umbrella,72,300.0,0.07
SO000607,29/08/2025,Delivered,C004,Royal Trading Co.,Retailer,Agartala,Tripura,North-East,Bikash Roy,Credit,RC-2F-01,Classic 2-Fold - Maroon,2-Fold Umbrella,2 dz,310.0,0.03
SO000378,27/06/2025,Delivered,C042,Rainbow Bastralaya,Wholesaler,Purnia,Bihar,Other East,Rakesh Singh,Credit,RC-2F-02,Breeze 2-Fold - Red,2-Fold Umbrella,84,290.0,4%
SO000260,2025-06-05,Delivered,C042,Rainbow Bastralaya,Wholesaler,Purnia,Bihar,,Rakesh Singh,Credit,RC-3F-04,Compact 3-Fold - Navy Blue,3-Fold Umbrella,60,345.0,0.07
SO000474,2025-07-21,Delivered,C003,Brahmaputra Wholesale,Distributor,Tezpur,Assam,North-East,Bikash Roy,Credit,RC-2F-03,Classic 2-Fold - Checks,2-Fold Umbrella,252,435.0,0.12
SO000309,14/06/2025,Delivered,C049,Biswakarma Traders,Retailer,Kolkata,West Bengal,South Bengal,Amit Sarkar,Credit,RC-2F-03,Classic 2-Fold - Checks,2-Fold Umbrella,60,435.0,0.01
SO000318,2025-06-16,Delivered,C041,New Enterprises,Distributor,Agartala,Tripura,North-East,Bikash Roy,Credit,RC-2F-05,Breeze 2-Fold - Grey,2-Fold Umbrella,216,375.0,0.12
SO000451,2025-07-16,Delivered,C037,Hanuman Marketing,Retailer,Dimapur,Nagaland,North-East,Bikash Roy,Credit,RC-LG-03,Storm Long - Bottle Green,Long Umbrella,24,430.0,0.0
SO000352,21-Jun-2025,Delivered,C059,Sunrise Wholesale,Wholesaler,Durgapur,West Bengal,South Bengal,Amit Sarkar,Credit,RC-3F-06,Breeze 3-Fold - Floral Print,3-Fold Umbrella,36,260.0,4%
SO000015,2025-04-05,Delivered,C021, city traders,Wholesaler,Bhubaneswar,Odisha,Other East,Rakesh Singh,Credit,RC-RC-02,Shield Raincoat - Bottle Green,Raincoat,36,690.0,0.05
SO000396,03-Jul-2025,Delivered,C010,Ganga Bastralaya,Wholesaler,Jorhat,Assam,North-East,Bikash Roy,Credit,RC-LG-03,Storm Long - Bottle Green,Long Umbrella,24,430.0,0.05
SO000508,29-Jul-2025,Delivered,C038,Kalyani Distributors  ,Wholesaler,Agartala,Tripura,North-East,Bikash Roy,Credit,RC-RC-02,Shield Raincoat - Bottle Green,Raincoat,60,690.0,0.05
SO000294,12-Jun-2025,Delivered,C017,New Traders,Distributor,Tezpur,Assam,North-East,Bikash Roy,Credit,RC-RC-01,Shield Raincoat - Red,Raincoat,156,690.0,0.09
SO000790,18/02/2026,Delivered,C030,Star Enterprises,Wholesaler,Shillong,Meghalaya,North-East,Bikash Roy,Credit,RC-3F-10,Compact 3-Fold - Red,3-Fold Umbrella,60,₹260.00,0.04
SO000569,13-Aug-2025,Cancelled,C046,Sri Durga Traders,Distributor,Cooch Behar,West Bengal,North Bengal,Rina Das,Credit,RC-KD-04,Kiddo Kids - Polka Dot,Kids Umbrella,72,235.0,0.11
SO000021,08/04/2025,Delivered,C006,Modern Stores,Wholesaler,Howrah,West Bengal,South Bengal,Amit Sarkar,Credit,RC-UV-04,SunGuard UV Sun - Beige,UV Sun Umbrella,84,₹420.00,0.03
SO000302,13/06/2025,Cancelled,C052,Himalaya Traders,Wholesaler,Tezpur,Assam,North-East,Bikash Roy,Credit,RC-2F-03,Classic 2-Fold - Checks,2-Fold Umbrella,5 dz,₹435.00,0.04
SO000283,10-Jun-2025,Delivered,C024,Rainbow Enterprises,Wholesaler,Dibrugarh,Assam,North-East,Bikash Roy,Credit,RC-RC-01,Shield Raincoat - Red,Raincoat,36,690.0,0.05
SO000718,2025-12-01,Delivered,C009,Brahmaputra General Store,Retailer,Guwahati,Assam,North-East,Bikash Roy,Cash,RC-UV-04,SunGuard UV Sun - Beige,UV Sun Umbrella,24,₹420.00,0.02
SO000281,2025-06-10,Delivered,C006,Modern Stores,Wholesaler,Howrah,West Bengal,South Bengal,Amit Sarkar,Credit,RC-2F-02,Breeze 2-Fold - Red,2-Fold Umbrella,132,290.0,0.07
SO000024,2025-04-08,Delivered,C027,Kalyani General Store,Retailer,Asansol,West Bengal,South Bengal,Amit Sarkar,Cash,RC-3F-07,Classic 3-Fold - Beige,3-Fold Umbrella,24,300.0,0.03
SO000593,2025-08-25,Delivered,C006,Modern Stores,Wholesaler,Haora,West Bengal,South Bengal,Amit Sarkar,Credit,RC-UV-04,SunGuard UV Sun - Beige,UV Sun Umbrella,4 dz,420.0,0.07
SO000586,22/08/2025,Delivered,C009,Brahmaputra General Store,Retailer,Gauhati,Assam,North-East,Bikash Roy,Cash,RC-UV-04,SunGuard UV Sun - Beige,UV Sun Umbrella,24,420.0,0.01
SO000350,2025-06-21,Cancelled,C041,New Enterprises,Distributor,Agartala,Tripura,North-East,Bikash Roy,Credit,RC-3F-07,Classic 3-Fold - Beige,3-Fold Umbrella,240,300.0,0.08
SO000291,2025-06-11,Delivered,C049,Biswakarma Traders,Retailer,Kolkata,West Bengal,South Bengal,Amit Sarkar,Credit,RC-3F-03,Storm 3-Fold - Floral Print,3-Fold Umbrella,36,275.0,0.0
SO000824,2026-03-12,Delivered,C014,New Traders,Distributor,Imphal,Manipur,North-East,Bikash Roy,Credit,RC-KD-04,Kiddo Kids - Polka Dot,Kids Umbrella,120,235.0,0.09
SO000527,31/07/2025,Delivered,C050,Biswakarma Traders,Retailer,Shillong,Meghalaya,North-East,Bikash Roy,Cash,RC-3F-06,Breeze 3-Fold - Floral Print,3-Fold Umbrella,24,260.0,0.03
SO000364,25/06/2025,Delivered,C013,Hanuman Stores,Wholesaler,Bardhaman,West Bengal,South Bengal,Amit Sarkar,Credit,RC-3F-10,Compact 3-Fold - Red,3-Fold Umbrella,36,260.0,0.04
SO000388,2025-07-01,Delivered,C037,Hanuman Marketing,Retailer,Dimapur,Nagaland,North-East,Bikash Roy,Credit,RC-2F-06,Breeze 2-Fold - Floral Print,2-Fold Umbrella,12,270.0,0.0
SO000318,16/06/2025,Delivered,C041,NEW ENTERPRISES,Distributor,Agartala,Tripura,North-East,Bikash Roy,Credit,RC-RC-01,Shield Raincoat - Red,Raincoat,96,690.0,0.1
SO000085,2025-04-29,Delivered,C034,Sai Distributors,Wholesaler,Imphal,Manipur,North-East,Bikash Roy,Credit,RC-UV-05,SunGuard UV Sun - Transparent,UV Sun Umbrella,72 pcs,525.0,0.05
SO000407,2025-07-04,Delivered,C054,Lokenath Agencies,Retailer,Kharagpur,West Bengal,South Bengal,Amit Sarkar,Credit,RC-UV-01,SunGuard UV Sun - Maroon,UV Sun Umbrella,2 dz,375.0,0.02
SO000355,23/06/2025,Delivered,C025,Modern Stores,Retailer,Silchar,Assam,North-East,Bikash Roy,Credit,RC-RC-02,Shield Raincoat - Bottle Green,Raincoat,12,690.0,0.01
SO000538,2025-08-04,Delivered,C004,Royal Trading Co.,Retailer,Agartala,Tripura,North-East,Bikash Roy,Credit,RC-RC-01,Shield Raincoat - Red,Raincoat,48,690.0,0.02
SO000576,16/08/2025,Delivered,C058,Lokenath General Store,Wholesaler,Howrah,West Bengal,South Bengal,Amit Sarkar,Credit,RC-LG-05,Storm Long - Checks,Long Umbrella,48,345.0,0.05
SO000243,2025-06-02,Delivered,C012,Sonali Marketing,Wholesaler,Ranchi,Jharkhand,Other East,Rakesh Singh,Credit,RC-RC-01,Shield Raincoat - Red,Raincoat,72,690.0,0.04
SO000394,02-Jul-2025,Delivered,C052,Himalaya Traders,Wholesaler,Tezpur,Assam,North-East,Bikash Roy,Credit,RC-3F-10,Compact 3-Fold - Red,,48 pcs,260.0,0.05
SO000646,15/09/2025,Delivered,C049,Biswakarma Traders,Retailer,Kolkata,West Bengal,South Bengal,Amit Sarkar,Credit,RC-LG-03,Storm Long - Bottle Green,Long Umbrella,12,430.0,0.02
SO000857,30/03/2026,In Transit,C046,Sri Durga Traders,Distributor,Cooch Behar,West Bengal,North Bengal,Rina Das,Credit,RC-UV-04,SunGuard UV Sun - Beige,UV Sun Umbrella,264,420.0,0.1
SO000595,2025-08-25,Cancelled,C021,City Traders,Wholesaler,Bhubaneswar,Odisha,Other East,Rakesh Singh,Credit,RC-3F-03,Storm 3-Fold - Floral Print,3-Fold Umbrella,48,275.0,0.04
SO000190,21-May-2025,Delivered,C031,Purbanchal Umbrella House,Retailer,Imphal,Manipur,North-East,Bikash Roy,Credit,RC-RC-04,Shield Raincoat - Checks,Raincoat,72 pcs,435.0,0.01
SO000596,2025-08-25,Delivered,C036,Hanuman & Sons,Wholesaler,Asansol,West Bengal,South Bengal,Amit Sarkar,Credit,RC-3F-04,Compact 3-Fold - Navy Blue,3-Fold Umbrella,24,345.0,0.03
SO000467,2025-07-18,Delivered,C050,Biswakarma Traders,Retailer,Shillong,Meghalaya,North-East,Bikash Roy,Cash,RC-RC-03,Shield Raincoat - Grey,Raincoat,36,740.0,0.02
SO000009,03/04/2025,Delivered,C057,Janata & Sons,Wholesaler,Aizawl,Mizoram,North-East,Bikash Roy,Credit,RC-UV-04,SunGuard UV Sun - Beige,UV Sun Umbrella,36,420.0,0.05
SO000034,2025-04-10,Delivered,C013,Hanuman Stores,Wholesaler,Bardhaman,West Bengal,South Bengal,Amit Sarkar,Credit,RC-UV-01,SunGuard UV Sun - Maroon,UV Sun Umbrella,72,375.0,0.04
SO000192,2025-05-21,Delivered,C047,Teesta Trading Co.,Retailer,Bhagalpur,Bihar,Other East,Rakesh Singh,Cash,RC-2F-01,Classic 2-Fold - Maroon,2-Fold Umbrella,12,₹310.00,0.01
SO000149,10/05/2025,Delivered,C046,Sri Durga Traders,Distributor,Cooch Behar,West Bengal,North Bengal,Rina Das,Credit,RC-3F-08,Compact 3-Fold - Checks,3-Fold Umbrella,192,295.0,0.09
SO000600,26/08/2025,Delivered,C047,Teesta Trading Co.,Retailer,Bhagalpur,Bihar,Other East,Rakesh Singh,Cash,RC-3F-04,Compact 3-Fold - Navy Blue,3-Fold Umbrella,12,345.0,0.03
SO000029,09-Apr-2025,Delivered,C006,Modern Stores,Wholesaler,Haora,West Bengal,South Bengal,Amit Sarkar,Credit,RC-UV-04,SunGuard UV Sun - Beige,UV Sun Umbrella,132,420.0,0.06
SO000443,15-Jul-2025,Delivered,C017,New Traders,Distributor,Tezpur,Assam,North-East,Bikash Roy,Credit,RC-RC-01,Shield Raincoat - Red,Raincoat,216 pcs,690.0,0.1
SO000787,2026-02-18,Delivered,C014,New Traders,Distributor,Imphal,Manipur,North-East,Bikash Roy,Credit,RC-UV-01,SunGuard UV Sun - Maroon,UV Sun Umbrella,72 pcs,375.0,0.12
SO000784,2026-02-14,Delivered,C038,Kalyani Distributors,Wholesaler,Agartala,Tripura,North-East,Bikash Roy,Credit,RC-3F-01,Classic 3-Fold - Polka Dot,3-Fold Umbrella,72,330.0,0.06
SO000727,2025-12-09,Delivered,C024,Rainbow Enterprises,Wholesaler,Dibrugarh,Assam,North-East,Bikash Roy,Credit,RC-3F-09,Classic 3-Fold - Black,3-Fold Umbrella,144,205.0,0.04
SO000637,10/09/2025,Delivered,C046,Sri Durga Traders,Distributor,Cooch Behar,West Bengal,North Bengal,Rina Das,Credit,RC-3F-01,Classic 3-Fold - Polka Dot,,276,330.0,0.08
SO000103,2025-05-02,Delivered,C046,Sri Durga Traders,Distributor,Cooch Behar,West Bengal,North Bengal,Rina Das,Credit,RC-RC-01,Shield Raincoat - Red,Raincoat,132 pcs,690.0,0.09
SO000545,06/08/2025,Delivered,C013,Hanuman Stores,Wholesaler,Bardhaman,West Bengal,South Bengal,Amit Sarkar,Credit,RC-2F-01,Classic 2-Fold - Maroon,2-Fold Umbrella,60,310.0,0.06
SO000219,28/05/2025,Delivered,C027,Kalyani General Store,Retailer,Asansol,West Bengal,South Bengal,Amit Sarkar,Cash,RC-3F-08,Compact 3-Fold - Checks,3-Fold Umbrella,24,₹295.00,0.0
SO000405,04-Jul-2025,Delivered,C047,Teesta Trading Co.,Retailer,Bhagalpur,Bihar,Other East,Rakesh Singh,Cash,RC-LG-03,Storm Long - Bottle Green,Long Umbrella,12,430.0,0.02
SO000363,25/06/2025,Delivered,C003,Brahmaputra Wholesale,Distributor,Tezpur,Assam,North-East,Bikash Roy,Credit,RC-3F-01,Classic 3-Fold - Polka Dot,3-Fold Umbrella,60,330.0,0.11
SO000619,2025-09-01,Delivered,C037,Hanuman Marketing,Retailer,Dimapur,Nagaland,North-East,Bikash Roy,Credit,RC-RC-01,Shield Raincoat - Red,Raincoat,12,690.0,0.0
SO000203,2025-05-24,Delivered,C032,Modern Bazaar,Retailer,Jamshedpur,Jharkhand,Other East,Rakesh Singh,Cash,RC-UV-04,SunGuard UV Sun - Beige,UV Sun Umbrella,12,₹420.00,0.03
SO000662,25/09/2025,Delivered,C003,Brahmaputra Wholesale,Distributor,Tezpur,Assam,North-East,Bikash Roy,Credit,RC-RC-03,Shield Raincoat - Grey,Raincoat,216,740.0,0.09
SO000566,12-Aug-2025,Delivered,C046,Sri Durga Traders,Distributor,Cooch Behar,West Bengal,North Bengal,Rina Das,Credit,RC-3F-06,Breeze 3-Fold - Floral Print,3-Fold Umbrella,180,260.0,0.09
SO000416,09-Jul-2025,Delivered,C010,Ganga Bastralaya,Wholesaler,Jorhat,Assam,North-East,Bikash Roy,Credit,RC-RC-05,Shield Raincoat - Polka Dot,Raincoat,60,655.0,0.04
SO000409,05/07/2025,Delivered,C053,Rupali Wholesale,Retailer,Jalpaiguri,West Bengal,North Bengal,Rina Das,Credit,RC-RC-01,Shield Raincoat - Red,Raincoat,12,₹690.00,0.01
SO000452,16-Jul-2025,Delivered,C041,New Enterprises,Distributor,Agartala,Tripura,North-East,Bikash Roy,Credit,RC-3F-05,Breeze 3-Fold - Grey,3-Fold Umbrella,192,₹255.00,0.11
SO000090,2025-04-30,Delivered,C058,Lokenath General Store,Wholesaler,Howrah,West Bengal,South Bengal,Amit Sarkar,Credit,RC-UV-04,SunGuard UV Sun - Beige,UV Sun Umbrella,12,420.0,0.05
SO000210,27-May-2025,Delivered,C014,New Traders,Distributor,Imphal,Manipur,North-East,Bikash Roy,Credit,RC-2F-02,Breeze 2-Fold - Red,2-Fold Umbrella,144,₹290.00,0.11
SO000835,2026-03-17,Delivered,C018,New Traders,Retailer,Itanagar,Arunachal Pradesh,North-East,Bikash Roy,Credit,RC-2F-06,Breeze 2-Fold - Floral Print,2-Fold Umbrella,24,270.0,0.03
SO000530,01-Aug-2025,Delivered,C006,Modern Stores,Wholesaler,Howrah,West Bengal,South Bengal,Amit Sarkar,Credit,RC-3F-01,Classic 3-Fold - Polka Dot,3-Fold Umbrella,24,330.0,0.05
SO000285,2025-06-10,Delivered,C041,New Enterprises,Distributor,Agartala,Tripura,North-East,Bikash Roy,Credit,RC-2F-02,Breeze 2-Fold - Red,2-Fold Umbrella,132,290.0,0.11
SO000547,06-Aug-2025,Delivered,C022,Sonali Stores,Retailer,Jamshedpur,Jharkhand,Other East,Rakesh Singh,Credit,RC-UV-04,SunGuard UV Sun - Beige,UV Sun Umbrella,36,420.0,0.03
SO000143,10/05/2025,Delivered,C024,Rainbow Enterprises,Wholesaler,Dibrugarh,Assam,North-East,Bikash Roy,Credit,RC-RC-03,Shield Raincoat - Grey,Raincoat,144,740.0,0.05
SO000246,02-Jun-2025,Delivered,C046,Sri Durga Traders,Distributor,Cooch Behar,West Bengal,North Bengal,Rina Das,Credit,RC-LG-05,Storm Long - Checks,Long Umbrella,108,₹345.00,0.09
SO000553,07-Aug-2025,Delivered,C031,Purbanchal Umbrella House,Retailer,Imphal,Manipur,North-East,Bikash Roy,Credit,RC-2F-01,Classic 2-Fold - Maroon,2-Fold Umbrella,48,310.0,0.02
SO000209,2025-05-27,Delivered,C004,Royal Trading Co.,Retailer,Agartala,Tripura,North-East,Bikash Roy,Credit,RC-3F-01,Classic 3-Fold - Polka Dot,3-Fold Umbrella,24,330.0,0.02
SO000452,2025-07-16,Delivered,C041,New Enterprises,Distributor,Agartala,Tripura,North-East,Bikash Roy,Credit,RC-KD-01,Kiddo Kids - Cartoon Print,Kids Umbrella,180,220.0,0.12
SO000153,2025-05-12,Delivered,C019,Ganga Wholesale,Retailer,Howrah,West Bengal,South Bengal,Amit Sarkar,Cash,RC-2F-06,Breeze 2-Fold - Floral Print,2-Fold Umbrella,12,270.0,3%
SO000470,2025-07-19,Delivered,C046,Sri Durga Traders  ,Distributor,Cooch Behar,West Bengal,North Bengal,Rina Das,Credit,RC-3F-06,Breeze 3-Fold - Floral Print,3-Fold Umbrella,108 pcs,260.0,0.11
SO000167,15/05/2025,Delivered,C023,Krishna Emporium,Retailer,Shillong,Meghalaya,North-East,Bikash Roy,Credit,RC-2F-02,Breeze 2-Fold - Red,2-Fold Umbrella,12,290.0,0.01
SO000731,15-Dec-2025,Delivered,C041,New Enterprises,Distributor,Agartala,Tripura,North-East,Bikash Roy,Credit,RC-GF-01,Pro Golf - Floral Print,Golf Umbrella,144,745.0,0.08
SO000475,21/07/2025,Delivered,C034,Sai Distributors,Wholesaler,Imphal,Manipur,North-East,Bikash Roy,Credit,RC-RC-01,Shield Raincoat - Red,Raincoat,96,690.0,0.04
SO000114,05-May-2025,Delivered,C024,Rainbow Enterprises,Wholesaler,Dibrugarh,Assam,North-East,Bikash Roy,Credit,RC-LG-01,Auto-Open Long - Maroon,Long Umbrella,36,390.0,0.05
SO000382,30-Jun-2025,Delivered,C017,New Traders,Distributor,Tezpur,Assam,North-East,Bikash Roy,Credit,RC-LG-05,Storm Long - Checks,Long Umbrella,132,345.0,0.1
SO000569,2025-08-13,Cancelled,C046,Sri Durga Traders,Distributor,Cooch Behar,West Bengal,North Bengal,Rina Das,Credit,RC-RC-01,Shield Raincoat - Red,Raincoat,276,690.0,0.12
SO000128,07/05/2025,Delivered,C041,New Enterprises,Distributor,Agartala,Tripura,North-East,Bikash Roy,Credit,RC-3F-07,Classic 3-Fold - Beige,3-Fold Umbrella,84,300.0,0.12
SO000213,27/05/2025,Delivered,C034,Sai Distributors,Wholesaler,Imphal,Manipur,North-East,Bikash Roy,Credit,RC-GF-01,Pro Golf - Floral Print,Golf Umbrella,48,745.0,0.06
SO000770,10/02/2026,Delivered,C021,City Traders,Wholesaler,Bhubaneswar,Odisha,Other East,Rakesh Singh,Credit,RC-LG-03,Storm Long - Bottle Green,Long Umbrella,96,430.0,0.07
SO000693,05/11/2025,Delivered,C059,Sunrise Wholesale,Wholesaler,Durgapur,West Bengal,,Amit Sarkar,Credit,RC-3F-01,Classic 3-Fold - Polka Dot,3-Fold Umbrella,60,₹330.00,0.06
SO000318,16-Jun-2025,Delivered,C041,New Enterprises,Distributor,Agartala,Tripura,North-East,Bikash Roy,Credit,RC-UV-01,SunGuard UV Sun - Maroon,UV Sun Umbrella,252,375.0,0.1
SO000109,2025-05-05,Delivered,C006,Modern Stores,Wholesaler,Haora,West Bengal,South Bengal,Amit Sarkar,Credit,RC-2F-01,Classic 2-Fold - Maroon,2-Fold Umbrella,24,310.0,0.07
SO000647,2025-09-16,Delivered,C014,New Traders,Distributor,Imphal,Manipur,North-East,Bikash Roy,Credit,RC-LG-01,Auto-Open Long - Maroon,Long Umbrella,156,390.0,0.1
SO000358,2025-06-23,Delivered,C056,Bharat Wholesale,Retailer,Siliguri,West Bengal,North Bengal,Rina Das,Cash,RC-3F-07,Classic 3-Fold - Beige,3-Fold Umbrella,12,300.0,0.01
SO000155,12/05/2025,Delivered,C051,Sai Traders,Retailer,Asansol,West Bengal,South Bengal,Amit Sarkar,Cash,RC-3F-03,Storm 3-Fold - Floral Print,3-Fold Umbrella,1 dz,275.0,0.01
SO000290,11-Jun-2025,Delivered,C041,New Enterprises,Distributor,Agartala,Tripura,North-East,Bikash Roy,Credit,RC-LG-06,Heritage Long - Maroon,Long Umbrella,192,570.0,0.12
SO000367,26/06/2025,Delivered,C003,Brahmaputra Wholesale,Distributor,Tezpur,Assam,North-East,Bikash Roy,Credit,RC-3F-03,Storm 3-Fold - Floral Print,3-Fold Umbrella,84,275.0,0.09
SO000151,12/05/2025,Cancelled,C010,Ganga Bastralaya,Wholesaler,Jorhat,Assam,North-East,Bikash Roy,Credit,RC-UV-02,SunGuard UV Sun - Grey,UV Sun Umbrella,120,580.0,0.03
SO000536,02/08/2025,Cancelled,C052, himalaya traders,Wholesaler,Tezpur,Assam,North-East,Bikash Roy,Credit,RC-RC-05,Shield Raincoat - Polka Dot,Raincoat,36,655.0,0.07
SO000597,25/08/2025,Delivered,C044,Maa Tara Wholesale,Retailer,Itanagar,Arunachal Pradesh,North-East,Bikash Roy,Cash,RC-UV-02,SunGuard UV Sun - Grey,UV Sun Umbrella,12 pcs,580.0,0.02
SO000112,2025-05-05,Delivered,C013,Hanuman Stores,Wholesaler,Bardhaman,West Bengal,South Bengal,Amit Sarkar,Credit,RC-2F-04,Classic 2-Fold - Red,2-Fold Umbrella,60,310.0,0.04
SO000603,2025-08-27,Delivered,C034,Sai Distributors,Wholesaler,Imphal,Manipur,North-East,Bikash Roy,Credit,RC-UV-05,SunGuard UV Sun - Transparent,UV Sun Umbrella,72,525.0,0.06
SO000482,2025-07-22,Delivered,C046,Sri Durga Traders,Distributor,Cooch Behar,West Bengal,North Bengal,Rina Das,Credit,RC-RC-04,Shield Raincoat - Checks,Raincoat,288,₹435.00,0.09
SO000103,02/05/2025,Delivered,C046,Sri Durga Traders,Distributor,Cooch Behar,West Bengal,North Bengal,Rina Das,Credit,RC-RC-02,Shield Raincoat - Bottle Green,Raincoat,300,690.0,0.1
SO000258,2025-06-05,Delivered,C011,Sri Durga Umbrella House,Retailer,Silchar,Assam,North-East,Bikash Roy,Cash,RC-2F-03,Classic 2-Fold - Checks,2-Fold Umbrella,24,₹435.00,0.02
SO000468,19-Jul-2025,Delivered,C006,Modern Stores,Wholesaler,Howrah,West Bengal,South Bengal,Amit Sarkar,Credit,RC-3F-06,Breeze 3-Fold - Floral Print,3-Fold Umbrella,96,260.0,0.05
SO000498,28/07/2025,Cancelled,C003,Brahmaputra Wholesale,Distributor,Tezpur,Assam,North-East,Bikash Roy,Credit,RC-RC-01,Shield Raincoat - Red,Raincoat,240,690.0,0.1
SO000158,2025-05-14,Delivered,C006,Modern Stores  ,Wholesaler,Howrah,West Bengal,South Bengal,Amit Sarkar,Credit,RC-UV-01,SunGuard UV Sun - Maroon,UV Sun Umbrella,24,375.0,0.05
SO000830,2026-03-14,Delivered,C024,Rainbow Enterprises,Wholesaler,Dibrugarh,Assam,North-East,Bikash Roy,Credit,RC-LG-06,Heritage Long - Maroon,Long Umbrella,36,570.0,0.05
SO000228,2025-05-29,Delivered,C029,City Stores,Retailer,Durgapur,West Bengal,South Bengal,Amit Sarkar,Cash,RC-3F-06,Breeze 3-Fold - Floral Print,3-Fold Umbrella,36,260.0,0.01
SO000359,23/06/2025,Delivered,C059,Sunrise Wholesale,Wholesaler,Durgapur,West Bengal,South Bengal,Amit Sarkar,Credit,RC-3F-01,Classic 3-Fold - Polka Dot,3-Fold Umbrella,84,₹330.00,0.07
SO000377,27/06/2025,Delivered,C035,Ganga Traders,Retailer,Bardhaman,West Bengal,South Bengal,Amit Sarkar,Credit,RC-KD-01,Kiddo Kids - Cartoon Print,Kids Umbrella,24 pcs,220.0,0.0
SO000706,2025-11-22,Delivered,C019,Ganga Wholesale,Retailer,Howrah,West Bengal,South Bengal,Amit Sarkar,Cash,RC-3F-06,Breeze 3-Fold - Floral Print,3-Fold Umbrella,12,260.0,0.02
SO000750,12/01/2026,Delivered,C040,Krishna Distributors,Retailer,Patna,Bihar,Other East,Rakesh Singh,Credit,RC-UV-01,SunGuard UV Sun - Maroon,UV Sun Umbrella,36,375.0,0.01
SO000664,26-Sep-2025,Delivered,C014,New Traders,Distributor,Imphal,Manipur,North-East,Bikash Roy,Credit,RC-LG-05,Storm Long - Checks,Long Umbrella,36,345.0,0.1
SO000727,09/12/2025,Delivered,C024,Rainbow Enterprises,Wholesaler,Dibrugarh,Assam,North-East,Bikash Roy,Credit,RC-RC-01,Shield Raincoat - Red,Raincoat,120,690.0,0.06
SO000107,03/05/2025,Delivered,C040,Krishna Distributors,Retailer,Patna,Bihar,Other East,Rakesh Singh,Credit,RC-3F-04,Compact 3-Fold - Navy Blue,3-Fold Umbrella,36,345.0,0.03
SO000462,2025-07-18,Delivered,C004,Royal Trading Co.,Retailer,Agartala,Tripura,North-East,Bikash Roy,Credit,RC-3F-01,Classic 3-Fold - Polka Dot,3-Fold Umbrella,24,330.0,0.01
SO000241,31/05/2025,Delivered,C055,Sonali Traders,Retailer,Bardhaman,West Bengal,South Bengal,Amit Sarkar,Cash,RC-3F-05,Breeze 3-Fold - Grey,3-Fold Umbrella,12,255.0,0.01
SO000539,04-Aug-2025,Delivered,C046,Sri Durga Traders,Distributor,Cooch Behar,West Bengal,North Bengal,Rina Das,Credit,RC-2F-03,Classic 2-Fold - Checks,2-Fold Umbrella,120,435.0,0.08
SO000125,2025-05-06,Delivered,C056,Bharat Wholesale,Retailer,Siliguri,West Bengal,North Bengal,Rina Das,Cash,RC-RC-05,Shield Raincoat - Polka Dot,Raincoat,24,655.0,0.01
SO000130,08/05/2025,Delivered,C003,Brahmaputra Wholesale,Distributor,Tezpur,Assam,North-East,Bikash Roy,Credit,RC-KD-01,Kiddo Kids - Cartoon Print,Kids Umbrella,120,220.0,0.11
SO000252,04/06/2025,Delivered,C033,Krishna Distributors,Retailer,,West Bengal,North Bengal,Rina Das,Credit,RC-RC-01,Shield Raincoat - Red,Raincoat,36,₹690.00,0.02
SO000519,2025-07-31,Delivered,C010,Ganga Bastralaya,Wholesaler,Jorhat,Assam,North-East,Bikash Roy,Credit,RC-UV-01,SunGuard UV Sun - Maroon,UV Sun Umbrella,36,375.0,0.07
SO000728,10/12/2025,Delivered,C028,Lokenath General Store,Retailer,Silchar,Assam,North-East,Bikash Roy,Cash,RC-RC-01,Shield Raincoat - Red,Raincoat,24,690.0,0.01
SO000290,2025-06-11,Delivered,C041,New Enterprises,Distributor,Agartala,Tripura,North-East,Bikash Roy,Credit,RC-3F-06,Breeze 3-Fold - Floral Print,3-Fold Umbrella,300,260.0,0.11
SO000712,26/11/2025,Delivered,C059,SUNRISE WHOLESALE,Wholesaler,Durgapur,West Bengal,South Bengal,Amit Sarkar,Credit,RC-UV-02,SunGuard UV Sun - Grey,UV Sun Umbrella,60,580.0,0.04
SO000394,2025-07-02,Delivered,C052,Himalaya Traders,Wholesaler,Tezpur,Assam,North-East,Bikash Roy,Credit,RC-3F-01,Classic 3-Fold - Polka Dot,3-Fold Umbrella,72,330.0,0.05
SO000030,09-Apr-2025,Delivered,C013,Hanuman Stores,Wholesaler,Bardhaman,West Bengal,South Bengal,Amit Sarkar,Credit,RC-UV-01,SunGuard UV Sun - Maroon,UV Sun Umbrella,96,375.0,0.06
SO000496,2025-07-26,Delivered,C046,Sri Durga Traders,Distributor,Cooch Behar,West Bengal,North Bengal,Rina Das,Credit,RC-LG-03,Storm Long - Bottle Green,Long Umbrella,288,430.0,0.1
SO000610,29/08/2025,Cancelled,C041,New Enterprises,Distributor,Agartala,Tripura,North-East,Bikash Roy,Credit,RC-3F-01,Classic 3-Fold - Polka Dot,3-Fold Umbrella,180,₹330.00,0.09
SO000135,09/05/2025,Delivered,C003,Brahmaputra Wholesale,Distributor,Tezpur,Assam,North-East,Bikash Roy,Credit,RC-2F-02,Breeze 2-Fold - Red,2-Fold Umbrella,228,290.0,0.09
SO000674,2025-10-07,Delivered,C039,Modern Stores,Distributor,Jalpaiguri,West Bengal,North Bengal,Rina Das,Credit,RC-GF-01,Pro Golf - Floral Print,Golf Umbrella,156,745.0,0.11
SO000073,24-Apr-2025,Delivered,C029,City Stores  ,Retailer,Durgapur,West Bengal,South Bengal,Amit Sarkar,Cash,RC-RC-02,Shield Raincoat - Bottle Green,Raincoat,24,690.0,2%
SO000304,14/06/2025,Delivered,C003,Brahmaputra Wholesale,Distributor,Tezpur,Assam,North-East,Bikash Roy,Credit,RC-RC-03,Shield Raincoat - Grey,Raincoat,108,₹740.00,0.12
SO000465,18/07/2025,Delivered,C041,New Enterprises,Distributor,Agartala,Tripura,North-East,Bikash Roy,Credit,RC-3F-03,Storm 3-Fold - Floral Print,3-Fold Umbrella,180,275.0,0.08
SO000229,2025-05-29,Delivered,C037,Hanuman Marketing,Retailer,Dimapur,Nagaland,North-East,Bikash Roy,Credit,RC-RC-02,Shield Raincoat - Bottle Green,Raincoat,48,690.0,0.0
SO000757,29-Jan-2026,Delivered,C050,Biswakarma Traders,Retailer,Shillong,Meghalaya,North-East,Bikash Roy,Cash,RC-RC-01,Shield Raincoat - Red,Raincoat,12,690.0,0.01
SO000408,05/07/2025,Delivered,C046,Sri Durga Traders,Distributor,Cooch Behar,West Bengal,North Bengal,Rina Das,Credit,RC-3F-06,Breeze 3-Fold - Floral Print,3-Fold Umbrella,192,260.0,0.08
SO000631,2025-09-08,Cancelled,C034,Sai Distributors,Wholesaler,Imphal,Manipur,North-East,Bikash Roy,Credit,RC-3F-05,Breeze 3-Fold - Grey,3-Fold Umbrella,36,₹255.00,0.04
SO000367,26/06/2025,Delivered,C003,Brahmaputra Wholesale,Distributor,Tezpur,Assam,North-East,Bikash Roy,Credit,RC-2F-02,Breeze 2-Fold - Red,2-Fold Umbrella,144,290.0,0.09
SO000837,19-Mar-2026,Delivered,C046,Sri Durga Traders,Distributor,Cooch Behar,West Bengal,North Bengal,Rina Das,Credit,RC-3F-02,Breeze 3-Fold - Transparent,3-Fold Umbrella,72,305.0,0.11
SO000752,19/01/2026,Delivered,C013,Hanuman Stores,Wholesaler,Bardhaman,West Bengal,South Bengal,Amit Sarkar,Credit,RC-KD-01,Kiddo Kids - Cartoon Print,Kids Umbrella,36,220.0,4%
SO000843,23-Mar-2026,Delivered,C021,City Traders,Wholesaler,Bhubaneswar,Odisha,Other East,Rakesh Singh,Credit,RC-UV-04,SunGuard UV Sun - Beige,UV Sun Umbrella,48,420.0,0.05
SO000457,17/07/2025,Delivered,C021,CITY TRADERS,Wholesaler,Bhubaneswar,Odisha,Other East,Rakesh Singh,Credit,RC-UV-02,SunGuard UV Sun - Grey,UV Sun Umbrella,48,580.0,0.06
SO000317,16/06/2025,Delivered,C035,Ganga Traders,Retailer,Bardhaman,West Bengal,South Bengal,Amit Sarkar,Credit,RC-RC-03,Shield Raincoat - Grey,Raincoat,24 pcs,740.0,0.02
SO000115,2025-05-05,Delivered,C041,New Enterprises,Distributor,Agartala,Tripura,North-East,Bikash Roy,Credit,RC-KD-04,Kiddo Kids - Polka Dot,Kids Umbrella,264 pcs,235.0,0.09
SO000832,16-Mar-2026,Delivered,C013,Hanuman Stores,Wholesaler,Bardhaman,West Bengal,South Bengal,Amit Sarkar,Credit,RC-3F-03,Storm 3-Fold - Floral Print,3-Fold Umbrella,36,275.0,0.04
SO000500,28/07/2025,Delivered,C030,Star Enterprises,Wholesaler,Shillong,Meghalaya,North-East,Bikash Roy,Credit,RC-KD-02,Kiddo Kids - Yellow,Kids Umbrella,48,210.0,0.04
SO000300,13/06/2025,Delivered,C046,Sri Durga Traders,Distributor,Cooch Behar,West Bengal,North Bengal,Rina Das,Credit,RC-KD-01,Kiddo Kids - Cartoon Print,Kids Umbrella,72,220.0,0.11
SO000492,25/07/2025,Delivered,C032,Modern Bazaar,Retailer,Jamshedpur,Jharkhand,Other East,Rakesh Singh,Cash,RC-2F-06,Breeze 2-Fold - Floral Print,2-Fold Umbrella,24,270.0,0.01
SO000604,27-Aug-2025,Delivered,C039,Modern Stores,Distributor,Jalpaiguri,West Bengal,North Bengal,Rina Das,Credit,RC-3F-04,Compact 3-Fold - Navy Blue,3-Fold Umbrella,156,345.0,0.11
SO000832,16/03/2026,Delivered,C013,Hanuman Stores,Wholesaler,,West Bengal,South Bengal,Amit Sarkar,Credit,RC-UV-04,SunGuard UV Sun - Beige,UV Sun Umbrella,96,420.0,0.03
SO000486,23/07/2025,Delivered,C021,City Traders,Wholesaler,Bhubaneswar,Odisha,Other East,Rakesh Singh,Credit,RC-UV-05,SunGuard UV Sun - Transparent,UV Sun Umbrella,96,₹525.00,0.07
SO000678,11/10/2025,Delivered,C038,Kalyani Distributors,Wholesaler,Agartala,Tripura,North-East,Bikash Roy,Credit,RC-UV-04,SunGuard UV Sun - Beige,UV Sun Umbrella,60,420.0,0.05
SO000400,03/07/2025,Delivered,C048,Purbanchal Agencies,Wholesaler,Tezpur,Assam,North-East,Bikash Roy,Credit,RC-3F-06,Breeze 3-Fold - Floral Print,3-Fold Umbrella,96,260.0,0.03
SO000736,19/12/2025,Delivered,C011, sri durga umbrella house,Retailer,Silchar,Assam,North-East,Bikash Roy,Cash,RC-RC-01,Shield Raincoat - Red,Raincoat,12,690.0,0.03
SO000852,27-Mar-2026,In Transit,C048,Purbanchal Agencies,Wholesaler,Tezpur,Assam,North-East,Bikash Roy,Credit,RC-UV-04,SunGuard UV Sun - Beige,UV Sun Umbrella,36,420.0,0.07
SO000280,2025-06-09,Delivered,C030,Star Enterprises,Wholesaler,Shillong,Meghalaya,North-East,Bikash Roy,Credit,RC-UV-04,SunGuard UV Sun - Beige,UV Sun Umbrella,60,420.0,0.03
SO000030,09/04/2025,Delivered,C013,Hanuman Stores,Wholesaler,Bardhaman,West Bengal,South Bengal,Amit Sarkar,Credit,RC-RC-05,Shield Raincoat - Polka Dot,Raincoat,132,655.0,0.05
SO000059,2025-04-19,Delivered,C046,Sri Durga Traders,Distributor,Cooch Behar,West Bengal,North Bengal,Rina Das,Credit,RC-3F-06,Breeze 3-Fold - Floral Print,3-Fold Umbrella,264,260.0,0.1
SO000263,06/06/2025,Cancelled,C017, new traders,Distributor,Tezpur,Assam,North-East,Bikash Roy,Credit,RC-3F-07,Classic 3-Fold - Beige,3-Fold Umbrella,144,300.0,0.12
SO000461,2025-07-17,Delivered,C059,Sunrise Wholesale,Wholesaler,Durgapur,West Bengal,South Bengal,Amit Sarkar,Credit,RC-3F-01,Classic 3-Fold - Polka Dot,3-Fold Umbrella,60,330.0,0.05
SO000093,2025-05-01,Delivered,C031,Purbanchal Umbrella House,Retailer,Imphal,Manipur,North-East,Bikash Roy,Credit,RC-2F-02,Breeze 2-Fold - Red,2-Fold Umbrella,72,290.0,0.02
SO000659,2025-09-24,Delivered,C017,New Traders,Distributor,Tezpur,Assam,North-East,Bikash Roy,Credit,RC-3F-08,Compact 3-Fold - Checks,3-Fold Umbrella,120,295.0,0.09
SO000262,2025-06-06,Delivered,C008, popular & sons,Retailer,Durgapur,West Bengal,South Bengal,Amit Sarkar,Credit,RC-GF-02,Pro Golf - Beige,Golf Umbrella,2 dz,775.0,0.03
SO000222,28-May-2025,Delivered,C048,Purbanchal Agencies,Wholesaler,Tezpur,Assam,North-East,Bikash Roy,Credit,RC-2F-03,Classic 2-Fold - Checks,2-Fold Umbrella,36,435.0,0.05
SO000340,2025-06-19,Delivered,C051,Sai Traders,Retailer,Asansol,West Bengal,South Bengal,Amit Sarkar,Cash,RC-3F-04,Compact 3-Fold - Navy Blue,3-Fold Umbrella,12,345.0,0.02
SO000201,24/05/2025,Delivered,C006,Modern Stores,Wholesaler,Haora,West Bengal,South Bengal,Amit Sarkar,Credit,RC-RC-02,Shield Raincoat - Bottle Green,Raincoat,132,690.0,0.06
SO000676,2025-10-09,Delivered,C047,Teesta Trading Co.,Retailer,Bhagalpur,Bihar,Other East,Rakesh Singh,Cash,RC-LG-06,Heritage Long - Maroon,Long Umbrella,12,570.0,1%
SO000130,2025-05-08,Delivered,C003,Brahmaputra Wholesale,Distributor,Tezpur,Assam,North-East,Bikash Roy,Credit,RC-3F-04,Compact 3-Fold - Navy Blue,3-Fold Umbrella,84,345.0,0.11
SO000135,09/05/2025,Delivered,C003,Brahmaputra Wholesale,Distributor,Tezpur,Assam,North-East,Bikash Roy,Credit,RC-RC-01,Shield Raincoat - Red,Raincoat,5 dz,690.0,0.11
SO000148,10-May-2025,Delivered,C041,New Enterprises,Distributor,Agartala,Tripura,North-East,Bikash Roy,Credit,RC-KD-04,Kiddo Kids - Polka Dot,Kids Umbrella,72,235.0,0.09
SO000123,2025-05-06,Delivered,C043,Modern Enterprises,Retailer,Aizawl,Mizoram,North-East,Bikash Roy,Cash,RC-3F-06,Breeze 3-Fold - Floral Print,3-Fold Umbrella,12,260.0,0.02
SO000574,2025-08-16,Delivered,C041,New Enterprises,Distributor,Agartala,Tripura,North-East,Bikash Roy,Credit,RC-2F-03,Classic 2-Fold - Checks,2-Fold Umbrella,120,435.0,0.1
SO000708,24/11/2025,Delivered,C038,Kalyani Distributors,Wholesaler,Agartala,Tripura,North-East,Bikash Roy,Credit,RC-UV-04,SunGuard UV Sun - Beige,UV Sun Umbrella,36 pcs,420.0,0.05
SO000241,2025-05-31,Delivered,C055,Sonali Traders,Retailer,Bardhaman,West Bengal,South Bengal,Amit Sarkar,Cash,RC-3F-06,Breeze 3-Fold - Floral Print,3-Fold Umbrella,24,260.0,0.0
SO000066,22/04/2025,Delivered,C029,City Stores  ,Retailer,Durgapur,West Bengal,South Bengal,Amit Sarkar,Cash,RC-RC-01,Shield Raincoat - Red,Raincoat,12,690.0,0.02
SO000071,24/04/2025,Delivered,C006,Modern Stores,Wholesaler,Howrah,West Bengal,South Bengal,Amit Sarkar,Credit,RC-3F-09,Classic 3-Fold - Black,3-Fold Umbrella,120,205.0,0.04
SO000095,01/05/2025,Delivered,C048,Purbanchal Agencies,Wholesaler,Tezpur,Assam,North-East,Bikash Roy,Credit,RC-2F-03,Classic 2-Fold - Checks,2-Fold Umbrella,72 pcs,435.0,0.06
SO000628,08-Sep-2025,Cancelled,C014,New Traders,Distributor,Imphal,Manipur,North-East,Bikash Roy,Credit,RC-LG-02,Storm Long - Grey,Long Umbrella,180,385.0,0.08
SO000645,2025-09-15,Cancelled,C013,Hanuman Stores,Wholesaler,Bardhaman,West Bengal,South Bengal,Amit Sarkar,Credit,RC-LG-05,Storm Long - Checks,Long Umbrella,156,345.0,0.04
SO000511,29/07/2025,Delivered,C049,Biswakarma Traders,Retailer,Kolkata,West Bengal,South Bengal,Amit Sarkar,Credit,RC-RC-01,Shield Raincoat - Red,Raincoat,12,690.0,0.0
SO000593,25/08/2025,Delivered,C006,Modern Stores,Wholesaler,Haora,West Bengal,South Bengal,Amit Sarkar,Credit,RC-2F-01,Classic 2-Fold - Maroon,2-Fold Umbrella,96,310.0,0.04
SO000472,19/07/2025,Delivered,C054,Lokenath Agencies,Retailer,Kharagpur,West Bengal,South Bengal,Amit Sarkar,Credit,RC-3F-04,Compact 3-Fold - Navy Blue,3-Fold Umbrella,12,₹345.00,0.01
SO000117,2025-05-05,Delivered,C059,Sunrise Wholesale,Wholesaler,Durgapur,West Bengal,South Bengal,Amit Sarkar,Credit,RC-3F-05,Breeze 3-Fold - Grey,3-Fold Umbrella,60,255.0,0.05
SO000331,18/06/2025,Delivered,C049, biswakarma traders,Retailer,Kolkata,West Bengal,South Bengal,Amit Sarkar,Credit,RC-3F-08,Compact 3-Fold - Checks,3-Fold Umbrella,12,295.0,0.0
SO000445,15/07/2025,Delivered,C031,Purbanchal Umbrella House,Retailer,Imphal,Manipur,North-East,Bikash Roy,Credit,RC-LG-05,Storm Long - Checks,Long Umbrella,48,345.0,0.03
SO000104,03-May-2025,Delivered,C003,Brahmaputra Wholesale,Distributor,Tezpur,Assam,North-East,Bikash Roy,Credit,RC-3F-08,Compact 3-Fold - Checks,3-Fold Umbrella,180,295.0,0.11
SO000028,09/04/2025,Delivered,C003,Brahmaputra Wholesale  ,Distributor,Tezpur,Assam,North-East,Bikash Roy,Credit,RC-2F-03,Classic 2-Fold - Checks,2-Fold Umbrella,192,435.0,0.09
SO000679,2025-10-11,Delivered,C039,Modern Stores,Distributor,Jalpaiguri,West Bengal,North Bengal,Rina Das,Credit,RC-UV-04,SunGuard UV Sun - Beige,UV Sun Umbrella,48,420.0,0.12
SO000719,2025-12-02,Delivered,C021,City Traders,Wholesaler,Bhubaneswar,Odisha,Other East,Rakesh Singh,Credit,RC-LG-01,Auto-Open Long - Maroon,Long Umbrella,84,390.0,0.04
SO000404,2025-07-04,Delivered,C031,Purbanchal Umbrella House,Retailer,Imphal,Manipur,North-East,Bikash Roy,Credit,RC-KD-01,Kiddo Kids - Cartoon Print,Kids Umbrella,48,220.0,0.02
SO000249,03/06/2025,Delivered,C041,New Enterprises,Distributor,Agartala,Tripura,North-East,Bikash Roy,Credit,RC-RC-01,Shield Raincoat - Red,Raincoat,276,₹690.00,0.09
SO000275,07/06/2025,Delivered,C048,Purbanchal Agencies,Wholesaler,Tezpur,Assam,North-East,Bikash Roy,Credit,RC-UV-04,SunGuard UV Sun - Beige,UV Sun Umbrella,60,420.0,0.04
SO000147,10/05/2025,Delivered,C040,Krishna Distributors,Retailer,Patna,Bihar,Other East,Rakesh Singh,Credit,RC-3F-11,Storm 3-Fold - Transparent,3-Fold Umbrella,36,₹280.00,0.03
SO000007,2025-04-03,Delivered,C027,Kalyani General Store,Retailer,Asansol,West Bengal,South Bengal,Amit Sarkar,Cash,RC-UV-01,SunGuard UV Sun - Maroon,UV Sun Umbrella,12,₹375.00,0.03
SO000129,2025-05-07,Delivered,C058,Lokenath General Store,Wholesaler,Howrah,West Bengal,South Bengal,Amit Sarkar,Credit,RC-RC-02,Shield Raincoat - Bottle Green,Raincoat,24,690.0,0.06
SO000681,2025-10-13,Delivered,C054,Lokenath Agencies,Retailer,Kharagpur,West Bengal,South Bengal,Amit Sarkar,Credit,RC-UV-04,SunGuard UV Sun - Beige,UV Sun Umbrella,24,₹420.00,0%
SO000705,2025-11-20,Delivered,C046,Sri Durga Traders,Distributor,Cooch Behar,West Bengal,North Bengal,Rina Das,Credit,RC-LG-02,Storm Long - Grey,Long Umbrella,168,385.0,0.1
SO000473,19/07/2025,Delivered,C058,Lokenath General Store,Wholesaler,Howrah,West Bengal,South Bengal,Amit Sarkar,Credit,RC-RC-01,Shield Raincoat - Red,Raincoat,84,690.0,0.04
SO000281,2025-06-10,Delivered,C006, modern stores,Wholesaler,Haora,West Bengal,South Bengal,Amit Sarkar,Credit,RC-KD-02,Kiddo Kids - Yellow,Kids Umbrella,84,210.0,0.04
SO000608,29/08/2025,Delivered,C025,Modern Stores,Retailer,Silchar,Assam,North-East,Bikash Roy,Credit,RC-UV-05,SunGuard UV Sun - Transparent,UV Sun Umbrella,12,525.0,0.01
SO000399,2025-07-03,Delivered,C036,Hanuman & Sons,Wholesaler,Asansol,West Bengal,South Bengal,Amit Sarkar,Credit,RC-RC-05,Shield Raincoat - Polka Dot,Raincoat,48,655.0,0.06
SO000019,07-Apr-2025,Delivered,C042,Rainbow Bastralaya,Wholesaler,Purnia,Bihar,Other East,Rakesh Singh,Credit,RC-UV-04,SunGuard UV Sun - Beige,UV Sun Umbrella,84,420.0,0.06
SO000479,22/07/2025,Delivered,C011, sri durga umbrella house,Retailer,Silchar,Assam,North-East,Bikash Roy,Cash,RC-RC-04,Shield Raincoat - Checks,Raincoat,24,435.0,1%
SO000362,2025-06-24,Delivered,C052,Himalaya Traders,Wholesaler,Tezpur,Assam,North-East,Bikash Roy,Credit,RC-3F-06,Breeze 3-Fold - Floral Print,3-Fold Umbrella,36,260.0,0.06
SO000233,30/05/2025,Delivered,C031,Purbanchal Umbrella House,Retailer,Imphal,Manipur,North-East,Bikash Roy,Credit,RC-GF-01,Pro Golf - Floral Print,Golf Umbrella,6 dz,745.0,0.02
SO000389,01/07/2025,Delivered,C049,Biswakarma Traders,Retailer,Calcutta,West Bengal,South Bengal,Amit Sarkar,Credit,RC-KD-04,Kiddo Kids - Polka Dot,Kids Umbrella,60,235.0,0.0
SO000443,2025-07-15,Delivered,C017,New Traders,Distributor,Tezpur,Assam,North-East,Bikash Roy,Credit,RC-GF-01,Pro Golf - Floral Print,Golf Umbrella,144,745.0,0.09
SO000673,07/10/2025,Delivered,C021,City Traders,Wholesaler,Bhubaneswar,Odisha,Other East,Rakesh Singh,Credit,RC-2F-03,Classic 2-Fold - Checks,2-Fold Umbrella,36,435.0,0.06
SO000363,2025-06-25,Delivered,C003,Brahmaputra Wholesale,Distributor,Tezpur,Assam,North-East,Bikash Roy,Credit,RC-2F-06,Breeze 2-Fold - Floral Print,2-Fold Umbrella,108,₹270.00,0.08
SO000270,2025-06-07,Delivered,C033,Krishna Distributors,Retailer,Jalpaiguri,West Bengal,North Bengal,Rina Das,Credit,RC-3F-06,Breeze 3-Fold - Floral Print,3-Fold Umbrella,12,260.0,0.02
SO000824,12-Mar-2026,Delivered,C014,New Traders,Distributor,Imphal,Manipur,North-East,Bikash Roy,Credit,RC-RC-01,Shield Raincoat - Red,Raincoat,72,690.0,0.11
SO000092,2025-05-01,Delivered,C021,City Traders,Wholesaler,Bhubaneshwar,Odisha,Other East,Rakesh Singh,Credit,RC-2F-01,Classic 2-Fold - Maroon,2-Fold Umbrella,96,310.0,0.06
SO000630,08/09/2025,Delivered,C031,Purbanchal Umbrella House,Retailer,Imphal,Manipur,North-East,Bikash Roy,Credit,RC-RC-02,Shield Raincoat - Bottle Green,Raincoat,24,690.0,0.0
SO000502,2025-07-28,Cancelled,C046,Sri Durga Traders,Distributor,Cooch Behar,West Bengal,North Bengal,Rina Das,Credit,RC-3F-07,Classic 3-Fold - Beige,3-Fold Umbrella,216,300.0,0.1
SO000195,22/05/2025,Delivered,C025,Modern Stores,Retailer,Silchar,Assam,North-East,Bikash Roy,Credit,RC-3F-07,Classic 3-Fold - Beige,3-Fold Umbrella,12,300.0,0.02
SO000206,26/05/2025,Delivered,C049,Biswakarma Traders,Retailer,Calcutta,West Bengal,South Bengal,Amit Sarkar,Credit,RC-GF-01,Pro Golf - Floral Print,,12,₹745.00,0.0
SO000295,13/06/2025,Delivered,C006,Modern Stores,Wholesaler,Howrah,West Bengal,South Bengal,Amit Sarkar,Credit,RC-UV-01,SunGuard UV Sun - Maroon,UV Sun Umbrella,2 dz,375.0,0.05
SO000473,2025-07-19,Delivered,C058,Lokenath General Store,Wholesaler,Howrah,West Bengal,South Bengal,Amit Sarkar,Credit,RC-3F-04,Compact 3-Fold - Navy Blue,3-Fold Umbrella,48,345.0,0.06
SO000747,08/01/2026,Delivered,C012,Sonali Marketing,Wholesaler,Ranchi,Jharkhand,Other East,Rakesh Singh,Credit,RC-KD-01,Kiddo Kids - Cartoon Print,Kids Umbrella,60,220.0,0.03
SO000573,2025-08-16,Delivered,C010,Ganga Bastralaya,Wholesaler,Jorhat,Assam,,Bikash Roy,Credit,RC-3F-06,Breeze 3-Fold - Floral Print,3-Fold Umbrella,72,260.0,0.03
SO000401,2025-07-03,Delivered,C057,Janata & Sons,Wholesaler,Aizawl,Mizoram,North-East,Bikash Roy,Credit,RC-RC-01,Shield Raincoat - Red,Raincoat,12,690.0,0.06
SO000539,04-Aug-2025,Delivered,C046,Sri Durga Traders,Distributor,Cooch Behar,West Bengal,North Bengal,Rina Das,Credit,RC-RC-02,Shield Raincoat - Bottle Green,Raincoat,180,690.0,0.09
SO000651,2025-09-18,Delivered,C039,Modern Stores,Distributor,Jalpaiguri,West Bengal,North Bengal,Rina Das,Credit,RC-3F-01,Classic 3-Fold - Polka Dot,3-Fold Umbrella,192,330.0,0.09
SO000701,2025-11-14,Delivered,C050,Biswakarma Traders,Retailer,Shillong,Meghalaya,North-East,Bikash Roy,Cash,RC-UV-04,SunGuard UV Sun - Beige,UV Sun Umbrella,12,420.0,0.01
SO000627,08-Sep-2025,Delivered,C010,Ganga Bastralaya,Wholesaler,Jorhat,Assam,North-East,Bikash Roy,Credit,RC-KD-04,Kiddo Kids - Polka Dot,Kids Umbrella,96,235.0,0.04
SO000181,2025-05-20,Delivered,C015,Modern Traders,Retailer,Asansol,West Bengal,South Bengal,Amit Sarkar,Cash,RC-LG-02,Storm Long - Grey,Long Umbrella,12,385.0,0.02
SO000396,2025-07-03,Delivered,C010,Ganga Bastralaya,Wholesaler,Jorhat,Assam,North-East,Bikash Roy,Credit,RC-GF-01,Pro Golf - Floral Print,Golf Umbrella,36,745.0,0.05
SO000514,2025-07-30,Delivered,C040,Krishna Distributors  ,Retailer,Patna,Bihar,Other East,Rakesh Singh,Credit,RC-RC-01,Shield Raincoat - Red,Raincoat,36 pcs,690.0,0.01
SO000046,16/04/2025,Delivered,C006,Modern Stores,Wholesaler,Howrah,West Bengal,South Bengal,Amit Sarkar,Credit,RC-3F-01,Classic 3-Fold - Polka Dot,3-Fold Umbrella,24,₹330.00,0.04
SO000072,2025-04-24,Delivered,C014,New Traders,Distributor,Imphal,Manipur,North-East,Bikash Roy,Credit,RC-3F-04,Compact 3-Fold - Navy Blue,3-Fold Umbrella,60,345.0,12%
SO000751,2026-01-15,Delivered,C048,Purbanchal Agencies,Wholesaler,Tezpur,Assam,North-East,Bikash Roy,Credit,RC-3F-06,Breeze 3-Fold - Floral Print,3-Fold Umbrella,48 pcs,260.0,0.06
SO000783,2026-02-14,Delivered,C034,Sai Distributors,Wholesaler,Imphal,Manipur,North-East,Bikash Roy,Credit,RC-3F-03,Storm 3-Fold - Floral Print,3-Fold Umbrella,72,₹275.00,0.06
SO000641,12/09/2025,Delivered,C052,Himalaya Traders,Wholesaler,Tezpur,Assam,North-East,Bikash Roy,Credit,RC-3F-09,Classic 3-Fold - Black,3-Fold Umbrella,72,₹205.00,0.06
SO000243,02/06/2025,Delivered,C012,Sonali Marketing,Wholesaler,Ranchi,Jharkhand,Other East,Rakesh Singh,Credit,RC-RC-02,Shield Raincoat - Bottle Green,Raincoat,72,690.0,0.04
SO000244,02/06/2025,Cancelled,C013,Hanuman Stores,Wholesaler,Bardhaman,West Bengal,South Bengal,Amit Sarkar,Credit,RC-KD-04,Kiddo Kids - Polka Dot,Kids Umbrella,96,235.0,0.05
SO000453,16/07/2025,Delivered,C046,Sri Durga Traders  ,Distributor,Cooch Behar,West Bengal,North Bengal,Rina Das,Credit,RC-KD-01,Kiddo Kids - Cartoon Print,Kids Umbrella,300,220.0,0.11
SO000193,21-May-2025,Delivered,C055,Sonali Traders,Retailer,Bardhaman,West Bengal,South Bengal,Amit Sarkar,Cash,RC-UV-02,SunGuard UV Sun - Grey,UV Sun Umbrella,24,580.0,0.02
SO000410,05/07/2025,Delivered,C059,Sunrise Wholesale,Wholesaler,Durgapur,West Bengal,South Bengal,Amit Sarkar,Credit,RC-KD-04,Kiddo Kids - Polka Dot,Kids Umbrella,96,₹235.00,0.05
SO000758,2026-01-31,Delivered,C010,Ganga Bastralaya,Wholesaler,Jorhat,Assam,North-East,Bikash Roy,Credit,RC-UV-04,SunGuard UV Sun - Beige,UV Sun Umbrella,84 pcs,420.0,0.07
SO000567,12/08/2025,Delivered,C054,Lokenath Agencies,Retailer,Kharagpur,West Bengal,South Bengal,Amit Sarkar,Credit,RC-KD-01,Kiddo Kids - Cartoon Print,Kids Umbrella,24,220.0,0.02
SO000246,02/06/2025,Delivered,C046,Sri Durga Traders,Distributor,Cooch Behar,West Bengal,North Bengal,Rina Das,Credit,RC-3F-07,Classic 3-Fold - Beige,3-Fold Umbrella,84,300.0,0.09
SO000463,18-Jul-2025,Delivered,C013,Hanuman Stores,Wholesaler,Bardhaman,West Bengal,South Bengal,Amit Sarkar,Credit,RC-3F-10,Compact 3-Fold - Red,3-Fold Umbrella,72,260.0,0.05
SO000116,05-May-2025,Delivered,C048,Purbanchal Agencies,Wholesaler,Tezpur,Assam,North-East,Bikash Roy,Credit,RC-LG-05,Storm Long - Checks,Long Umbrella,72,345.0,0.05
SO000217,28/05/2025,Delivered,C021,City Traders,Wholesaler,Bhubaneswar,Odisha,Other East,Rakesh Singh,Credit,RC-RC-01,Shield Raincoat - Red,Raincoat,36,690.0,0.03
SO000113,2025-05-05,Delivered,C014,New Traders,Distributor,Imphal,Manipur,North-East,Bikash Roy,Credit,RC-3F-02,Breeze 3-Fold - Transparent,3-Fold Umbrella,60,305.0,0.1
SO000767,2026-02-07,Delivered,C003,Brahmaputra Wholesale,Distributor,Tezpur,Assam,North-East,Bikash Roy,Credit,RC-RC-01,Shield Raincoat - Red,Raincoat,144,690.0,0.09
SO000028,09/04/2025,Delivered,C003,Brahmaputra Wholesale,Distributor,Tezpur,Assam,North-East,Bikash Roy,Credit,RC-UV-05,SunGuard UV Sun - Transparent,UV Sun Umbrella,72,525.0,0.09
SO000668,2025-09-27,Delivered,C036,Hanuman & Sons,Wholesaler,Asansol,West Bengal,South Bengal,Amit Sarkar,Credit,RC-3F-03,Storm 3-Fold - Floral Print,3-Fold Umbrella,24,275.0,0.06
SO000831,14/03/2026,Delivered,C036,Hanuman & Sons,Wholesaler,Asansol,West Bengal,South Bengal,Amit Sarkar,Credit,RC-LG-05,Storm Long - Checks,Long Umbrella,72,345.0,0.04
SO000452,16/07/2025,Delivered,C041, new enterprises,Distributor,Agartala,Tripura,North-East,Bikash Roy,Credit,RC-RC-01,Shield Raincoat - Red,Raincoat,276,690.0,0.08
SO000483,22/07/2025,Delivered,C057,Janata & Sons,Wholesaler,Aizawl,Mizoram,North-East,Bikash Roy,Credit,RC-2F-05,Breeze 2-Fold - Grey,2-Fold Umbrella,36,₹375.00,0.05
SO000349,2025-06-21,Delivered,C034,Sai Distributors,Wholesaler,Imphal,Manipur,North-East,Bikash Roy,Credit,RC-RC-03,Shield Raincoat - Grey,Raincoat,24,₹740.00,0.06
SO000009,03-Apr-2025,Delivered,C057,Janata & Sons,Wholesaler,Aizawl,Mizoram,North-East,Bikash Roy,Credit,RC-UV-03,SunGuard UV Sun - Checks,UV Sun Umbrella,12,445.0,0.07
SO000838,2026-03-21,Delivered,C021,City Traders,Wholesaler,Bhubaneswar,Odisha,Other East,Rakesh Singh,Credit,RC-UV-04,SunGuard UV Sun - Beige,UV Sun Umbrella,60,420.0,0.03
SO000165,15/05/2025,Delivered,C010,Ganga Bastralaya,Wholesaler,Jorhat,Assam,North-East,Bikash Roy,Credit,RC-UV-04,SunGuard UV Sun - Beige,UV Sun Umbrella,84,420.0,0.03
SO000167,15-May-2025,Delivered,C023,Krishna Emporium,Retailer,Shillong,Meghalaya,North-East,Bikash Roy,Credit,RC-UV-04,SunGuard UV Sun - Beige,UV Sun Umbrella,24,₹420.00,0.02
SO000274,07/06/2025,Delivered,C042,Rainbow Bastralaya,Wholesaler,Purnia,Bihar,Other East,Rakesh Singh,Credit,RC-3F-04,Compact 3-Fold - Navy Blue,3-Fold Umbrella,36,345.0,0.05
SO000502,28/07/2025,Cancelled,C046, sri durga traders,Distributor,Cooch Behar,West Bengal,North Bengal,Rina Das,Credit,RC-RC-01,Shield Raincoat - Red,Raincoat,72,₹690.00,0.09
SO000279,09-Jun-2025,Delivered,C013,Hanuman Stores,Wholesaler,Bardhaman,West Bengal,South Bengal,Amit Sarkar,Credit,RC-KD-04,Kiddo Kids - Polka Dot,Kids Umbrella,96,235.0,0.04
SO000313,16/06/2025,Delivered,C017,New Traders,Distributor,Tezpur,Assam,North-East,Bikash Roy,Credit,RC-2F-04,Classic 2-Fold - Red,2-Fold Umbrella,204,310.0,0.1
SO000380,2025-06-28,Delivered,C013,Hanuman Stores,Wholesaler,Bardhaman,West Bengal,South Bengal,Amit Sarkar,Credit,RC-3F-07,Classic 3-Fold - Beige,3-Fold Umbrella,132,₹300.00,0.07
SO000049,17-Apr-2025,Delivered,C035,Ganga Traders,Retailer,Bardhaman,West Bengal,South Bengal,Amit Sarkar,Credit,RC-UV-01,SunGuard UV Sun - Maroon,UV Sun Umbrella,12,375.0,0.01
SO000440,14/07/2025,Delivered,C031,Purbanchal Umbrella House,Retailer,Imphal,Manipur,North-East,Bikash Roy,Credit,RC-RC-05,Shield Raincoat - Polka Dot,Raincoat,48,655.0,0.01
SO000610,29/08/2025,Cancelled,C041,New Enterprises,Distributor,Agartala,Tripura,North-East,Bikash Roy,Credit,RC-RC-02,Shield Raincoat - Bottle Green,Raincoat,276,690.0,0.09
SO000264,06-Jun-2025,Delivered,C024,RAINBOW ENTERPRISES,Wholesaler,Dibrugarh,Assam,North-East,Bikash Roy,Credit,RC-2F-06,Breeze 2-Fold - Floral Print,2-Fold Umbrella,60,270.0,0.04
SO000442,14-Jul-2025,Delivered,C059,Sunrise Wholesale,Wholesaler,Durgapur,West Bengal,South Bengal,Amit Sarkar,Credit,RC-UV-04,SunGuard UV Sun - Beige,UV Sun Umbrella,96,420.0,0.05
SO000655,2025-09-22,Delivered,C031,Purbanchal Umbrella House,Retailer,Imphal,Manipur,North-East,Bikash Roy,Credit,RC-3F-06,Breeze 3-Fold - Floral Print,3-Fold Umbrella,6 dz,260.0,0.01
SO000684,23-Oct-2025,Delivered,C051,Sai Traders,Retailer,Asansol,West Bengal,South Bengal,Amit Sarkar,Cash,RC-UV-04,SunGuard UV Sun - Beige,UV Sun Umbrella,12,420.0,0.01
SO000111,2025-05-05,Delivered,C012,SONALI MARKETING,Wholesaler,Ranchi,Jharkhand,Other East,Rakesh Singh,Credit,RC-3F-07,Classic 3-Fold - Beige,3-Fold Umbrella,24,300.0,0.06
SO000183,2025-05-20,Delivered,C041,NEW ENTERPRISES,Distributor,Agartala,Tripura,North-East,Bikash Roy,Credit,RC-UV-04,SunGuard UV Sun - Beige,UV Sun Umbrella,6 dz,420.0,0.1
SO000669,2025-09-27,Delivered,C048,Purbanchal Agencies,Wholesaler,Tezpur,Assam,North-East,Bikash Roy,Credit,RC-3F-01,Classic 3-Fold - Polka Dot,3-Fold Umbrella,24,330.0,0.06
SO000219,28-May-2025,Delivered,C027,Kalyani General Store,Retailer,Asansol,West Bengal,South Bengal,Amit Sarkar,Cash,RC-UV-01,SunGuard UV Sun - Maroon,UV Sun Umbrella,24,375.0,0.01
SO000321,2025-06-17,Delivered,C014,New Traders,Distributor,Imphal,Manipur,North-East,Bikash Roy,Credit,RC-LG-05,Storm Long - Checks,Long Umbrella,60,345.0,0.09
SO000381,30/06/2025,Delivered,C009,Brahmaputra General Store,Retailer,Gauhati,Assam,North-East,Bikash Roy,Cash,RC-RC-01,Shield Raincoat - Red,Raincoat,12,690.0,0.02
SO000214,27/05/2025,Delivered,C047,Teesta Trading Co.,Retailer,Bhagalpur,Bihar,Other East,Rakesh Singh,Cash,RC-LG-05,Storm Long - Checks,Long Umbrella,12 pcs,345.0,0.02
SO000108,2025-05-03,Delivered,C041,New Enterprises,Distributor,Agartala,Tripura,North-East,Bikash Roy,Credit,RC-RC-01,Shield Raincoat - Red,Raincoat,192,690.0,0.11
SO000668,27-Sep-2025,Delivered,C036,Hanuman & Sons,Wholesaler,Asansol,West Bengal,South Bengal,Amit Sarkar,Credit,RC-3F-10,Compact 3-Fold - Red,3-Fold Umbrella,5 dz,260.0,0.06
SO000746,07/01/2026,Delivered,C018,New Traders,Retailer,Itanagar,Arunachal Pradesh,North-East,Bikash Roy,Credit,RC-UV-04,SunGuard UV Sun - Beige,UV Sun Umbrella,36,420.0,0.0
SO000119,2025-05-06,Delivered,C014, new traders,Distributor,Imphal,Manipur,,Bikash Roy,Credit,RC-3F-06,Breeze 3-Fold - Floral Print,3-Fold Umbrella,60,260.0,0.12
SO000560,2025-08-11,Delivered,C006,Modern Stores,Wholesaler,Howrah,West Bengal,South Bengal,Amit Sarkar,Credit,RC-3F-07,Classic 3-Fold - Beige,3-Fold Umbrella,60,300.0,0.05
SO000599,26/08/2025,Delivered,C033,Krishna Distributors,Retailer,Jalpaiguri,West Bengal,North Bengal,Rina Das,Credit,RC-3F-04,Compact 3-Fold - Navy Blue,3-Fold Umbrella,12,345.0,0.02
SO000081,25/04/2025,Delivered,C035,Ganga Traders,Retailer,Bardhaman,West Bengal,South Bengal,Amit Sarkar,Credit,RC-2F-01,Classic 2-Fold - Maroon,2-Fold Umbrella,12,310.0,0.0
SO000815,09/03/2026,Delivered,C039,Modern Stores,Distributor,Jalpaiguri,West Bengal,North Bengal,Rina Das,Credit,RC-UV-04,SunGuard UV Sun - Beige,UV Sun Umbrella,96 pcs,420.0,0.09
SO000149,2025-05-10,Delivered,C046,Sri Durga Traders,Distributor,Cooch Behar,West Bengal,North Bengal,Rina Das,Credit,RC-UV-01,SunGuard UV Sun - Maroon,UV Sun Umbrella,288,375.0,0.09
SO000576,2025-08-16,Delivered,C058,Lokenath General Store,Wholesaler,Haora,West Bengal,South Bengal,Amit Sarkar,Credit,RC-2F-01,Classic 2-Fold - Maroon,2-Fold Umbrella,36,310.0,0.06
SO000021,2025-04-08,Delivered,C006,Modern Stores,Wholesaler,Howrah,West Bengal,South Bengal,Amit Sarkar,Credit,RC-RC-03,Shield Raincoat - Grey,Raincoat,132,740.0,0.05
SO000171,16-May-2025,Delivered,C010,Ganga Bastralaya,Wholesaler,Jorhat,Assam,North-East,Bikash Roy,Credit,RC-3F-02,Breeze 3-Fold - Transparent,3-Fold Umbrella,96,305.0,0.04
SO000540,05/08/2025,Delivered,C021, city traders,Wholesaler,Bhubaneswar,Odisha,Other East,Rakesh Singh,Credit,RC-RC-05,Shield Raincoat - Polka Dot,Raincoat,72,655.0,0.04
SO000354,2025-06-23,Delivered,C023,Krishna Emporium,Retailer,Shillong,Meghalaya,North-East,Bikash Roy,Credit,RC-3F-02,Breeze 3-Fold - Transparent,3-Fold Umbrella,12,305.0,0.02
SO000102,02-May-2025,Delivered,C041,New Enterprises,Distributor,Agartala,Tripura,North-East,Bikash Roy,Credit,RC-2F-02,Breeze 2-Fold - Red,2-Fold Umbrella,264,290.0,0.12
SO000376,2025-06-27,Cancelled,C027,Kalyani General Store,Retailer,Asansol,West Bengal,South Bengal,Amit Sarkar,Cash,RC-KD-01,Kiddo Kids - Cartoon Print,Kids Umbrella,24,220.0,0.02
SO000412,07-Jul-2025,Delivered,C046, sri durga traders,Distributor,Cooch Behar,West Bengal,North Bengal,Rina Das,Credit,RC-LG-06,Heritage Long - Maroon,Long Umbrella,276,570.0,0.09
SO000072,2025-04-24,Delivered,C014,New Traders,Distributor,Imphal,Manipur,North-East,Bikash Roy,Credit,RC-3F-05,Breeze 3-Fold - Grey,3-Fold Umbrella,48,₹255.00,0.11
SO000380,2025-06-28,Delivered,C013,Hanuman Stores,Wholesaler,Bardhaman,West Bengal,South Bengal,Amit Sarkar,Credit,RC-3F-07,Classic 3-Fold - Beige,3-Fold Umbrella,132,₹300.00,0.07
SO000257,05-Jun-2025,Delivered,C006,Modern Stores,Wholesaler,Howrah,West Bengal,South Bengal,Amit Sarkar,Credit,RC-3F-04,Compact 3-Fold - Navy Blue,3-Fold Umbrella,24 pcs,345.0,0.03
SO000310,2025-06-14,Delivered,C059,Sunrise Wholesale,Wholesaler,Durgapur,West Bengal,South Bengal,Amit Sarkar,Credit,RC-3F-04,Compact 3-Fold - Navy Blue,3-Fold Umbrella,60,345.0,0.03
SO000055,2025-04-19,Delivered,C013,Hanuman Stores,Wholesaler,Bardhaman,West Bengal,South Bengal,Amit Sarkar,Credit,RC-3F-05,Breeze 3-Fold - Grey,3-Fold Umbrella,8 dz,255.0,0.05
SO000635,10/09/2025,Delivered,C017,New Traders  ,Distributor,Tezpur,Assam,North-East,Bikash Roy,Credit,RC-3F-02,Breeze 3-Fold - Transparent,3-Fold Umbrella,216,305.0,0.09
SO000556,2025-08-09,Delivered,C003,Brahmaputra Wholesale,Distributor,,Assam,North-East,Bikash Roy,Credit,RC-UV-01,SunGuard UV Sun - Maroon,UV Sun Umbrella,216,375.0,0.1
SO000700,14-Nov-2025,Delivered,C003,Brahmaputra Wholesale,Distributor,Tezpur,Assam,North-East,Bikash Roy,Credit,RC-KD-01,Kiddo Kids - Cartoon Print,Kids Umbrella,156,220.0,9%
SO000563,2025-08-12,Delivered,C031,Purbanchal Umbrella House,Retailer,Imphal,Manipur,North-East,Bikash Roy,Credit,RC-2F-03,Classic 2-Fold - Checks,2-Fold Umbrella,72,435.0,0.01
SO000035,2025-04-10,Delivered,C046,Sri Durga Traders,Distributor,Cooch Behar,West Bengal,North Bengal,Rina Das,Credit,RC-2F-03,Classic 2-Fold - Checks,2-Fold Umbrella,168,435.0,0.1
SO000158,2025-05-14,Delivered,C006,Modern Stores,Wholesaler,Howrah,West Bengal,South Bengal,Amit Sarkar,Credit,RC-UV-04,SunGuard UV Sun - Beige,UV Sun Umbrella,120 pcs,420.0,0.05
SO000787,18/02/2026,Delivered,C014,New Traders,Distributor,Imphal,Manipur,North-East,Bikash Roy,Credit,RC-UV-04,SunGuard UV Sun - Beige,UV Sun Umbrella,48,420.0,0.08
SO000537,2025-08-04,Delivered,C003,BRAHMAPUTRA WHOLESALE,Distributor,Tezpur,Assam,North-East,Bikash Roy,Credit,RC-LG-02,Storm Long - Grey,Long Umbrella,60,385.0,0.09
SO000634,10-Sep-2025,Delivered,C008,Popular & Sons,Retailer,Durgapur,West Bengal,South Bengal,Amit Sarkar,Credit,RC-LG-05,Storm Long - Checks,Long Umbrella,24,345.0,0.0
SO000046,16-Apr-2025,Delivered,C006,Modern Stores,Wholesaler,Howrah,West Bengal,South Bengal,Amit Sarkar,Credit,RC-2F-02,Breeze 2-Fold - Red,2-Fold Umbrella,96,290.0,0.06
SO000077,25/04/2025,Delivered,C002,City Distributors,Retailer,Tezpur,Assam,North-East,Bikash Roy,Credit,RC-KD-04,Kiddo Kids - Polka Dot,Kids Umbrella,12,235.0,0.02
SO000683,21/10/2025,Delivered,C020,Sri Durga Trading Co.,Retailer,Malda,West Bengal,North Bengal,Rina Das,Credit,RC-3F-08,Compact 3-Fold - Checks,3-Fold Umbrella,12,295.0,0.01
SO000305,14/06/2025,Delivered,C006, modern stores,Wholesaler,Howrah,West Bengal,South Bengal,Amit Sarkar,Credit,RC-UV-04,SunGuard UV Sun - Beige,UV Sun Umbrella,60,420.0,0.05
SO000160,2025-05-14,Delivered,C030,Star Enterprises,Wholesaler,Shillong,Meghalaya,North-East,Bikash Roy,Credit,RC-3F-06,Breeze 3-Fold - Floral Print,3-Fold Umbrella,72,260.0,0.07
SO000407,04-Jul-2025,Delivered,C054,Lokenath Agencies,Retailer,Kharagpur,West Bengal,South Bengal,Amit Sarkar,Credit,RC-3F-06,Breeze 3-Fold - Floral Print,3-Fold Umbrella,12,260.0,2%
SO000634,10-Sep-2025,Delivered,C008,Popular & Sons,Retailer,Durgapur,West Bengal,South Bengal,Amit Sarkar,Credit,RC-2F-02,Breeze 2-Fold - Red,2-Fold Umbrella,12,290.0,0.02
SO000339,19/06/2025,Delivered,C046,Sri Durga Traders,Distributor,Cooch Behar,West Bengal,North Bengal,Rina Das,Credit,RC-3F-05,Breeze 3-Fold - Grey,3-Fold Umbrella,168,255.0,0.09
SO000585,21/08/2025,Delivered,C059,Sunrise Wholesale,Wholesaler,Durgapur,West Bengal,South Bengal,Amit Sarkar,Credit,RC-LG-05,Storm Long - Checks,Long Umbrella,108,345.0,0.07
SO000838,2026-03-21,Delivered,C021,City Traders,Wholesaler,Bhubaneswar,Odisha,Other East,Rakesh Singh,Credit,RC-UV-04,SunGuard UV Sun - Beige,UV Sun Umbrella,60,420.0,0.03
SO000296,2025-06-13,Delivered,C010,Ganga Bastralaya  ,Wholesaler,Jorhat,Assam,North-East,Bikash Roy,Credit,RC-3F-07,Classic 3-Fold - Beige,3-Fold Umbrella,60,300.0,0.07
SO000775,2026-02-12,Delivered,C033,Krishna Distributors,Retailer,Jalpaiguri,West Bengal,North Bengal,Rina Das,Credit,RC-UV-01,SunGuard UV Sun - Maroon,UV Sun Umbrella,12 pcs,375.0,0.01
SO000807,05-Mar-2026,Delivered,C035,Ganga Traders,Retailer,Bardhaman,West Bengal,South Bengal,Amit Sarkar,Credit,RC-LG-01,Auto-Open Long - Maroon,Long Umbrella,24,390.0,0.01
SO000598,26/08/2025,Delivered,C007,Biswakarma Bazaar,Wholesaler,Malda,West Bengal,North Bengal,Rina Das,Credit,RC-3F-06,Breeze 3-Fold - Floral Print,3-Fold Umbrella,48,260.0,0.05
SO000200,2025-05-23,Delivered,C023,Krishna Emporium,Retailer,Shillong,Meghalaya,North-East,Bikash Roy,Credit,RC-RC-01,Shield Raincoat - Red,Raincoat,12,690.0,0.02
SO000847,24-Mar-2026,Delivered,C046,Sri Durga Traders,Distributor,Cooch Behar,West Bengal,North Bengal,Rina Das,Credit,RC-UV-01,SunGuard UV Sun - Maroon,UV Sun Umbrella,276,₹375.00,0.09
SO000656,23/09/2025,Delivered,C006,Modern Stores,Wholesaler,Howrah,West Bengal,South Bengal,Amit Sarkar,Credit,RC-GF-01,Pro Golf - Floral Print,Golf Umbrella,120,745.0,0.03
SO000050,2025-04-17,Delivered,C046,SRI DURGA TRADERS,Distributor,Cooch Behar,West Bengal,North Bengal,Rina Das,Credit,RC-UV-01,SunGuard UV Sun - Maroon,UV Sun Umbrella,120,375.0,0.1
SO000453,2025-07-16,Delivered,C046,Sri Durga Traders,Distributor,Cooch Behar,West Bengal,North Bengal,Rina Das,Credit,RC-RC-01,Shield Raincoat - Red,Raincoat,300 pcs,690.0,0.11
SO000448,2025-07-15,Delivered,C041,New Enterprises,Distributor,Agartala,Tripura,North-East,Bikash Roy,Credit,RC-3F-03,Storm 3-Fold - Floral Print,3-Fold Umbrella,300,275.0,0.1
SO000159,14/05/2025,Delivered,C012,SONALI MARKETING,Wholesaler,Ranchi,Jharkhand,Other East,Rakesh Singh,Credit,RC-LG-05,Storm Long - Checks,Long Umbrella,72,345.0,0.05
SO000115,05-May-2025,Delivered,C041,New Enterprises,Distributor,Agartala,Tripura,North-East,Bikash Roy,Credit,RC-3F-04,Compact 3-Fold - Navy Blue,3-Fold Umbrella,156,345.0,0.1
SO000386,2025-07-01,Delivered,C010,Ganga Bastralaya,Wholesaler,Jorhat,Assam,North-East,Bikash Roy,Credit,RC-3F-10,Compact 3-Fold - Red,3-Fold Umbrella,24,260.0,0.03
SO000637,2025-09-10,Delivered,C046,Sri Durga Traders,Distributor,Cooch Behar,West Bengal,North Bengal,Rina Das,Credit,RC-UV-04,SunGuard UV Sun - Beige,UV Sun Umbrella,108,420.0,0.11
SO000058,2025-04-19,Delivered,C041,New Enterprises,Distributor,Agartala,Tripura,North-East,Bikash Roy,Credit,RC-UV-04,SunGuard UV Sun - Beige,UV Sun Umbrella,240,420.0,0.1
SO000230,29/05/2025,Delivered,C048,Purbanchal Agencies,Wholesaler,Tezpur,Assam,North-East,Bikash Roy,Credit,RC-2F-01,Classic 2-Fold - Maroon,2-Fold Umbrella,60,₹310.00,0.07
SO000290,11-Jun-2025,Delivered,C041,New Enterprises,Distributor,Agartala,Tripura,North-East,Bikash Roy,Credit,RC-RC-02,Shield Raincoat - Bottle Green,Raincoat,132,690.0,0.12
SO000555,2025-08-08,Delivered,C037,Hanuman Marketing,Retailer,Dimapur,Nagaland,North-East,Bikash Roy,Credit,RC-LG-04,Storm Long - Beige,Long Umbrella,48,420.0,0.02
SO000460,17/07/2025,Delivered,C048,Purbanchal Agencies,Wholesaler,Tezpur,Assam,North-East,Bikash Roy,Credit,RC-2F-02,Breeze 2-Fold - Red,2-Fold Umbrella,96,290.0,0.06
SO000014,05-Apr-2025,Delivered,C004,Royal Trading Co.,Retailer,Agartala,Tripura,North-East,Bikash Roy,Credit,RC-3F-08,Compact 3-Fold - Checks,3-Fold Umbrella,24,295.0,0.02
SO000794,20/02/2026,Delivered,C058,Lokenath General Store,Wholesaler,Howrah,West Bengal,South Bengal,Amit Sarkar,Credit,RC-3F-04,Compact 3-Fold - Navy Blue,3-Fold Umbrella,60,345.0,0.05
SO000498,28/07/2025,Cancelled,C003,Brahmaputra Wholesale,Distributor,Tezpur,Assam,North-East,Bikash Roy,Credit,RC-LG-05,Storm Long - Checks,Long Umbrella,156,345.0,0.1
SO000244,2025-06-02,Cancelled,C013,Hanuman Stores,Wholesaler,Bardhaman,West Bengal,South Bengal,Amit Sarkar,Credit,RC-LG-03,Storm Long - Bottle Green,Long Umbrella,156,₹430.00,0.07
SO000469,2025-07-19,Delivered,C013,Hanuman Stores,Wholesaler,Bardhaman,West Bengal,South Bengal,Amit Sarkar,Credit,RC-LG-01,Auto-Open Long - Maroon,Long Umbrella,72,390.0,0.03
SO000036,11/04/2025,Delivered,C002,City Distributors,Retailer,Tezpur,Assam,North-East,Bikash Roy,Credit,RC-2F-02,Breeze 2-Fold - Red,2-Fold Umbrella,12,290.0,0.02
SO000170,2025-05-15,Delivered,C046,Sri Durga Traders,Distributor,Cooch Behar,West Bengal,North Bengal,Rina Das,Credit,RC-2F-06,Breeze 2-Fold - Floral Print,2-Fold Umbrella,16 dz,270.0,0.08
SO000822,11/03/2026,Delivered,C039,Modern Stores,Distributor,Jalpaiguri,West Bengal,North Bengal,Rina Das,Credit,RC-2F-01,Classic 2-Fold - Maroon,2-Fold Umbrella,84,310.0,0.08
SO000595,2025-08-25,Cancelled,C021,City Traders,Wholesaler,Bhubaneswar,Odisha,Other East,Rakesh Singh,Credit,RC-3F-10,Compact 3-Fold - Red,3-Fold Umbrella,24,260.0,0.03
SO000817,10-Mar-2026,Delivered,C041,New Enterprises,Distributor,Agartala,Tripura,North-East,Bikash Roy,Credit,RC-3F-01,Classic 3-Fold - Polka Dot,3-Fold Umbrella,180,330.0,0.09
SO000490,24-Jul-2025,Delivered,C041,New Enterprises,Distributor,Agartala,Tripura,North-East,Bikash Roy,Credit,RC-3F-06,Breeze 3-Fold - Floral Print,3-Fold Umbrella,204,₹260.00,0.1
SO000477,21/07/2025,Delivered,C055,Sonali Traders,Retailer,Bardhaman,West Bengal,South Bengal,Amit Sarkar,Cash,RC-3F-09,Classic 3-Fold - Black,3-Fold Umbrella,24,205.0,0.02
SO000642,2025-09-13,Delivered,C023,Krishna Emporium,Retailer,Shillong,Meghalaya,North-East,Bikash Roy,Credit,RC-3F-09,Classic 3-Fold - Black,3-Fold Umbrella,12,205.0,0.02
SO000643,13/09/2025,Delivered,C054,Lokenath Agencies,Retailer,Kharagpur,West Bengal,South Bengal,Amit Sarkar,Credit,RC-KD-04,Kiddo Kids - Polka Dot,Kids Umbrella,24,235.0,0.01
SO000018,07/04/2025,Delivered,C027,Kalyani General Store,Retailer,Asansol,West Bengal,South Bengal,Amit Sarkar,Cash,RC-UV-04,SunGuard UV Sun - Beige,UV Sun Umbrella,24,420.0,0.01
SO000683,2025-10-21,Delivered,C020,Sri Durga Trading Co.,Retailer,Malda,West Bengal,North Bengal,Rina Das,Credit,RC-UV-04,SunGuard UV Sun - Beige,UV Sun Umbrella,12,₹420.00,0.02
SO000606,2025-08-28,Delivered,C046,Sri Durga Traders,Distributor,Cooch Behar,West Bengal,North Bengal,Rina Das,Credit,RC-UV-04,SunGuard UV Sun - Beige,UV Sun Umbrella,300,420.0,0.12
SO000056,19/04/2025,Delivered,C017,New Traders,Distributor,Tezpur,Assam,North-East,Bikash Roy,Credit,RC-2F-03,Classic 2-Fold - Checks,2-Fold Umbrella,216,435.0,0.12
SO000255,05/06/2025,Delivered,C003,Brahmaputra Wholesale,Distributor,Tezpur,Assam,North-East,Bikash Roy,Credit,RC-3F-10,Compact 3-Fold - Red,3-Fold Umbrella,204,260.0,0.09
SO000316,2025-06-16,Delivered,C028,Lokenath General Store,Retailer,Silchar,Assam,North-East,Bikash Roy,Cash,RC-RC-05,Shield Raincoat - Polka Dot,Raincoat,36,655.0,0.01
SO000185,20/05/2025,Delivered,C046,Sri Durga Traders,Distributor,Cooch Behar,West Bengal,North Bengal,Rina Das,Credit,RC-RC-01,Shield Raincoat - Red,Raincoat,84,690.0,0.09
SO000031,2025-04-09,Delivered,C037,Hanuman Marketing,Retailer,Dimapur,Nagaland,North-East,Bikash Roy,Credit,RC-RC-04,Shield Raincoat - Checks,Raincoat,48,435.0,0.02
SO000857,2026-03-30,In Transit,C046,Sri Durga Traders,Distributor,Cooch Behar,West Bengal,North Bengal,Rina Das,Credit,RC-RC-03,Shield Raincoat - Grey,Raincoat,14 dz,740.0,0.1
SO000811,2026-03-07,Delivered,C008,Popular & Sons,Retailer,Durgapur,West Bengal,South Bengal,Amit Sarkar,Credit,RC-2F-03,Classic 2-Fold - Checks,2-Fold Umbrella,36,435.0,0.01
SO000353,23/06/2025,Delivered,C009,Brahmaputra General Store,Retailer,Guwahati,Assam,North-East,Bikash Roy,Cash,RC-RC-02,Shield Raincoat - Bottle Green,Raincoat,12,₹690.00,0.0
SO000010,04/04/2025,Delivered,C031,Purbanchal Umbrella House,Retailer,Imphal,Manipur,North-East,Bikash Roy,Credit,RC-2F-05,Breeze 2-Fold - Grey,2-Fold Umbrella,24,375.0,0.01
SO000196,22-May-2025,Delivered,C046,Sri Durga Traders,Distributor,Cooch Behar,West Bengal,North Bengal,Rina Das,Credit,RC-2F-02,Breeze 2-Fold - Red,2-Fold Umbrella,228,290.0,0.12
SO000015,05/04/2025,Delivered,C021,City Traders,Wholesaler,Bhubaneshwar,Odisha,Other East,Rakesh Singh,Credit,RC-2F-04,Classic 2-Fold - Red,2-Fold Umbrella,36,310.0,0.06
SO000310,14/06/2025,Delivered,C059,SUNRISE WHOLESALE,Wholesaler,Durgapur,West Bengal,South Bengal,Amit Sarkar,Credit,RC-RC-01,Shield Raincoat - Red,Raincoat,84,690.0,0.03
SO000644,13/09/2025,Delivered,C056,Bharat Wholesale,Retailer,Siliguri,West Bengal,North Bengal,Rina Das,Cash,RC-3F-07,Classic 3-Fold - Beige,3-Fold Umbrella,12,300.0,0.02
SO000520,31-Jul-2025,Cancelled,C017, new traders,Distributor,Tezpur,Assam,North-East,Bikash Roy,Credit,RC-2F-01,Classic 2-Fold - Maroon,2-Fold Umbrella,48,310.0,0.12
SO000665,26/09/2025,Delivered,C057,Janata & Sons,Wholesaler,Aizawl,Mizoram,North-East,Bikash Roy,Credit,RC-3F-08,Compact 3-Fold - Checks,3-Fold Umbrella,36,295.0,0.04
SO000011,2025-04-04,Delivered,C038,Kalyani Distributors,Wholesaler,Agartala,Tripura,North-East,Bikash Roy,Credit,RC-UV-04,SunGuard UV Sun - Beige,UV Sun Umbrella,12,₹420.00,0.03
SO000806,04-Mar-2026,Delivered,C049,Biswakarma Traders,Retailer,kolkata ,West Bengal,South Bengal,Amit Sarkar,Credit,RC-3F-06,Breeze 3-Fold - Floral Print,3-Fold Umbrella,12,260.0,0.03
SO000628,08-Sep-2025,Cancelled,C014,New Traders,Distributor,Imphal,Manipur,North-East,Bikash Roy,Credit,RC-3F-04,Compact 3-Fold - Navy Blue,3-Fold Umbrella,156,345.0,0.11
SO000786,2026-02-17,Delivered,C034,Sai Distributors,Wholesaler,Imphal,Manipur,North-East,Bikash Roy,Credit,RC-2F-02,Breeze 2-Fold - Red,2-Fold Umbrella,84,290.0,0.03
SO000702,15-Nov-2025,Delivered,C046,Sri Durga Traders,Distributor,Cooch Behar,West Bengal,North Bengal,Rina Das,Credit,RC-UV-03,SunGuard UV Sun - Checks,UV Sun Umbrella,216,445.0,0.11
SO000772,2026-02-11,Delivered,C018,New Traders,Retailer,Itanagar,Arunachal Pradesh,North-East,Bikash Roy,Credit,RC-UV-04,SunGuard UV Sun - Beige,UV Sun Umbrella,12,420.0,0.01
SO000297,13/06/2025,Delivered,C014,New Traders,Distributor,Imphal,Manipur,North-East,Bikash Roy,Credit,RC-RC-03,Shield Raincoat - Grey,Raincoat,144,₹740.00,0.11
SO000453,2025-07-16,Delivered,C046,Sri Durga Traders,Distributor,,West Bengal,North Bengal,Rina Das,Credit,RC-2F-03,Classic 2-Fold - Checks,2-Fold Umbrella,228,435.0,0.11
SO000748,2026-01-10,Delivered,C041,New Enterprises,Distributor,Agartala,Tripura,North-East,Bikash Roy,Credit,RC-RC-02,Shield Raincoat - Bottle Green,Raincoat,84,690.0,0.12
SO000239,31-May-2025,Cancelled,C046,Sri Durga Traders,Distributor,Cooch Behar,West Bengal,North Bengal,Rina Das,Credit,RC-UV-03,SunGuard UV Sun - Checks,UV Sun Umbrella,276,445.0,0.08
SO000649,16-Sep-2025,Delivered,C052,Himalaya Traders,Wholesaler,Tezpur,Assam,North-East,Bikash Roy,Credit,RC-RC-02,Shield Raincoat - Bottle Green,Raincoat,24,₹690.00,0.06
SO000170,2025-05-15,Delivered,C046,Sri Durga Traders,Distributor,Cooch Behar,West Bengal,North Bengal,Rina Das,Credit,RC-3F-03,Storm 3-Fold - Floral Print,3-Fold Umbrella,276,275.0,0.09
SO000666,27/09/2025,Delivered,C024,Rainbow Enterprises,Wholesaler,Dibrugarh,Assam,North-East,Bikash Roy,Credit,RC-KD-04,Kiddo Kids - Polka Dot,Kids Umbrella,120,235.0,0.06
SO000690,04/11/2025,Delivered,C007,Biswakarma Bazaar,Wholesaler,Malda,West Bengal,North Bengal,Rina Das,Credit,RC-GF-01,Pro Golf - Floral Print,Golf Umbrella,12,745.0,0.06
SO000818,10-Mar-2026,Delivered,C046,Sri Durga Traders,Distributor,Cooch Behar,West Bengal,North Bengal,Rina Das,Credit,RC-RC-02,Shield Raincoat - Bottle Green,Raincoat,84,690.0,0.08
SO000107,03/05/2025,Delivered,C040,Krishna Distributors,Retailer,Patna,Bihar,Other East,Rakesh Singh,Credit,RC-GF-01,Pro Golf - Floral Print,Golf Umbrella,12,745.0,0.03
SO000612,2025-08-30,Delivered,C006,Modern Stores,Wholesaler,Haora,West Bengal,South Bengal,Amit Sarkar,Credit,RC-3F-07,Classic 3-Fold - Beige,3-Fold Umbrella,48,300.0,0.06
SO000521,2025-07-31,Delivered,C027,Kalyani General Store,Retailer,Asansol,West Bengal,South Bengal,Amit Sarkar,Cash,RC-3F-06,Breeze 3-Fold - Floral Print,3-Fold Umbrella,24,260.0,0.01
SO000218,28/05/2025,Delivered,C024,Rainbow Enterprises,Wholesaler,Dibrugarh,Assam,North-East,Bikash Roy,Credit,RC-UV-04,SunGuard UV Sun - Beige,UV Sun Umbrella,12 dz,420.0,0.05
SO000141,10/05/2025,Delivered,C014,New Traders,Distributor,Imphal,Manipur,North-East,Bikash Roy,Credit,RC-KD-04,Kiddo Kids - Polka Dot,Kids Umbrella,108,235.0,0.1
SO000822,11/03/2026,Delivered,C039,Modern Stores,Distributor,Jalpaiguri,West Bengal,North Bengal,Rina Das,Credit,RC-RC-05,Shield Raincoat - Polka Dot,Raincoat,192,655.0,0.11
SO000057,19/04/2025,Delivered,C030,Star Enterprises,Wholesaler,Shillong,Meghalaya,North-East,Bikash Roy,Credit,RC-LG-05,Storm Long - Checks,Long Umbrella,12,345.0,0.06
SO000025,2025-04-08,Delivered,C037,Hanuman Marketing,Retailer,Dimapur,Nagaland,North-East,Bikash Roy,Credit,RC-UV-04,SunGuard UV Sun - Beige,UV Sun Umbrella,24,420.0,0.0
SO000651,2025-09-18,Delivered,C039,Modern Stores,Distributor,Jalpaiguri,West Bengal,North Bengal,Rina Das,Credit,RC-3F-01,Classic 3-Fold - Polka Dot,3-Fold Umbrella,192,330.0,0.09
SO000356,23/06/2025,Delivered,C035,Ganga Traders  ,Retailer,Bardhaman,West Bengal,South Bengal,Amit Sarkar,Credit,RC-3F-06,Breeze 3-Fold - Floral Print,3-Fold Umbrella,12,260.0,0.02
SO000735,2025-12-18,Delivered,C041,New Enterprises,Distributor,Agartala,Tripura,North-East,Bikash Roy,Credit,RC-UV-04,SunGuard UV Sun - Beige,UV Sun Umbrella,84,₹420.00,0.09
SO000054,2025-04-18,Delivered,C056,Bharat Wholesale,Retailer,Siliguri,West Bengal,North Bengal,Rina Das,Cash,RC-UV-04,SunGuard UV Sun - Beige,UV Sun Umbrella,24,420.0,0.01
SO000458,17-Jul-2025,Delivered,C039,Modern Stores,Distributor,Jalpaiguri,West Bengal,North Bengal,Rina Das,Credit,RC-UV-04,SunGuard UV Sun - Beige,UV Sun Umbrella,132,420.0,0.11
SO000192,21/05/2025,Delivered,C047,Teesta Trading Co.,Retailer,Bhagalpur,Bihar,Other East,Rakesh Singh,Cash,RC-3F-07,Classic 3-Fold - Beige,3-Fold Umbrella,24,300.0,0.01
SO000214,2025-05-27,Delivered,C047,Teesta Trading Co.,Retailer,Bhagalpur,Bihar,Other East,Rakesh Singh,Cash,RC-RC-03,Shield Raincoat - Grey,Raincoat,12 pcs,740.0,0.0
SO000151,2025-05-12,Cancelled,C010,Ganga Bastralaya,Wholesaler,Jorhat,Assam,North-East,Bikash Roy,Credit,RC-UV-04,SunGuard UV Sun - Beige,UV Sun Umbrella,24,420.0,0.04
SO000196,22/05/2025,Delivered,C046,Sri Durga Traders,Distributor,Cooch Behar,West Bengal,North Bengal,Rina Das,Credit,RC-LG-05,Storm Long - Checks,Long Umbrella,264,345.0,0.11
SO000277,07/06/2025,Delivered,C056,Bharat Wholesale,Retailer,Siliguri,West Bengal,North Bengal,Rina Das,Cash,RC-3F-01,Classic 3-Fold - Polka Dot,3-Fold Umbrella,12,330.0,0.01
SO000498,2025-07-28,Cancelled,C003,Brahmaputra Wholesale,Distributor,Tezpur,Assam,North-East,Bikash Roy,Credit,RC-LG-06,Heritage Long - Maroon,Long Umbrella,72,570.0,0.11
SO000125,06/05/2025,Delivered,C056,Bharat Wholesale,Retailer,Siliguri,West Bengal,North Bengal,Rina Das,Cash,RC-3F-06,Breeze 3-Fold - Floral Print,3-Fold Umbrella,24,260.0,0.0
SO000193,2025-05-21,Delivered,C055,Sonali Traders,Retailer,Bardhaman,West Bengal,South Bengal,Amit Sarkar,Cash,RC-RC-01,Shield Raincoat - Red,Raincoat,24,690.0,0.01
SO000182,2025-05-20,Delivered,C031,Purbanchal Umbrella House,Retailer,Imphal,Manipur,North-East,Bikash Roy,Credit,RC-UV-05,SunGuard UV Sun - Transparent,UV Sun Umbrella,72,525.0,0.03
SO000681,13/10/2025,Delivered,C054,Lokenath Agencies  ,Retailer,Kharagpur,West Bengal,South Bengal,Amit Sarkar,Credit,RC-2F-03,Classic 2-Fold - Checks,2-Fold Umbrella,12,435.0,0.02
SO000176,19/05/2025,Delivered,C032,Modern Bazaar,Retailer,Jamshedpur,Jharkhand,Other East,Rakesh Singh,Cash,RC-GF-01,Pro Golf - Floral Print,Golf Umbrella,12,₹745.00,0.0
SO000250,04/06/2025,Cancelled,C013,Hanuman Stores,Wholesaler,Bardhaman,West Bengal,South Bengal,Amit Sarkar,Credit,RC-3F-08,Compact 3-Fold - Checks,3-Fold Umbrella,96,295.0,0.05
SO000464,18/07/2025,Delivered,C038,Kalyani Distributors,Wholesaler,Agartala,Tripura,North-East,Bikash Roy,Credit,RC-RC-01,Shield Raincoat - Red,Raincoat,72,690.0,0.06
SO000110,2025-05-05,Delivered,C007,Biswakarma Bazaar,Wholesaler,Malda,West Bengal,North Bengal,Rina Das,Credit,RC-GF-01,Pro Golf - Floral Print,Golf Umbrella,24,745.0,0.06
SO000369,26/06/2025,Delivered,C012,Sonali Marketing,Wholesaler,Ranchi,Jharkhand,Other East,Rakesh Singh,Credit,RC-2F-02,Breeze 2-Fold - Red,2-Fold Umbrella,24,290.0,0.05
SO000716,2025-11-29,Delivered,C057,Janata & Sons,Wholesaler,Aizawl,Mizoram,North-East,Bikash Roy,Credit,RC-UV-03,SunGuard UV Sun - Checks,UV Sun Umbrella,60,445.0,0.06
SO000610,2025-08-29,Cancelled,C041,New Enterprises,Distributor,Agartala,Tripura,North-East,Bikash Roy,Credit,RC-LG-02,Storm Long - Grey,Long Umbrella,192,385.0,0.1
SO000426,11/07/2025,Delivered,C005,Jai Hind Umbrella House,Retailer,Cuttack,Odisha,Other East,Rakesh Singh,Cash,RC-2F-04,Classic 2-Fold - Red,2-Fold Umbrella,12,₹310.00,0.02
SO000408,2025-07-05,Delivered,C046,Sri Durga Traders,Distributor,Cooch Behar,West Bengal,North Bengal,Rina Das,Credit,RC-3F-04,Compact 3-Fold - Navy Blue,3-Fold Umbrella,228,345.0,0.08
SO000241,31-May-2025,Delivered,C055,Sonali Traders,Retailer,Bardhaman,West Bengal,South Bengal,Amit Sarkar,Cash,RC-3F-04,Compact 3-Fold - Navy Blue,3-Fold Umbrella,24,345.0,0.03
SO000590,23/08/2025,Delivered,C044,Maa Tara Wholesale,Retailer,Itanagar,Arunachal Pradesh,North-East,Bikash Roy,Cash,RC-2F-01,Classic 2-Fold - Maroon,2-Fold Umbrella,24,310.0,0.02
SO000318,16/06/2025,Delivered,C041,New Enterprises,Distributor,Agartala,Tripura,North-East,Bikash Roy,Credit,RC-KD-04,Kiddo Kids - Polka Dot,Kids Umbrella,204,235.0,0.1
SO000741,31/12/2025,Delivered,C041,New Enterprises,Distributor,Agartala,Tripura,North-East,Bikash Roy,Credit,RC-3F-04,Compact 3-Fold - Navy Blue,3-Fold Umbrella,276,345.0,0.08
SO000841,21/03/2026,Delivered,C058,Lokenath General Store,Wholesaler,Howrah,West Bengal,South Bengal,Amit Sarkar,Credit,RC-UV-04,SunGuard UV Sun - Beige,UV Sun Umbrella,24,420.0,0.05
SO000643,2025-09-13,Delivered,C054,Lokenath Agencies,Retailer,Kharagpur,West Bengal,South Bengal,Amit Sarkar,Credit,RC-LG-05,Storm Long - Checks,Long Umbrella,24,345.0,0.01
SO000516,30/07/2025,Delivered,C046,Sri Durga Traders,Distributor,Cooch Behar,West Bengal,North Bengal,Rina Das,Credit,RC-3F-07,Classic 3-Fold - Beige,3-Fold Umbrella,72,300.0,0.11
SO000161,14/05/2025,Delivered,C034,Sai Distributors  ,Wholesaler,Imphal,Manipur,North-East,Bikash Roy,Credit,RC-3F-08,Compact 3-Fold - Checks,3-Fold Umbrella,48 pcs,295.0,0.06
SO000779,2026-02-13,Delivered,C037,Hanuman Marketing,Retailer,Dimapur,Nagaland,North-East,Bikash Roy,Credit,RC-2F-01,Classic 2-Fold - Maroon,2-Fold Umbrella,48,310.0,0.0
SO000161,2025-05-14,Delivered,C034,Sai Distributors,Wholesaler,Imphal,Manipur,North-East,Bikash Roy,Credit,RC-2F-01,Classic 2-Fold - Maroon,2-Fold Umbrella,60,310.0,0.04
SO000278,09-Jun-2025,Delivered,C004,Royal Trading Co.,Retailer,Agartala,Tripura,North-East,Bikash Roy,Credit,RC-KD-03,Kiddo Kids - Sky Blue,Kids Umbrella,48,185.0,0.03
SO000700,2025-11-14,Delivered,C003,Brahmaputra Wholesale,Distributor,Tezpur,Assam,North-East,Bikash Roy,Credit,RC-3F-01,Classic 3-Fold - Polka Dot,3-Fold Umbrella,204,330.0,0.11
SO000578,2025-08-18,Delivered,C049,Biswakarma Traders,Retailer,Kolkata,West Bengal,South Bengal,Amit Sarkar,Credit,RC-UV-03,SunGuard UV Sun - Checks,UV Sun Umbrella,36,445.0,0.03
SO000041,2025-04-12,Delivered,C028,Lokenath General Store,Retailer,Silchar,Assam,North-East,Bikash Roy,Cash,RC-3F-02,Breeze 3-Fold - Transparent,3-Fold Umbrella,2 dz,305.0,0.01
SO000577,2025-08-18,Delivered,C034,Sai Distributors,Wholesaler,Imphal,Manipur,North-East,Bikash Roy,Credit,RC-LG-05,Storm Long - Checks,Long Umbrella,84,₹345.00,0.04
SO000317,16-Jun-2025,Delivered,C035,Ganga Traders,Retailer,Bardhaman,West Bengal,South Bengal,Amit Sarkar,Credit,RC-3F-04,Compact 3-Fold - Navy Blue,3-Fold Umbrella,12,345.0,0.03
SO000108,2025-05-03,Delivered,C041,New Enterprises,Distributor,Agartala,Tripura,North-East,Bikash Roy,Credit,RC-3F-04,Compact 3-Fold - Navy Blue,3-Fold Umbrella,252,345.0,0.1
SO000315,16/06/2025,Delivered,C022,Sonali Stores,Retailer,Jamshedpur,Jharkhand,Other East,Rakesh Singh,Credit,RC-3F-06,Breeze 3-Fold - Floral Print,3-Fold Umbrella,48,₹260.00,0.02
SO000100,2025-05-02,Delivered,C015,Modern Traders,Retailer,Asansol,West Bengal,South Bengal,Amit Sarkar,Cash,RC-UV-01,SunGuard UV Sun - Maroon,UV Sun Umbrella,12,375.0,0.02
SO000361,2025-06-24,Delivered,C012,Sonali Marketing,Wholesaler,Ranchi,Jharkhand,Other East,Rakesh Singh,Credit,RC-2F-06,Breeze 2-Fold - Floral Print,2-Fold Umbrella,36,270.0,0.05
SO000043,2025-04-15,Delivered,C051, sai traders,Retailer,Asansol,West Bengal,South Bengal,Amit Sarkar,Cash,RC-UV-04,SunGuard UV Sun - Beige,UV Sun Umbrella,12,420.0,0.02
SO000814,2026-03-09,Delivered,C002,City Distributors,Retailer,Tezpur,Assam,North-East,Bikash Roy,Credit,RC-3F-06,Breeze 3-Fold - Floral Print,3-Fold Umbrella,12,260.0,0.01
SO000542,2025-08-05,Delivered,C048,Purbanchal Agencies,Wholesaler,Tezpur,Assam,North-East,Bikash Roy,Credit,RC-3F-05,Breeze 3-Fold - Grey,3-Fold Umbrella,24,255.0,0.04
SO000088,30-Apr-2025,Delivered,C006,Modern Stores,Wholesaler,Howrah,West Bengal,South Bengal,Amit Sarkar,Credit,RC-UV-04,SunGuard UV Sun - Beige,UV Sun Umbrella,96,420.0,0.03
SO000830,14/03/2026,Delivered,C024,Rainbow Enterprises,Wholesaler,Dibrugarh,Assam,North-East,Bikash Roy,Credit,RC-KD-04,Kiddo Kids - Polka Dot,Kids Umbrella,36,₹235.00,0.05
SO000840,2026-03-21,Delivered,C039,MODERN STORES,Distributor,Jalpaiguri,West Bengal,North Bengal,Rina Das,Credit,RC-3F-08,Compact 3-Fold - Checks,3-Fold Umbrella,180,295.0,0.11
SO000667,2025-09-27,Delivered,C034,Sai Distributors,Wholesaler,Imphal,Manipur,North-East,Bikash Roy,Credit,RC-3F-10,Compact 3-Fold - Red,3-Fold Umbrella,84 pcs,260.0,0.03
SO000250,2025-06-04,Cancelled,C013,Hanuman Stores,Wholesaler,Bardhaman,West Bengal,South Bengal,Amit Sarkar,Credit,RC-LG-05,Storm Long - Checks,Long Umbrella,72,345.0,0.04
SO000520,31/07/2025,Cancelled,C017,New Traders,Distributor,Tezpur,Assam,North-East,Bikash Roy,Credit,RC-RC-02,Shield Raincoat - Bottle Green,Raincoat,96,690.0,0.1
SO000523,2025-07-31,Delivered,C034,Sai Distributors,Wholesaler,Imphal,Manipur,North-East,Bikash Roy,Credit,RC-RC-04,Shield Raincoat - Checks,Raincoat,48,435.0,0.06
SO000364,2025-06-25,Delivered,C013,Hanuman Stores,Wholesaler,Bardhaman,West Bengal,South Bengal,Amit Sarkar,Credit,RC-3F-07,Classic 3-Fold - Beige,3-Fold Umbrella,156,300.0,0.05
SO000653,2025-09-18,Delivered,C049,Biswakarma Traders,Retailer,Kolkata,West Bengal,South Bengal,Amit Sarkar,Credit,RC-3F-06,Breeze 3-Fold - Floral Print,3-Fold Umbrella,12,260.0,0.03
SO000007,2025-04-03,Delivered,C027,Kalyani General Store,Retailer,Asansol,West Bengal,South Bengal,Amit Sarkar,Cash,RC-UV-01,SunGuard UV Sun - Maroon,UV Sun Umbrella,12,₹375.00,0.03
SO000020,2025-04-07,Delivered,C053,Rupali Wholesale,Retailer,Jalpaiguri,West Bengal,North Bengal,Rina Das,Credit,RC-3F-03,Storm 3-Fold - Floral Print,3-Fold Umbrella,12,275.0,0.01
SO000220,2025-05-28,Delivered,C031,Purbanchal Umbrella House,Retailer,Imphal,Manipur,North-East,Bikash Roy,Credit,RC-KD-03,Kiddo Kids - Sky Blue,Kids Umbrella,48,185.0,0.03
SO000255,05-Jun-2025,Delivered,C003,Brahmaputra Wholesale,Distributor,Tezpur,Assam,North-East,Bikash Roy,Credit,RC-3F-04,Compact 3-Fold - Navy Blue,3-Fold Umbrella,180,345.0,0.08
SO000050,17/04/2025,Delivered,C046,Sri Durga Traders,Distributor,Cooch Behar,West Bengal,North Bengal,Rina Das,Credit,RC-3F-11,Storm 3-Fold - Transparent,3-Fold Umbrella,144,280.0,0.08
SO000626,05-Sep-2025,Delivered,C058,Lokenath General Store,Wholesaler,Howrah,West Bengal,South Bengal,Amit Sarkar,Credit,RC-UV-04,SunGuard UV Sun - Beige,UV Sun Umbrella,60,₹420.00,0.06
SO000636,10/09/2025,Delivered,C040,Krishna Distributors,Retailer,Patna,Bihar,Other East,Rakesh Singh,Credit,RC-2F-01,Classic 2-Fold - Maroon,2-Fold Umbrella,24,₹310.00,0.0
SO000624,2025-09-04,Delivered,C021,City Traders,Wholesaler,Bhubaneswar,Odisha,Other East,Rakesh Singh,Credit,RC-2F-06,Breeze 2-Fold - Floral Print,2-Fold Umbrella,48,₹270.00,0.05
SO000748,10/01/2026,Delivered,C041,New Enterprises,Distributor,Agartala,Tripura,North-East,Bikash Roy,Credit,RC-3F-01,Classic 3-Fold - Polka Dot,3-Fold Umbrella,96,330.0,0.12
SO000032,09-Apr-2025,Delivered,C054,Lokenath Agencies,Retailer,Kharagpur,West Bengal,South Bengal,Amit Sarkar,Credit,RC-UV-01,SunGuard UV Sun - Maroon,UV Sun Umbrella,24,375.0,0.01
SO000133,08/05/2025,Delivered,C024,Rainbow Enterprises,Wholesaler,Dibrugarh,Assam,North-East,Bikash Roy,Credit,RC-LG-05,Storm Long - Checks,Long Umbrella,72,345.0,0.04
SO000603,27-Aug-2025,Delivered,C034,Sai Distributors,Wholesaler,Imphal,Manipur,North-East,Bikash Roy,Credit,RC-RC-01,Shield Raincoat - Red,Raincoat,24,690.0,0.05
SO000119,2025-05-06,Delivered,C014,New Traders,Distributor,Imphal,Manipur,North-East,Bikash Roy,Credit,RC-2F-01,Classic 2-Fold - Maroon,2-Fold Umbrella,96,310.0,0.1
SO000633,10-Sep-2025,Delivered,C003,Brahmaputra Wholesale,Distributor,Tezpur,Assam,North-East,Bikash Roy,Credit,RC-3F-07,Classic 3-Fold - Beige,3-Fold Umbrella,84,300.0,0.1
SO000632,2025-09-09,Delivered,C046,Sri Durga Traders  ,Distributor,Cooch Behar,West Bengal,North Bengal,Rina Das,Credit,RC-UV-04,SunGuard UV Sun - Beige,UV Sun Umbrella,276,₹420.00,0.12
SO000308,14-Jun-2025,Delivered,C041,New Enterprises,Distributor,Agartala,Tripura,North-East,Bikash Roy,Credit,RC-LG-05,Storm Long - Checks,Long Umbrella,216,₹345.00,0.09
SO000321,17/06/2025,Delivered,C014,New Traders,Distributor,Imphal,Manipur,North-East,Bikash Roy,Credit,RC-2F-03,Classic 2-Fold - Checks,2-Fold Umbrella,60,435.0,0.08
SO000565,2025-08-12,Delivered,C043,Modern Enterprises,Retailer,Aizawl,Mizoram,North-East,Bikash Roy,Cash,RC-UV-05,SunGuard UV Sun - Transparent,UV Sun Umbrella,24 pcs,525.0,0.0
SO000663,26/09/2025,Delivered,C008,POPULAR & SONS,Retailer,Durgapur,West Bengal,South Bengal,Amit Sarkar,Credit,RC-UV-04,SunGuard UV Sun - Beige,UV Sun Umbrella,12 pcs,420.0,0.0
SO000828,2026-03-13,Delivered,C014,New Traders,Distributor,Imphal,Manipur,North-East,Bikash Roy,Credit,RC-UV-05,SunGuard UV Sun - Transparent,UV Sun Umbrella,72,525.0,0.1
SO000348,21/06/2025,Delivered,C030,Star Enterprises,Wholesaler,Shillong,Meghalaya,North-East,Bikash Roy,Credit,RC-UV-04,SunGuard UV Sun - Beige,UV Sun Umbrella,72,₹420.00,0.06
SO000154,12/05/2025,Delivered,C041,New Enterprises,Distributor,Agartala,Tripura,North-East,Bikash Roy,Credit,RC-UV-05,SunGuard UV Sun - Transparent,UV Sun Umbrella,240,525.0,0.1
SO000760,2026-02-02,Delivered,C038,Kalyani Distributors,Wholesaler,Agartala,Tripura,North-East,Bikash Roy,Credit,RC-UV-04,SunGuard UV Sun - Beige,UV Sun Umbrella,48,420.0,0.05
SO000635,10/09/2025,Delivered,C017,New Traders,Distributor,,Assam,North-East,Bikash Roy,Credit,RC-3F-03,Storm 3-Fold - Floral Print,3-Fold Umbrella,48,275.0,0.09
SO000228,2025-05-29,Delivered,C029,City Stores,Retailer,Durgapur,West Bengal,South Bengal,Amit Sarkar,Cash,RC-2F-03,Classic 2-Fold - Checks,2-Fold Umbrella,36,435.0,0.02
SO000023,08/04/2025,Delivered,C019,Ganga Wholesale,Retailer,Haora,West Bengal,South Bengal,Amit Sarkar,Cash,RC-3F-04,Compact 3-Fold - Navy Blue,3-Fold Umbrella,12,345.0,0.02
SO000319,16/06/2025,Delivered,C047,Teesta Trading Co.,Retailer,Bhagalpur,Bihar,Other East,Rakesh Singh,Cash,RC-LG-03,Storm Long - Bottle Green,Long Umbrella,24,430.0,0.02
SO000853,2026-03-27,Delivered,C057,Janata & Sons,Wholesaler,Aizawl,Mizoram,North-East,Bikash Roy,Credit,RC-RC-02,Shield Raincoat - Bottle Green,Raincoat,12,690.0,0.03
SO000065,22-Apr-2025,Delivered,C021,City Traders,Wholesaler,Bhubaneswar,Odisha,Other East,Rakesh Singh,Credit,RC-LG-02,Storm Long - Grey,Long Umbrella,72,₹385.00,3%
SO000565,2025-08-12,Delivered,C043,Modern Enterprises,Retailer,Aizawl,Mizoram,North-East,Bikash Roy,Cash,RC-3F-04,Compact 3-Fold - Navy Blue,3-Fold Umbrella,1 dz,345.0,0.0
SO000791,19-Feb-2026,Delivered,C014,New Traders,Distributor,Imphal,Manipur,North-East,Bikash Roy,Credit,RC-3F-05,Breeze 3-Fold - Grey,3-Fold Umbrella,96,255.0,0.11
SO000001,2025-04-01,Delivered,C014,New Traders,Distributor,Imphal,Manipur,North-East,Bikash Roy,Credit,RC-UV-05,SunGuard UV Sun - Transparent,UV Sun Umbrella,11 dz,525.0,0.11
SO000205,2025-05-26,Delivered,C003,Brahmaputra Wholesale,Distributor,Tezpur,Assam,North-East,Bikash Roy,Credit,RC-2F-02,Breeze 2-Fold - Red,2-Fold Umbrella,204,290.0,0.12
SO000651,18/09/2025,Delivered,C039,Modern Stores,Distributor,Jalpaiguri,West Bengal,North Bengal,Rina Das,Credit,RC-UV-04,SunGuard UV Sun - Beige,UV Sun Umbrella,96,420.0,0.1
SO000151,12/05/2025,Cancelled,C010,Ganga Bastralaya,Wholesaler,Jorhat,Assam,North-East,Bikash Roy,Credit,RC-2F-05,Breeze 2-Fold - Grey,2-Fold Umbrella,96,375.0,0.06
SO000734,17-Dec-2025,Delivered,C059,Sunrise Wholesale,Wholesaler,Durgapur,West Bengal,South Bengal,Amit Sarkar,Credit,RC-UV-04,SunGuard UV Sun - Beige,UV Sun Umbrella,36,420.0,0.06
SO000374,2025-06-27,Delivered,C007,Biswakarma Bazaar,Wholesaler,Malda,West Bengal,North Bengal,Rina Das,Credit,RC-2F-05,Breeze 2-Fold - Grey,2-Fold Umbrella,36,375.0,0.06
SO000586,2025-08-22,Delivered,C009,Brahmaputra General Store,Retailer,Guwahati,Assam,North-East,Bikash Roy,Cash,RC-2F-02,Breeze 2-Fold - Red,2-Fold Umbrella,12,₹290.00,0.01
SO000787,18/02/2026,Delivered,C014,New Traders,Distributor,Imphal,Manipur,North-East,Bikash Roy,Credit,RC-KD-03,Kiddo Kids - Sky Blue,Kids Umbrella,60,185.0,0.11
SO000545,06/08/2025,Delivered,C013,Hanuman Stores,Wholesaler,Bardhaman,West Bengal,South Bengal,Amit Sarkar,Credit,RC-RC-02,Shield Raincoat - Bottle Green,Raincoat,96,690.0,0.05
SO000581,2025-08-20,Delivered,C021,City Traders,Wholesaler,Bhubaneswar,Odisha,Other East,Rakesh Singh,Credit,RC-2F-03,Classic 2-Fold - Checks,2-Fold Umbrella,96 pcs,435.0,0.06
SO000740,2025-12-31,Delivered,C040,Krishna Distributors,Retailer,Patna,Bihar,Other East,Rakesh Singh,Credit,RC-2F-06,Breeze 2-Fold - Floral Print,2-Fold Umbrella,36,270.0,0.01
SO000061,2025-04-21,Delivered,C027,Kalyani General Store,Retailer,Asansol,West Bengal,South Bengal,Amit Sarkar,Cash,RC-3F-08,Compact 3-Fold - Checks,3-Fold Umbrella,12,295.0,0.0
SO000828,13/03/2026,Delivered,C014,New Traders,Distributor,Imphal,Manipur,,Bikash Roy,Credit,RC-3F-03,Storm 3-Fold - Floral Print,3-Fold Umbrella,144,₹275.00,0.11
SO000357,23/06/2025,Cancelled,C038,Kalyani Distributors,Wholesaler,Agartala,Tripura,North-East,Bikash Roy,Credit,RC-3F-03,Storm 3-Fold - Floral Print,3-Fold Umbrella,36,₹275.00,0.04
SO000128,2025-05-07,Delivered,C041,New Enterprises,Distributor,Agartala,Tripura,North-East,Bikash Roy,Credit,RC-3F-10,Compact 3-Fold - Red,3-Fold Umbrella,264 pcs,260.0,0.1
SO000067,22/04/2025,Delivered,C046,Sri Durga Traders,Distributor,Cooch Behar,West Bengal,North Bengal,Rina Das,Credit,RC-3F-05,Breeze 3-Fold - Grey,3-Fold Umbrella,300,255.0,0.09
SO000265,06-Jun-2025,Delivered,C049,Biswakarma Traders,Retailer,Kolkata,West Bengal,South Bengal,Amit Sarkar,Credit,RC-3F-03,Storm 3-Fold - Floral Print,3-Fold Umbrella,60,275.0,0.01
SO000179,2025-05-19,Delivered,C053,Rupali Wholesale,Retailer,Jalpaiguri,West Bengal,North Bengal,Rina Das,Credit,RC-RC-01,Shield Raincoat - Red,Raincoat,24,690.0,0.02
SO000524,31/07/2025,Delivered,C035,Ganga Traders,Retailer,Bardhaman,West Bengal,South Bengal,Amit Sarkar,Credit,RC-3F-01,Classic 3-Fold - Polka Dot,3-Fold Umbrella,24,₹330.00,0.01
SO000854,2026-03-28,Delivered,C059,Sunrise Wholesale,Wholesaler,Durgapur,West Bengal,South Bengal,Amit Sarkar,Credit,RC-KD-04,Kiddo Kids - Polka Dot,Kids Umbrella,36,235.0,0.04
SO000810,2026-03-05,Delivered,C047,Teesta Trading Co.,Retailer,Bhagalpur,Bihar,Other East,Rakesh Singh,Cash,RC-LG-05,Storm Long - Checks,Long Umbrella,12,345.0,0.02
SO000648,2025-09-16,Delivered,C039,Modern Stores,Distributor,Jalpaiguri,West Bengal,North Bengal,Rina Das,Credit,RC-KD-03,Kiddo Kids - Sky Blue,Kids Umbrella,120,185.0,0.1
SO000307,14/06/2025,Delivered,C030,STAR ENTERPRISES,Wholesaler,Shillong,Meghalaya,North-East,Bikash Roy,Credit,RC-3F-04,Compact 3-Fold - Navy Blue,3-Fold Umbrella,36,345.0,0.04
SO000625,04/09/2025,Delivered,C039,Modern Stores,Distributor,Jalpaiguri,West Bengal,North Bengal,Rina Das,Credit,RC-KD-03,Kiddo Kids - Sky Blue,Kids Umbrella,72,185.0,0.11
SO000733,2025-12-17,Delivered,C038,Kalyani Distributors,Wholesaler,Agartala,Tripura,North-East,Bikash Roy,Credit,RC-3F-10,Compact 3-Fold - Red,3-Fold Umbrella,24,260.0,0.06
SO000631,08/09/2025,Cancelled,C034,Sai Distributors,Wholesaler,Imphal,Manipur,North-East,Bikash Roy,Credit,RC-3F-01,Classic 3-Fold - Polka Dot,3-Fold Umbrella,24,330.0,0.04
SO000045,16/04/2025,Delivered,C003,Brahmaputra Wholesale,Distributor,Tezpur,Assam,North-East,Bikash Roy,Credit,RC-UV-04,SunGuard UV Sun - Beige,UV Sun Umbrella,144,420.0,0.11
SO000038,11-Apr-2025,Delivered,C033,Krishna Distributors,Retailer,Jalpaiguri,West Bengal,North Bengal,Rina Das,Credit,RC-UV-04,SunGuard UV Sun - Beige,UV Sun Umbrella,12,420.0,0.02
SO000803,04/03/2026,Delivered,C003,Brahmaputra Wholesale,Distributor,Tezpur,Assam,North-East,Bikash Roy,Credit,RC-3F-06,Breeze 3-Fold - Floral Print,3-Fold Umbrella,72,260.0,0.12
SO000652,18/09/2025,Delivered,C044,Maa Tara Wholesale,Retailer,Itanagar,Arunachal Pradesh,North-East,Bikash Roy,Cash,RC-3F-07,Classic 3-Fold - Beige,3-Fold Umbrella,24,300.0,0.03
SO000492,2025-07-25,Delivered,C032,Modern Bazaar,Retailer,Jamshedpur,Jharkhand,Other East,Rakesh Singh,Cash,RC-RC-01,Shield Raincoat - Red,Raincoat,12,690.0,0.03
SO000361,24/06/2025,Delivered,C012,Sonali Marketing,Wholesaler,Ranchi,Jharkhand,Other East,Rakesh Singh,Credit,RC-3F-01,Classic 3-Fold - Polka Dot,3-Fold Umbrella,72,330.0,0.05
SO000595,2025-08-25,Cancelled,C021, city traders,Wholesaler,Bhubaneshwar,Odisha,Other East,Rakesh Singh,Credit,RC-KD-01,Kiddo Kids - Cartoon Print,Kids Umbrella,48,220.0,0.06
SO000786,17/02/2026,Delivered,C034,Sai Distributors,Wholesaler,Imphal,Manipur,North-East,Bikash Roy,Credit,RC-3F-03,Storm 3-Fold - Floral Print,3-Fold Umbrella,96,₹275.00,0.05
SO000284,10/06/2025,Delivered,C037,Hanuman Marketing,Retailer,,Nagaland,North-East,Bikash Roy,Credit,RC-RC-01,Shield Raincoat - Red,Raincoat,12,690.0,0.0
SO000717,01/12/2025,Delivered,C007,Biswakarma Bazaar,Wholesaler,Malda,West Bengal,North Bengal,Rina Das,Credit,RC-3F-02,Breeze 3-Fold - Transparent,3-Fold Umbrella,48,305.0,0.06
SO000091,01-May-2025,Delivered,C017,New Traders,Distributor,Tezpur,Assam,North-East,Bikash Roy,Credit,RC-UV-01,SunGuard UV Sun - Maroon,UV Sun Umbrella,108,₹375.00,0.09
SO000438,14/07/2025,Delivered,C014,New Traders,Distributor,Imphal,Manipur,North-East,Bikash Roy,Credit,RC-3F-06,Breeze 3-Fold - Floral Print,3-Fold Umbrella,60,260.0,0.09
SO000110,05-May-2025,Delivered,C007,Biswakarma Bazaar,Wholesaler,Malda,West Bengal,North Bengal,Rina Das,Credit,RC-LG-03,Storm Long - Bottle Green,Long Umbrella,48,₹430.00,0.05
SO000420,09/07/2025,Delivered,C028,Lokenath General Store,Retailer,Silchar,Assam,North-East,Bikash Roy,Cash,RC-RC-01,Shield Raincoat - Red,,36 pcs,690.0,0.02
SO000617,01-Sep-2025,Delivered,C028,Lokenath General Store,Retailer,Silchar,Assam,North-East,Bikash Roy,Cash,RC-3F-04,Compact 3-Fold - Navy Blue,3-Fold Umbrella,36,345.0,0.0
SO000119,2025-05-06,Delivered,C014,New Traders,Distributor,Imphal,Manipur,North-East,Bikash Roy,Credit,RC-KD-01,Kiddo Kids - Cartoon Print,Kids Umbrella,72,220.0,11%
SO000591,2025-08-23,Delivered,C052,Himalaya Traders,Wholesaler,Tezpur,Assam,North-East,Bikash Roy,Credit,RC-LG-03,Storm Long - Bottle Green,Long Umbrella,84,430.0,0.06
SO000502,28/07/2025,Cancelled,C046,Sri Durga Traders,Distributor,Cooch Behar,West Bengal,North Bengal,Rina Das,Credit,RC-LG-05,Storm Long - Checks,Long Umbrella,228,345.0,0.1
SO000496,2025-07-26,Delivered,C046,Sri Durga Traders,Distributor,Cooch Behar,West Bengal,North Bengal,Rina Das,Credit,RC-2F-03,Classic 2-Fold - Checks,2-Fold Umbrella,132,435.0,0.08
SO000583,2025-08-20,Delivered,C049,Biswakarma Traders,Retailer,kolkata ,West Bengal,South Bengal,Amit Sarkar,Credit,RC-3F-01,Classic 3-Fold - Polka Dot,3-Fold Umbrella,60,330.0,0.03
SO000102,2025-05-02,Delivered,C041,New Enterprises,Distributor,Agartala,Tripura,North-East,Bikash Roy,Credit,RC-GF-01,Pro Golf - Floral Print,Golf Umbrella,180,745.0,0.1
SO000628,08-Sep-2025,Cancelled,C014,New Traders  ,Distributor,Imphal,Manipur,North-East,Bikash Roy,Credit,RC-UV-01,SunGuard UV Sun - Maroon,UV Sun Umbrella,144,375.0,10%
SO000527,2025-07-31,Delivered,C050,Biswakarma Traders,Retailer,Shillong,Meghalaya,North-East,Bikash Roy,Cash,RC-UV-04,SunGuard UV Sun - Beige,UV Sun Umbrella,36,420.0,0.03
SO000221,28/05/2025,Delivered,C041,New Enterprises,Distributor,Agartala,Tripura,North-East,Bikash Roy,Credit,RC-2F-01,Classic 2-Fold - Maroon,2-Fold Umbrella,132,₹310.00,0.11
SO000498,28/07/2025,Cancelled,C003,Brahmaputra Wholesale,Distributor,Tezpur,Assam,North-East,Bikash Roy,Credit,RC-LG-02,Storm Long - Grey,Long Umbrella,72,385.0,0.08
SO000306,2025-06-14,Delivered,C024,RAINBOW ENTERPRISES,Wholesaler,Dibrugarh,Assam,North-East,Bikash Roy,Credit,RC-RC-01,Shield Raincoat - Red,Raincoat,36,690.0,0.05
SO000853,27-Mar-2026,Delivered,C057,Janata & Sons,Wholesaler,Aizawl,Mizoram,,Bikash Roy,Credit,RC-LG-06,Heritage Long - Maroon,Long Umbrella,48,570.0,0.05
SO000179,2025-05-19,Delivered,C053,Rupali Wholesale,Retailer,Jalpaiguri,West Bengal,North Bengal,Rina Das,Credit,RC-UV-04,SunGuard UV Sun - Beige,UV Sun Umbrella,12,420.0,0.02
SO000370,2025-06-26,Delivered,C022,Sonali Stores,Retailer,Jamshedpur,Jharkhand,Other East,Rakesh Singh,Credit,RC-LG-05,Storm Long - Checks,Long Umbrella,48,345.0,0.01
SO000707,2025-11-24,Delivered,C021,City Traders,Wholesaler,Bhubaneswar,Odisha,Other East,Rakesh Singh,Credit,RC-UV-04,SunGuard UV Sun - Beige,UV Sun Umbrella,48,420.0,0.05
SO000264,06/06/2025,Delivered,C024,Rainbow Enterprises,Wholesaler,Dibrugarh,Assam,,Bikash Roy,Credit,RC-KD-04,Kiddo Kids - Polka Dot,Kids Umbrella,36,235.0,0.07
SO000257,2025-06-05,Delivered,C006,Modern Stores,Wholesaler,Haora,West Bengal,South Bengal,Amit Sarkar,Credit,RC-LG-06,Heritage Long - Maroon,Long Umbrella,120 pcs,570.0,0.06
SO000365,25-Jun-2025,Delivered,C022,Sonali Stores,Retailer,Jamshedpur,Jharkhand,Other East,Rakesh Singh,Credit,RC-RC-03,Shield Raincoat - Grey,Raincoat,48,740.0,0.0
SO000481,2025-07-22,Delivered,C034,Sai Distributors,Wholesaler,Imphal,Manipur,North-East,Bikash Roy,Credit,RC-3F-01,Classic 3-Fold - Polka Dot,3-Fold Umbrella,24,330.0,0.06
SO000162,14-May-2025,Delivered,C049,Biswakarma Traders,Retailer,Kolkata,West Bengal,South Bengal,Amit Sarkar,Credit,RC-LG-03,Storm Long - Bottle Green,Long Umbrella,60,430.0,0.03
SO000396,2025-07-03,Delivered,C010,Ganga Bastralaya,Wholesaler,Jorhat,Assam,North-East,Bikash Roy,Credit,RC-KD-04,Kiddo Kids - Polka Dot,Kids Umbrella,120,235.0,0.03
SO000769,07/02/2026,Delivered,C045,Krishna Umbrella House,Wholesaler,Kharagpur,West Bengal,South Bengal,Amit Sarkar,Credit,RC-UV-04,SunGuard UV Sun - Beige,UV Sun Umbrella,12,420.0,0.03
SO000777,2026-02-12,Delivered,C046,Sri Durga Traders,Distributor,Cooch Behar,West Bengal,North Bengal,Rina Das,Credit,RC-3F-03,Storm 3-Fold - Floral Print,3-Fold Umbrella,300,₹275.00,0.11
SO000001,01/04/2025,Delivered,C014,New Traders,Distributor,Imphal,Manipur,North-East,Bikash Roy,Credit,RC-2F-04,Classic 2-Fold - Red,2-Fold Umbrella,108,310.0,0.09
SO000233,30/05/2025,Delivered,C031,Purbanchal Umbrella House,Retailer,Imphal,Manipur,North-East,Bikash Roy,Credit,RC-3F-04,Compact 3-Fold - Navy Blue,3-Fold Umbrella,48,345.0,0.02
SO000274,07/06/2025,Delivered,C042,Rainbow Bastralaya,Wholesaler,Purnia,Bihar,Other East,Rakesh Singh,Credit,RC-GF-01,Pro Golf - Floral Print,Golf Umbrella,24,745.0,0.05
SO000841,2026-03-21,Delivered,C058,Lokenath General Store,Wholesaler,Haora,West Bengal,South Bengal,Amit Sarkar,Credit,RC-3F-06,Breeze 3-Fold - Floral Print,3-Fold Umbrella,12,260.0,0.04
SO000841,21/03/2026,Delivered,C058,Lokenath General Store,Wholesaler,Howrah,West Bengal,South Bengal,Amit Sarkar,Credit,RC-KD-04,Kiddo Kids - Polka Dot,Kids Umbrella,1 dz,₹235.00,0.06
SO000352,2025-06-21,Delivered,C059,Sunrise Wholesale,Wholesaler,Durgapur,West Bengal,South Bengal,Amit Sarkar,Credit,RC-2F-05,Breeze 2-Fold - Grey,2-Fold Umbrella,24,375.0,0.06
SO000744,03/01/2026,Delivered,C048,Purbanchal Agencies,Wholesaler,Tezpur,Assam,North-East,Bikash Roy,Credit,RC-3F-08,Compact 3-Fold - Checks,3-Fold Umbrella,60,295.0,0.05
SO000412,07/07/2025,Delivered,C046,Sri Durga Traders,Distributor,Cooch Behar,West Bengal,North Bengal,Rina Das,Credit,RC-RC-02,Shield Raincoat - Bottle Green,Raincoat,108,690.0,0.12
SO000782,14-Feb-2026,Delivered,C005,Jai Hind Umbrella House,Retailer,Cuttack,Odisha,Other East,Rakesh Singh,Cash,RC-UV-04,SunGuard UV Sun - Beige,UV Sun Umbrella,12,420.0,0.01
SO000582,20-Aug-2025,Delivered,C039,Modern Stores,Distributor,Jalpaiguri,West Bengal,North Bengal,Rina Das,Credit,RC-RC-04,Shield Raincoat - Checks,Raincoat,120,435.0,0.11
SO000568,13/08/2025,Delivered,C011,Sri Durga Umbrella House,Retailer,Silchar,Assam,North-East,Bikash Roy,Cash,RC-LG-05,Storm Long - Checks,Long Umbrella,12,345.0,0.02
SO000148,10/05/2025,Delivered,C041,NEW ENTERPRISES,Distributor,Agartala,Tripura,North-East,Bikash Roy,Credit,RC-3F-01,Classic 3-Fold - Polka Dot,3-Fold Umbrella,204,330.0,0.09
SO000658,2025-09-23,Delivered,C059,Sunrise Wholesale,Wholesaler,Durgapur,West Bengal,South Bengal,Amit Sarkar,Credit,RC-3F-01,Classic 3-Fold - Polka Dot,3-Fold Umbrella,48,330.0,0.05
SO000551,2025-08-07,Delivered,C010,Ganga Bastralaya,Wholesaler,Jorhat,Assam,North-East,Bikash Roy,Credit,RC-2F-04,Classic 2-Fold - Red,2-Fold Umbrella,24,310.0,0.07
SO000418,09/07/2025,Delivered,C021,City Traders,Wholesaler,Bhubaneshwar,Odisha,Other East,Rakesh Singh,Credit,RC-LG-02,Storm Long - Grey,Long Umbrella,36,385.0,0.05
SO000257,05/06/2025,Delivered,C006,Modern Stores,Wholesaler,Howrah,West Bengal,South Bengal,Amit Sarkar,Credit,RC-LG-05,Storm Long - Checks,Long Umbrella,60 pcs,345.0,0.04
SO000679,11/10/2025,Delivered,C039,Modern Stores,Distributor,Jalpaiguri,West Bengal,North Bengal,Rina Das,Credit,RC-3F-08,Compact 3-Fold - Checks,3-Fold Umbrella,192,295.0,0.11
SO000771,10/02/2026,Delivered,C041,New Enterprises,Distributor,Agartala,Tripura,North-East,Bikash Roy,Credit,RC-UV-03,SunGuard UV Sun - Checks,UV Sun Umbrella,96,445.0,0.08
SO000731,2025-12-15,Delivered,C041,New Enterprises,Distributor,Agartala,Tripura,North-East,Bikash Roy,Credit,RC-RC-01,Shield Raincoat - Red,Raincoat,72 pcs,690.0,0.11
SO000702,15-Nov-2025,Delivered,C046,Sri Durga Traders,Distributor,Cooch Behar,West Bengal,North Bengal,Rina Das,Credit,RC-2F-02,Breeze 2-Fold - Red,2-Fold Umbrella,72,290.0,0.12
SO000388,01/07/2025,Delivered,C037,Hanuman Marketing,Retailer,Dimapur,Nagaland,North-East,Bikash Roy,Credit,RC-RC-01,Shield Raincoat - Red,Raincoat,24,690.0,0.03
SO000117,2025-05-05,Delivered,C059,Sunrise Wholesale,Wholesaler,Durgapur,West Bengal,South Bengal,Amit Sarkar,Credit,RC-RC-01,Shield Raincoat - Red,Raincoat,84,₹690.00,0.04
SO000682,16/10/2025,Delivered,C048,Purbanchal Agencies,Wholesaler,Tezpur,Assam,North-East,Bikash Roy,Credit,RC-2F-02,Breeze 2-Fold - Red,2-Fold Umbrella,84,290.0,0.03
SO000501,28/07/2025,Delivered,C037,Hanuman Marketing,Retailer,Dimapur,Nagaland,North-East,Bikash Roy,Credit,RC-2F-06,Breeze 2-Fold - Floral Print,2-Fold Umbrella,12,270.0,0.03
SO000090,2025-04-30,Delivered,C058,Lokenath General Store,Wholesaler,Howrah,West Bengal,South Bengal,Amit Sarkar,Credit,RC-RC-01,Shield Raincoat - Red,Raincoat,48,690.0,0.06
SO000022,2025-04-08,Delivered,C015,Modern Traders,Retailer,Asansol,West Bengal,South Bengal,Amit Sarkar,Cash,RC-2F-05,Breeze 2-Fold - Grey,2-Fold Umbrella,12,375.0,0.01
SO000304,14/06/2025,Delivered,C003,Brahmaputra Wholesale,Distributor,Tezpur,Assam,North-East,Bikash Roy,Credit,RC-3F-01,Classic 3-Fold - Polka Dot,3-Fold Umbrella,180,330.0,11%
SO000667,27/09/2025,Delivered,C034,Sai Distributors,Wholesaler,Imphal,Manipur,North-East,Bikash Roy,Credit,RC-2F-03,Classic 2-Fold - Checks,2-Fold Umbrella,36,435.0,0.04
SO000254,04/06/2025,Delivered,C044,Maa Tara Wholesale,Retailer,Itanagar,Arunachal Pradesh,North-East,Bikash Roy,Cash,RC-KD-03,Kiddo Kids - Sky Blue,Kids Umbrella,24,185.0,0.0
SO000835,17/03/2026,Delivered,C018,New Traders,Retailer,Itanagar,Arunachal Pradesh,North-East,Bikash Roy,Credit,RC-2F-03,Classic 2-Fold - Checks,2-Fold Umbrella,36,435.0,0.02
SO000576,16/08/2025,Delivered,C058,Lokenath General Store,Wholesaler,Howrah,West Bengal,South Bengal,Amit Sarkar,Credit,RC-LG-01,Auto-Open Long - Maroon,Long Umbrella,72,390.0,0.07
SO000618,01-Sep-2025,Cancelled,C036,Hanuman & Sons,Wholesaler,Asansol,West Bengal,South Bengal,Amit Sarkar,Credit,RC-2F-01,Classic 2-Fold - Maroon,2-Fold Umbrella,48,310.0,0.03
SO000191,2025-05-21,Delivered,C041,New Enterprises,Distributor,Agartala,Tripura,North-East,Bikash Roy,Credit,RC-3F-05,Breeze 3-Fold - Grey,3-Fold Umbrella,192,255.0,0.11
SO000848,25/03/2026,Delivered,C013,Hanuman Stores,Wholesaler,Bardhaman,West Bengal,South Bengal,Amit Sarkar,Credit,RC-UV-01,SunGuard UV Sun - Maroon,UV Sun Umbrella,132,375.0,0.05
SO000741,2025-12-31,Delivered,C041,New Enterprises,Distributor,Agartala,Tripura,North-East,Bikash Roy,Credit,RC-2F-01,Classic 2-Fold - Maroon,2-Fold Umbrella,132,₹310.00,0.09
SO000313,16/06/2025,Delivered,C017,New Traders,Distributor,Tezpur,Assam,North-East,Bikash Roy,Credit,RC-3F-08,Compact 3-Fold - Checks,3-Fold Umbrella,144,295.0,0.08
SO000058,2025-04-19,Delivered,C041,New Enterprises,Distributor,Agartala,Tripura,North-East,Bikash Roy,Credit,RC-RC-01,Shield Raincoat - Red,Raincoat,96,690.0,0.11
SO000208,26-May-2025,Delivered,C058,Lokenath General Store,Wholesaler,Howrah,West Bengal,South Bengal,Amit Sarkar,Credit,RC-UV-04,SunGuard UV Sun - Beige,UV Sun Umbrella,72,420.0,0.07
SO000572,14/08/2025,Cancelled,C041,New Enterprises,Distributor,,Tripura,North-East,Bikash Roy,Credit,RC-RC-03,Shield Raincoat - Grey,Raincoat,192,740.0,0.1
SO000615,01-Sep-2025,Delivered,C009,BRAHMAPUTRA GENERAL STORE,Retailer,Guwahati,Assam,North-East,Bikash Roy,Cash,RC-LG-02,Storm Long - Grey,Long Umbrella,12,385.0,0.01
SO000493,25/07/2025,Cancelled,C053,Rupali Wholesale,Retailer,Jalpaiguri,West Bengal,North Bengal,Rina Das,Credit,RC-RC-01,Shield Raincoat - Red,Raincoat,12,690.0,0.02
SO000052,18-Apr-2025,Delivered,C041,New Enterprises,Distributor,Agartala,Tripura,North-East,Bikash Roy,Credit,RC-RC-01,Shield Raincoat - Red,Raincoat,156,690.0,0.1
SO000629,08/09/2025,Delivered,C017,New Traders,Distributor,Tezpur,Assam,North-East,Bikash Roy,Credit,RC-3F-01,Classic 3-Fold - Polka Dot,3-Fold Umbrella,96 pcs,330.0,0.12
SO000442,14/07/2025,Delivered,C059,Sunrise Wholesale,Wholesaler,Durgapur,West Bengal,South Bengal,Amit Sarkar,Credit,RC-LG-02,Storm Long - Grey,Long Umbrella,60 pcs,385.0,0.06
SO000546,06/08/2025,Delivered,C020,Sri Durga Trading Co.,Retailer,Malda,West Bengal,North Bengal,Rina Das,Credit,RC-3F-04,Compact 3-Fold - Navy Blue,3-Fold Umbrella,24,345.0,0.0
SO000555,2025-08-08,Delivered,C037,Hanuman Marketing,Retailer,Dimapur,Nagaland,North-East,Bikash Roy,Credit,RC-LG-05,Storm Long - Checks,Long Umbrella,24,345.0,0.03
SO000353,23-Jun-2025,Delivered,C009,Brahmaputra General Store,Retailer,Guwahati,Assam,North-East,Bikash Roy,Cash,RC-3F-03,Storm 3-Fold - Floral Print,3-Fold Umbrella,12,275.0,0.02
SO000122,06-May-2025,Delivered,C041,New Enterprises,Distributor,Agartala,Tripura,North-East,Bikash Roy,Credit,RC-3F-01,Classic 3-Fold - Polka Dot,3-Fold Umbrella,276,330.0,0.12
SO000442,2025-07-14,Delivered,C059,Sunrise Wholesale,Wholesaler,Durgapur,West Bengal,South Bengal,Amit Sarkar,Credit,RC-RC-01,Shield Raincoat - Red,Raincoat,96,690.0,0.06
SO000754,21/01/2026,Delivered,C038,Kalyani Distributors,Wholesaler,Agartala,Tripura,North-East,Bikash Roy,Credit,RC-3F-06,Breeze 3-Fold - Floral Print,3-Fold Umbrella,24,260.0,0.05
SO000280,09/06/2025,Delivered,C030,Star Enterprises,Wholesaler,Shillong,Meghalaya,North-East,Bikash Roy,Credit,RC-2F-01,Classic 2-Fold - Maroon,2-Fold Umbrella,36,₹310.00,0.05
SO000660,2025-09-24,Delivered,C018,New Traders,Retailer,Itanagar,Arunachal Pradesh,North-East,Bikash Roy,Credit,RC-2F-03,Classic 2-Fold - Checks,,24,435.0,0.01
SO000066,2025-04-22,Delivered,C029,City Stores,Retailer,Durgapur,West Bengal,South Bengal,Amit Sarkar,Cash,RC-3F-03,Storm 3-Fold - Floral Print,3-Fold Umbrella,12,275.0,0.02
SO000229,29/05/2025,Delivered,C037,Hanuman Marketing,Retailer,Dimapur,Nagaland,North-East,Bikash Roy,Credit,RC-3F-08,Compact 3-Fold - Checks,3-Fold Umbrella,24,295.0,0.01
SO000471,19/07/2025,Delivered,C052,Himalaya Traders  ,Wholesaler,Tezpur,Assam,North-East,Bikash Roy,Credit,RC-3F-10,Compact 3-Fold - Red,3-Fold Umbrella,24,260.0,5%
SO000713,27-Nov-2025,Delivered,C041,New Enterprises,Distributor,Agartala,Tripura,North-East,Bikash Roy,Credit,RC-2F-02,Breeze 2-Fold - Red,2-Fold Umbrella,84,290.0,0.11
SO000489,24/07/2025,Delivered,C040,Krishna Distributors,Retailer,Patna,Bihar,Other East,Rakesh Singh,Credit,RC-RC-01,Shield Raincoat - Red,Raincoat,24,690.0,0.02
SO000321,2025-06-17,Delivered,C014,NEW TRADERS,Distributor,Imphal,Manipur,North-East,Bikash Roy,Credit,RC-RC-01,Shield Raincoat - Red,Raincoat,96,690.0,0.11
SO000840,2026-03-21,Delivered,C039,MODERN STORES,Distributor,Jalpaiguri,West Bengal,North Bengal,Rina Das,Credit,RC-3F-08,Compact 3-Fold - Checks,3-Fold Umbrella,180,295.0,0.11
SO000501,2025-07-28,Delivered,C037,Hanuman Marketing,Retailer,Dimapur,Nagaland,North-East,Bikash Roy,Credit,RC-3F-08,Compact 3-Fold - Checks,3-Fold Umbrella,24,₹295.00,0.0
SO000549,06/08/2025,Delivered,C034,Sai Distributors,Wholesaler,Imphal,Manipur,North-East,Bikash Roy,Credit,RC-3F-06,Breeze 3-Fold - Floral Print,3-Fold Umbrella,96,260.0,0.05
SO000545,06/08/2025,Delivered,C013,Hanuman Stores,Wholesaler,Bardhaman,West Bengal,South Bengal,Amit Sarkar,Credit,RC-GF-01,Pro Golf - Floral Print,Golf Umbrella,156,745.0,0.06
SO000020,2025-04-07,Delivered,C053,Rupali Wholesale,Retailer,Jalpaiguri,West Bengal,North Bengal,Rina Das,Credit,RC-KD-03,Kiddo Kids - Sky Blue,Kids Umbrella,12,₹185.00,0.02
SO000672,07-Oct-2025,Delivered,C003,Brahmaputra Wholesale,Distributor,Tezpur,Assam,North-East,Bikash Roy,Credit,RC-RC-01,Shield Raincoat - Red,Raincoat,144,₹690.00,0.1
SO000375,27/06/2025,Delivered,C017,New Traders,Distributor,Tezpur,Assam,North-East,Bikash Roy,Credit,RC-2F-01,Classic 2-Fold - Maroon,2-Fold Umbrella,216,310.0,0.1
SO000459,2025-07-17,Delivered,C041,New Enterprises,Distributor,Agartala,Tripura,North-East,Bikash Roy,Credit,RC-2F-04,Classic 2-Fold - Red,2-Fold Umbrella,84,310.0,0.11
SO000677,2025-10-10,Delivered,C013,Hanuman Stores,Wholesaler,Bardhaman,West Bengal,South Bengal,Amit Sarkar,Credit,RC-3F-04,Compact 3-Fold - Navy Blue,3-Fold Umbrella,6 dz,345.0,0.04
SO000141,2025-05-10,Delivered,C014,New Traders,Distributor,Imphal,Manipur,North-East,Bikash Roy,Credit,RC-UV-04,SunGuard UV Sun - Beige,UV Sun Umbrella,144,420.0,0.09
SO000629,2025-09-08,Delivered,C017,New Traders  ,Distributor,Tezpur,Assam,North-East,Bikash Roy,Credit,RC-UV-04,SunGuard UV Sun - Beige,UV Sun Umbrella,156,420.0,0.11
SO000302,2025-06-13,Cancelled,C052,Himalaya Traders,Wholesaler,Tezpur,Assam,North-East,Bikash Roy,Credit,RC-GF-01,Pro Golf - Floral Print,Golf Umbrella,24,745.0,0.04
SO000625,04/09/2025,Delivered,C039,Modern Stores,Distributor,Jalpaiguri,West Bengal,North Bengal,Rina Das,Credit,RC-3F-04,Compact 3-Fold - Navy Blue,3-Fold Umbrella,168,345.0,0.1
SO000071,24-Apr-2025,Delivered,C006,Modern Stores,Wholesaler,Haora,West Bengal,South Bengal,Amit Sarkar,Credit,RC-2F-01,Classic 2-Fold - Maroon,2-Fold Umbrella,24,310.0,0.06
SO000235,31/05/2025,Delivered,C031,Purbanchal Umbrella House,Retailer,Imphal,Manipur,North-East,Bikash Roy,Credit,RC-UV-02,SunGuard UV Sun - Grey,UV Sun Umbrella,24,580.0,0.03
SO000669,2025-09-27,Delivered,C048,Purbanchal Agencies,Wholesaler,Tezpur,Assam,North-East,Bikash Roy,Credit,RC-RC-01,Shield Raincoat - Red,Raincoat,36,690.0,0.05
SO000357,23-Jun-2025,Cancelled,C038,Kalyani Distributors,Wholesaler,Agartala,Tripura,North-East,Bikash Roy,Credit,RC-RC-01,Shield Raincoat - Red,Raincoat,12,690.0,0.05
SO000255,05/06/2025,Delivered,C003,Brahmaputra Wholesale,Distributor,Tezpur,Assam,North-East,Bikash Roy,Credit,RC-3F-02,Breeze 3-Fold - Transparent,3-Fold Umbrella,72,305.0,0.1
SO000603,2025-08-27,Delivered,C034,Sai Distributors,Wholesaler,Imphal,Manipur,,Bikash Roy,Credit,RC-3F-06,Breeze 3-Fold - Floral Print,3-Fold Umbrella,72,260.0,0.06
SO000575,2025-08-16,Delivered,C047,Teesta Trading Co.,Retailer,Bhagalpur,Bihar,Other East,Rakesh Singh,Cash,RC-3F-06,Breeze 3-Fold - Floral Print,3-Fold Umbrella,12,260.0,0.02
SO000172,17-May-2025,Delivered,C029,City Stores,Retailer,Durgapur,West Bengal,South Bengal,Amit Sarkar,Cash,RC-2F-02,Breeze 2-Fold - Red,2-Fold Umbrella,36,290.0,0.02
SO000834,17/03/2026,Pending,C003,Brahmaputra Wholesale,Distributor,Tezpur,Assam,North-East,Bikash Roy,Credit,RC-2F-02,Breeze 2-Fold - Red,2-Fold Umbrella,156,290.0,0.1
SO000314,16/06/2025,Delivered,C021,City Traders,Wholesaler,Bhubaneswar,Odisha,Other East,Rakesh Singh,Credit,RC-2F-04,Classic 2-Fold - Red,2-Fold Umbrella,60,310.0,0.03
SO000378,2025-06-27,Delivered,C042,Rainbow Bastralaya,Wholesaler,Purnia,Bihar,Other East,Rakesh Singh,Credit,RC-RC-01,Shield Raincoat - Red,Raincoat,12 pcs,₹690.00,0.07
SO000422,2025-07-10,Delivered,C021,City Traders,Wholesaler,Bhubaneswar,Odisha,Other East,Rakesh Singh,Credit,RC-3F-01,Classic 3-Fold - Polka Dot,,60,330.0,0.06
SO000110,05/05/2025,Delivered,C007,Biswakarma Bazaar,Wholesaler,Malda,West Bengal,North Bengal,Rina Das,Credit,RC-3F-01,Classic 3-Fold - Polka Dot,3-Fold Umbrella,3 dz,330.0,0.04
SO000104,03-May-2025,Delivered,C003,Brahmaputra Wholesale,Distributor,Tezpur,Assam,North-East,Bikash Roy,Credit,RC-LG-05,Storm Long - Checks,Long Umbrella,60,345.0,0.11
SO000413,07/07/2025,Delivered,C057,JANATA & SONS,Wholesaler,Aizawl,Mizoram,North-East,Bikash Roy,Credit,RC-KD-04,Kiddo Kids - Polka Dot,Kids Umbrella,60,235.0,0.06
SO000736,2025-12-19,Delivered,C011,Sri Durga Umbrella House,Retailer,Silchar,Assam,North-East,Bikash Roy,Cash,RC-UV-04,SunGuard UV Sun - Beige,UV Sun Umbrella,12,420.0,0.0
SO000246,02/06/2025,Delivered,C046,Sri Durga Traders,Distributor,Cooch Behar,West Bengal,North Bengal,Rina Das,Credit,RC-LG-06,Heritage Long - Maroon,Long Umbrella,72,570.0,0.08
SO000185,20/05/2025,Delivered,C046,Sri Durga Traders,Distributor,Cooch Behar,West Bengal,North Bengal,Rina Das,Credit,RC-3F-03,Storm 3-Fold - Floral Print,3-Fold Umbrella,132,275.0,0.09
SO000391,02/07/2025,Delivered,C013,Hanuman Stores,Wholesaler,Bardhaman,West Bengal,South Bengal,Amit Sarkar,Credit,RC-2F-01,Classic 2-Fold - Maroon,2-Fold Umbrella,96,310.0,0.06
SO000247,02/06/2025,Delivered,C055,Sonali Traders,Retailer,Bardhaman,West Bengal,South Bengal,Amit Sarkar,Cash,RC-LG-06,Heritage Long - Maroon,Long Umbrella,36,570.0,0.02
SO000334,2025-06-19,Delivered,C006,Modern Stores,Wholesaler,Howrah,West Bengal,South Bengal,Amit Sarkar,Credit,RC-RC-03,Shield Raincoat - Grey,Raincoat,96,740.0,0.06
SO000118,2025-05-06,Delivered,C007,Biswakarma Bazaar,Wholesaler,Malda,West Bengal,North Bengal,Rina Das,Credit,RC-RC-02,Shield Raincoat - Bottle Green,Raincoat,48,690.0,0.06
SO000197,2025-05-22,Delivered,C052,Himalaya Traders,Wholesaler,Tezpur,Assam,North-East,Bikash Roy,Credit,RC-RC-03,Shield Raincoat - Grey,Raincoat,12,740.0,0.07
SO000161,2025-05-14,Delivered,C034,Sai Distributors,Wholesaler,Imphal,Manipur,North-East,Bikash Roy,Credit,RC-2F-01,Classic 2-Fold - Maroon,2-Fold Umbrella,60,310.0,0.04
SO000755,29/01/2026,Delivered,C048,Purbanchal Agencies,Wholesaler,Tezpur,Assam,North-East,Bikash Roy,Credit,RC-KD-02,Kiddo Kids - Yellow,Kids Umbrella,24,210.0,0.04
SO000131,2025-05-08,Delivered,C017,New Traders,Distributor,Tezpur,Assam,North-East,Bikash Roy,Credit,RC-LG-02,Storm Long - Grey,Long Umbrella,168 pcs,385.0,0.1
SO000364,25-Jun-2025,Delivered,C013,Hanuman Stores,Wholesaler,Bardhaman,West Bengal,South Bengal,Amit Sarkar,Credit,RC-3F-09,Classic 3-Fold - Black,3-Fold Umbrella,60,205.0,0.06
SO000785,2026-02-16,Delivered,C031,Purbanchal Umbrella House,Retailer,Imphal,Manipur,North-East,Bikash Roy,Credit,RC-UV-04,SunGuard UV Sun - Beige,UV Sun Umbrella,24,420.0,0.01
SO000037,11-Apr-2025,Delivered,C027,Kalyani General Store,Retailer,Asansol,West Bengal,South Bengal,Amit Sarkar,Cash,RC-UV-05,SunGuard UV Sun - Transparent,UV Sun Umbrella,24,525.0,0.01
SO000703,20/11/2025,Delivered,C006,Modern Stores,Wholesaler,Howrah,West Bengal,South Bengal,Amit Sarkar,Credit,RC-3F-04,Compact 3-Fold - Navy Blue,3-Fold Umbrella,132,345.0,0.05
SO000002,2025-04-01,Delivered,C028,Lokenath General Store,Retailer,Silchar,Assam,North-East,Bikash Roy,Cash,RC-2F-03,Classic 2-Fold - Checks,2-Fold Umbrella,24,435.0,0.02
SO000646,15-Sep-2025,Delivered,C049,Biswakarma Traders,Retailer,Kolkata,West Bengal,South Bengal,Amit Sarkar,Credit,RC-3F-08,Compact 3-Fold - Checks,3-Fold Umbrella,36,295.0,0.01
SO000764,04/02/2026,Delivered,C032,Modern Bazaar,Retailer,Jamshedpur,Jharkhand,Other East,Rakesh Singh,Cash,RC-RC-01,Shield Raincoat - Red,Raincoat,24,690.0,0.02
SO000536,2025-08-02,Cancelled,C052,Himalaya Traders,Wholesaler,Tezpur,Assam,North-East,Bikash Roy,Credit,RC-LG-02,Storm Long - Grey,Long Umbrella,36,385.0,0.05
SO000712,2025-11-26,Delivered,C059,Sunrise Wholesale,Wholesaler,Durgapur,West Bengal,South Bengal,Amit Sarkar,Credit,RC-UV-05,SunGuard UV Sun - Transparent,UV Sun Umbrella,84,525.0,0.07
SO000487,2025-07-23,Delivered,C059,Sunrise Wholesale,Wholesaler,Durgapur,West Bengal,South Bengal,Amit Sarkar,Credit,RC-3F-04,Compact 3-Fold - Navy Blue,3-Fold Umbrella,84,345.0,0.04
SO000105,03/05/2025,Delivered,C008,Popular & Sons,Retailer,Durgapur,West Bengal,South Bengal,Amit Sarkar,Credit,RC-LG-06,Heritage Long - Maroon,Long Umbrella,36,570.0,0.03
SO000549,06-Aug-2025,Delivered,C034,Sai Distributors,Wholesaler,Imphal,Manipur,North-East,Bikash Roy,Credit,RC-UV-04,SunGuard UV Sun - Beige,UV Sun Umbrella,84,420.0,0.05
SO000620,2025-09-01,Delivered,C042,Rainbow Bastralaya,Wholesaler,Purnia,Bihar,Other East,Rakesh Singh,Credit,RC-3F-04,Compact 3-Fold - Navy Blue,3-Fold Umbrella,12 pcs,345.0,0.04
SO000493,25/07/2025,Cancelled,C053,Rupali Wholesale,Retailer,Jalpaiguri,West Bengal,North Bengal,Rina Das,Credit,RC-RC-01,Shield Raincoat - Red,Raincoat,12,690.0,0.02
SO000625,2025-09-04,Delivered,C039,Modern Stores,Distributor,Jalpaiguri,West Bengal,North Bengal,Rina Das,Credit,RC-KD-04,Kiddo Kids - Polka Dot,Kids Umbrella,84,235.0,0.1
SO000083,28/04/2025,Delivered,C003,Brahmaputra Wholesale,Distributor,Tezpur,Assam,North-East,Bikash Roy,Credit,RC-2F-06,Breeze 2-Fold - Floral Print,2-Fold Umbrella,180,270.0,0.09
SO000421,09/07/2025,Delivered,C049,Biswakarma Traders,Retailer,Kolkata,West Bengal,South Bengal,Amit Sarkar,Credit,RC-RC-01,Shield Raincoat - Red,Raincoat,36,690.0,0.01
SO000449,16-Jul-2025,Delivered,C024,Rainbow Enterprises,Wholesaler,Dibrugarh,Assam,North-East,Bikash Roy,Credit,RC-2F-01,Classic 2-Fold - Maroon,2-Fold Umbrella,72,310.0,0.04
SO000183,2025-05-20,Delivered,C041,New Enterprises,Distributor,Agartala,Tripura,North-East,Bikash Roy,Credit,RC-3F-01,Classic 3-Fold - Polka Dot,3-Fold Umbrella,6 dz,330.0,0.11
SO000719,2025-12-02,Delivered,C021,City Traders,Wholesaler,Bhubaneswar,Odisha,Other East,Rakesh Singh,Credit,RC-UV-04,SunGuard UV Sun - Beige,UV Sun Umbrella,72 pcs,₹420.00,0.06
SO000803,04/03/2026,Delivered,C003,Brahmaputra Wholesale,Distributor,Tezpur,Assam,North-East,Bikash Roy,Credit,RC-UV-03,SunGuard UV Sun - Checks,UV Sun Umbrella,180,445.0,0.1
SO000781,13/02/2026,Delivered,C050,Biswakarma Traders,Retailer,Shillong,Meghalaya,North-East,Bikash Roy,Cash,RC-3F-01,Classic 3-Fold - Polka Dot,3-Fold Umbrella,24,330.0,0.01
SO000623,2025-09-02,Delivered,C039,Modern Stores,Distributor,Jalpaiguri,West Bengal,North Bengal,Rina Das,Credit,RC-UV-03,SunGuard UV Sun - Checks,UV Sun Umbrella,168,445.0,0.09
SO000087,30/04/2025,Delivered,C003,Brahmaputra Wholesale,Distributor,Tezpur,Assam,North-East,Bikash Roy,Credit,RC-UV-03,SunGuard UV Sun - Checks,UV Sun Umbrella,72,445.0,0.09
SO000410,05/07/2025,Delivered,C059,Sunrise Wholesale,Wholesaler,Durgapur,West Bengal,South Bengal,Amit Sarkar,Credit,RC-3F-05,Breeze 3-Fold - Grey,3-Fold Umbrella,24,255.0,0.07
SO000761,03/02/2026,Delivered,C001,Laxmi Distributors,Retailer,Agartala,Tripura,North-East,Bikash Roy,Cash,RC-3F-07,Classic 3-Fold - Beige,3-Fold Umbrella,12,₹300.00,0.03
SO000227,29/05/2025,Delivered,C021,City Traders,Wholesaler,Bhubaneswar,Odisha,Other East,Rakesh Singh,Credit,RC-KD-04,Kiddo Kids - Polka Dot,Kids Umbrella,60,235.0,0.03
SO000491,25/07/2025,Delivered,C021,City Traders,Wholesaler,Bhubaneswar,Odisha,Other East,Rakesh Singh,Credit,RC-3F-08,Compact 3-Fold - Checks,3-Fold Umbrella,8 dz,295.0,0.07
SO000256,05-Jun-2025,Delivered,C005,Jai Hind Umbrella House,Retailer,Cuttack,Odisha,Other East,Rakesh Singh,Cash,RC-GF-01,Pro Golf - Floral Print,Golf Umbrella,12,745.0,3%
SO000345,2025-06-20,Delivered,C054,Lokenath Agencies,Retailer,Kharagpur,West Bengal,South Bengal,Amit Sarkar,Credit,RC-LG-05,Storm Long - Checks,Long Umbrella,24,345.0,0.0
SO000330,2025-06-18,Delivered,C034,Sai Distributors,Wholesaler,Imphal,Manipur,North-East,Bikash Roy,Credit,RC-3F-06,Breeze 3-Fold - Floral Print,,96,260.0,0.05
SO000078,25-Apr-2025,Delivered,C009,Brahmaputra General Store,Retailer,Gauhati,Assam,North-East,Bikash Roy,Cash,RC-3F-08,Compact 3-Fold - Checks,3-Fold Umbrella,24,295.0,2%
SO000514,2025-07-30,Delivered,C040,Krishna Distributors,Retailer,Patna,Bihar,Other East,Rakesh Singh,Credit,RC-3F-01,Classic 3-Fold - Polka Dot,3-Fold Umbrella,24,330.0,0.01
SO000514,30-Jul-2025,Delivered,C040,Krishna Distributors,Retailer,Patna,Bihar,Other East,Rakesh Singh,Credit,RC-3F-06,Breeze 3-Fold - Floral Print,3-Fold Umbrella,24,260.0,0.02
SO000127,2025-05-07,Delivered,C037,Hanuman Marketing  ,Retailer,Dimapur,Nagaland,North-East,Bikash Roy,Credit,RC-UV-04,SunGuard UV Sun - Beige,UV Sun Umbrella,12,420.0,0.02
SO000218,28-May-2025,Delivered,C024,Rainbow Enterprises,Wholesaler,Dibrugarh,Assam,North-East,Bikash Roy,Credit,RC-2F-01,Classic 2-Fold - Maroon,2-Fold Umbrella,120,310.0,0.04
SO000162,14-May-2025,Delivered,C049,Biswakarma Traders,Retailer,Kolkata,West Bengal,South Bengal,Amit Sarkar,Credit,RC-LG-05,Storm Long - Checks,Long Umbrella,12,345.0,0.01
SO000713,27-Nov-2025,Delivered,C041,New Enterprises,Distributor,Agartala,Tripura,North-East,Bikash Roy,Credit,RC-3F-01,Classic 3-Fold - Polka Dot,3-Fold Umbrella,84,330.0,0.12
SO000068,2025-04-22,Delivered,C048,Purbanchal Agencies,Wholesaler,Tezpur,Assam,North-East,Bikash Roy,Credit,RC-RC-04,Shield Raincoat - Checks,Raincoat,48,435.0,0.06
SO000803,04/03/2026,Delivered,C003,Brahmaputra Wholesale,Distributor,Tezpur,Assam,North-East,Bikash Roy,Credit,RC-LG-04,Storm Long - Beige,Long Umbrella,156,420.0,0.11
SO000690,04-Nov-2025,Delivered,C007,Biswakarma Bazaar,Wholesaler,Malda,West Bengal,North Bengal,Rina Das,Credit,RC-3F-07,Classic 3-Fold - Beige,3-Fold Umbrella,48,300.0,0.05
SO000486,2025-07-23,Delivered,C021,City Traders  ,Wholesaler,Bhubaneswar,Odisha,Other East,Rakesh Singh,Credit,RC-3F-04,Compact 3-Fold - Navy Blue,3-Fold Umbrella,36,345.0,0.05
SO000230,2025-05-29,Delivered,C048,Purbanchal Agencies,Wholesaler,Tezpur,Assam,North-East,Bikash Roy,Credit,RC-KD-04,Kiddo Kids - Polka Dot,Kids Umbrella,60,235.0,0.07
SO000426,11/07/2025,Delivered,C005,Jai Hind Umbrella House,Retailer,Cuttack,Odisha,Other East,Rakesh Singh,Cash,RC-2F-06,Breeze 2-Fold - Floral Print,2-Fold Umbrella,12,270.0,0.03
SO000021,08-Apr-2025,Delivered,C006,Modern Stores,Wholesaler,Howrah,West Bengal,South Bengal,Amit Sarkar,Credit,RC-LG-01,Auto-Open Long - Maroon,Long Umbrella,11 dz,390.0,0.05
SO000714,27/11/2025,Delivered,C055,Sonali Traders,Retailer,Bardhaman,West Bengal,South Bengal,Amit Sarkar,Cash,RC-UV-04,SunGuard UV Sun - Beige,UV Sun Umbrella,12,420.0,0.02
SO000290,11/06/2025,Delivered,C041,New Enterprises,Distributor,Agartala,Tripura,North-East,Bikash Roy,Credit,RC-KD-04,Kiddo Kids - Polka Dot,Kids Umbrella,204,235.0,0.1
SO000261,2025-06-05,Cancelled,C046, sri durga traders,Distributor,Cooch Behar,West Bengal,North Bengal,Rina Das,Credit,RC-RC-05,Shield Raincoat - Polka Dot,Raincoat,288,₹655.00,0.09
SO000156,2025-05-13,Delivered,C022,Sonali Stores,Retailer,Jamshedpur,Jharkhand,Other East,Rakesh Singh,Credit,RC-2F-06,Breeze 2-Fold - Floral Print,2-Fold Umbrella,48,270.0,0.01
SO000208,26-May-2025,Delivered,C058,Lokenath General Store,Wholesaler,Howrah,West Bengal,South Bengal,Amit Sarkar,Credit,RC-RC-03,Shield Raincoat - Grey,Raincoat,48,740.0,0.04
SO000724,06/12/2025,Delivered,C009,Brahmaputra General Store,Retailer,Guwahati,Assam,North-East,Bikash Roy,Cash,RC-2F-03,Classic 2-Fold - Checks,2-Fold Umbrella,24,435.0,0.0
SO000102,02/05/2025,Delivered,C041,New Enterprises,Distributor,Agartala,Tripura,North-East,Bikash Roy,Credit,RC-LG-03,Storm Long - Bottle Green,Long Umbrella,156,₹430.00,0.08
SO000619,01/09/2025,Delivered,C037,Hanuman Marketing,Retailer,Dimapur,Nagaland,North-East,Bikash Roy,Credit,RC-LG-03,Storm Long - Bottle Green,Long Umbrella,24,430.0,0.02
SO000659,24-Sep-2025,Delivered,C017,New Traders,Distributor,Tezpur,Assam,North-East,Bikash Roy,Credit,RC-UV-03,SunGuard UV Sun - Checks,UV Sun Umbrella,48,445.0,0.08
SO000206,26-May-2025,Delivered,C049,Biswakarma Traders,Retailer,KOLKATA,West Bengal,South Bengal,Amit Sarkar,Credit,RC-RC-01,Shield Raincoat - Red,Raincoat,12,690.0,0.01
SO000765,05-Feb-2026,Delivered,C060,Modern Marketing,Retailer,Durgapur,West Bengal,South Bengal,Amit Sarkar,Credit,RC-3F-04,Compact 3-Fold - Navy Blue,3-Fold Umbrella,24,345.0,0.01
SO000751,15/01/2026,Delivered,C048,Purbanchal Agencies,Wholesaler,Tezpur,Assam,North-East,Bikash Roy,Credit,RC-3F-10,Compact 3-Fold - Red,3-Fold Umbrella,60,260.0,0.04
SO000795,21/02/2026,Delivered,C008,Popular & Sons,Retailer,Durgapur,West Bengal,South Bengal,Amit Sarkar,Credit,RC-2F-04,Classic 2-Fold - Red,2-Fold Umbrella,12,310.0,0.03
SO000556,09/08/2025,Delivered,C003,Brahmaputra Wholesale,Distributor,Tezpur,Assam,North-East,Bikash Roy,Credit,RC-2F-04,Classic 2-Fold - Red,2-Fold Umbrella,108,310.0,0.1
SO000069,23/04/2025,Delivered,C013,Hanuman Stores,Wholesaler,Bardhaman,West Bengal,South Bengal,Amit Sarkar,Credit,RC-3F-08,Compact 3-Fold - Checks,3-Fold Umbrella,72,295.0,0.06
SO000290,2025-06-11,Delivered,C041,New Enterprises,Distributor,Agartala,Tripura,North-East,Bikash Roy,Credit,RC-RC-01,Shield Raincoat - Red,Raincoat,132,690.0,9%
SO000797,23-Feb-2026,Delivered,C010,Ganga Bastralaya,Wholesaler,Jorhat,Assam,North-East,Bikash Roy,Credit,RC-UV-04,SunGuard UV Sun - Beige,UV Sun Umbrella,5 dz,420.0,0.04
SO000190,21/05/2025,Delivered,C031,Purbanchal Umbrella House,Retailer,Imphal,Manipur,North-East,Bikash Roy,Credit,RC-3F-01,Classic 3-Fold - Polka Dot,3-Fold Umbrella,24,330.0,0.01
SO000465,18/07/2025,Delivered,C041,New Enterprises,Distributor,Agartala,Tripura,North-East,Bikash Roy,Credit,RC-2F-01,Classic 2-Fold - Maroon,2-Fold Umbrella,84,310.0,0.08
SO000459,2025-07-17,Delivered,C041,NEW ENTERPRISES,Distributor,Agartala,Tripura,North-East,Bikash Roy,Credit,RC-3F-01,Classic 3-Fold - Polka Dot,3-Fold Umbrella,72,330.0,0.09
SO000437,14/07/2025,Delivered,C010,Ganga Bastralaya,Wholesaler,Jorhat,Assam,North-East,Bikash Roy,Credit,RC-RC-03,Shield Raincoat - Grey,Raincoat,120,740.0,0.03
SO000821,11/03/2026,Delivered,C038,Kalyani Distributors,Wholesaler,Agartala,Tripura,North-East,Bikash Roy,Credit,RC-UV-02,SunGuard UV Sun - Grey,UV Sun Umbrella,36,580.0,0.06
SO000282,10-Jun-2025,Delivered,C008,Popular & Sons,Retailer,Durgapur,West Bengal,South Bengal,Amit Sarkar,Credit,RC-RC-01,Shield Raincoat - Red,Raincoat,36,690.0,0.02
SO000497,2025-07-26,Delivered,C048,Purbanchal Agencies,Wholesaler,Tezpur,Assam,North-East,Bikash Roy,Credit,RC-3F-07,Classic 3-Fold - Beige,3-Fold Umbrella,48,300.0,0.04
SO000490,2025-07-24,Delivered,C041,New Enterprises,Distributor,Agartala,Tripura,North-East,Bikash Roy,Credit,RC-RC-01,Shield Raincoat - Red,Raincoat,276,690.0,0.1
SO000619,2025-09-01,Delivered,C037,Hanuman Marketing,Retailer,Dimapur,Nagaland,North-East,Bikash Roy,Credit,RC-3F-06,Breeze 3-Fold - Floral Print,3-Fold Umbrella,24,260.0,0.0
SO000618,2025-09-01,Cancelled,C036,Hanuman & Sons,Wholesaler,Asansol,West Bengal,South Bengal,Amit Sarkar,Credit,RC-3F-07,Classic 3-Fold - Beige,3-Fold Umbrella,72,300.0,0.05
SO000533,2025-08-01,Delivered,C040,Krishna Distributors,Retailer,Patna,Bihar,Other East,Rakesh Singh,Credit,RC-3F-08,Compact 3-Fold - Checks,3-Fold Umbrella,36,295.0,0.0
SO000633,2025-09-10,Delivered,C003,Brahmaputra Wholesale,Distributor,Tezpur,Assam,North-East,Bikash Roy,Credit,RC-KD-01,Kiddo Kids - Cartoon Print,Kids Umbrella,204,220.0,0.11
SO000132,08/05/2025,Delivered,C021,City Traders,Wholesaler,Bhubaneswar,Odisha,Other East,Rakesh Singh,Credit,RC-RC-01,Shield Raincoat - Red,Raincoat,96,690.0,0.04
SO000050,2025-04-17,Delivered,C046,Sri Durga Traders,Distributor,Cooch Behar,West Bengal,North Bengal,Rina Das,Credit,RC-2F-01,Classic 2-Fold - Maroon,2-Fold Umbrella,84,310.0,0.1
SO000839,21-Mar-2026,Delivered,C030,Star Enterprises,Wholesaler,Shillong,Meghalaya,North-East,Bikash Roy,Credit,RC-UV-04,SunGuard UV Sun - Beige,UV Sun Umbrella,84,420.0,0.05
SO000807,05/03/2026,Delivered,C035,Ganga Traders,Retailer,Bardhaman,West Bengal,South Bengal,Amit Sarkar,Credit,RC-UV-05,SunGuard UV Sun - Transparent,UV Sun Umbrella,12,525.0,0.02
SO000218,28/05/2025,Delivered,C024,Rainbow Enterprises,Wholesaler,Dibrugarh,Assam,North-East,Bikash Roy,Credit,RC-RC-01,Shield Raincoat - Red,Raincoat,144,690.0,0.07
SO000617,2025-09-01,Delivered,C028,Lokenath General Store,Retailer,Silchar,Assam,North-East,Bikash Roy,Cash,RC-LG-05,Storm Long - Checks,Long Umbrella,24,345.0,0.02
SO000549,2025-08-06,Delivered,C034,Sai Distributors,Wholesaler,Imphal,Manipur,North-East,Bikash Roy,Credit,RC-KD-01,Kiddo Kids - Cartoon Print,Kids Umbrella,96,220.0,0.06
SO000714,2025-11-27,Delivered,C055,Sonali Traders,Retailer,Bardhaman,West Bengal,South Bengal,Amit Sarkar,Cash,RC-3F-10,Compact 3-Fold - Red,3-Fold Umbrella,24,260.0,0.02
SO000722,04/12/2025,Delivered,C009,Brahmaputra General Store,Retailer,,Assam,North-East,Bikash Roy,Cash,RC-KD-04,Kiddo Kids - Polka Dot,Kids Umbrella,1 dz,235.0,0.0
SO000126,2025-05-07,Delivered,C028,Lokenath General Store,Retailer,Silchar,Assam,North-East,Bikash Roy,Cash,RC-3F-10,Compact 3-Fold - Red,3-Fold Umbrella,12,260.0,0.02
SO000620,01/09/2025,Delivered,C042,Rainbow Bastralaya  ,Wholesaler,Purnia,Bihar,Other East,Rakesh Singh,Credit,RC-LG-06,Heritage Long - Maroon,Long Umbrella,24,570.0,0.04
SO000566,2025-08-12,Delivered,C046,Sri Durga Traders,Distributor,Cooch Behar,West Bengal,North Bengal,Rina Das,Credit,RC-LG-05,Storm Long - Checks,Long Umbrella,144,345.0,0.11
SO000008,03/04/2025,Delivered,C044,Maa Tara Wholesale,Retailer,Itanagar,Arunachal Pradesh,North-East,Bikash Roy,Cash,RC-UV-04,SunGuard UV Sun - Beige,UV Sun Umbrella,12,420.0,0.01
SO000649,16-Sep-2025,Delivered,C052,Himalaya Traders,Wholesaler,Tezpur,Assam,North-East,Bikash Roy,Credit,RC-3F-08,Compact 3-Fold - Checks,3-Fold Umbrella,36,295.0,0.03
SO000459,2025-07-17,Delivered,C041,NEW ENTERPRISES,Distributor,Agartala,Tripura,North-East,Bikash Roy,Credit,RC-UV-04,SunGuard UV Sun - Beige,UV Sun Umbrella,84,₹420.00,0.1
SO000782,14-Feb-2026,Delivered,C005,Jai Hind Umbrella House,Retailer,Cuttack,Odisha,Other East,Rakesh Singh,Cash,RC-UV-04,SunGuard UV Sun - Beige,UV Sun Umbrella,12,420.0,0.01
SO000715,29/11/2025,Delivered,C035,Ganga Traders,Retailer,Bardhaman,West Bengal,South Bengal,Amit Sarkar,Credit,RC-UV-04,SunGuard UV Sun - Beige,UV Sun Umbrella,24,420.0,0.02
SO000006,03-Apr-2025,Delivered,C004,Royal Trading Co.,Retailer,Agartala,Tripura,North-East,Bikash Roy,Credit,RC-UV-04,SunGuard UV Sun - Beige,UV Sun Umbrella,12,420.0,0.01
SO000792,19-Feb-2026,Delivered,C030,Star Enterprises,Wholesaler,Shillong,Meghalaya,North-East,Bikash Roy,Credit,RC-2F-06,Breeze 2-Fold - Floral Print,2-Fold Umbrella,60,270.0,0.07
SO000632,2025-09-09,Delivered,C046,Sri Durga Traders  ,Distributor,Cooch Behar,West Bengal,North Bengal,Rina Das,Credit,RC-UV-04,SunGuard UV Sun - Beige,UV Sun Umbrella,276,₹420.00,0.12
SO000152,12-May-2025,Delivered,C013,Hanuman Stores,Wholesaler,Bardhaman,West Bengal,South Bengal,Amit Sarkar,Credit,RC-RC-01,Shield Raincoat - Red,Raincoat,120,690.0,0.04
SO000837,2026-03-19,Delivered,C046,Sri Durga Traders,Distributor,Cooch Behar,West Bengal,North Bengal,Rina Das,Credit,RC-UV-04,SunGuard UV Sun - Beige,UV Sun Umbrella,120,420.0,0.08
SO000539,2025-08-04,Delivered,C046,Sri Durga Traders,Distributor,Cooch Behar,West Bengal,North Bengal,Rina Das,Credit,RC-LG-05,Storm Long - Checks,Long Umbrella,180,345.0,0.11
SO000747,08-Jan-2026,Delivered,C012,Sonali Marketing,Wholesaler,Ranchi,Jharkhand,Other East,Rakesh Singh,Credit,RC-UV-04,SunGuard UV Sun - Beige,UV Sun Umbrella,60,420.0,0.06
SO000433,2025-07-12,Delivered,C024,Rainbow Enterprises,Wholesaler,Dibrugarh,Assam,North-East,Bikash Roy,Credit,RC-3F-04,Compact 3-Fold - Navy Blue,3-Fold Umbrella,156,345.0,0.06
SO000711,26/11/2025,Delivered,C057, janata & sons,Wholesaler,Aizawl,Mizoram,North-East,Bikash Roy,Credit,RC-UV-04,SunGuard UV Sun - Beige,UV Sun Umbrella,12,420.0,0.05
SO000576,2025-08-16,Delivered,C058,Lokenath General Store,Wholesaler,Howrah,West Bengal,South Bengal,Amit Sarkar,Credit,RC-3F-06,Breeze 3-Fold - Floral Print,3-Fold Umbrella,36,260.0,0.03
SO000222,28/05/2025,Delivered,C048,Purbanchal Agencies,Wholesaler,Tezpur,Assam,North-East,Bikash Roy,Credit,RC-LG-05,Storm Long - Checks,Long Umbrella,36 pcs,345.0,0.06
SO000481,22/07/2025,Delivered,C034, sai distributors,Wholesaler,Imphal,Manipur,North-East,Bikash Roy,Credit,RC-UV-01,SunGuard UV Sun - Maroon,,96,375.0,0.04
SO000109,2025-05-05,Delivered,C006,Modern Stores,Wholesaler,Howrah,West Bengal,South Bengal,Amit Sarkar,Credit,RC-GF-01,Pro Golf - Floral Print,Golf Umbrella,60,745.0,0.04
SO000817,10/03/2026,Delivered,C041,New Enterprises,Distributor,Agartala,Tripura,North-East,Bikash Roy,Credit,RC-3F-07,Classic 3-Fold - Beige,3-Fold Umbrella,96,300.0,0.09
SO000017,2025-04-05,Delivered,C041,New Enterprises,Distributor,Agartala,Tripura,North-East,Bikash Roy,Credit,RC-3F-01,Classic 3-Fold - Polka Dot,3-Fold Umbrella,204,330.0,0.09
SO000441,2025-07-14,Delivered,C044,Maa Tara Wholesale,Retailer,Itanagar,Arunachal Pradesh,North-East,Bikash Roy,Cash,RC-LG-01,Auto-Open Long - Maroon,Long Umbrella,2 dz,390.0,0.02
SO000292,12-Jun-2025,Delivered,C003,Brahmaputra Wholesale,Distributor,Tezpur,Assam,North-East,Bikash Roy,Credit,RC-LG-02,Storm Long - Grey,Long Umbrella,168,385.0,0.11
SO000624,04/09/2025,Delivered,C021,City Traders  ,Wholesaler,Bhubaneswar,Odisha,Other East,Rakesh Singh,Credit,RC-KD-04,Kiddo Kids - Polka Dot,Kids Umbrella,48,235.0,0.06
SO000179,19/05/2025,Delivered,C053,Rupali Wholesale,Retailer,Jalpaiguri,West Bengal,North Bengal,Rina Das,Credit,RC-KD-04,Kiddo Kids - Polka Dot,Kids Umbrella,24,235.0,0.02
SO000183,20/05/2025,Delivered,C041,New Enterprises,Distributor,Agartala,Tripura,North-East,Bikash Roy,Credit,RC-RC-03,Shield Raincoat - Grey,Raincoat,144,740.0,0.1
SO000562,2025-08-11,Cancelled,C017,New Traders,Distributor,Tezpur,Assam,North-East,Bikash Roy,Credit,RC-KD-04,Kiddo Kids - Polka Dot,Kids Umbrella,156,₹235.00,0.09
SO000776,2026-02-12,Delivered,C045,Krishna Umbrella House,Wholesaler,Kharagpur,West Bengal,South Bengal,Amit Sarkar,Credit,RC-2F-03,Classic 2-Fold - Checks,2-Fold Umbrella,24,435.0,0.05
SO000089,30/04/2025,Delivered,C041,New Enterprises  ,Distributor,Agartala,Tripura,North-East,Bikash Roy,Credit,RC-UV-04,SunGuard UV Sun - Beige,UV Sun Umbrella,156,420.0,0.11
SO000114,2025-05-05,Delivered,C024,Rainbow Enterprises,Wholesaler,Dibrugarh,Assam,North-East,Bikash Roy,Credit,RC-UV-04,SunGuard UV Sun - Beige,UV Sun Umbrella,96,420.0,0.04
SO000138,09-May-2025,Delivered,C038,Kalyani Distributors,Wholesaler,Agartala,Tripura,North-East,Bikash Roy,Credit,RC-2F-02,Breeze 2-Fold - Red,2-Fold Umbrella,36,290.0,0.07
SO000738,23/12/2025,Delivered,C008,Popular & Sons,Retailer,Durgapur,West Bengal,South Bengal,Amit Sarkar,Credit,RC-3F-06,Breeze 3-Fold - Floral Print,3-Fold Umbrella,12,260.0,0.0
SO000069,23-Apr-2025,Delivered,C013,Hanuman Stores,Wholesaler,Bardhaman,West Bengal,South Bengal,Amit Sarkar,Credit,RC-RC-02,Shield Raincoat - Bottle Green,Raincoat,60,690.0,0.04
SO000808,2026-03-05,Delivered,C038,Kalyani Distributors,Wholesaler,Agartala,Tripura,North-East,Bikash Roy,Credit,RC-RC-02,Shield Raincoat - Bottle Green,Raincoat,60,690.0,0.07
SO000610,2025-08-29,Cancelled,C041,New Enterprises,Distributor,Agartala,Tripura,North-East,Bikash Roy,Credit,RC-RC-01,Shield Raincoat - Red,Raincoat,156,690.0,0.1
SO000599,26/08/2025,Delivered,C033,Krishna Distributors,Retailer,Jalpaiguri,West Bengal,North Bengal,Rina Das,Credit,RC-RC-02,Shield Raincoat - Bottle Green,Raincoat,36,690.0,0.01
SO000001,2025-04-01,Delivered,C014,New Traders,Distributor,Imphal,Manipur,North-East,Bikash Roy,Credit,RC-UV-04,SunGuard UV Sun - Beige,UV Sun Umbrella,84,420.0,0.09
SO000363,2025-06-25,Delivered,C003,Brahmaputra Wholesale,Distributor,Tezpur,Assam,North-East,Bikash Roy,Credit,RC-3F-05,Breeze 3-Fold - Grey,3-Fold Umbrella,228,255.0,0.1
SO000012,2025-04-04,Delivered,C040,Krishna Distributors,Retailer,Patna,Bihar,Other East,Rakesh Singh,Credit,RC-KD-04,Kiddo Kids - Polka Dot,Kids Umbrella,36,235.0,0.01
SO000757,29-Jan-2026,Delivered,C050,Biswakarma Traders,Retailer,Shillong,Meghalaya,North-East,Bikash Roy,Cash,RC-2F-02,Breeze 2-Fold - Red,2-Fold Umbrella,12,290.0,0.02
SO000131,08-May-2025,Delivered,C017, new traders,Distributor,Tezpur,Assam,North-East,Bikash Roy,Credit,RC-3F-04,Compact 3-Fold - Navy Blue,3-Fold Umbrella,96,345.0,0.09
SO000639,11/09/2025,Delivered,C054,Lokenath Agencies,Retailer,Kharagpur,West Bengal,South Bengal,Amit Sarkar,Credit,RC-3F-06,Breeze 3-Fold - Floral Print,3-Fold Umbrella,12,260.0,0.03
SO000384,2025-06-30,Delivered,C030,Star Enterprises,Wholesaler,Shillong,Meghalaya,North-East,Bikash Roy,Credit,RC-RC-01,Shield Raincoat - Red,Raincoat,72,690.0,0.07
SO000457,17-Jul-2025,Delivered,C021,City Traders,Wholesaler,Bhubaneswar,Odisha,Other East,Rakesh Singh,Credit,RC-2F-02,Breeze 2-Fold - Red,2-Fold Umbrella,84,290.0,0.04
SO000199,23-May-2025,Delivered,C021,City Traders,Wholesaler,Bhubaneswar,Odisha,Other East,Rakesh Singh,Credit,RC-3F-01,Classic 3-Fold - Polka Dot,3-Fold Umbrella,72,330.0,0.06
SO000763,2026-02-04,Delivered,C021, city traders,Wholesaler,Bhubaneswar,Odisha,Other East,Rakesh Singh,Credit,RC-2F-03,Classic 2-Fold - Checks,2-Fold Umbrella,36,435.0,0.03
SO000199,23-May-2025,Delivered,C021,City Traders,Wholesaler,Bhubaneswar,Odisha,Other East,Rakesh Singh,Credit,RC-2F-05,Breeze 2-Fold - Grey,2-Fold Umbrella,84,375.0,0.05
SO000559,09/08/2025,Delivered,C048,Purbanchal Agencies  ,Wholesaler,Tezpur,Assam,North-East,Bikash Roy,Credit,RC-3F-08,Compact 3-Fold - Checks,3-Fold Umbrella,24,₹295.00,0.04
SO000526,2025-07-31,Delivered,C041,New Enterprises,Distributor,Agartala,Tripura,North-East,Bikash Roy,Credit,RC-2F-06,Breeze 2-Fold - Floral Print,2-Fold Umbrella,264,270.0,0.08
SO000003,01/04/2025,Delivered,C034, sai distributors,Wholesaler,Imphal,Manipur,North-East,Bikash Roy,Credit,RC-UV-04,SunGuard UV Sun - Beige,UV Sun Umbrella,24,₹420.00,0.05
SO000557,09-Aug-2025,Delivered,C008,Popular & Sons,Retailer,Durgapur,West Bengal,South Bengal,Amit Sarkar,Credit,RC-UV-01,SunGuard UV Sun - Maroon,UV Sun Umbrella,36,375.0,0.02
SO000011,2025-04-04,Delivered,C038,KALYANI DISTRIBUTORS,Wholesaler,Agartala,Tripura,North-East,Bikash Roy,Credit,RC-2F-05,Breeze 2-Fold - Grey,2-Fold Umbrella,60,375.0,0.06
SO000804,04/03/2026,Delivered,C030,Star Enterprises,Wholesaler,Shillong,Meghalaya,North-East,Bikash Roy,Credit,RC-UV-04,SunGuard UV Sun - Beige,UV Sun Umbrella,72,420.0,0.04
SO000724,06/12/2025,Delivered,C009,Brahmaputra General Store,Retailer,Guwahati,Assam,North-East,Bikash Roy,Cash,RC-LG-05,Storm Long - Checks,Long Umbrella,24,345.0,0.01
SO000774,2026-02-12,Delivered,C031,Purbanchal Umbrella House,Retailer,Imphal,Manipur,North-East,Bikash Roy,Credit,RC-3F-03,Storm 3-Fold - Floral Print,3-Fold Umbrella,72,275.0,0.01
SO000103,2025-05-02,Delivered,C046,Sri Durga Traders,Distributor,Cooch Behar,West Bengal,North Bengal,Rina Das,Credit,RC-3F-06,Breeze 3-Fold - Floral Print,3-Fold Umbrella,108 pcs,260.0,0.12
SO000582,20/08/2025,Delivered,C039,Modern Stores,Distributor,Jalpaiguri,West Bengal,North Bengal,Rina Das,Credit,RC-LG-03,Storm Long - Bottle Green,Long Umbrella,60,430.0,0.1
SO000575,16/08/2025,Delivered,C047,Teesta Trading Co.,Retailer,Bhagalpur,Bihar,Other East,Rakesh Singh,Cash,RC-LG-06,Heritage Long - Maroon,Long Umbrella,12,570.0,0.0
SO000633,10/09/2025,Delivered,C003,Brahmaputra Wholesale,Distributor,Tezpur,Assam,North-East,Bikash Roy,Credit,RC-GF-01,Pro Golf - Floral Print,Golf Umbrella,204,745.0,0.09
SO000300,13/06/2025,Delivered,C046,Sri Durga Traders,Distributor,Cooch Behar,West Bengal,North Bengal,Rina Das,Credit,RC-3F-01,Classic 3-Fold - Polka Dot,3-Fold Umbrella,288,330.0,0.11
SO000386,2025-07-01,Delivered,C010,Ganga Bastralaya,Wholesaler,Jorhat,Assam,North-East,Bikash Roy,Credit,RC-UV-04,SunGuard UV Sun - Beige,UV Sun Umbrella,96,420.0,0.05
SO000580,20/08/2025,Cancelled,C017,New Traders,Distributor,Tezpur,Assam,North-East,Bikash Roy,Credit,RC-3F-04,Compact 3-Fold - Navy Blue,3-Fold Umbrella,96,₹345.00,0.08
SO000506,2025-07-29,Delivered,C024,Rainbow Enterprises,Wholesaler,Dibrugarh,Assam,North-East,Bikash Roy,Credit,RC-KD-03,Kiddo Kids - Sky Blue,Kids Umbrella,96,185.0,0.04
SO000267,07/06/2025,Delivered,C010,Ganga Bastralaya,Wholesaler,Jorhat,Assam,North-East,Bikash Roy,Credit,RC-3F-09,Classic 3-Fold - Black,3-Fold Umbrella,72,205.0,0.06
SO000094,01-May-2025,Delivered,C046,Sri Durga Traders,Distributor,Cooch Behar,West Bengal,North Bengal,Rina Das,Credit,RC-UV-02,SunGuard UV Sun - Grey,UV Sun Umbrella,168,₹580.00,10%
SO000436,2025-07-14,Delivered,C009,Brahmaputra General Store  ,Retailer,Gauhati,Assam,North-East,Bikash Roy,Cash,RC-3F-06,Breeze 3-Fold - Floral Print,3-Fold Umbrella,12,₹260.00,0.01
SO000137,2025-05-09,Delivered,C017,New Traders,Distributor,Tezpur,Assam,North-East,Bikash Roy,Credit,RC-2F-03,Classic 2-Fold - Checks,2-Fold Umbrella,204 pcs,435.0,0.1
SO000441,2025-07-14,Delivered,C044,Maa Tara Wholesale,Retailer,Itanagar,Arunachal Pradesh,North-East,Bikash Roy,Cash,RC-3F-02,Breeze 3-Fold - Transparent,3-Fold Umbrella,12,305.0,0.03
SO000393,2025-07-02,Delivered,C048,Purbanchal Agencies  ,Wholesaler,Tezpur,Assam,North-East,Bikash Roy,Credit,RC-3F-10,Compact 3-Fold - Red,3-Fold Umbrella,36 pcs,260.0,6%
SO000179,2025-05-19,Delivered,C053,Rupali Wholesale,Retailer,Jalpaiguri,West Bengal,North Bengal,Rina Das,Credit,RC-UV-04,SunGuard UV Sun - Beige,UV Sun Umbrella,12,420.0,0.02
SO000263,2025-06-06,Cancelled,C017,NEW TRADERS,Distributor,Tezpur,Assam,North-East,Bikash Roy,Credit,RC-LG-03,Storm Long - Bottle Green,Long Umbrella,216,430.0,0.11
SO000004,2025-04-02,Delivered,C046,Sri Durga Traders,Distributor,Cooch Behar,West Bengal,North Bengal,Rina Das,Credit,RC-KD-02,Kiddo Kids - Yellow,Kids Umbrella,108,210.0,0.1
SO000361,2025-06-24,Delivered,C012,Sonali Marketing,Wholesaler,Ranchi,Jharkhand,Other East,Rakesh Singh,Credit,RC-3F-07,Classic 3-Fold - Beige,3-Fold Umbrella,60,300.0,0.05
SO000625,04-Sep-2025,Delivered,C039,Modern Stores,Distributor,Jalpaiguri,West Bengal,North Bengal,Rina Das,Credit,RC-RC-01,Shield Raincoat - Red,Raincoat,120,690.0,0.12
SO000463,18-Jul-2025,Delivered,C013,Hanuman Stores,Wholesaler,Bardhaman,West Bengal,South Bengal,Amit Sarkar,Credit,RC-2F-01,Classic 2-Fold - Maroon,2-Fold Umbrella,3 dz,310.0,0.06
SO000090,2025-04-30,Delivered,C058,Lokenath General Store,Wholesaler,Howrah,West Bengal,South Bengal,Amit Sarkar,Credit,RC-3F-06,Breeze 3-Fold - Floral Print,3-Fold Umbrella,48,260.0,0.04
SO000204,24/05/2025,Delivered,C037,Hanuman Marketing,Retailer,Dimapur,Nagaland,North-East,Bikash Roy,Credit,RC-RC-01,Shield Raincoat - Red,Raincoat,48,690.0,0.02
SO000387,01/07/2025,Delivered,C030,Star Enterprises,Wholesaler,Shillong,Meghalaya,North-East,Bikash Roy,Credit,RC-LG-02,Storm Long - Grey,Long Umbrella,72,385.0,0.03
SO000316,2025-06-16,Delivered,C028,Lokenath General Store,Retailer,Silchar,Assam,North-East,Bikash Roy,Cash,RC-UV-03,SunGuard UV Sun - Checks,UV Sun Umbrella,12,445.0,0.02
SO000050,2025-04-17,Delivered,C046,Sri Durga Traders,Distributor,Cooch Behar,West Bengal,North Bengal,Rina Das,Credit,RC-3F-02,Breeze 3-Fold - Transparent,3-Fold Umbrella,228,305.0,0.08
SO000469,19-Jul-2025,Delivered,C013,Hanuman Stores,Wholesaler,Bardhaman,West Bengal,South Bengal,Amit Sarkar,Credit,RC-2F-01,Classic 2-Fold - Maroon,2-Fold Umbrella,132,310.0,0.07
SO000828,13-Mar-2026,Delivered,C014,New Traders,Distributor,Imphal,Manipur,North-East,Bikash Roy,Credit,RC-3F-08,Compact 3-Fold - Checks,3-Fold Umbrella,96,295.0,0.1
SO000730,11/12/2025,Delivered,C027,Kalyani General Store,Retailer,Asansol,West Bengal,South Bengal,Amit Sarkar,Cash,RC-3F-05,Breeze 3-Fold - Grey,3-Fold Umbrella,12,255.0,0.03
SO000122,06/05/2025,Delivered,C041,New Enterprises,Distributor,Agartala,Tripura,North-East,Bikash Roy,Credit,RC-3F-03,Storm 3-Fold - Floral Print,3-Fold Umbrella,240,275.0,0.08
SO000552,07-Aug-2025,Delivered,C014,New Traders,Distributor,Imphal,Manipur,North-East,Bikash Roy,Credit,RC-KD-04,Kiddo Kids - Polka Dot,Kids Umbrella,72,235.0,0.11
SO000690,04/11/2025,Delivered,C007,Biswakarma Bazaar,Wholesaler,Malda,West Bengal,North Bengal,Rina Das,Credit,RC-UV-04,SunGuard UV Sun - Beige,UV Sun Umbrella,36,420.0,0.06
SO000469,19-Jul-2025,Delivered,C013,Hanuman Stores,Wholesaler,Bardhaman,West Bengal,South Bengal,Amit Sarkar,Credit,RC-RC-01,Shield Raincoat - Red,Raincoat,36,690.0,0.05
SO000506,2025-07-29,Delivered,C024,Rainbow Enterprises,Wholesaler,Dibrugarh,Assam,North-East,Bikash Roy,Credit,RC-RC-01,Shield Raincoat - Red,Raincoat,144,690.0,0.04
SO000085,29-Apr-2025,Delivered,C034,Sai Distributors,Wholesaler,Imphal,Manipur,North-East,Bikash Roy,Credit,RC-3F-08,Compact 3-Fold - Checks,3-Fold Umbrella,84,295.0,0.07
SO000010,2025-04-04,Delivered,C031,Purbanchal Umbrella House,Retailer,Imphal,Manipur,North-East,Bikash Roy,Credit,RC-RC-05,Shield Raincoat - Polka Dot,Raincoat,24,655.0,0.0
SO000331,2025-06-18,Delivered,C049,Biswakarma Traders,Retailer,Kolkata,West Bengal,South Bengal,Amit Sarkar,Credit,RC-LG-02,Storm Long - Grey,Long Umbrella,60,₹385.00,0.03
SO000289,2025-06-11,Delivered,C029,City Stores,Retailer,Durgapur,West Bengal,South Bengal,Amit Sarkar,Cash,RC-3F-02,Breeze 3-Fold - Transparent,3-Fold Umbrella,36,305.0,0.01
SO000509,29-Jul-2025,Delivered,C041,New Enterprises,Distributor,Agartala,Tripura,North-East,Bikash Roy,Credit,RC-3F-08,Compact 3-Fold - Checks,3-Fold Umbrella,120,295.0,0.1
SO000632,09-Sep-2025,Delivered,C046,Sri Durga Traders,Distributor,Cooch Behar,West Bengal,North Bengal,Rina Das,Credit,RC-3F-04,Compact 3-Fold - Navy Blue,3-Fold Umbrella,192,345.0,0.11
SO000731,2025-12-15,Delivered,C041,New Enterprises,Distributor,Agartala,Tripura,North-East,Bikash Roy,Credit,RC-3F-10,Compact 3-Fold - Red,3-Fold Umbrella,180,260.0,0.1
SO000484,2025-07-23,Delivered,C017,New Traders,Distributor,Tezpur,Assam,North-East,Bikash Roy,Credit,RC-KD-01,Kiddo Kids - Cartoon Print,Kids Umbrella,144,220.0,0.08
SO000371,2025-06-26,Delivered,C031, purbanchal umbrella house,Retailer,Imphal,Manipur,North-East,Bikash Roy,Credit,RC-KD-04,Kiddo Kids - Polka Dot,Kids Umbrella,24,235.0,0.02
SO000832,16/03/2026,Delivered,C013,Hanuman Stores,Wholesaler,Bardhaman,West Bengal,South Bengal,Amit Sarkar,Credit,RC-UV-01,SunGuard UV Sun - Maroon,UV Sun Umbrella,156,375.0,0.07
SO000344,20/06/2025,Delivered,C047,TEESTA TRADING CO.,Retailer,Bhagalpur,Bihar,Other East,Rakesh Singh,Cash,RC-GF-01,Pro Golf - Floral Print,Golf Umbrella,12,745.0,0.01
SO000108,2025-05-03,Delivered,C041,New Enterprises,Distributor,Agartala,Tripura,North-East,Bikash Roy,Credit,RC-2F-01,Classic 2-Fold - Maroon,2-Fold Umbrella,216,310.0,0.08
SO000435,14/07/2025,Delivered,C005,Jai Hind Umbrella House,Retailer,Cuttack,Odisha,Other East,Rakesh Singh,Cash,RC-3F-10,Compact 3-Fold - Red,3-Fold Umbrella,12,260.0,0.02
SO000481,22/07/2025,Delivered,C034, sai distributors,Wholesaler,Imphal,Manipur,North-East,Bikash Roy,Credit,RC-2F-04,Classic 2-Fold - Red,2-Fold Umbrella,96,310.0,0.04
SO000717,2025-12-01,Delivered,C007,Biswakarma Bazaar,Wholesaler,Malda,West Bengal,North Bengal,Rina Das,Credit,RC-3F-08,Compact 3-Fold - Checks,3-Fold Umbrella,36,295.0,0.06
SO000763,04-Feb-2026,Delivered,C021,City Traders,Wholesaler,Bhubaneswar,Odisha,Other East,Rakesh Singh,Credit,RC-3F-08,Compact 3-Fold - Checks,3-Fold Umbrella,24,₹295.00,0.07
SO000649,2025-09-16,Delivered,C052,Himalaya Traders,Wholesaler,Tezpur,Assam,North-East,Bikash Roy,Credit,RC-3F-06,Breeze 3-Fold - Floral Print,3-Fold Umbrella,60,260.0,0.03
SO000425,10/07/2025,Delivered,C059,Sunrise Wholesale,Wholesaler,Durgapur,West Bengal,South Bengal,Amit Sarkar,Credit,RC-2F-01,Classic 2-Fold - Maroon,2-Fold Umbrella,24,310.0,0.06
SO000001,01-Apr-2025,Delivered,C014,New Traders,Distributor,Imphal,Manipur,North-East,Bikash Roy,Credit,RC-KD-01,Kiddo Kids - Cartoon Print,Kids Umbrella,144,220.0,0.09
SO000527,31-Jul-2025,Delivered,C050,Biswakarma Traders,Retailer,Shillong,Meghalaya,North-East,Bikash Roy,Cash,RC-3F-01,Classic 3-Fold - Polka Dot,3-Fold Umbrella,12,330.0,2%
SO000846,24/03/2026,Delivered,C034,Sai Distributors,Wholesaler,Imphal,Manipur,North-East,Bikash Roy,Credit,RC-2F-01,Classic 2-Fold - Maroon,2-Fold Umbrella,72,310.0,0.07
SO000601,27/08/2025,Delivered,C010, ganga bastralaya,Wholesaler,Jorhat,Assam,North-East,Bikash Roy,Credit,RC-LG-05,Storm Long - Checks,Long Umbrella,24,345.0,0.04
SO000185,20/05/2025,Delivered,C046,Sri Durga Traders,Distributor,Cooch Behar,West Bengal,North Bengal,Rina Das,Credit,RC-2F-02,Breeze 2-Fold - Red,2-Fold Umbrella,240,290.0,0.09
SO000231,30/05/2025,Delivered,C016,Krishna Emporium,Retailer,Guwahati,Assam,North-East,Bikash Roy,Cash,RC-3F-06,Breeze 3-Fold - Floral Print,3-Fold Umbrella,24,260.0,0.02
SO000452,2025-07-16,Delivered,C041,New Enterprises,Distributor,Agartala,Tripura,North-East,Bikash Roy,Credit,RC-LG-02,Storm Long - Grey,Long Umbrella,84,385.0,0.09
SO000252,04-Jun-2025,Delivered,C033,Krishna Distributors,Retailer,Jalpaiguri,West Bengal,North Bengal,Rina Das,Credit,RC-3F-06,Breeze 3-Fold - Floral Print,3-Fold Umbrella,36,₹260.00,0.02
SO000114,2025-05-05,Delivered,C024,Rainbow Enterprises,Wholesaler,Dibrugarh,Assam,North-East,Bikash Roy,Credit,RC-3F-05,Breeze 3-Fold - Grey,3-Fold Umbrella,120,₹255.00,0.06
SO000857,30-Mar-2026,In Transit,C046,Sri Durga Traders,Distributor,Cooch Behar,West Bengal,North Bengal,Rina Das,Credit,RC-2F-02,Breeze 2-Fold - Red,2-Fold Umbrella,240,290.0,0.09
SO000607,2025-08-29,Delivered,C004,Royal Trading Co.,Retailer,Agartala,Tripura,North-East,Bikash Roy,Credit,RC-3F-05,Breeze 3-Fold - Grey,3-Fold Umbrella,24,255.0,0.02
SO000507,29/07/2025,Delivered,C031,Purbanchal Umbrella House,Retailer,Imphal,Manipur,North-East,Bikash Roy,Credit,RC-3F-10,Compact 3-Fold - Red,3-Fold Umbrella,4 dz,260.0,0.01
SO000120,06-May-2025,Delivered,C023,Krishna Emporium,Retailer,Shillong,Meghalaya,North-East,Bikash Roy,Credit,RC-3F-05,Breeze 3-Fold - Grey,3-Fold Umbrella,12 pcs,255.0,0.0
SO000624,04/09/2025,Delivered,C021,City Traders,Wholesaler,Bhubaneswar,Odisha,Other East,Rakesh Singh,Credit,RC-UV-04,SunGuard UV Sun - Beige,UV Sun Umbrella,84,420.0,0.04
SO000593,25-Aug-2025,Delivered,C006,Modern Stores,Wholesaler,Howrah,West Bengal,South Bengal,Amit Sarkar,Credit,RC-3F-05,Breeze 3-Fold - Grey,3-Fold Umbrella,120,255.0,3%
SO000777,12/02/2026,Delivered,C046,Sri Durga Traders,Distributor,Cooch Behar,West Bengal,North Bengal,Rina Das,Credit,RC-UV-05,SunGuard UV Sun - Transparent,UV Sun Umbrella,276 pcs,525.0,0.08
SO000856,2026-03-30,In Transit,C037,Hanuman Marketing,Retailer,Dimapur,Nagaland,North-East,Bikash Roy,Credit,RC-3F-08,Compact 3-Fold - Checks,3-Fold Umbrella,48,295.0,2%
SO000360,2025-06-24,Delivered,C007,Biswakarma Bazaar,Wholesaler,Malda,West Bengal,North Bengal,Rina Das,Credit,RC-RC-01,Shield Raincoat - Red,Raincoat,2 dz,690.0,0.05
SO000367,26/06/2025,Delivered,C003,Brahmaputra Wholesale,Distributor,Tezpur,Assam,North-East,Bikash Roy,Credit,RC-3F-04,Compact 3-Fold - Navy Blue,3-Fold Umbrella,19 dz,₹345.00,0.11
SO000208,2025-05-26,Delivered,C058,Lokenath General Store,Wholesaler,Howrah,West Bengal,South Bengal,Amit Sarkar,Credit,RC-RC-01,Shield Raincoat - Red,Raincoat,12,690.0,0.05
SO000437,14/07/2025,Delivered,C010,Ganga Bastralaya,Wholesaler,Jorhat,Assam,North-East,Bikash Roy,Credit,RC-UV-04,SunGuard UV Sun - Beige,UV Sun Umbrella,72,420.0,5%
SO000391,02/07/2025,Delivered,C013,Hanuman Stores,Wholesaler,Bardhaman,West Bengal,South Bengal,Amit Sarkar,Credit,RC-KD-04,Kiddo Kids - Polka Dot,Kids Umbrella,132,235.0,0.04
SO000520,31-Jul-2025,Cancelled,C017,New Traders,Distributor,Tezpur,Assam,North-East,Bikash Roy,Credit,RC-2F-04,Classic 2-Fold - Red,2-Fold Umbrella,204,310.0,0.09
SO000640,11/09/2025,Delivered,C059,Sunrise Wholesale,Wholesaler,Durgapur,West Bengal,South Bengal,Amit Sarkar,Credit,RC-KD-03,Kiddo Kids - Sky Blue,Kids Umbrella,4 dz,185.0,0.06
SO000166,2025-05-15,Delivered,C017,New Traders,Distributor,Tezpur,Assam,North-East,Bikash Roy,Credit,RC-3F-06,Breeze 3-Fold - Floral Print,3-Fold Umbrella,156 pcs,260.0,0.11
SO000838,2026-03-21,Delivered,C021,CITY TRADERS,Wholesaler,Bhubaneswar,Odisha,Other East,Rakesh Singh,Credit,RC-3F-06,Breeze 3-Fold - Floral Print,3-Fold Umbrella,72,260.0,0.04
SO000017,05-Apr-2025,Delivered,C041,New Enterprises,Distributor,Agartala,Tripura,North-East,Bikash Roy,Credit,RC-3F-10,Compact 3-Fold - Red,3-Fold Umbrella,240,260.0,0.09
SO000760,2026-02-02,Delivered,C038,Kalyani Distributors,Wholesaler,Agartala,Tripura,North-East,Bikash Roy,Credit,RC-2F-02,Breeze 2-Fold - Red,2-Fold Umbrella,84,290.0,0.03
SO000232,2025-05-30,Delivered,C028,Lokenath General Store,Retailer,Silchar,Assam,North-East,Bikash Roy,Cash,RC-UV-04,SunGuard UV Sun - Beige,UV Sun Umbrella,36,420.0,0.01
SO000205,26-May-2025,Delivered,C003,Brahmaputra Wholesale,Distributor,Tezpur,Assam,North-East,Bikash Roy,Credit,RC-RC-02,Shield Raincoat - Bottle Green,Raincoat,252,690.0,9%
SO000621,01/09/2025,Delivered,C059,Sunrise Wholesale,Wholesaler,Durgapur,West Bengal,South Bengal,Amit Sarkar,Credit,RC-LG-05,Storm Long - Checks,Long Umbrella,108,₹345.00,0.07
SO000221,2025-05-28,Delivered,C041,New Enterprises,Distributor,Agartala,Tripura,North-East,Bikash Roy,Credit,RC-UV-02,SunGuard UV Sun - Grey,UV Sun Umbrella,276,580.0,0.1
SO000584,21/08/2025,Delivered,C033,Krishna Distributors,Retailer,,West Bengal,North Bengal,Rina Das,Credit,RC-RC-01,Shield Raincoat - Red,Raincoat,36,690.0,0.02
SO000254,04-Jun-2025,Delivered,C044,Maa Tara Wholesale,Retailer,Itanagar,Arunachal Pradesh,North-East,Bikash Roy,Cash,RC-2F-02,Breeze 2-Fold - Red,2-Fold Umbrella,24,290.0,0.02
SO000480,2025-07-22,Delivered,C030,Star Enterprises,Wholesaler,Shillong,Meghalaya,North-East,Bikash Roy,Credit,RC-RC-02,Shield Raincoat - Bottle Green,Raincoat,24,690.0,0.03
SO000343,20-Jun-2025,Delivered,C005,Jai Hind Umbrella House,Retailer,Cuttack,Odisha,Other East,Rakesh Singh,Cash,RC-LG-05,Storm Long - Checks,Long Umbrella,12,345.0,0.03
SO000474,21/07/2025,Delivered,C003,Brahmaputra Wholesale,Distributor,Tezpur,Assam,North-East,Bikash Roy,Credit,RC-RC-03,Shield Raincoat - Grey,Raincoat,84,740.0,8%
SO000531,2025-08-01,Delivered,C028,Lokenath General Store,Retailer,Silchar,Assam,North-East,Bikash Roy,Cash,RC-RC-01,Shield Raincoat - Red,Raincoat,36,690.0,0.01
SO000820,2026-03-11,Delivered,C022,Sonali Stores,Retailer,Jamshedpur,Jharkhand,Other East,Rakesh Singh,Credit,RC-UV-05,SunGuard UV Sun - Transparent,UV Sun Umbrella,3 dz,525.0,0.01
SO000511,29/07/2025,Delivered,C049,Biswakarma Traders,Retailer,Kolkata,West Bengal,South Bengal,Amit Sarkar,Credit,RC-RC-05,Shield Raincoat - Polka Dot,Raincoat,60,655.0,0.01
SO000712,2025-11-26,Delivered,C059,Sunrise Wholesale,Wholesaler,Durgapur,West Bengal,South Bengal,Amit Sarkar,Credit,RC-UV-04,SunGuard UV Sun - Beige,UV Sun Umbrella,36,₹420.00,0.07
SO000587,22/08/2025,Delivered,C046,Sri Durga Traders,Distributor,Cooch Behar,West Bengal,North Bengal,Rina Das,Credit,RC-3F-06,Breeze 3-Fold - Floral Print,3-Fold Umbrella,264,260.0,0.1
SO000160,14-May-2025,Delivered,C030,Star Enterprises,Wholesaler,Shillong,Meghalaya,North-East,Bikash Roy,Credit,RC-RC-01,Shield Raincoat - Red,Raincoat,84,690.0,0.05
SO000224,29-May-2025,Delivered,C007,Biswakarma Bazaar,Wholesaler,Malda,West Bengal,North Bengal,Rina Das,Credit,RC-2F-02,Breeze 2-Fold - Red,2-Fold Umbrella,12,290.0,0.06
SO000778,13/02/2026,Delivered,C002,City Distributors,Retailer,Tezpur,Assam,North-East,Bikash Roy,Credit,RC-KD-01,Kiddo Kids - Cartoon Print,Kids Umbrella,12,₹220.00,0.02
SO000530,2025-08-01,Delivered,C006,Modern Stores,Wholesaler,Howrah,West Bengal,South Bengal,Amit Sarkar,Credit,RC-2F-03,Classic 2-Fold - Checks,2-Fold Umbrella,96,₹435.00,0.07
SO000091,01/05/2025,Delivered,C017,New Traders,Distributor,Tezpur,Assam,North-East,Bikash Roy,Credit,RC-3F-06,Breeze 3-Fold - Floral Print,3-Fold Umbrella,180,260.0,0.11
SO000242,2025-06-02,Delivered,C010,Ganga Bastralaya,Wholesaler,Jorhat,Assam,North-East,Bikash Roy,Credit,RC-3F-01,Classic 3-Fold - Polka Dot,3-Fold Umbrella,96,330.0,0.04
SO000613,30/08/2025,Cancelled,C014,New Traders,Distributor,Imphal,Manipur,North-East,Bikash Roy,Credit,RC-2F-04,Classic 2-Fold - Red,2-Fold Umbrella,96,310.0,0.11
SO000106,2025-05-03,Delivered,C033,Krishna Distributors,Retailer,Jalpaiguri,West Bengal,North Bengal,Rina Das,Credit,RC-RC-01,Shield Raincoat - Red,Raincoat,12,690.0,0.01
SO000733,17-Dec-2025,Delivered,C038,KALYANI DISTRIBUTORS,Wholesaler,Agartala,Tripura,North-East,Bikash Roy,Credit,RC-2F-03,Classic 2-Fold - Checks,2-Fold Umbrella,72,435.0,0.05
SO000217,28/05/2025,Delivered,C021,City Traders,Wholesaler,Bhubaneswar,Odisha,Other East,Rakesh Singh,Credit,RC-KD-03,Kiddo Kids - Sky Blue,Kids Umbrella,72,185.0,0.04
SO000788,18/02/2026,Delivered,C024,Rainbow Enterprises,Wholesaler,Dibrugarh,Assam,North-East,Bikash Roy,Credit,RC-2F-01,Classic 2-Fold - Maroon,2-Fold Umbrella,120,310.0,0.04
SO000006,2025-04-03,Delivered,C004,Royal Trading Co.  ,Retailer,Agartala,Tripura,North-East,Bikash Roy,Credit,RC-LG-03,Storm Long - Bottle Green,Long Umbrella,12,430.0,0.0
SO000188,21-May-2025,Delivered,C012,Sonali Marketing,Wholesaler,Ranchi,Jharkhand,Other East,Rakesh Singh,Credit,RC-RC-02,Shield Raincoat - Bottle Green,Raincoat,12,690.0,0.07
SO000787,18/02/2026,Delivered,C014,New Traders,Distributor,Imphal,Manipur,North-East,Bikash Roy,Credit,RC-2F-04,Classic 2-Fold - Red,,168,310.0,0.09
SO000811,2026-03-07,Delivered,C008,Popular & Sons,Retailer,Durgapur,West Bengal,South Bengal,Amit Sarkar,Credit,RC-UV-04,SunGuard UV Sun - Beige,UV Sun Umbrella,24,420.0,0.02
SO000312,16/06/2025,Delivered,C013,Hanuman Stores,Wholesaler,Bardhaman,West Bengal,South Bengal,Amit Sarkar,Credit,RC-RC-01,Shield Raincoat - Red,Raincoat,36,690.0,5%
SO000102,02-May-2025,Delivered,C041,New Enterprises,Distributor,Agartala,Tripura,North-East,Bikash Roy,Credit,RC-RC-01,Shield Raincoat - Red,Raincoat,252,690.0,0.09
SO000017,2025-04-05,Delivered,C041,New Enterprises,Distributor,Agartala,Tripura,North-East,Bikash Roy,Credit,RC-UV-04,SunGuard UV Sun - Beige,UV Sun Umbrella,84,420.0,0.12
SO000749,10/01/2026,Delivered,C048,Purbanchal Agencies,Wholesaler,Tezpur,Assam,North-East,Bikash Roy,Credit,RC-2F-02,Breeze 2-Fold - Red,2-Fold Umbrella,24,290.0,0.07
SO000536,02/08/2025,Cancelled,C052,Himalaya Traders,Wholesaler,Tezpur,Assam,North-East,Bikash Roy,Credit,RC-KD-04,Kiddo Kids - Polka Dot,Kids Umbrella,84,235.0,0.07
SO000809,05-Mar-2026,Delivered,C041,New Enterprises,Distributor,Agartala,Tripura,North-East,Bikash Roy,Credit,RC-UV-04,SunGuard UV Sun - Beige,UV Sun Umbrella,132 pcs,420.0,0.11
SO000267,07/06/2025,Delivered,C010,Ganga Bastralaya,Wholesaler,Jorhat,Assam,North-East,Bikash Roy,Credit,RC-KD-04,Kiddo Kids - Polka Dot,Kids Umbrella,84,235.0,0.06
SO000483,22/07/2025,Delivered,C057,Janata & Sons,Wholesaler,Aizawl,Mizoram,North-East,Bikash Roy,Credit,RC-3F-03,Storm 3-Fold - Floral Print,3-Fold Umbrella,1 dz,275.0,0.06
SO000198,23/05/2025,Delivered,C012,Sonali Marketing,Wholesaler,Ranchi,Jharkhand,Other East,Rakesh Singh,Credit,RC-KD-01,Kiddo Kids - Cartoon Print,Kids Umbrella,36 pcs,220.0,0.05
SO000425,10/07/2025,Delivered,C059,Sunrise Wholesale,Wholesaler,Durgapur,West Bengal,South Bengal,Amit Sarkar,Credit,RC-2F-05,Breeze 2-Fold - Grey,2-Fold Umbrella,96,₹375.00,0.07
SO000140,2025-05-10,Delivered,C010,Ganga Bastralaya,Wholesaler,Jorhat,Assam,North-East,Bikash Roy,Credit,RC-2F-03,Classic 2-Fold - Checks,2-Fold Umbrella,24,435.0,0.05
SO000145,10-May-2025,Delivered,C030,Star Enterprises,Wholesaler,Shillong,Meghalaya,North-East,Bikash Roy,Credit,RC-3F-06,Breeze 3-Fold - Floral Print,3-Fold Umbrella,36,260.0,0.07
SO000681,13/10/2025,Delivered,C054,Lokenath Agencies,Retailer,Kharagpur,West Bengal,South Bengal,Amit Sarkar,Credit,RC-KD-04,Kiddo Kids - Polka Dot,Kids Umbrella,12,235.0,0.0
SO000605,27/08/2025,Delivered,C058,Lokenath General Store,Wholesaler,Howrah,West Bengal,South Bengal,Amit Sarkar,Credit,RC-2F-05,Breeze 2-Fold - Grey,2-Fold Umbrella,36,375.0,0.03
SO000014,2025-04-05,Delivered,C004,Royal Trading Co.,Retailer,Agartala,Tripura,North-East,Bikash Roy,Credit,RC-3F-04,Compact 3-Fold - Navy Blue,3-Fold Umbrella,12,345.0,0.01
SO000480,2025-07-22,Delivered,C030,Star Enterprises,Wholesaler,Shillong,Meghalaya,North-East,Bikash Roy,Credit,RC-LG-02,Storm Long - Grey,Long Umbrella,60,385.0,0.06
SO000845,2026-03-23,Delivered,C037,Hanuman Marketing,Retailer,Dimapur,Nagaland,North-East,Bikash Roy,Credit,RC-KD-01,Kiddo Kids - Cartoon Print,Kids Umbrella,48,220.0,0.03
SO000313,2025-06-16,Delivered,C017,New Traders,Distributor,Tezpur,Assam,North-East,Bikash Roy,Credit,RC-2F-06,Breeze 2-Fold - Floral Print,2-Fold Umbrella,84,270.0,0.08
SO000808,05/03/2026,Delivered,C038,Kalyani Distributors,Wholesaler,Agartala,Tripura,North-East,Bikash Roy,Credit,RC-UV-04,SunGuard UV Sun - Beige,UV Sun Umbrella,36,420.0,0.04
SO000264,2025-06-06,Delivered,C024,Rainbow Enterprises,Wholesaler,Dibrugarh,Assam,North-East,Bikash Roy,Credit,RC-3F-07,Classic 3-Fold - Beige,3-Fold Umbrella,60,300.0,0.06
SO000647,2025-09-16,Delivered,C014,New Traders,Distributor,Imphal,Manipur,North-East,Bikash Roy,Credit,RC-3F-06,Breeze 3-Fold - Floral Print,3-Fold Umbrella,72,₹260.00,0.09
SO000091,01-May-2025,Delivered,C017,New Traders,Distributor,Tezpur,Assam,North-East,Bikash Roy,Credit,RC-2F-02,Breeze 2-Fold - Red,2-Fold Umbrella,120,290.0,0.1
SO000216,27-May-2025,Delivered,C059,Sunrise Wholesale,Wholesaler,Durgapur,West Bengal,South Bengal,Amit Sarkar,Credit,RC-RC-01,Shield Raincoat - Red,Raincoat,84,690.0,0.05
SO000509,2025-07-29,Delivered,C041,New Enterprises,Distributor,Agartala,Tripura,North-East,Bikash Roy,Credit,RC-3F-06,Breeze 3-Fold - Floral Print,3-Fold Umbrella,240,260.0,0.1
SO000155,2025-05-12,Delivered,C051,Sai Traders,Retailer,Asansol,West Bengal,South Bengal,Amit Sarkar,Cash,RC-2F-02,Breeze 2-Fold - Red,2-Fold Umbrella,1 dz,290.0,0.02
SO000512,29/07/2025,Delivered,C052, himalaya traders,Wholesaler,Tezpur,Assam,North-East,Bikash Roy,Credit,RC-3F-01,Classic 3-Fold - Polka Dot,3-Fold Umbrella,24,330.0,0.07
SO000695,08/11/2025,Delivered,C030,Star Enterprises,Wholesaler,Shillong,Meghalaya,North-East,Bikash Roy,Credit,RC-3F-03,Storm 3-Fold - Floral Print,3-Fold Umbrella,60,275.0,0.05
SO000346,20/06/2025,Delivered,C058,Lokenath General Store,Wholesaler,Haora,West Bengal,South Bengal,Amit Sarkar,Credit,RC-LG-03,Storm Long - Bottle Green,Long Umbrella,84,430.0,5%
SO000064,21/04/2025,Delivered,C060,Modern Marketing,Retailer,Durgapur,West Bengal,South Bengal,Amit Sarkar,Credit,RC-UV-01,SunGuard UV Sun - Maroon,UV Sun Umbrella,24,375.0,0.03
SO000149,10/05/2025,Delivered,C046,Sri Durga Traders,Distributor,Cooch Behar,West Bengal,North Bengal,Rina Das,Credit,RC-2F-05,Breeze 2-Fold - Grey,2-Fold Umbrella,72,375.0,0.12
SO000079,25-Apr-2025,Delivered,C013,Hanuman Stores,Wholesaler,Bardhaman,West Bengal,South Bengal,Amit Sarkar,Credit,RC-RC-02,Shield Raincoat - Bottle Green,Raincoat,96,₹690.00,0.07
SO000141,2025-05-10,Delivered,C014,New Traders,Distributor,Imphal,Manipur,North-East,Bikash Roy,Credit,RC-2F-06,Breeze 2-Fold - Floral Print,2-Fold Umbrella,36,270.0,0.11
SO000350,21-Jun-2025,Cancelled,C041,New Enterprises,Distributor,Agartala,Tripura,North-East,Bikash Roy,Credit,RC-2F-05,Breeze 2-Fold - Grey,2-Fold Umbrella,252,375.0,0.11
SO000823,2026-03-11,Delivered,C051,Sai Traders,Retailer,Asansol,West Bengal,South Bengal,Amit Sarkar,Cash,RC-RC-01,Shield Raincoat - Red,Raincoat,24,690.0,0.0
SO000648,2025-09-16,Delivered,C039,Modern Stores,Distributor,Jalpaiguri,West Bengal,North Bengal,Rina Das,Credit,RC-3F-03,Storm 3-Fold - Floral Print,3-Fold Umbrella,108,275.0,0.1
SO000576,2025-08-16,Delivered,C058,Lokenath General Store,Wholesaler,Haora,West Bengal,South Bengal,Amit Sarkar,Credit,RC-2F-01,Classic 2-Fold - Maroon,2-Fold Umbrella,36,310.0,0.06
SO000079,2025-04-25,Delivered,C013,Hanuman Stores  ,Wholesaler,Bardhaman,West Bengal,South Bengal,Amit Sarkar,Credit,RC-2F-06,Breeze 2-Fold - Floral Print,2-Fold Umbrella,156,270.0,0.03
SO000067,2025-04-22,Delivered,C046,Sri Durga Traders,Distributor,Cooch Behar,West Bengal,North Bengal,Rina Das,Credit,RC-KD-01,Kiddo Kids - Cartoon Print,Kids Umbrella,300,220.0,0.1
SO000437,2025-07-14,Delivered,C010,Ganga Bastralaya,Wholesaler,Jorhat,Assam,North-East,Bikash Roy,Credit,RC-KD-03,Kiddo Kids - Sky Blue,Kids Umbrella,96,185.0,0.06
SO000482,2025-07-22,Delivered,C046, sri durga traders,Distributor,Cooch Behar,West Bengal,North Bengal,Rina Das,Credit,RC-2F-06,Breeze 2-Fold - Floral Print,2-Fold Umbrella,72,270.0,0.1
SO000138,09/05/2025,Delivered,C038,Kalyani Distributors,Wholesaler,Agartala,Tripura,North-East,Bikash Roy,Credit,RC-LG-05,Storm Long - Checks,Long Umbrella,36,345.0,5%
SO000401,2025-07-03,Delivered,C057,Janata & Sons,Wholesaler,Aizawl,Mizoram,North-East,Bikash Roy,Credit,RC-3F-07,Classic 3-Fold - Beige,3-Fold Umbrella,60,300.0,0.03
SO000748,10/01/2026,Delivered,C041,New Enterprises,Distributor,Agartala,Tripura,North-East,Bikash Roy,Credit,RC-KD-01,Kiddo Kids - Cartoon Print,Kids Umbrella,132,220.0,0.09
SO000788,18/02/2026,Delivered,C024,Rainbow Enterprises,Wholesaler,Dibrugarh,Assam,North-East,Bikash Roy,Credit,RC-UV-04,SunGuard UV Sun - Beige,UV Sun Umbrella,144,420.0,0.04
SO000363,2025-06-25,Delivered,C003,Brahmaputra Wholesale,Distributor,Tezpur,Assam,North-East,Bikash Roy,Credit,RC-3F-06,Breeze 3-Fold - Floral Print,3-Fold Umbrella,144,260.0,0.11
SO000447,2025-07-15,Delivered,C036, hanuman & sons,Wholesaler,Asansol,West Bengal,South Bengal,Amit Sarkar,Credit,RC-KD-04,Kiddo Kids - Polka Dot,Kids Umbrella,48,235.0,0.05
SO000775,12-Feb-2026,Delivered,C033,Krishna Distributors,Retailer,Jalpaiguri,West Bengal,North Bengal,Rina Das,Credit,RC-KD-04,Kiddo Kids - Polka Dot,Kids Umbrella,12,235.0,0.0
SO000638,2025-09-11,Delivered,C049,BISWAKARMA TRADERS,Retailer,Kolkata,West Bengal,South Bengal,Amit Sarkar,Credit,RC-UV-03,SunGuard UV Sun - Checks,UV Sun Umbrella,5 dz,445.0,0.03
SO000796,2026-02-21,Delivered,C041,New Enterprises,Distributor,Agartala,Tripura,North-East,Bikash Roy,Credit,RC-2F-02,Breeze 2-Fold - Red,2-Fold Umbrella,132,290.0,0.09
SO000505,29/07/2025,Delivered,C017,New Traders,Distributor,Tezpur,Assam,North-East,Bikash Roy,Credit,RC-3F-04,Compact 3-Fold - Navy Blue,3-Fold Umbrella,144,345.0,0.11
SO000092,01-May-2025,Delivered,C021,City Traders,Wholesaler,Bhubaneshwar,Odisha,Other East,Rakesh Singh,Credit,RC-UV-01,SunGuard UV Sun - Maroon,UV Sun Umbrella,48,₹375.00,0.05
SO000625,2025-09-04,Delivered,C039,Modern Stores,Distributor,Jalpaiguri,West Bengal,North Bengal,Rina Das,Credit,RC-3F-06,Breeze 3-Fold - Floral Print,3-Fold Umbrella,192,260.0,0.08
SO000743,02/01/2026,Delivered,C044,Maa Tara Wholesale,Retailer,Itanagar,Arunachal Pradesh,North-East,Bikash Roy,Cash,RC-UV-02,SunGuard UV Sun - Grey,UV Sun Umbrella,12 pcs,580.0,0.02
SO000173,2025-05-17,Delivered,C042,Rainbow Bastralaya,Wholesaler,Purnia,Bihar,Other East,Rakesh Singh,Credit,RC-KD-01,Kiddo Kids - Cartoon Print,Kids Umbrella,24,220.0,0.04
SO000365,25/06/2025,Delivered,C022,Sonali Stores,Retailer,Jamshedpur,Jharkhand,Other East,Rakesh Singh,Credit,RC-KD-01,Kiddo Kids - Cartoon Print,Kids Umbrella,12,220.0,0.01
SO000763,04-Feb-2026,Delivered,C021,City Traders,Wholesaler,Bhubaneshwar,Odisha,Other East,Rakesh Singh,Credit,RC-UV-02,SunGuard UV Sun - Grey,UV Sun Umbrella,84,580.0,0.04
SO000287,2025-06-11,Delivered,C014,New Traders,Distributor,Imphal,Manipur,North-East,Bikash Roy,Credit,RC-UV-04,SunGuard UV Sun - Beige,UV Sun Umbrella,132,420.0,0.11
SO000707,24/11/2025,Delivered,C021,City Traders,Wholesaler,Bhubaneshwar,Odisha,Other East,Rakesh Singh,Credit,RC-KD-01,Kiddo Kids - Cartoon Print,Kids Umbrella,24,220.0,0.04
SO000113,05-May-2025,Delivered,C014,New Traders,Distributor,Imphal,Manipur,North-East,Bikash Roy,Credit,RC-2F-05,Breeze 2-Fold - Grey,2-Fold Umbrella,168,₹375.00,0.1
SO000415,08/07/2025,Delivered,C056,Bharat Wholesale,Retailer,Siliguri,West Bengal,North Bengal,Rina Das,Cash,RC-2F-04,Classic 2-Fold - Red,2-Fold Umbrella,24,310.0,0.0
SO000369,2025-06-26,Delivered,C012,Sonali Marketing,Wholesaler,Ranchi,Jharkhand,Other East,Rakesh Singh,Credit,RC-UV-03,SunGuard UV Sun - Checks,UV Sun Umbrella,60,445.0,0.05
SO000537,2025-08-04,Delivered,C003,Brahmaputra Wholesale,Distributor,Tezpur,Assam,North-East,Bikash Roy,Credit,RC-UV-04,SunGuard UV Sun - Beige,UV Sun Umbrella,252,420.0,0.11
SO000144,10/05/2025,Delivered,C028,Lokenath General Store,Retailer,Silchar,Assam,North-East,Bikash Roy,Cash,RC-UV-04,SunGuard UV Sun - Beige,UV Sun Umbrella,36,420.0,0.0
SO000189,21/05/2025,Delivered,C022,Sonali Stores,Retailer,Jamshedpur,Jharkhand,Other East,Rakesh Singh,Credit,RC-3F-08,Compact 3-Fold - Checks,3-Fold Umbrella,12,295.0,0.01
SO000651,18/09/2025,Delivered,C039,Modern Stores,Distributor,Jalpaiguri,West Bengal,North Bengal,Rina Das,Credit,RC-LG-05,Storm Long - Checks,Long Umbrella,204,345.0,0.1
SO000684,23-Oct-2025,Delivered,C051,Sai Traders,Retailer,Asansol,West Bengal,South Bengal,Amit Sarkar,Cash,RC-3F-03,Storm 3-Fold - Floral Print,3-Fold Umbrella,24,275.0,0.03
SO000519,2025-07-31,Delivered,C010,Ganga Bastralaya,Wholesaler,Jorhat,Assam,North-East,Bikash Roy,Credit,RC-LG-05,Storm Long - Checks,Long Umbrella,36,345.0,0.06
SO000332,18-Jun-2025,Delivered,C057,Janata & Sons,Wholesaler,Aizawl,Mizoram,North-East,Bikash Roy,Credit,RC-3F-08,Compact 3-Fold - Checks,3-Fold Umbrella,48,295.0,0.06
SO000071,24/04/2025,Delivered,C006,Modern Stores,Wholesaler,Howrah,West Bengal,South Bengal,Amit Sarkar,Credit,RC-RC-01,Shield Raincoat - Red,Raincoat,10 dz,690.0,0.04
SO000471,19/07/2025,Delivered,C052,Himalaya Traders,Wholesaler,Tezpur,Assam,North-East,Bikash Roy,Credit,RC-KD-01,Kiddo Kids - Cartoon Print,Kids Umbrella,72 pcs,220.0,0.06
SO000034,10-Apr-2025,Delivered,C013,Hanuman Stores,Wholesaler,Bardhaman,West Bengal,South Bengal,Amit Sarkar,Credit,RC-UV-04,SunGuard UV Sun - Beige,UV Sun Umbrella,60,420.0,0.03
SO000215,27/05/2025,Delivered,C048,Purbanchal Agencies,Wholesaler,Tezpur,Assam,North-East,Bikash Roy,Credit,RC-3F-06,Breeze 3-Fold - Floral Print,3-Fold Umbrella,84,260.0,0.05
SO000450,2025-07-16,Delivered,C036,Hanuman & Sons,Wholesaler,Asansol,West Bengal,South Bengal,Amit Sarkar,Credit,RC-3F-08,Compact 3-Fold - Checks,3-Fold Umbrella,48,295.0,0.06
SO000008,03/04/2025,Delivered,C044,Maa Tara Wholesale,Retailer,Itanagar,Arunachal Pradesh,North-East,Bikash Roy,Cash,RC-LG-05,Storm Long - Checks,Long Umbrella,24,345.0,0.0
SO000656,2025-09-23,Delivered,C006,Modern Stores,Wholesaler,Howrah,West Bengal,South Bengal,Amit Sarkar,Credit,RC-2F-03,Classic 2-Fold - Checks,2-Fold Umbrella,24,435.0,0.04
SO000177,19/05/2025,Delivered,C034,Sai Distributors,Wholesaler,Imphal,Manipur,North-East,Bikash Roy,Credit,RC-RC-02,Shield Raincoat - Bottle Green,Raincoat,84,690.0,0.03
SO000393,2025-07-02,Delivered,C048,Purbanchal Agencies,Wholesaler,Tezpur,Assam,North-East,Bikash Roy,Credit,RC-GF-01,Pro Golf - Floral Print,Golf Umbrella,72,745.0,0.04
SO000017,2025-04-05,Delivered,C041,New Enterprises,Distributor,Agartala,Tripura,North-East,Bikash Roy,Credit,RC-2F-01,Classic 2-Fold - Maroon,2-Fold Umbrella,300,310.0,0.11
SO000814,09-Mar-2026,Delivered,C002,City Distributors,Retailer,Tezpur,Assam,North-East,Bikash Roy,Credit,RC-3F-07,Classic 3-Fold - Beige,3-Fold Umbrella,12,300.0,0.0
SO000186,20/05/2025,Delivered,C059,Sunrise Wholesale,Wholesaler,Durgapur,West Bengal,South Bengal,Amit Sarkar,Credit,RC-3F-05,Breeze 3-Fold - Grey,3-Fold Umbrella,108 pcs,255.0,0.04
SO000847,24-Mar-2026,Delivered,C046,Sri Durga Traders,Distributor,Cooch Behar,West Bengal,North Bengal,Rina Das,Credit,RC-3F-08,Compact 3-Fold - Checks,3-Fold Umbrella,276,295.0,0.11
SO000091,01/05/2025,Delivered,C017,New Traders,Distributor,Tezpur,Assam,North-East,Bikash Roy,Credit,RC-KD-04,Kiddo Kids - Polka Dot,Kids Umbrella,204 pcs,235.0,0.1
SO000164,15/05/2025,Delivered,C003,Brahmaputra Wholesale,Distributor,Tezpur,Assam,North-East,Bikash Roy,Credit,RC-3F-09,Classic 3-Fold - Black,3-Fold Umbrella,216,205.0,0.08
SO000474,21-Jul-2025,Delivered,C003,Brahmaputra Wholesale,Distributor,Tezpur,Assam,North-East,Bikash Roy,Credit,RC-UV-05,SunGuard UV Sun - Transparent,UV Sun Umbrella,252,525.0,0.08
SO000418,09-Jul-2025,Delivered,C021,City Traders,Wholesaler,Bhubaneshwar,Odisha,Other East,Rakesh Singh,Credit,RC-3F-07,Classic 3-Fold - Beige,3-Fold Umbrella,84,300.0,0.07
SO000060,2025-04-21,Delivered,C001,Laxmi Distributors,Retailer,Agartala,Tripura,North-East,Bikash Roy,Cash,RC-3F-08,Compact 3-Fold - Checks,3-Fold Umbrella,12,295.0,0.03
SO000387,2025-07-01,Delivered,C030,STAR ENTERPRISES,Wholesaler,Shillong,Meghalaya,North-East,Bikash Roy,Credit,RC-2F-01,Classic 2-Fold - Maroon,2-Fold Umbrella,48,310.0,0.05
SO000597,2025-08-25,Delivered,C044,Maa Tara Wholesale,Retailer,Itanagar,Arunachal Pradesh,North-East,Bikash Roy,Cash,RC-KD-04,Kiddo Kids - Polka Dot,Kids Umbrella,24,235.0,0.02
SO000399,2025-07-03,Delivered,C036,Hanuman & Sons,Wholesaler,Asansol,West Bengal,South Bengal,Amit Sarkar,Credit,RC-3F-10,Compact 3-Fold - Red,3-Fold Umbrella,48,260.0,0.03
SO000087,30/04/2025,Delivered,C003,Brahmaputra Wholesale,Distributor,Tezpur,Assam,North-East,Bikash Roy,Credit,RC-UV-01,SunGuard UV Sun - Maroon,UV Sun Umbrella,156,375.0,0.11
SO000239,31/05/2025,Cancelled,C046,Sri Durga Traders,Distributor,Cooch Behar,West Bengal,North Bengal,Rina Das,Credit,RC-2F-01,Classic 2-Fold - Maroon,2-Fold Umbrella,264,310.0,0.09
SO000266,07/06/2025,Delivered,C006,Modern Stores,Wholesaler,Howrah,West Bengal,South Bengal,Amit Sarkar,Credit,RC-KD-04,Kiddo Kids - Polka Dot,Kids Umbrella,120,₹235.00,0.07
SO000011,2025-04-04,Delivered,C038,Kalyani Distributors,Wholesaler,Agartala,Tripura,North-East,Bikash Roy,Credit,RC-KD-04,Kiddo Kids - Polka Dot,Kids Umbrella,36,235.0,0.04
SO000526,31-Jul-2025,Delivered,C041,New Enterprises,Distributor,Agartala,Tripura,North-East,Bikash Roy,Credit,RC-UV-04,SunGuard UV Sun - Beige,UV Sun Umbrella,264,420.0,0.11
SO000778,2026-02-13,Delivered,C002,CITY DISTRIBUTORS,Retailer,Tezpur,Assam,North-East,Bikash Roy,Credit,RC-UV-02,SunGuard UV Sun - Grey,UV Sun Umbrella,12,₹580.00,0.01
SO000009,03-Apr-2025,Delivered,C057,Janata & Sons,Wholesaler,Aizawl,Mizoram,North-East,Bikash Roy,Credit,RC-KD-01,Kiddo Kids - Cartoon Print,Kids Umbrella,12,220.0,0.04
SO000343,2025-06-20,Delivered,C005,Jai Hind Umbrella House,Retailer,Cuttack,Odisha,Other East,Rakesh Singh,Cash,RC-2F-06,Breeze 2-Fold - Floral Print,2-Fold Umbrella,12,270.0,0.03
SO000072,24-Apr-2025,Delivered,C014,New Traders,Distributor,Imphal,Manipur,North-East,Bikash Roy,Credit,RC-RC-01,Shield Raincoat - Red,Raincoat,36,₹690.00,0.12
SO000094,2025-05-01,Delivered,C046,Sri Durga Traders,Distributor,Cooch Behar,West Bengal,North Bengal,Rina Das,Credit,RC-RC-01,Shield Raincoat - Red,Raincoat,168,690.0,9%
SO000201,24/05/2025,Delivered,C006,Modern Stores,Wholesaler,Howrah,West Bengal,South Bengal,Amit Sarkar,Credit,RC-2F-06,Breeze 2-Fold - Floral Print,2-Fold Umbrella,120,270.0,0.06
SO000484,2025-07-23,Delivered,C017,New Traders,Distributor,Tezpur,Assam,North-East,Bikash Roy,Credit,RC-3F-05,Breeze 3-Fold - Grey,3-Fold Umbrella,144,₹255.00,0.1
SO000080,2025-04-25,Delivered,C031,Purbanchal Umbrella House  ,Retailer,Imphal,Manipur,North-East,Bikash Roy,Credit,RC-KD-04,Kiddo Kids - Polka Dot,Kids Umbrella,48 pcs,235.0,0.02
SO000449,16-Jul-2025,Delivered,C024,RAINBOW ENTERPRISES,Wholesaler,Dibrugarh,Assam,North-East,Bikash Roy,Credit,RC-RC-01,Shield Raincoat - Red,Raincoat,60,690.0,0.06
SO000760,2026-02-02,Delivered,C038,Kalyani Distributors,Wholesaler,Agartala,Tripura,North-East,Bikash Roy,Credit,RC-2F-05,Breeze 2-Fold - Grey,2-Fold Umbrella,60 pcs,375.0,0.06
SO000620,2025-09-01,Delivered,C042,Rainbow Bastralaya,Wholesaler,Purnia,Bihar,Other East,Rakesh Singh,Credit,RC-LG-01,Auto-Open Long - Maroon,Long Umbrella,36 pcs,390.0,0.04
SO000236,2025-05-31,Delivered,C033,Krishna Distributors,Retailer,Jalpaiguri,West Bengal,North Bengal,Rina Das,Credit,RC-3F-06,Breeze 3-Fold - Floral Print,3-Fold Umbrella,24,260.0,0.01
SO000510,2025-07-29,Delivered,C047,Teesta Trading Co.,Retailer,Bhagalpur,Bihar,Other East,Rakesh Singh,Cash,RC-UV-04,SunGuard UV Sun - Beige,UV Sun Umbrella,12,420.0,2%
SO000758,2026-01-31,Delivered,C010,Ganga Bastralaya,Wholesaler,Jorhat,Assam,North-East,Bikash Roy,Credit,RC-3F-10,Compact 3-Fold - Red,3-Fold Umbrella,72,260.0,0.05
SO000238,31/05/2025,Delivered,C041,New Enterprises,Distributor,Agartala,Tripura,North-East,Bikash Roy,Credit,RC-UV-04,SunGuard UV Sun - Beige,UV Sun Umbrella,264,420.0,11%
SO000562,2025-08-11,Cancelled,C017,New Traders,Distributor,Tezpur,Assam,North-East,Bikash Roy,Credit,RC-3F-08,Compact 3-Fold - Checks,3-Fold Umbrella,48,295.0,0.09
SO000166,15/05/2025,Delivered,C017,New Traders,Distributor,Tezpur,Assam,North-East,Bikash Roy,Credit,RC-2F-06,Breeze 2-Fold - Floral Print,2-Fold Umbrella,6 dz,270.0,0.09
SO000510,29/07/2025,Delivered,C047,Teesta Trading Co.,Retailer,Bhagalpur,Bihar,,Rakesh Singh,Cash,RC-3F-07,Classic 3-Fold - Beige,3-Fold Umbrella,12 pcs,300.0,0.02
SO000842,23/03/2026,Delivered,C004,Royal Trading Co.,Retailer,Agartala,Tripura,North-East,Bikash Roy,Credit,RC-3F-03,Storm 3-Fold - Floral Print,3-Fold Umbrella,48,275.0,0.0
SO000182,20/05/2025,Delivered,C031,Purbanchal Umbrella House,Retailer,Imphal,Manipur,North-East,Bikash Roy,Credit,RC-3F-03,Storm 3-Fold - Floral Print,3-Fold Umbrella,72,275.0,0.02
SO000541,2025-08-05,Delivered,C025,Modern Stores,Retailer,Silchar,Assam,North-East,Bikash Roy,Credit,RC-UV-01,SunGuard UV Sun - Maroon,UV Sun Umbrella,12,375.0,0.0
SO000733,2025-12-17,Delivered,C038,Kalyani Distributors,Wholesaler,Agartala,Tripura,North-East,Bikash Roy,Credit,RC-3F-06,Breeze 3-Fold - Floral Print,3-Fold Umbrella,12,₹260.00,0.04
SO000409,2025-07-05,Delivered,C053,Rupali Wholesale,Retailer,Jalpaiguri,West Bengal,North Bengal,Rina Das,Credit,RC-LG-05,Storm Long - Checks,Long Umbrella,12,345.0,0.03
SO000461,17/07/2025,Delivered,C059,Sunrise Wholesale,Wholesaler,Durgapur,West Bengal,South Bengal,Amit Sarkar,Credit,RC-3F-05,Breeze 3-Fold - Grey,3-Fold Umbrella,84,255.0,0.07
SO000074,2025-04-24,Delivered,C031,Purbanchal Umbrella House,Retailer,Imphal,Manipur,North-East,Bikash Roy,Credit,RC-3F-06,Breeze 3-Fold - Floral Print,3-Fold Umbrella,72,260.0,0.01
SO000742,02-Jan-2026,Delivered,C005,Jai Hind Umbrella House,Retailer,Cuttack,Odisha,Other East,Rakesh Singh,Cash,RC-2F-03,Classic 2-Fold - Checks,2-Fold Umbrella,12,435.0,0.02
SO000035,10/04/2025,Delivered,C046,Sri Durga Traders,Distributor,Cooch Behar,West Bengal,North Bengal,Rina Das,Credit,RC-3F-07,Classic 3-Fold - Beige,3-Fold Umbrella,276,300.0,0.11
SO000732,2025-12-17,Delivered,C007,Biswakarma Bazaar,Wholesaler,Malda,West Bengal,North Bengal,Rina Das,Credit,RC-LG-05,Storm Long - Checks,Long Umbrella,24,345.0,0.05
SO000614,2025-08-30,Delivered,C033,Krishna Distributors,Retailer,Jalpaiguri,West Bengal,North Bengal,Rina Das,Credit,RC-UV-01,SunGuard UV Sun - Maroon,UV Sun Umbrella,12,375.0,0.02
SO000118,2025-05-06,Delivered,C007,Biswakarma Bazaar,Wholesaler,Malda,West Bengal,North Bengal,Rina Das,Credit,RC-3F-08,Compact 3-Fold - Checks,3-Fold Umbrella,48,295.0,0.04
SO000693,2025-11-05,Delivered,C059,Sunrise Wholesale,Wholesaler,Durgapur,West Bengal,South Bengal,Amit Sarkar,Credit,RC-3F-10,Compact 3-Fold - Red,3-Fold Umbrella,60,260.0,0.06
SO000089,30-Apr-2025,Delivered,C041,New Enterprises  ,Distributor,Agartala,Tripura,North-East,Bikash Roy,Credit,RC-UV-01,SunGuard UV Sun - Maroon,UV Sun Umbrella,144,375.0,0.09
SO000797,2026-02-23,Delivered,C010,Ganga Bastralaya,Wholesaler,Jorhat,Assam,North-East,Bikash Roy,Credit,RC-3F-04,Compact 3-Fold - Navy Blue,3-Fold Umbrella,84,345.0,0.03
SO000651,18/09/2025,Delivered,C039,Modern Stores,Distributor,Jalpaiguri,West Bengal,North Bengal,Rina Das,Credit,RC-UV-04,SunGuard UV Sun - Beige,UV Sun Umbrella,96,420.0,0.1
SO000613,30-Aug-2025,Cancelled,C014,New Traders,Distributor,Imphal,Manipur,North-East,Bikash Roy,Credit,RC-3F-07,Classic 3-Fold - Beige,3-Fold Umbrella,156,300.0,0.1
SO000826,2026-03-12,Delivered,C039,Modern Stores,Distributor,Jalpaiguri,West Bengal,North Bengal,Rina Das,Credit,RC-3F-03,Storm 3-Fold - Floral Print,3-Fold Umbrella,180,275.0,0.1
SO000019,07/04/2025,Delivered,C042,Rainbow Bastralaya,Wholesaler,Purnia,Bihar,Other East,Rakesh Singh,Credit,RC-3F-07,Classic 3-Fold - Beige,3-Fold Umbrella,72,300.0,0.07
SO000141,10/05/2025,Delivered,C014,New Traders,Distributor,Imphal,Manipur,North-East,Bikash Roy,Credit,RC-KD-04,Kiddo Kids - Polka Dot,Kids Umbrella,108,235.0,0.1
SO000804,04/03/2026,Delivered,C030,STAR ENTERPRISES,Wholesaler,Shillong,Meghalaya,North-East,Bikash Roy,Credit,RC-3F-06,Breeze 3-Fold - Floral Print,3-Fold Umbrella,60,260.0,0.05
SO000401,2025-07-03,Delivered,C057,Janata & Sons,Wholesaler,Aizawl,Mizoram,North-East,Bikash Roy,Credit,RC-RC-02,Shield Raincoat - Bottle Green,Raincoat,36,690.0,0.04
SO000058,19/04/2025,Delivered,C041,New Enterprises,Distributor,Agartala,Tripura,North-East,Bikash Roy,Credit,RC-UV-03,SunGuard UV Sun - Checks,UV Sun Umbrella,276,445.0,0.11
SO000119,06-May-2025,Delivered,C014,New Traders,Distributor,Imphal,Manipur,North-East,Bikash Roy,Credit,RC-3F-08,Compact 3-Fold - Checks,3-Fold Umbrella,36,295.0,0.11
SO000215,2025-05-27,Delivered,C048,Purbanchal Agencies,Wholesaler,Tezpur,Assam,North-East,Bikash Roy,Credit,RC-3F-10,Compact 3-Fold - Red,3-Fold Umbrella,84,260.0,0.04
SO000682,16/10/2025,Delivered,C048,Purbanchal Agencies,Wholesaler,Tezpur,Assam,North-East,Bikash Roy,Credit,RC-RC-01,Shield Raincoat - Red,Raincoat,36,690.0,0.04
SO000350,21/06/2025,Cancelled,C041,New Enterprises,Distributor,Agartala,Tripura,North-East,Bikash Roy,Credit,RC-3F-04,Compact 3-Fold - Navy Blue,3-Fold Umbrella,120,₹345.00,0.11
SO000552,2025-08-07,Delivered,C014,New Traders,Distributor,Imphal,Manipur,North-East,Bikash Roy,Credit,RC-LG-05,Storm Long - Checks,Long Umbrella,108,345.0,0.12
SO000739,27/12/2025,Delivered,C034,Sai Distributors,Wholesaler,Imphal,Manipur,North-East,Bikash Roy,Credit,RC-3F-07,Classic 3-Fold - Beige,3-Fold Umbrella,24,300.0,0.03
SO000498,28/07/2025,Cancelled,C003,Brahmaputra Wholesale,Distributor,Tezpur,Assam,North-East,Bikash Roy,Credit,RC-UV-04,SunGuard UV Sun - Beige,UV Sun Umbrella,60,₹420.00,0.11
SO000027,2025-04-08,Delivered,C053, rupali wholesale,Retailer,Jalpaiguri,West Bengal,North Bengal,Rina Das,Credit,RC-LG-06,Heritage Long - Maroon,Long Umbrella,24,570.0,0.03
SO000523,31/07/2025,Delivered,C034,Sai Distributors,Wholesaler,Imphal,Manipur,North-East,Bikash Roy,Credit,RC-2F-03,Classic 2-Fold - Checks,2-Fold Umbrella,24,435.0,0.04
SO000766,06/02/2026,Delivered,C040,Krishna Distributors,Retailer,Patna,Bihar,Other East,Rakesh Singh,Credit,RC-UV-04,SunGuard UV Sun - Beige,UV Sun Umbrella,24,420.0,0.01
SO000399,2025-07-03,Delivered,C036,Hanuman & Sons,Wholesaler,Asansol,West Bengal,South Bengal,Amit Sarkar,Credit,RC-2F-04,Classic 2-Fold - Red,2-Fold Umbrella,12,310.0,4%
SO000227,2025-05-29,Delivered,C021,CITY TRADERS,Wholesaler,Bhubaneswar,Odisha,Other East,Rakesh Singh,Credit,RC-3F-03,Storm 3-Fold - Floral Print,3-Fold Umbrella,24,275.0,0.07
SO000708,24-Nov-2025,Delivered,C038,Kalyani Distributors,Wholesaler,Agartala,Tripura,North-East,Bikash Roy,Credit,RC-RC-01,Shield Raincoat - Red,Raincoat,24,690.0,0.04
SO000515,2025-07-30,Delivered,C043,Modern Enterprises,Retailer,Aizawl,Mizoram,North-East,Bikash Roy,Cash,RC-3F-07,Classic 3-Fold - Beige,3-Fold Umbrella,12,300.0,0.01
SO000572,2025-08-14,Cancelled,C041,New Enterprises,Distributor,Agartala,Tripura,North-East,Bikash Roy,Credit,RC-KD-02,Kiddo Kids - Yellow,Kids Umbrella,264,210.0,0.11
SO000116,05-May-2025,Delivered,C048,Purbanchal Agencies,Wholesaler,Tezpur,Assam,North-East,Bikash Roy,Credit,RC-LG-03,Storm Long - Bottle Green,Long Umbrella,72,430.0,0.06
SO000717,2025-12-01,Delivered,C007, biswakarma bazaar,Wholesaler,Malda,West Bengal,North Bengal,Rina Das,Credit,RC-UV-04,SunGuard UV Sun - Beige,UV Sun Umbrella,12,420.0,0.03
SO000432,2025-07-12,Delivered,C021,City Traders,Wholesaler,Bhubaneswar,Odisha,Other East,Rakesh Singh,Credit,RC-LG-01,Auto-Open Long - Maroon,Long Umbrella,96,390.0,0.05
SO000198,23-May-2025,Delivered,C012,Sonali Marketing,Wholesaler,Ranchi,Jharkhand,Other East,Rakesh Singh,Credit,RC-3F-06,Breeze 3-Fold - Floral Print,3-Fold Umbrella,5 dz,260.0,0.04
SO000287,11/06/2025,Delivered,C014,New Traders,Distributor,Imphal,Manipur,North-East,Bikash Roy,Credit,RC-3F-06,Breeze 3-Fold - Floral Print,3-Fold Umbrella,36,260.0,0.08
SO000533,01/08/2025,Delivered,C040,Krishna Distributors,Retailer,Patna,Bihar,Other East,Rakesh Singh,Credit,RC-3F-01,Classic 3-Fold - Polka Dot,3-Fold Umbrella,24,₹330.00,0.02
SO000338,19/06/2025,Delivered,C041,NEW ENTERPRISES,Distributor,Agartala,Tripura,North-East,Bikash Roy,Credit,RC-2F-06,Breeze 2-Fold - Floral Print,2-Fold Umbrella,276,270.0,0.11
SO000705,2025-11-20,Delivered,C046,Sri Durga Traders,Distributor,Cooch Behar,West Bengal,North Bengal,Rina Das,Credit,RC-3F-10,Compact 3-Fold - Red,3-Fold Umbrella,144,₹260.00,0.1
SO000277,07/06/2025,Delivered,C056,Bharat Wholesale,Retailer,Siliguri,West Bengal,North Bengal,Rina Das,Cash,RC-2F-06,Breeze 2-Fold - Floral Print,2-Fold Umbrella,12,270.0,0.01
SO000216,2025-05-27,Delivered,C059,Sunrise Wholesale,Wholesaler,Durgapur,West Bengal,South Bengal,Amit Sarkar,Credit,RC-UV-04,SunGuard UV Sun - Beige,UV Sun Umbrella,60,420.0,0.05
SO000149,10-May-2025,Delivered,C046,Sri Durga Traders,Distributor,Cooch Behar,West Bengal,North Bengal,Rina Das,Credit,RC-UV-02,SunGuard UV Sun - Grey,UV Sun Umbrella,240,580.0,0.12
SO000202,24/05/2025,Delivered,C031,Purbanchal Umbrella House,Retailer,Imphal,Manipur,North-East,Bikash Roy,Credit,RC-KD-04,Kiddo Kids - Polka Dot,Kids Umbrella,72,235.0,0.0
SO000436,2025-07-14,Delivered,C009,Brahmaputra General Store,Retailer,Guwahati,Assam,North-East,Bikash Roy,Cash,RC-3F-07,Classic 3-Fold - Beige,3-Fold Umbrella,12,300.0,0.01
SO000764,04-Feb-2026,Delivered,C032,Modern Bazaar,Retailer,Jamshedpur,Jharkhand,Other East,Rakesh Singh,Cash,RC-3F-04,Compact 3-Fold - Navy Blue,3-Fold Umbrella,12,₹345.00,0.01
SO000473,19/07/2025,Delivered,C058,Lokenath General Store,Wholesaler,Howrah,West Bengal,South Bengal,Amit Sarkar,Credit,RC-3F-06,Breeze 3-Fold - Floral Print,3-Fold Umbrella,48,260.0,0.05
SO000350,21/06/2025,Cancelled,C041,New Enterprises,Distributor,Agartala,Tripura,North-East,Bikash Roy,Credit,RC-RC-05,Shield Raincoat - Polka Dot,Raincoat,264,655.0,0.1
SO000802,02-Mar-2026,Delivered,C043,Modern Enterprises,Retailer,Aizawl,Mizoram,North-East,Bikash Roy,Cash,RC-3F-04,Compact 3-Fold - Navy Blue,3-Fold Umbrella,24,345.0,0.02
SO000470,2025-07-19,Delivered,C046,Sri Durga Traders,Distributor,Cooch Behar,West Bengal,North Bengal,Rina Das,Credit,RC-UV-01,SunGuard UV Sun - Maroon,UV Sun Umbrella,132,375.0,0.11
SO000038,11/04/2025,Delivered,C033,Krishna Distributors,Retailer,Jalpaiguri,West Bengal,North Bengal,Rina Das,Credit,RC-RC-01,Shield Raincoat - Red,Raincoat,2 dz,690.0,0.03
SO000004,2025-04-02,Delivered,C046,Sri Durga Traders,Distributor,Cooch Behar,West Bengal,North Bengal,Rina Das,Credit,RC-LG-02,Storm Long - Grey,Long Umbrella,300,385.0,0.1
SO000509,2025-07-29,Delivered,C041,New Enterprises,Distributor,Agartala,Tripura,North-East,Bikash Roy,Credit,RC-RC-01,Shield Raincoat - Red,Raincoat,204,690.0,0.1
SO000137,2025-05-09,Delivered,C017,New Traders,Distributor,Tezpur,Assam,North-East,Bikash Roy,Credit,RC-UV-04,SunGuard UV Sun - Beige,UV Sun Umbrella,120,420.0,0.09
SO000291,11/06/2025,Delivered,C049,Biswakarma Traders,Retailer,Kolkata,West Bengal,South Bengal,Amit Sarkar,Credit,RC-2F-02,Breeze 2-Fold - Red,2-Fold Umbrella,12,290.0,0.02
SO000052,2025-04-18,Delivered,C041,New Enterprises,Distributor,Agartala,Tripura,North-East,Bikash Roy,Credit,RC-UV-04,SunGuard UV Sun - Beige,UV Sun Umbrella,156,420.0,0.09
SO000375,2025-06-27,Delivered,C017,New Traders,Distributor,Tezpur,Assam,,Bikash Roy,Credit,RC-3F-10,Compact 3-Fold - Red,3-Fold Umbrella,72,₹260.00,0.09
SO000724,06-Dec-2025,Delivered,C009,Brahmaputra General Store,Retailer,Guwahati,Assam,North-East,Bikash Roy,Cash,RC-UV-03,SunGuard UV Sun - Checks,UV Sun Umbrella,12,445.0,0.03
SO000490,24-Jul-2025,Delivered,C041,New Enterprises,Distributor,Agartala,Tripura,North-East,Bikash Roy,Credit,RC-RC-02,Shield Raincoat - Bottle Green,Raincoat,264,690.0,0.1
SO000174,19/05/2025,Delivered,C017,New Traders,Distributor,Tezpur,Assam,North-East,Bikash Roy,Credit,RC-KD-04,Kiddo Kids - Polka Dot,Kids Umbrella,120,₹235.00,0.11
SO000276,07/06/2025,Delivered,C050,Biswakarma Traders,Retailer,Shillong,Meghalaya,North-East,Bikash Roy,Cash,RC-2F-02,Breeze 2-Fold - Red,2-Fold Umbrella,12,290.0,0.01
SO000253,04-Jun-2025,Delivered,C041,New Enterprises,Distributor,Agartala,Tripura,North-East,Bikash Roy,Credit,RC-3F-09,Classic 3-Fold - Black,3-Fold Umbrella,252,205.0,0.1
SO000261,2025-06-05,Cancelled,C046,Sri Durga Traders,Distributor,Cooch Behar,West Bengal,North Bengal,Rina Das,Credit,RC-LG-02,Storm Long - Grey,Long Umbrella,264,385.0,0.09
SO000217,28/05/2025,Delivered,C021,City Traders  ,Wholesaler,Bhubaneswar,Odisha,Other East,Rakesh Singh,Credit,RC-3F-09,Classic 3-Fold - Black,3-Fold Umbrella,48,205.0,0.07
SO000141,10/05/2025,Delivered,C014,New Traders,Distributor,Imphal,Manipur,North-East,Bikash Roy,Credit,RC-LG-05,Storm Long - Checks,Long Umbrella,120,345.0,0.11
SO000278,09/06/2025,Delivered,C004,Royal Trading Co.,Retailer,Agartala,Tripura,North-East,Bikash Roy,Credit,RC-UV-04,SunGuard UV Sun - Beige,UV Sun Umbrella,24,420.0,0.01
SO000347,2025-06-21,Delivered,C012,Sonali Marketing,Wholesaler,Ranchi,Jharkhand,Other East,Rakesh Singh,Credit,RC-UV-04,SunGuard UV Sun - Beige,UV Sun Umbrella,24,420.0,0.07
SO000602,2025-08-27,Delivered,C012,Sonali Marketing,Wholesaler,Ranchi,Jharkhand,Other East,Rakesh Singh,Credit,RC-3F-03,Storm 3-Fold - Floral Print,3-Fold Umbrella,24,275.0,0.05
SO000004,02/04/2025,Delivered,C046,Sri Durga Traders,Distributor,Cooch Behar,West Bengal,North Bengal,Rina Das,Credit,RC-UV-04,SunGuard UV Sun - Beige,UV Sun Umbrella,108,420.0,0.1
SO000108,03-May-2025,Delivered,C041,New Enterprises  ,Distributor,Agartala,Tripura,North-East,Bikash Roy,Credit,RC-KD-04,Kiddo Kids - Polka Dot,Kids Umbrella,144 pcs,235.0,0.11
SO000513,29/07/2025,Delivered,C060,Modern Marketing,Retailer,Durgapur,West Bengal,South Bengal,Amit Sarkar,Credit,RC-RC-02,Shield Raincoat - Bottle Green,Raincoat,1 dz,690.0,0.02
SO000662,2025-09-25,Delivered,C003,Brahmaputra Wholesale,Distributor,Tezpur,Assam,North-East,Bikash Roy,Credit,RC-KD-04,Kiddo Kids - Polka Dot,Kids Umbrella,96,235.0,11%
SO000744,03/01/2026,Delivered,C048,Purbanchal Agencies,Wholesaler,Tezpur,Assam,North-East,Bikash Roy,Credit,RC-3F-08,Compact 3-Fold - Checks,3-Fold Umbrella,60,295.0,0.05
SO000075,24/04/2025,Delivered,C047,Teesta Trading Co.,Retailer,Bhagalpur,Bihar,Other East,Rakesh Singh,Cash,RC-2F-01,Classic 2-Fold - Maroon,2-Fold Umbrella,12,310.0,0.01
SO000731,15/12/2025,Delivered,C041,New Enterprises,Distributor,Agartala,Tripura,North-East,Bikash Roy,Credit,RC-UV-01,SunGuard UV Sun - Maroon,UV Sun Umbrella,300,375.0,0.08
SO000398,03/07/2025,Delivered,C031,Purbanchal Umbrella House,Retailer,Imphal,Manipur,North-East,Bikash Roy,Credit,RC-UV-03,SunGuard UV Sun - Checks,UV Sun Umbrella,48,445.0,0.0
SO000171,16/05/2025,Delivered,C010,Ganga Bastralaya,Wholesaler,Jorhat,Assam,North-East,Bikash Roy,Credit,RC-UV-04,SunGuard UV Sun - Beige,UV Sun Umbrella,60,420.0,0.04
SO000444,15/07/2025,Delivered,C022,Sonali Stores,Retailer,Jamshedpur,Jharkhand,Other East,Rakesh Singh,Credit,RC-KD-01,Kiddo Kids - Cartoon Print,Kids Umbrella,48,220.0,0.0
SO000773,2026-02-11,Delivered,C024,Rainbow Enterprises,Wholesaler,Dibrugarh,Assam,North-East,Bikash Roy,Credit,RC-UV-04,SunGuard UV Sun - Beige,UV Sun Umbrella,120,420.0,0.04
SO000370,26/06/2025,Delivered,C022,Sonali Stores,Retailer,Jamshedpur,Jharkhand,Other East,Rakesh Singh,Credit,RC-3F-04,Compact 3-Fold - Navy Blue,3-Fold Umbrella,12,₹345.00,0.01
SO000709,2025-11-25,Delivered,C018,New Traders,Retailer,Itanagar,Arunachal Pradesh,North-East,Bikash Roy,Credit,RC-GF-01,Pro Golf - Floral Print,Golf Umbrella,24,745.0,0.03
SO000640,11-Sep-2025,Delivered,C059,Sunrise Wholesale,Wholesaler,Durgapur,West Bengal,South Bengal,Amit Sarkar,Credit,RC-UV-03,SunGuard UV Sun - Checks,UV Sun Umbrella,48,445.0,0.07
SO000622,2025-09-02,Delivered,C005,Jai Hind Umbrella House,Retailer,Cuttack,Odisha,Other East,Rakesh Singh,Cash,RC-3F-06,Breeze 3-Fold - Floral Print,3-Fold Umbrella,1 dz,260.0,0.0
SO000720,02-Dec-2025,Delivered,C022,Sonali Stores,Retailer,Jamshedpur,Jharkhand,Other East,Rakesh Singh,Credit,RC-LG-06,Heritage Long - Maroon,Long Umbrella,36,₹570.00,0.03
SO000493,25/07/2025,Cancelled,C053,Rupali Wholesale,Retailer,Jalpaiguri,West Bengal,North Bengal,Rina Das,Credit,RC-RC-05,Shield Raincoat - Polka Dot,Raincoat,24,655.0,0.03
SO000099,2025-05-02,Delivered,C014,New Traders,Distributor,Imphal,Manipur,North-East,Bikash Roy,Credit,RC-UV-04,SunGuard UV Sun - Beige,UV Sun Umbrella,96,420.0,0.11
SO000121,06/05/2025,Delivered,C028,Lokenath General Store,Retailer,Silchar,Assam,North-East,Bikash Roy,Cash,RC-KD-04,Kiddo Kids - Polka Dot,Kids Umbrella,12,235.0,0.03
SO000218,28-May-2025,Delivered,C024,Rainbow Enterprises,Wholesaler,Dibrugarh,Assam,North-East,Bikash Roy,Credit,RC-RC-02,Shield Raincoat - Bottle Green,Raincoat,120,690.0,0.07
SO000403,04-Jul-2025,Delivered,C023,Krishna Emporium,Retailer,Shillong,Meghalaya,North-East,Bikash Roy,Credit,RC-UV-01,SunGuard UV Sun - Maroon,UV Sun Umbrella,12,375.0,0.01
SO000783,14/02/2026,Delivered,C034,Sai Distributors,Wholesaler,Imphal,Manipur,North-East,Bikash Roy,Credit,RC-UV-01,SunGuard UV Sun - Maroon,UV Sun Umbrella,36,375.0,0.04
SO000425,10/07/2025,Delivered,C059,Sunrise Wholesale,Wholesaler,Durgapur,West Bengal,South Bengal,Amit Sarkar,Credit,RC-KD-04,Kiddo Kids - Polka Dot,Kids Umbrella,36,235.0,0.04
SO000727,09/12/2025,Delivered,C024,Rainbow Enterprises,Wholesaler,Dibrugarh,Assam,North-East,Bikash Roy,Credit,RC-KD-01,Kiddo Kids - Cartoon Print,Kids Umbrella,144,₹220.00,0.04
SO000271,2025-06-07,Delivered,C034,Sai Distributors,Wholesaler,Imphal,Manipur,North-East,Bikash Roy,Credit,RC-3F-09,Classic 3-Fold - Black,3-Fold Umbrella,96,205.0,0.05
SO000659,2025-09-24,Delivered,C017,New Traders,Distributor,Tezpur,Assam,North-East,Bikash Roy,Credit,RC-UV-01,SunGuard UV Sun - Maroon,UV Sun Umbrella,120,375.0,0.12
SO000628,08/09/2025,Cancelled,C014,New Traders,Distributor,Imphal,Manipur,North-East,Bikash Roy,Credit,RC-UV-05,SunGuard UV Sun - Transparent,UV Sun Umbrella,72,525.0,0.09
SO000674,2025-10-07,Delivered,C039,Modern Stores,Distributor,Jalpaiguri,West Bengal,North Bengal,Rina Das,Credit,RC-3F-03,Storm 3-Fold - Floral Print,3-Fold Umbrella,84,275.0,0.11
SO000238,2025-05-31,Delivered,C041,New Enterprises,Distributor,Agartala,Tripura,North-East,Bikash Roy,Credit,RC-3F-01,Classic 3-Fold - Polka Dot,3-Fold Umbrella,96,330.0,0.12
SO000526,31/07/2025,Delivered,C041,New Enterprises,Distributor,Agartala,Tripura,North-East,Bikash Roy,Credit,RC-GF-01,Pro Golf - Floral Print,Golf Umbrella,144,745.0,12%
SO000679,2025-10-11,Delivered,C039,Modern Stores,Distributor,Jalpaiguri,West Bengal,North Bengal,Rina Das,Credit,RC-3F-10,Compact 3-Fold - Red,3-Fold Umbrella,204,260.0,0.08
SO000601,2025-08-27,Delivered,C010,Ganga Bastralaya,Wholesaler,Jorhat,Assam,North-East,Bikash Roy,Credit,RC-UV-04,SunGuard UV Sun - Beige,UV Sun Umbrella,84,420.0,0.07
SO000737,22/12/2025,Delivered,C046,Sri Durga Traders,Distributor,Cooch Behar,West Bengal,North Bengal,Rina Das,Credit,RC-LG-01,Auto-Open Long - Maroon,Long Umbrella,84,₹390.00,0.12
SO000650,2025-09-16,Delivered,C055,Sonali Traders,Retailer,Bardhaman,West Bengal,South Bengal,Amit Sarkar,Cash,RC-3F-04,Compact 3-Fold - Navy Blue,3-Fold Umbrella,12,345.0,0.02
SO000135,09-May-2025,Delivered,C003, brahmaputra wholesale,Distributor,Tezpur,Assam,North-East,Bikash Roy,Credit,RC-3F-03,Storm 3-Fold - Floral Print,3-Fold Umbrella,108,275.0,0.09
SO000640,11-Sep-2025,Delivered,C059,Sunrise Wholesale,Wholesaler,Durgapur,West Bengal,South Bengal,Amit Sarkar,Credit,RC-KD-04,Kiddo Kids - Polka Dot,Kids Umbrella,96,₹235.00,0.06
SO000146,10-May-2025,Delivered,C034,Sai Distributors,Wholesaler,Imphal,Manipur,North-East,Bikash Roy,Credit,RC-3F-09,Classic 3-Fold - Black,3-Fold Umbrella,96,₹205.00,0.07
SO000137,09/05/2025,Delivered,C017, new traders,Distributor,Tezpur,Assam,North-East,Bikash Roy,Credit,RC-KD-01,Kiddo Kids - Cartoon Print,Kids Umbrella,132,220.0,0.12
SO000819,11-Mar-2026,Delivered,C021,City Traders,Wholesaler,Bhubaneshwar,Odisha,Other East,Rakesh Singh,Credit,RC-3F-08,Compact 3-Fold - Checks,3-Fold Umbrella,84,295.0,0.07
SO000448,2025-07-15,Delivered,C041,NEW ENTERPRISES,Distributor,Agartala,Tripura,North-East,Bikash Roy,Credit,RC-3F-02,Breeze 3-Fold - Transparent,3-Fold Umbrella,84,305.0,0.12
SO000310,14/06/2025,Delivered,C059,Sunrise Wholesale,Wholesaler,Durgapur,West Bengal,South Bengal,Amit Sarkar,Credit,RC-3F-08,Compact 3-Fold - Checks,3-Fold Umbrella,36,₹295.00,0.07
