order_id,order_date,order_status,customer_id,customer_name,customer_type,city,state,zone,sales_rep,payment_terms,sku,product_name,category,qty,unit_price,discount_pct
SO000001,2025-04-01,Delivered,C014,New Traders,Distributor,Imphal,Manipur,North-East,Bikash Roy,Credit,RC-3F-07,Classic 3-Fold - Beige,3-Fold Umbrella,168,300.0,0.12
SO000001,2025-04-01,Delivered,C014,New Traders,Distributor,Imphal,Manipur,North-East,Bikash Roy,Credit,RC-KD-01,Kiddo Kids - Cartoon Print,Kids Umbrella,144,220.0,0.09
SO000001,2025-04-01,Delivered,C014,New Traders,Distributor,Imphal,Manipur,North-East,Bikash Roy,Credit,RC-UV-05,SunGuard UV Sun - Transparent,UV Sun Umbrella,132,525.0,0.11
SO000001,2025-04-01,Delivered,C014,New Traders,Distributor,Imphal,Manipur,North-East,Bikash Roy,Credit,RC-2F-04,Classic 2-Fold - Red,2-Fold Umbrella,108,310.0,0.09
SO000001,2025-04-01,Delivered,C014,New Traders,Distributor,Imphal,Manipur,North-East,Bikash Roy,Credit,RC-RC-01,Shield Raincoat - Red,Raincoat,36,690.0,0.09
SO000001,2025-04-01,Delivered,C014,New Traders,Distributor,Imphal,Manipur,North-East,Bikash Roy,Credit,RC-UV-04,SunGuard UV Sun - Beige,UV Sun Umbrella,84,420.0,0.09
SO000002,2025-04-01,Delivered,C028,Lokenath General Store,Retailer,Silchar,Assam,North-East,Bikash Roy,Cash,RC-2F-03,Classic 2-Fold - Checks,2-Fold Umbrella,24,435.0,0.02
SO000003,2025-04-01,Delivered,C034,Sai Distributors,Wholesaler,Imphal,Manipur,North-East,Bikash Roy,Credit,RC-LG-05,Storm Long - Checks,Long Umbrella,72,345.0,0.05
SO000003,2025-04-01,Delivered,C034,Sai Distributors,Wholesaler,Imphal,Manipur,North-East,Bikash Roy,Credit,RC-RC-01,Shield Raincoat - Red,Raincoat,48,690.0,0.04
SO000003,2025-04-01,Delivered,C034,Sai Distributors,Wholesaler,Imphal,Manipur,North-East,Bikash Roy,Credit,RC-UV-04,SunGuard UV Sun - Beige,UV Sun Umbrella,24,420.0,0.05
SO000004,2025-04-02,Delivered,C046,Sri Durga Traders,Distributor,Cooch Behar,West Bengal,North Bengal,Rina Das,Credit,RC-LG-02,Storm Long - Grey,Long Umbrella,300,385.0,0.1
SO000004,2025-04-02,Delivered,C046,Sri Durga Traders,Distributor,Cooch Behar,West Bengal,North Bengal,Rina Das,Credit,RC-KD-02,Kiddo Kids - Yellow,Kids Umbrella,108,210.0,0.1
SO000004,2025-04-02,Delivered,C046,Sri Durga Traders,Distributor,Cooch Behar,West Bengal,North Bengal,Rina Das,Credit,RC-UV-04,SunGuard UV Sun - Beige,UV Sun Umbrella,108,420.0,0.1
SO000005,2025-04-02,Delivered,C055,Sonali Traders,Retailer,Bardhaman,West Bengal,South Bengal,Amit Sarkar,Cash,RC-UV-04,SunGuard UV Sun - Beige,UV Sun Umbrella,12,420.0,0.01
SO000006,2025-04-03,Delivered,C004,Royal Trading Co.,Retailer,Agartala,Tripura,North-East,Bikash Roy,Credit,RC-LG-03,Storm Long - Bottle Green,Long Umbrella,12,430.0,0.0
SO000006,2025-04-03,Delivered,C004,Royal Trading Co.,Retailer,Agartala,Tripura,North-East,Bikash Roy,Credit,RC-UV-04,SunGuard UV Sun - Beige,UV Sun Umbrella,12,420.0,0.01
SO000007,2025-04-03,Delivered,C027,Kalyani General Store,Retailer,Asansol,West Bengal,South Bengal,Amit Sarkar,Cash,RC-UV-01,SunGuard UV Sun - Maroon,UV Sun Umbrella,12,375.0,0.03
SO000008,2025-04-03,Delivered,C044,Maa Tara Wholesale,Retailer,Itanagar,Arunachal Pradesh,North-East,Bikash Roy,Cash,RC-LG-05,Storm Long - Checks,Long Umbrella,24,345.0,0.0
SO000008,2025-04-03,Delivered,C044,Maa Tara Wholesale,Retailer,Itanagar,Arunachal Pradesh,North-East,Bikash Roy,Cash,RC-UV-04,SunGuard UV Sun - Beige,UV Sun Umbrella,12,420.0,0.01
SO000009,2025-04-03,Delivered,C057,Janata & Sons,Wholesaler,Aizawl,Mizoram,North-East,Bikash Roy,Credit,RC-UV-03,SunGuard UV Sun - Checks,UV Sun Umbrella,12,445.0,0.07
SO000009,2025-04-03,Delivered,C057,Janata & Sons,Wholesaler,Aizawl,Mizoram,North-East,Bikash Roy,Credit,RC-UV-04,SunGuard UV Sun - Beige,UV Sun Umbrella,36,420.0,0.05
SO000009,2025-04-03,Delivered,C057,Janata & Sons,Wholesaler,Aizawl,Mizoram,North-East,Bikash Roy,Credit,RC-KD-01,Kiddo Kids - Cartoon Print,Kids Umbrella,12,220.0,0.04
SO000010,2025-04-04,Delivered,C031,Purbanchal Umbrella House,Retailer,Imphal,Manipur,North-East,Bikash Roy,Credit,RC-2F-05,Breeze 2-Fold - Grey,2-Fold Umbrella,24,375.0,0.01
SO000010,2025-04-04,Delivered,C031,Purbanchal Umbrella House,Retailer,Imphal,Manipur,North-East,Bikash Roy,Credit,RC-UV-03,SunGuard UV Sun - Checks,UV Sun Umbrella,72,445.0,0.01
SO000010,2025-04-04,Delivered,C031,Purbanchal Umbrella House,Retailer,Imphal,Manipur,North-East,Bikash Roy,Credit,RC-RC-05,Shield Raincoat - Polka Dot,Raincoat,24,655.0,0.0
SO000011,2025-04-04,Delivered,C038,Kalyani Distributors,Wholesaler,Agartala,Tripura,North-East,Bikash Roy,Credit,RC-UV-04,SunGuard UV Sun - Beige,UV Sun Umbrella,12,420.0,0.03
SO000011,2025-04-04,Delivered,C038,Kalyani Distributors,Wholesaler,Agartala,Tripura,North-East,Bikash Roy,Credit,RC-2F-05,Breeze 2-Fold - Grey,2-Fold Umbrella,60,375.0,0.06
SO000011,2025-04-04,Delivered,C038,Kalyani Distributors,Wholesaler,Agartala,Tripura,North-East,Bikash Roy,Credit,RC-KD-04,Kiddo Kids - Polka Dot,Kids Umbrella,36,235.0,0.04
SO000011,2025-04-04,Delivered,C038,Kalyani Distributors,Wholesaler,Agartala,Tripura,North-East,Bikash Roy,Credit,RC-GF-01,Pro Golf - Floral Print,Golf Umbrella,12,745.0,0.07
SO000012,2025-04-04,Delivered,C040,Krishna Distributors,Retailer,Patna,Bihar,Other East,Rakesh Singh,Credit,RC-3F-06,Breeze 3-Fold - Floral Print,3-Fold Umbrella,24,260.0,0.01
SO000012,2025-04-04,Delivered,C040,Krishna Distributors,Retailer,Patna,Bihar,Other East,Rakesh Singh,Credit,RC-KD-04,Kiddo Kids - Polka Dot,Kids Umbrella,36,235.0,0.01
SO000013,2025-04-04,Delivered,C051,Sai Traders,Retailer,Asansol,West Bengal,South Bengal,Amit Sarkar,Cash,RC-2F-06,Breeze 2-Fold - Floral Print,2-Fold Umbrella,24,270.0,0.01
SO000014,2025-04-05,Delivered,C004,Royal Trading Co.,Retailer,Agartala,Tripura,North-East,Bikash Roy,Credit,RC-3F-08,Compact 3-Fold - Checks,3-Fold Umbrella,24,295.0,0.02
SO000014,2025-04-05,Delivered,C004,Royal Trading Co.,Retailer,Agartala,Tripura,North-East,Bikash Roy,Credit,RC-3F-04,Compact 3-Fold - Navy Blue,3-Fold Umbrella,12,345.0,0.01
SO000015,2025-04-05,Delivered,C021,City Traders,Wholesaler,Bhubaneswar,Odisha,Other East,Rakesh Singh,Credit,RC-2F-04,Classic 2-Fold - Red,2-Fold Umbrella,36,310.0,0.06
SO000015,2025-04-05,Delivered,C021,City Traders,Wholesaler,Bhubaneswar,Odisha,Other East,Rakesh Singh,Credit,RC-3F-01,Classic 3-Fold - Polka Dot,3-Fold Umbrella,84,330.0,0.06
SO000015,2025-04-05,Delivered,C021,City Traders,Wholesaler,Bhubaneswar,Odisha,Other East,Rakesh Singh,Credit,RC-RC-02,Shield Raincoat - Bottle Green,Raincoat,36,690.0,0.05
SO000016,2025-04-05,Delivered,C025,Modern Stores,Retailer,Silchar,Assam,North-East,Bikash Roy,Credit,RC-3F-05,Breeze 3-Fold - Grey,3-Fold Umbrella,12,255.0,0.02
SO000016,2025-04-05,Delivered,C025,Modern Stores,Retailer,Silchar,Assam,North-East,Bikash Roy,Credit,RC-UV-01,SunGuard UV Sun - Maroon,UV Sun Umbrella,12,375.0,0.03
SO000016,2025-04-05,Delivered,C025,Modern Stores,Retailer,Silchar,Assam,North-East,Bikash Roy,Credit,RC-3F-01,Classic 3-Fold - Polka Dot,3-Fold Umbrella,12,330.0,0.01
SO000017,2025-04-05,Delivered,C041,New Enterprises,Distributor,Agartala,Tripura,North-East,Bikash Roy,Credit,RC-2F-01,Classic 2-Fold - Maroon,2-Fold Umbrella,300,310.0,0.11
SO000017,2025-04-05,Delivered,C041,New Enterprises,Distributor,Agartala,Tripura,North-East,Bikash Roy,Credit,RC-3F-10,Compact 3-Fold - Red,3-Fold Umbrella,240,260.0,0.09
SO000017,2025-04-05,Delivered,C041,New Enterprises,Distributor,Agartala,Tripura,North-East,Bikash Roy,Credit,RC-UV-04,SunGuard UV Sun - Beige,UV Sun Umbrella,84,420.0,0.12
SO000017,2025-04-05,Delivered,C041,New Enterprises,Distributor,Agartala,Tripura,North-East,Bikash Roy,Credit,RC-3F-01,Classic 3-Fold - Polka Dot,3-Fold Umbrella,204,330.0,0.09
SO000018,2025-04-07,Delivered,C027,Kalyani General Store,Retailer,Asansol,West Bengal,South Bengal,Amit Sarkar,Cash,RC-UV-04,SunGuard UV Sun - Beige,UV Sun Umbrella,24,420.0,0.01
SO000019,2025-04-07,Delivered,C042,Rainbow Bastralaya,Wholesaler,Purnia,Bihar,Other East,Rakesh Singh,Credit,RC-UV-05,SunGuard UV Sun - Transparent,UV Sun Umbrella,48,525.0,0.06
SO000019,2025-04-07,Delivered,C042,Rainbow Bastralaya,Wholesaler,Purnia,Bihar,Other East,Rakesh Singh,Credit,RC-UV-02,SunGuard UV Sun - Grey,UV Sun Umbrella,72,580.0,0.04
SO000019,2025-04-07,Delivered,C042,Rainbow Bastralaya,Wholesaler,Purnia,Bihar,Other East,Rakesh Singh,Credit,RC-UV-04,SunGuard UV Sun - Beige,UV Sun Umbrella,84,420.0,0.06
SO000019,2025-04-07,Delivered,C042,Rainbow Bastralaya,Wholesaler,Purnia,Bihar,Other East,Rakesh Singh,Credit,RC-3F-07,Classic 3-Fold - Beige,3-Fold Umbrella,72,300.0,0.07
SO000020,2025-04-07,Delivered,C053,Rupali Wholesale,Retailer,Jalpaiguri,West Bengal,North Bengal,Rina Das,Credit,RC-KD-01,Kiddo Kids - Cartoon Print,Kids Umbrella,12,220.0,0.01
SO000020,2025-04-07,Delivered,C053,Rupali Wholesale,Retailer,Jalpaiguri,West Bengal,North Bengal,Rina Das,Credit,RC-KD-03,Kiddo Kids - Sky Blue,Kids Umbrella,12,185.0,0.02
SO000020,2025-04-07,Delivered,C053,Rupali Wholesale,Retailer,Jalpaiguri,West Bengal,North Bengal,Rina Das,Credit,RC-3F-03,Storm 3-Fold - Floral Print,3-Fold Umbrella,12,275.0,0.01
SO000021,2025-04-08,Delivered,C006,Modern Stores,Wholesaler,Howrah,West Bengal,South Bengal,Amit Sarkar,Credit,RC-UV-04,SunGuard UV Sun - Beige,UV Sun Umbrella,84,420.0,0.03
SO000021,2025-04-08,Delivered,C006,Modern Stores,Wholesaler,Howrah,West Bengal,South Bengal,Amit Sarkar,Credit,RC-UV-02,SunGuard UV Sun - Grey,UV Sun Umbrella,132,580.0,0.05
SO000021,2025-04-08,Delivered,C006,Modern Stores,Wholesaler,Howrah,West Bengal,South Bengal,Amit Sarkar,Credit,RC-RC-03,Shield Raincoat - Grey,Raincoat,132,740.0,0.05
SO000021,2025-04-08,Delivered,C006,Modern Stores,Wholesaler,Howrah,West Bengal,South Bengal,Amit Sarkar,Credit,RC-LG-01,Auto-Open Long - Maroon,Long Umbrella,132,390.0,0.05
SO000022,2025-04-08,Delivered,C015,Modern Traders,Retailer,Asansol,West Bengal,South Bengal,Amit Sarkar,Cash,RC-UV-01,SunGuard UV Sun - Maroon,UV Sun Umbrella,12,375.0,0.01
SO000022,2025-04-08,Delivered,C015,Modern Traders,Retailer,Asansol,West Bengal,South Bengal,Amit Sarkar,Cash,RC-2F-05,Breeze 2-Fold - Grey,2-Fold Umbrella,12,375.0,0.01
SO000023,2025-04-08,Delivered,C019,Ganga Wholesale,Retailer,Howrah,West Bengal,South Bengal,Amit Sarkar,Cash,RC-UV-04,SunGuard UV Sun - Beige,UV Sun Umbrella,12,420.0,0.0
SO000023,2025-04-08,Delivered,C019,Ganga Wholesale,Retailer,Howrah,West Bengal,South Bengal,Amit Sarkar,Cash,RC-3F-04,Compact 3-Fold - Navy Blue,3-Fold Umbrella,12,345.0,0.02
SO000023,2025-04-08,Delivered,C019,Ganga Wholesale,Retailer,Howrah,West Bengal,South Bengal,Amit Sarkar,Cash,RC-GF-01,Pro Golf - Floral Print,Golf Umbrella,12,745.0,0.02
SO000024,2025-04-08,Delivered,C027,Kalyani General Store,Retailer,Asansol,West Bengal,South Bengal,Amit Sarkar,Cash,RC-3F-07,Classic 3-Fold - Beige,3-Fold Umbrella,24,300.0,0.03
SO000024,2025-04-08,Delivered,C027,Kalyani General Store,Retailer,Asansol,West Bengal,South Bengal,Amit Sarkar,Cash,RC-GF-01,Pro Golf - Floral Print,Golf Umbrella,12,745.0,0.0
SO000025,2025-04-08,Delivered,C037,Hanuman Marketing,Retailer,Dimapur,Nagaland,North-East,Bikash Roy,Credit,RC-UV-04,SunGuard UV Sun - Beige,UV Sun Umbrella,24,420.0,0.0
SO000026,2025-04-08,Delivered,C051,Sai Traders,Retailer,Asansol,West Bengal,South Bengal,Amit Sarkar,Cash,RC-3F-10,Compact 3-Fold - Red,3-Fold Umbrella,12,260.0,0.0
SO000026,2025-04-08,Delivered,C051,Sai Traders,Retailer,Asansol,West Bengal,South Bengal,Amit Sarkar,Cash,RC-RC-01,Shield Raincoat - Red,Raincoat,12,690.0,0.01
SO000027,2025-04-08,Delivered,C053,Rupali Wholesale,Retailer,Jalpaiguri,West Bengal,North Bengal,Rina Das,Credit,RC-LG-06,Heritage Long - Maroon,Long Umbrella,24,570.0,0.03
SO000027,2025-04-08,Delivered,C053,Rupali Wholesale,Retailer,Jalpaiguri,West Bengal,North Bengal,Rina Das,Credit,RC-3F-07,Classic 3-Fold - Beige,3-Fold Umbrella,12,300.0,0.02
SO000028,2025-04-09,Delivered,C003,Brahmaputra Wholesale,Distributor,Tezpur,Assam,North-East,Bikash Roy,Credit,RC-UV-04,SunGuard UV Sun - Beige,UV Sun Umbrella,240,420.0,0.08
SO000028,2025-04-09,Delivered,C003,Brahmaputra Wholesale,Distributor,Tezpur,Assam,North-East,Bikash Roy,Credit,RC-UV-05,SunGuard UV Sun - Transparent,UV Sun Umbrella,72,525.0,0.09
SO000028,2025-04-09,Delivered,C003,Brahmaputra Wholesale,Distributor,Tezpur,Assam,North-East,Bikash Roy,Credit,RC-2F-03,Classic 2-Fold - Checks,2-Fold Umbrella,192,435.0,0.09
SO000029,2025-04-09,Delivered,C006,Modern Stores,Wholesaler,Howrah,West Bengal,South Bengal,Amit Sarkar,Credit,RC-UV-04,SunGuard UV Sun - Beige,UV Sun Umbrella,132,420.0,0.06
SO000029,2025-04-09,Delivered,C006,Modern Stores,Wholesaler,Howrah,West Bengal,South Bengal,Amit Sarkar,Credit,RC-2F-01,Classic 2-Fold - Maroon,2-Fold Umbrella,48,310.0,0.07
SO000029,2025-04-09,Delivered,C006,Modern Stores,Wholesaler,Howrah,West Bengal,South Bengal,Amit Sarkar,Credit,RC-RC-05,Shield Raincoat - Polka Dot,Raincoat,96,655.0,0.05
SO000030,2025-04-09,Delivered,C013,Hanuman Stores,Wholesaler,Bardhaman,West Bengal,South Bengal,Amit Sarkar,Credit,RC-UV-01,SunGuard UV Sun - Maroon,UV Sun Umbrella,96,375.0,0.06
SO000030,2025-04-09,Delivered,C013,Hanuman Stores,Wholesaler,Bardhaman,West Bengal,South Bengal,Amit Sarkar,Credit,RC-RC-05,Shield Raincoat - Polka Dot,Raincoat,132,655.0,0.05
SO000030,2025-04-09,Delivered,C013,Hanuman Stores,Wholesaler,Bardhaman,West Bengal,South Bengal,Amit Sarkar,Credit,RC-LG-03,Storm Long - Bottle Green,Long Umbrella,132,430.0,0.05
SO000031,2025-04-09,Delivered,C037,Hanuman Marketing,Retailer,Dimapur,Nagaland,North-East,Bikash Roy,Credit,RC-LG-06,Heritage Long - Maroon,Long Umbrella,12,570.0,0.03
SO000031,2025-04-09,Delivered,C037,Hanuman Marketing,Retailer,Dimapur,Nagaland,North-East,Bikash Roy,Credit,RC-RC-04,Shield Raincoat - Checks,Raincoat,48,435.0,0.02
SO000031,2025-04-09,Delivered,C037,Hanuman Marketing,Retailer,Dimapur,Nagaland,North-East,Bikash Roy,Credit,RC-RC-05,Shield Raincoat - Polka Dot,Raincoat,48,655.0,0.01
SO000032,2025-04-09,Delivered,C054,Lokenath Agencies,Retailer,Kharagpur,West Bengal,South Bengal,Amit Sarkar,Credit,RC-UV-01,SunGuard UV Sun - Maroon,UV Sun Umbrella,24,375.0,0.01
SO000032,2025-04-09,Delivered,C054,Lokenath Agencies,Retailer,Kharagpur,West Bengal,South Bengal,Amit Sarkar,Credit,RC-UV-04,SunGuard UV Sun - Beige,UV Sun Umbrella,24,420.0,0.0
SO000032,2025-04-09,Delivered,C054,Lokenath Agencies,Retailer,Kharagpur,West Bengal,South Bengal,Amit Sarkar,Credit,RC-3F-08,Compact 3-Fold - Checks,3-Fold Umbrella,12,295.0,0.02
SO000033,2025-04-10,Delivered,C004,Royal Trading Co.,Retailer,Agartala,Tripura,North-East,Bikash Roy,Credit,RC-UV-02,SunGuard UV Sun - Grey,UV Sun Umbrella,24,580.0,0.02
SO000034,2025-04-10,Delivered,C013,Hanuman Stores,Wholesaler,Bardhaman,West Bengal,South Bengal,Amit Sarkar,Credit,RC-UV-04,SunGuard UV Sun - Beige,UV Sun Umbrella,60,420.0,0.03
SO000034,2025-04-10,Delivered,C013,Hanuman Stores,Wholesaler,Bardhaman,West Bengal,South Bengal,Amit Sarkar,Credit,RC-UV-01,SunGuard UV Sun - Maroon,UV Sun Umbrella,72,375.0,0.04
SO000035,2025-04-10,Delivered,C046,Sri Durga Traders,Distributor,Cooch Behar,West Bengal,North Bengal,Rina Das,Credit,RC-2F-01,Classic 2-Fold - Maroon,2-Fold Umbrella,132,310.0,0.12
SO000035,2025-04-10,Delivered,C046,Sri Durga Traders,Distributor,Cooch Behar,West Bengal,North Bengal,Rina Das,Credit,RC-3F-08,Compact 3-Fold - Checks,3-Fold Umbrella,192,295.0,0.08
SO000035,2025-04-10,Delivered,C046,Sri Durga Traders,Distributor,Cooch Behar,West Bengal,North Bengal,Rina Das,Credit,RC-2F-03,Classic 2-Fold - Checks,2-Fold Umbrella,168,435.0,0.1
SO000035,2025-04-10,Delivered,C046,Sri Durga Traders,Distributor,Cooch Behar,West Bengal,North Bengal,Rina Das,Credit,RC-3F-07,Classic 3-Fold - Beige,3-Fold Umbrella,276,300.0,0.11
SO000036,2025-04-11,Delivered,C002,City Distributors,Retailer,Tezpur,Assam,North-East,Bikash Roy,Credit,RC-2F-02,Breeze 2-Fold - Red,2-Fold Umbrella,12,290.0,0.02
SO000037,2025-04-11,Delivered,C027,Kalyani General Store,Retailer,Asansol,West Bengal,South Bengal,Amit Sarkar,Cash,RC-UV-01,SunGuard UV Sun - Maroon,UV Sun Umbrella,12,375.0,0.01
SO000037,2025-04-11,Delivered,C027,Kalyani General Store,Retailer,Asansol,West Bengal,South Bengal,Amit Sarkar,Cash,RC-UV-04,SunGuard UV Sun - Beige,UV Sun Umbrella,48,420.0,0.01
SO000037,2025-04-11,Delivered,C027,Kalyani General Store,Retailer,Asansol,West Bengal,South Bengal,Amit Sarkar,Cash,RC-UV-05,SunGuard UV Sun - Transparent,UV Sun Umbrella,24,525.0,0.01
SO000038,2025-04-11,Delivered,C033,Krishna Distributors,Retailer,Jalpaiguri,West Bengal,North Bengal,Rina Das,Credit,RC-UV-04,SunGuard UV Sun - Beige,UV Sun Umbrella,12,420.0,0.02
SO000038,2025-04-11,Delivered,C033,Krishna Distributors,Retailer,Jalpaiguri,West Bengal,North Bengal,Rina Das,Credit,RC-2F-03,Classic 2-Fold - Checks,2-Fold Umbrella,12,435.0,0.0
SO000038,2025-04-11,Delivered,C033,Krishna Distributors,Retailer,Jalpaiguri,West Bengal,North Bengal,Rina Das,Credit,RC-RC-01,Shield Raincoat - Red,Raincoat,24,690.0,0.03
SO000039,2025-04-11,Delivered,C037,Hanuman Marketing,Retailer,Dimapur,Nagaland,North-East,Bikash Roy,Credit,RC-UV-01,SunGuard UV Sun - Maroon,UV Sun Umbrella,24,375.0,0.02
SO000040,2025-04-12,Delivered,C002,City Distributors,Retailer,Tezpur,Assam,North-East,Bikash Roy,Credit,RC-2F-03,Classic 2-Fold - Checks,2-Fold Umbrella,12,435.0,0.01
SO000040,2025-04-12,Delivered,C002,City Distributors,Retailer,Tezpur,Assam,North-East,Bikash Roy,Credit,RC-3F-07,Classic 3-Fold - Beige,3-Fold Umbrella,12,300.0,0.01
SO000041,2025-04-12,Delivered,C028,Lokenath General Store,Retailer,Silchar,Assam,North-East,Bikash Roy,Cash,RC-3F-02,Breeze 3-Fold - Transparent,3-Fold Umbrella,24,305.0,0.01
SO000042,2025-04-15,Delivered,C041,New Enterprises,Distributor,Agartala,Tripura,North-East,Bikash Roy,Credit,RC-2F-02,Breeze 2-Fold - Red,2-Fold Umbrella,264,290.0,0.1
SO000042,2025-04-15,Delivered,C041,New Enterprises,Distributor,Agartala,Tripura,North-East,Bikash Roy,Credit,RC-UV-01,SunGuard UV Sun - Maroon,UV Sun Umbrella,240,375.0,0.12
SO000042,2025-04-15,Delivered,C041,New Enterprises,Distributor,Agartala,Tripura,North-East,Bikash Roy,Credit,RC-KD-04,Kiddo Kids - Polka Dot,Kids Umbrella,132,235.0,0.08
SO000042,2025-04-15,Delivered,C041,New Enterprises,Distributor,Agartala,Tripura,North-East,Bikash Roy,Credit,RC-3F-03,Storm 3-Fold - Floral Print,3-Fold Umbrella,276,275.0,0.08
SO000043,2025-04-15,Delivered,C051,Sai Traders,Retailer,Asansol,West Bengal,South Bengal,Amit Sarkar,Cash,RC-UV-04,SunGuard UV Sun - Beige,UV Sun Umbrella,12,420.0,0.02
SO000044,2025-04-15,Delivered,C059,Sunrise Wholesale,Wholesaler,Durgapur,West Bengal,South Bengal,Amit Sarkar,Credit,RC-3F-03,Storm 3-Fold - Floral Print,3-Fold Umbrella,96,275.0,0.04
SO000044,2025-04-15,Delivered,C059,Sunrise Wholesale,Wholesaler,Durgapur,West Bengal,South Bengal,Amit Sarkar,Credit,RC-3F-10,Compact 3-Fold - Red,3-Fold Umbrella,36,260.0,0.04
SO000045,2025-04-16,Delivered,C003,Brahmaputra Wholesale,Distributor,Tezpur,Assam,North-East,Bikash Roy,Credit,RC-3F-02,Breeze 3-Fold - Transparent,3-Fold Umbrella,120,305.0,0.08
SO000045,2025-04-16,Delivered,C003,Brahmaputra Wholesale,Distributor,Tezpur,Assam,North-East,Bikash Roy,Credit,RC-UV-04,SunGuard UV Sun - Beige,UV Sun Umbrella,144,420.0,0.11
SO000045,2025-04-16,Delivered,C003,Brahmaputra Wholesale,Distributor,Tezpur,Assam,North-East,Bikash Roy,Credit,RC-3F-07,Classic 3-Fold - Beige,3-Fold Umbrella,96,300.0,0.1
SO000045,2025-04-16,Delivered,C003,Brahmaputra Wholesale,Distributor,Tezpur,Assam,North-East,Bikash Roy,Credit,RC-RC-01,Shield Raincoat - Red,Raincoat,252,690.0,0.11
SO000045,2025-04-16,Delivered,C003,Brahmaputra Wholesale,Distributor,Tezpur,Assam,North-East,Bikash Roy,Credit,RC-3F-06,Breeze 3-Fold - Floral Print,3-Fold Umbrella,252,260.0,0.1
SO000046,2025-04-16,Delivered,C006,Modern Stores,Wholesaler,Howrah,West Bengal,South Bengal,Amit Sarkar,Credit,RC-2F-02,Breeze 2-Fold - Red,2-Fold Umbrella,96,290.0,0.06
SO000046,2025-04-16,Delivered,C006,Modern Stores,Wholesaler,Howrah,West Bengal,South Bengal,Amit Sarkar,Credit,RC-3F-01,Classic 3-Fold - Polka Dot,3-Fold Umbrella,24,330.0,0.04
SO000046,2025-04-16,Delivered,C006,Modern Stores,Wholesaler,Howrah,West Bengal,South Bengal,Amit Sarkar,Credit,RC-RC-05,Shield Raincoat - Polka Dot,Raincoat,24,655.0,0.04
SO000046,2025-04-16,Delivered,C006,Modern Stores,Wholesaler,Howrah,West Bengal,South Bengal,Amit Sarkar,Credit,RC-3F-04,Compact 3-Fold - Navy Blue,3-Fold Umbrella,132,345.0,0.06
SO000047,2025-04-16,Delivered,C029,City Stores,Retailer,Durgapur,West Bengal,South Bengal,Amit Sarkar,Cash,RC-RC-01,Shield Raincoat - Red,Raincoat,36,690.0,0.02
SO000047,2025-04-16,Delivered,C029,City Stores,Retailer,Durgapur,West Bengal,South Bengal,Amit Sarkar,Cash,RC-UV-03,SunGuard UV Sun - Checks,UV Sun Umbrella,24,445.0,0.01
SO000048,2025-04-17,Delivered,C021,City Traders,Wholesaler,Bhubaneswar,Odisha,Other East,Rakesh Singh,Credit,RC-KD-04,Kiddo Kids - Polka Dot,Kids Umbrella,60,235.0,0.03
SO000048,2025-04-17,Delivered,C021,City Traders,Wholesaler,Bhubaneswar,Odisha,Other East,Rakesh Singh,Credit,RC-3F-10,Compact 3-Fold - Red,3-Fold Umbrella,60,260.0,0.03
SO000049,2025-04-17,Delivered,C035,Ganga Traders,Retailer,Bardhaman,West Bengal,South Bengal,Amit Sarkar,Credit,RC-3F-04,Compact 3-Fold - Navy Blue,3-Fold Umbrella,12,345.0,0.01
SO000049,2025-04-17,Delivered,C035,Ganga Traders,Retailer,Bardhaman,West Bengal,South Bengal,Amit Sarkar,Credit,RC-UV-01,SunGuard UV Sun - Maroon,UV Sun Umbrella,12,375.0,0.01
SO000049,2025-04-17,Delivered,C035,Ganga Traders,Retailer,Bardhaman,West Bengal,South Bengal,Amit Sarkar,Credit,RC-2F-06,Breeze 2-Fold - Floral Print,2-Fold Umbrella,12,270.0,0.01
SO000050,2025-04-17,Delivered,C046,Sri Durga Traders,Distributor,Cooch Behar,West Bengal,North Bengal,Rina Das,Credit,RC-KD-04,Kiddo Kids - Polka Dot,Kids Umbrella,276,235.0,0.12
SO000050,2025-04-17,Delivered,C046,Sri Durga Traders,Distributor,Cooch Behar,West Bengal,North Bengal,Rina Das,Credit,RC-3F-11,Storm 3-Fold - Transparent,3-Fold Umbrella,144,280.0,0.08
SO000050,2025-04-17,Delivered,C046,Sri Durga Traders,Distributor,Cooch Behar,West Bengal,North Bengal,Rina Das,Credit,RC-UV-04,SunGuard UV Sun - Beige,UV Sun Umbrella,192,420.0,0.1
SO000050,2025-04-17,Delivered,C046,Sri Durga Traders,Distributor,Cooch Behar,West Bengal,North Bengal,Rina Das,Credit,RC-UV-01,SunGuard UV Sun - Maroon,UV Sun Umbrella,120,375.0,0.1
SO000050,2025-04-17,Delivered,C046,Sri Durga Traders,Distributor,Cooch Behar,West Bengal,North Bengal,Rina Das,Credit,RC-2F-01,Classic 2-Fold - Maroon,2-Fold Umbrella,84,310.0,0.1
SO000050,2025-04-17,Delivered,C046,Sri Durga Traders,Distributor,Cooch Behar,West Bengal,North Bengal,Rina Das,Credit,RC-3F-02,Breeze 3-Fold - Transparent,3-Fold Umbrella,228,305.0,0.08
SO000051,2025-04-18,Delivered,C013,Hanuman Stores,Wholesaler,Bardhaman,West Bengal,South Bengal,Amit Sarkar,Credit,RC-2F-04,Classic 2-Fold - Red,2-Fold Umbrella,36,310.0,0.05
SO000051,2025-04-18,Delivered,C013,Hanuman Stores,Wholesaler,Bardhaman,West Bengal,South Bengal,Amit Sarkar,Credit,RC-2F-01,Classic 2-Fold - Maroon,2-Fold Umbrella,132,310.0,0.06
SO000052,2025-04-18,Delivered,C041,New Enterprises,Distributor,Agartala,Tripura,North-East,Bikash Roy,Credit,RC-RC-01,Shield Raincoat - Red,Raincoat,156,690.0,0.1
SO000052,2025-04-18,Delivered,C041,New Enterprises,Distributor,Agartala,Tripura,North-East,Bikash Roy,Credit,RC-2F-04,Classic 2-Fold - Red,2-Fold Umbrella,132,310.0,0.12
SO000052,2025-04-18,Delivered,C041,New Enterprises,Distributor,Agartala,Tripura,North-East,Bikash Roy,Credit,RC-UV-04,SunGuard UV Sun - Beige,UV Sun Umbrella,156,420.0,0.09
SO000052,2025-04-18,Delivered,C041,New Enterprises,Distributor,Agartala,Tripura,North-East,Bikash Roy,Credit,RC-UV-02,SunGuard UV Sun - Grey,UV Sun Umbrella,144,580.0,0.11
SO000053,2025-04-18,Delivered,C042,Rainbow Bastralaya,Wholesaler,Purnia,Bihar,Other East,Rakesh Singh,Credit,RC-UV-04,SunGuard UV Sun - Beige,UV Sun Umbrella,60,420.0,0.07
SO000053,2025-04-18,Delivered,C042,Rainbow Bastralaya,Wholesaler,Purnia,Bihar,Other East,Rakesh Singh,Credit,RC-2F-02,Breeze 2-Fold - Red,2-Fold Umbrella,48,290.0,0.05
SO000054,2025-04-18,Delivered,C056,Bharat Wholesale,Retailer,Siliguri,West Bengal,North Bengal,Rina Das,Cash,RC-KD-04,Kiddo Kids - Polka Dot,Kids Umbrella,12,235.0,0.02
SO000054,2025-04-18,Delivered,C056,Bharat Wholesale,Retailer,Siliguri,West Bengal,North Bengal,Rina Das,Cash,RC-UV-04,SunGuard UV Sun - Beige,UV Sun Umbrella,24,420.0,0.01
SO000054,2025-04-18,Delivered,C056,Bharat Wholesale,Retailer,Siliguri,West Bengal,North Bengal,Rina Das,Cash,RC-3F-03,Storm 3-Fold - Floral Print,3-Fold Umbrella,12,275.0,0.01
SO000055,2025-04-19,Delivered,C013,Hanuman Stores,Wholesaler,Bardhaman,West Bengal,South Bengal,Amit Sarkar,Credit,RC-3F-05,Breeze 3-Fold - Grey,3-Fold Umbrella,96,255.0,0.05
SO000055,2025-04-19,Delivered,C013,Hanuman Stores,Wholesaler,Bardhaman,West Bengal,South Bengal,Amit Sarkar,Credit,RC-3F-07,Classic 3-Fold - Beige,3-Fold Umbrella,96,300.0,0.04
SO000056,2025-04-19,Delivered,C017,New Traders,Distributor,Tezpur,Assam,North-East,Bikash Roy,Credit,RC-2F-03,Classic 2-Fold - Checks,2-Fold Umbrella,216,435.0,0.12
SO000056,2025-04-19,Delivered,C017,New Traders,Distributor,Tezpur,Assam,North-East,Bikash Roy,Credit,RC-2F-05,Breeze 2-Fold - Grey,2-Fold Umbrella,180,375.0,0.11
SO000056,2025-04-19,Delivered,C017,New Traders,Distributor,Tezpur,Assam,North-East,Bikash Roy,Credit,RC-UV-04,SunGuard UV Sun - Beige,UV Sun Umbrella,216,420.0,0.09
SO000057,2025-04-19,Delivered,C030,Star Enterprises,Wholesaler,Shillong,Meghalaya,North-East,Bikash Roy,Credit,RC-2F-06,Breeze 2-Fold - Floral Print,2-Fold Umbrella,84,270.0,0.05
SO000057,2025-04-19,Delivered,C030,Star Enterprises,Wholesaler,Shillong,Meghalaya,North-East,Bikash Roy,Credit,RC-UV-01,SunGuard UV Sun - Maroon,UV Sun Umbrella,24,375.0,0.07
SO000057,2025-04-19,Delivered,C030,Star Enterprises,Wholesaler,Shillong,Meghalaya,North-East,Bikash Roy,Credit,RC-LG-05,Storm Long - Checks,Long Umbrella,12,345.0,0.06
SO000057,2025-04-19,Delivered,C030,Star Enterprises,Wholesaler,Shillong,Meghalaya,North-East,Bikash Roy,Credit,RC-UV-04,SunGuard UV Sun - Beige,UV Sun Umbrella,84,420.0,0.06
SO000058,2025-04-19,Delivered,C041,New Enterprises,Distributor,Agartala,Tripura,North-East,Bikash Roy,Credit,RC-UV-03,SunGuard UV Sun - Checks,UV Sun Umbrella,276,445.0,0.11
SO000058,2025-04-19,Delivered,C041,New Enterprises,Distributor,Agartala,Tripura,North-East,Bikash Roy,Credit,RC-RC-01,Shield Raincoat - Red,Raincoat,96,690.0,0.11
SO000058,2025-04-19,Delivered,C041,New Enterprises,Distributor,Agartala,Tripura,North-East,Bikash Roy,Credit,RC-UV-04,SunGuard UV Sun - Beige,UV Sun Umbrella,240,420.0,0.1
SO000059,2025-04-19,Delivered,C046,Sri Durga Traders,Distributor,Cooch Behar,West Bengal,North Bengal,Rina Das,Credit,RC-LG-03,Storm Long - Bottle Green,Long Umbrella,120,430.0,0.11
SO000059,2025-04-19,Delivered,C046,Sri Durga Traders,Distributor,Cooch Behar,West Bengal,North Bengal,Rina Das,Credit,RC-UV-04,SunGuard UV Sun - Beige,UV Sun Umbrella,72,420.0,0.12
SO000059,2025-04-19,Delivered,C046,Sri Durga Traders,Distributor,Cooch Behar,West Bengal,North Bengal,Rina Das,Credit,RC-3F-08,Compact 3-Fold - Checks,3-Fold Umbrella,132,295.0,0.1
SO000059,2025-04-19,Delivered,C046,Sri Durga Traders,Distributor,Cooch Behar,West Bengal,North Bengal,Rina Das,Credit,RC-3F-06,Breeze 3-Fold - Floral Print,3-Fold Umbrella,264,260.0,0.1
SO000060,2025-04-21,Delivered,C001,Laxmi Distributors,Retailer,Agartala,Tripura,North-East,Bikash Roy,Cash,RC-2F-03,Classic 2-Fold - Checks,2-Fold Umbrella,12,435.0,0.02
SO000060,2025-04-21,Delivered,C001,Laxmi Distributors,Retailer,Agartala,Tripura,North-East,Bikash Roy,Cash,RC-3F-08,Compact 3-Fold - Checks,3-Fold Umbrella,12,295.0,0.03
SO000061,2025-04-21,Delivered,C027,Kalyani General Store,Retailer,Asansol,West Bengal,South Bengal,Amit Sarkar,Cash,RC-UV-04,SunGuard UV Sun - Beige,UV Sun Umbrella,24,420.0,0.0
SO000061,2025-04-21,Delivered,C027,Kalyani General Store,Retailer,Asansol,West Bengal,South Bengal,Amit Sarkar,Cash,RC-3F-08,Compact 3-Fold - Checks,3-Fold Umbrella,12,295.0,0.0
SO000061,2025-04-21,Delivered,C027,Kalyani General Store,Retailer,Asansol,West Bengal,South Bengal,Amit Sarkar,Cash,RC-RC-01,Shield Raincoat - Red,Raincoat,12,690.0,0.0
SO000062,2025-04-21,Delivered,C032,Modern Bazaar,Retailer,Jamshedpur,Jharkhand,Other East,Rakesh Singh,Cash,RC-UV-01,SunGuard UV Sun - Maroon,UV Sun Umbrella,12,375.0,0.01
SO000063,2025-04-21,Delivered,C041,New Enterprises,Distributor,Agartala,Tripura,North-East,Bikash Roy,Credit,RC-RC-05,Shield Raincoat - Polka Dot,Raincoat,84,655.0,0.09
SO000063,2025-04-21,Delivered,C041,New Enterprises,Distributor,Agartala,Tripura,North-East,Bikash Roy,Credit,RC-UV-04,SunGuard UV Sun - Beige,UV Sun Umbrella,180,420.0,0.1
SO000063,2025-04-21,Delivered,C041,New Enterprises,Distributor,Agartala,Tripura,North-East,Bikash Roy,Credit,RC-LG-05,Storm Long - Checks,Long Umbrella,84,345.0,0.12
SO000063,2025-04-21,Delivered,C041,New Enterprises,Distributor,Agartala,Tripura,North-East,Bikash Roy,Credit,RC-3F-04,Compact 3-Fold - Navy Blue,3-Fold Umbrella,120,345.0,0.09
SO000063,2025-04-21,Delivered,C041,New Enterprises,Distributor,Agartala,Tripura,North-East,Bikash Roy,Credit,RC-RC-01,Shield Raincoat - Red,Raincoat,156,690.0,0.12
SO000064,2025-04-21,Delivered,C060,Modern Marketing,Retailer,Durgapur,West Bengal,South Bengal,Amit Sarkar,Credit,RC-UV-01,SunGuard UV Sun - Maroon,UV Sun Umbrella,24,375.0,0.03
SO000064,2025-04-21,Delivered,C060,Modern Marketing,Retailer,Durgapur,West Bengal,South Bengal,Amit Sarkar,Credit,RC-UV-04,SunGuard UV Sun - Beige,UV Sun Umbrella,12,420.0,0.02
SO000065,2025-04-22,Delivered,C021,City Traders,Wholesaler,Bhubaneswar,Odisha,Other East,Rakesh Singh,Credit,RC-LG-02,Storm Long - Grey,Long Umbrella,72,385.0,0.03
SO000065,2025-04-22,Delivered,C021,City Traders,Wholesaler,Bhubaneswar,Odisha,Other East,Rakesh Singh,Credit,RC-RC-05,Shield Raincoat - Polka Dot,Raincoat,72,655.0,0.04
SO000066,2025-04-22,Delivered,C029,City Stores,Retailer,Durgapur,West Bengal,South Bengal,Amit Sarkar,Cash,RC-3F-03,Storm 3-Fold - Floral Print,3-Fold Umbrella,12,275.0,0.02
SO000066,2025-04-22,Delivered,C029,City Stores,Retailer,Durgapur,West Bengal,South Bengal,Amit Sarkar,Cash,RC-RC-01,Shield Raincoat - Red,Raincoat,12,690.0,0.02
SO000067,2025-04-22,Delivered,C046,Sri Durga Traders,Distributor,Cooch Behar,West Bengal,North Bengal,Rina Das,Credit,RC-KD-01,Kiddo Kids - Cartoon Print,Kids Umbrella,300,220.0,0.1
SO000067,2025-04-22,Delivered,C046,Sri Durga Traders,Distributor,Cooch Behar,West Bengal,North Bengal,Rina Das,Credit,RC-UV-04,SunGuard UV Sun - Beige,UV Sun Umbrella,180,420.0,0.12
SO000067,2025-04-22,Delivered,C046,Sri Durga Traders,Distributor,Cooch Behar,West Bengal,North Bengal,Rina Das,Credit,RC-3F-10,Compact 3-Fold - Red,3-Fold Umbrella,276,260.0,0.08
SO000067,2025-04-22,Delivered,C046,Sri Durga Traders,Distributor,Cooch Behar,West Bengal,North Bengal,Rina Das,Credit,RC-3F-05,Breeze 3-Fold - Grey,3-Fold Umbrella,300,255.0,0.09
SO000068,2025-04-22,Delivered,C048,Purbanchal Agencies,Wholesaler,Tezpur,Assam,North-East,Bikash Roy,Credit,RC-UV-03,SunGuard UV Sun - Checks,UV Sun Umbrella,84,445.0,0.03
SO000068,2025-04-22,Delivered,C048,Purbanchal Agencies,Wholesaler,Tezpur,Assam,North-East,Bikash Roy,Credit,RC-RC-04,Shield Raincoat - Checks,Raincoat,48,435.0,0.06
SO000068,2025-04-22,Delivered,C048,Purbanchal Agencies,Wholesaler,Tezpur,Assam,North-East,Bikash Roy,Credit,RC-UV-01,SunGuard UV Sun - Maroon,UV Sun Umbrella,84,375.0,0.03
SO000068,2025-04-22,Delivered,C048,Purbanchal Agencies,Wholesaler,Tezpur,Assam,North-East,Bikash Roy,Credit,RC-2F-01,Classic 2-Fold - Maroon,2-Fold Umbrella,36,310.0,0.07
SO000069,2025-04-23,Delivered,C013,Hanuman Stores,Wholesaler,Bardhaman,West Bengal,South Bengal,Amit Sarkar,Credit,RC-UV-04,SunGuard UV Sun - Beige,UV Sun Umbrella,132,420.0,0.05
SO000069,2025-04-23,Delivered,C013,Hanuman Stores,Wholesaler,Bardhaman,West Bengal,South Bengal,Amit Sarkar,Credit,RC-3F-08,Compact 3-Fold - Checks,3-Fold Umbrella,72,295.0,0.06
SO000069,2025-04-23,Delivered,C013,Hanuman Stores,Wholesaler,Bardhaman,West Bengal,South Bengal,Amit Sarkar,Credit,RC-2F-05,Breeze 2-Fold - Grey,2-Fold Umbrella,72,375.0,0.07
SO000069,2025-04-23,Delivered,C013,Hanuman Stores,Wholesaler,Bardhaman,West Bengal,South Bengal,Amit Sarkar,Credit,RC-RC-02,Shield Raincoat - Bottle Green,Raincoat,60,690.0,0.04
SO000070,2025-04-23,Delivered,C059,Sunrise Wholesale,Wholesaler,Durgapur,West Bengal,South Bengal,Amit Sarkar,Credit,RC-UV-01,SunGuard UV Sun - Maroon,UV Sun Umbrella,108,375.0,0.05
SO000070,2025-04-23,Delivered,C059,Sunrise Wholesale,Wholesaler,Durgapur,West Bengal,South Bengal,Amit Sarkar,Credit,RC-UV-04,SunGuard UV Sun - Beige,UV Sun Umbrella,60,420.0,0.05
SO000070,2025-04-23,Delivered,C059,Sunrise Wholesale,Wholesaler,Durgapur,West Bengal,South Bengal,Amit Sarkar,Credit,RC-LG-03,Storm Long - Bottle Green,Long Umbrella,48,430.0,0.05
SO000071,2025-04-24,Delivered,C006,Modern Stores,Wholesaler,Howrah,West Bengal,South Bengal,Amit Sarkar,Credit,RC-UV-04,SunGuard UV Sun - Beige,UV Sun Umbrella,120,420.0,0.06
SO000071,2025-04-24,Delivered,C006,Modern Stores,Wholesaler,Howrah,West Bengal,South Bengal,Amit Sarkar,Credit,RC-2F-01,Classic 2-Fold - Maroon,2-Fold Umbrella,24,310.0,0.06
SO000071,2025-04-24,Delivered,C006,Modern Stores,Wholesaler,Howrah,West Bengal,South Bengal,Amit Sarkar,Credit,RC-RC-01,Shield Raincoat - Red,Raincoat,120,690.0,0.04
SO000071,2025-04-24,Delivered,C006,Modern Stores,Wholesaler,Howrah,West Bengal,South Bengal,Amit Sarkar,Credit,RC-3F-09,Classic 3-Fold - Black,3-Fold Umbrella,120,205.0,0.04
SO000072,2025-04-24,Delivered,C014,New Traders,Distributor,Imphal,Manipur,North-East,Bikash Roy,Credit,RC-3F-05,Breeze 3-Fold - Grey,3-Fold Umbrella,48,255.0,0.11
SO000072,2025-04-24,Delivered,C014,New Traders,Distributor,Imphal,Manipur,North-East,Bikash Roy,Credit,RC-3F-04,Compact 3-Fold - Navy Blue,3-Fold Umbrella,60,345.0,0.12
SO000072,2025-04-24,Delivered,C014,New Traders,Distributor,Imphal,Manipur,North-East,Bikash Roy,Credit,RC-RC-01,Shield Raincoat - Red,Raincoat,36,690.0,0.12
SO000073,2025-04-24,Delivered,C029,City Stores,Retailer,Durgapur,West Bengal,South Bengal,Amit Sarkar,Cash,RC-RC-02,Shield Raincoat - Bottle Green,Raincoat,24,690.0,0.02
SO000074,2025-04-24,Delivered,C031,Purbanchal Umbrella House,Retailer,Imphal,Manipur,North-East,Bikash Roy,Credit,RC-2F-01,Classic 2-Fold - Maroon,2-Fold Umbrella,48,310.0,0.01
SO000074,2025-04-24,Delivered,C031,Purbanchal Umbrella House,Retailer,Imphal,Manipur,North-East,Bikash Roy,Credit,RC-UV-04,SunGuard UV Sun - Beige,UV Sun Umbrella,72,420.0,0.01
SO000074,2025-04-24,Delivered,C031,Purbanchal Umbrella House,Retailer,Imphal,Manipur,North-East,Bikash Roy,Credit,RC-3F-06,Breeze 3-Fold - Floral Print,3-Fold Umbrella,72,260.0,0.01
SO000075,2025-04-24,Delivered,C047,Teesta Trading Co.,Retailer,Bhagalpur,Bihar,Other East,Rakesh Singh,Cash,RC-UV-04,SunGuard UV Sun - Beige,UV Sun Umbrella,12,420.0,0.03
SO000075,2025-04-24,Delivered,C047,Teesta Trading Co.,Retailer,Bhagalpur,Bihar,Other East,Rakesh Singh,Cash,RC-UV-01,SunGuard UV Sun - Maroon,UV Sun Umbrella,12,375.0,0.02
SO000075,2025-04-24,Delivered,C047,Teesta Trading Co.,Retailer,Bhagalpur,Bihar,Other East,Rakesh Singh,Cash,RC-2F-01,Classic 2-Fold - Maroon,2-Fold Umbrella,12,310.0,0.01
SO000076,2025-04-24,Delivered,C055,Sonali Traders,Retailer,Bardhaman,West Bengal,South Bengal,Amit Sarkar,Cash,RC-3F-08,Compact 3-Fold - Checks,3-Fold Umbrella,36,295.0,0.02
SO000077,2025-04-25,Delivered,C002,City Distributors,Retailer,Tezpur,Assam,North-East,Bikash Roy,Credit,RC-KD-04,Kiddo Kids - Polka Dot,Kids Umbrella,12,235.0,0.02
SO000077,2025-04-25,Delivered,C002,City Distributors,Retailer,Tezpur,Assam,North-East,Bikash Roy,Credit,RC-2F-04,Classic 2-Fold - Red,2-Fold Umbrella,12,310.0,0.0
SO000078,2025-04-25,Delivered,C009,Brahmaputra General Store,Retailer,Guwahati,Assam,North-East,Bikash Roy,Cash,RC-RC-03,Shield Raincoat - Grey,Raincoat,24,740.0,0.02
SO000078,2025-04-25,Delivered,C009,Brahmaputra General Store,Retailer,Guwahati,Assam,North-East,Bikash Roy,Cash,RC-UV-03,SunGuard UV Sun - Checks,UV Sun Umbrella,12,445.0,0.01
SO000078,2025-04-25,Delivered,C009,Brahmaputra General Store,Retailer,Guwahati,Assam,North-East,Bikash Roy,Cash,RC-3F-08,Compact 3-Fold - Checks,3-Fold Umbrella,24,295.0,0.02
SO000079,2025-04-25,Delivered,C013,Hanuman Stores,Wholesaler,Bardhaman,West Bengal,South Bengal,Amit Sarkar,Credit,RC-RC-02,Shield Raincoat - Bottle Green,Raincoat,96,690.0,0.07
SO000079,2025-04-25,Delivered,C013,Hanuman Stores,Wholesaler,Bardhaman,West Bengal,South Bengal,Amit Sarkar,Credit,RC-2F-06,Breeze 2-Fold - Floral Print,2-Fold Umbrella,156,270.0,0.03
SO000079,2025-04-25,Delivered,C013,Hanuman Stores,Wholesaler,Bardhaman,West Bengal,South Bengal,Amit Sarkar,Credit,RC-2F-04,Classic 2-Fold - Red,2-Fold Umbrella,72,310.0,0.03
SO000080,2025-04-25,Delivered,C031,Purbanchal Umbrella House,Retailer,Imphal,Manipur,North-East,Bikash Roy,Credit,RC-KD-04,Kiddo Kids - Polka Dot,Kids Umbrella,48,235.0,0.02
SO000081,2025-04-25,Delivered,C035,Ganga Traders,Retailer,Bardhaman,West Bengal,South Bengal,Amit Sarkar,Credit,RC-2F-01,Classic 2-Fold - Maroon,2-Fold Umbrella,12,310.0,0.0
SO000082,2025-04-25,Delivered,C048,Purbanchal Agencies,Wholesaler,Tezpur,Assam,North-East,Bikash Roy,Credit,RC-3F-04,Compact 3-Fold - Navy Blue,3-Fold Umbrella,48,345.0,0.07
SO000082,2025-04-25,Delivered,C048,Purbanchal Agencies,Wholesaler,Tezpur,Assam,North-East,Bikash Roy,Credit,RC-RC-03,Shield Raincoat - Grey,Raincoat,96,740.0,0.04
SO000082,2025-04-25,Delivered,C048,Purbanchal Agencies,Wholesaler,Tezpur,Assam,North-East,Bikash Roy,Credit,RC-3F-01,Classic 3-Fold - Polka Dot,3-Fold Umbrella,36,330.0,0.04
SO000082,2025-04-25,Delivered,C048,Purbanchal Agencies,Wholesaler,Tezpur,Assam,North-East,Bikash Roy,Credit,RC-UV-04,SunGuard UV Sun - Beige,UV Sun Umbrella,24,420.0,0.04
SO000083,2025-04-28,Delivered,C003,Brahmaputra Wholesale,Distributor,Tezpur,Assam,North-East,Bikash Roy,Credit,RC-UV-01,SunGuard UV Sun - Maroon,UV Sun Umbrella,180,375.0,0.11
SO000083,2025-04-28,Delivered,C003,Brahmaputra Wholesale,Distributor,Tezpur,Assam,North-East,Bikash Roy,Credit,RC-RC-01,Shield Raincoat - Red,Raincoat,156,690.0,0.11
SO000083,2025-04-28,Delivered,C003,Brahmaputra Wholesale,Distributor,Tezpur,Assam,North-East,Bikash Roy,Credit,RC-3F-01,Classic 3-Fold - Polka Dot,3-Fold Umbrella,156,330.0,0.12
SO000083,2025-04-28,Delivered,C003,Brahmaputra Wholesale,Distributor,Tezpur,Assam,North-East,Bikash Roy,Credit,RC-2F-06,Breeze 2-Fold - Floral Print,2-Fold Umbrella,180,270.0,0.09
SO000084,2025-04-28,Delivered,C055,Sonali Traders,Retailer,Bardhaman,West Bengal,South Bengal,Amit Sarkar,Cash,RC-3F-02,Breeze 3-Fold - Transparent,3-Fold Umbrella,24,305.0,0.01
SO000084,2025-04-28,Delivered,C055,Sonali Traders,Retailer,Bardhaman,West Bengal,South Bengal,Amit Sarkar,Cash,RC-KD-01,Kiddo Kids - Cartoon Print,Kids Umbrella,36,220.0,0.02
SO000084,2025-04-28,Delivered,C055,Sonali Traders,Retailer,Bardhaman,West Bengal,South Bengal,Amit Sarkar,Cash,RC-UV-04,SunGuard UV Sun - Beige,UV Sun Umbrella,36,420.0,0.0
SO000085,2025-04-29,Delivered,C034,Sai Distributors,Wholesaler,Imphal,Manipur,North-East,Bikash Roy,Credit,RC-UV-05,SunGuard UV Sun - Transparent,UV Sun Umbrella,72,525.0,0.05
SO000085,2025-04-29,Delivered,C034,Sai Distributors,Wholesaler,Imphal,Manipur,North-East,Bikash Roy,Credit,RC-3F-08,Compact 3-Fold - Checks,3-Fold Umbrella,84,295.0,0.07
SO000086,2025-04-29,Delivered,C056,Bharat Wholesale,Retailer,Siliguri,West Bengal,North Bengal,Rina Das,Cash,RC-UV-01,SunGuard UV Sun - Maroon,UV Sun Umbrella,12,375.0,0.0
SO000087,2025-04-30,Delivered,C003,Brahmaputra Wholesale,Distributor,Tezpur,Assam,North-East,Bikash Roy,Credit,RC-UV-05,SunGuard UV Sun - Transparent,UV Sun Umbrella,120,525.0,0.08
SO000087,2025-04-30,Delivered,C003,Brahmaputra Wholesale,Distributor,Tezpur,Assam,North-East,Bikash Roy,Credit,RC-UV-04,SunGuard UV Sun - Beige,UV Sun Umbrella,252,420.0,0.11
SO000087,2025-04-30,Delivered,C003,Brahmaputra Wholesale,Distributor,Tezpur,Assam,North-East,Bikash Roy,Credit,RC-UV-03,SunGuard UV Sun - Checks,UV Sun Umbrella,72,445.0,0.09
SO000087,2025-04-30,Delivered,C003,Brahmaputra Wholesale,Distributor,Tezpur,Assam,North-East,Bikash Roy,Credit,RC-UV-01,SunGuard UV Sun - Maroon,UV Sun Umbrella,156,375.0,0.11
SO000087,2025-04-30,Delivered,C003,Brahmaputra Wholesale,Distributor,Tezpur,Assam,North-East,Bikash Roy,Credit,RC-LG-05,Storm Long - Checks,Long Umbrella,96,345.0,0.1
SO000087,2025-04-30,Delivered,C003,Brahmaputra Wholesale,Distributor,Tezpur,Assam,North-East,Bikash Roy,Credit,RC-3F-09,Classic 3-Fold - Black,3-Fold Umbrella,216,205.0,0.11
SO000088,2025-04-30,Delivered,C006,Modern Stores,Wholesaler,Howrah,West Bengal,South Bengal,Amit Sarkar,Credit,RC-UV-04,SunGuard UV Sun - Beige,UV Sun Umbrella,96,420.0,0.03
SO000088,2025-04-30,Delivered,C006,Modern Stores,Wholesaler,Howrah,West Bengal,South Bengal,Amit Sarkar,Credit,RC-LG-05,Storm Long - Checks,Long Umbrella,96,345.0,0.04
SO000088,2025-04-30,Delivered,C006,Modern Stores,Wholesaler,Howrah,West Bengal,South Bengal,Amit Sarkar,Credit,RC-3F-03,Storm 3-Fold - Floral Print,3-Fold Umbrella,84,275.0,0.04
SO000089,2025-04-30,Delivered,C041,New Enterprises,Distributor,Agartala,Tripura,North-East,Bikash Roy,Credit,RC-UV-01,SunGuard UV Sun - Maroon,UV Sun Umbrella,144,375.0,0.09
SO000089,2025-04-30,Delivered,C041,New Enterprises,Distributor,Agartala,Tripura,North-East,Bikash Roy,Credit,RC-KD-01,Kiddo Kids - Cartoon Print,Kids Umbrella,120,220.0,0.08
SO000089,2025-04-30,Delivered,C041,New Enterprises,Distributor,Agartala,Tripura,North-East,Bikash Roy,Credit,RC-UV-04,SunGuard UV Sun - Beige,UV Sun Umbrella,156,420.0,0.11
SO000089,2025-04-30,Delivered,C041,New Enterprises,Distributor,Agartala,Tripura,North-East,Bikash Roy,Credit,RC-RC-02,Shield Raincoat - Bottle Green,Raincoat,204,690.0,0.1
SO000090,2025-04-30,Delivered,C058,Lokenath General Store,Wholesaler,Howrah,West Bengal,South Bengal,Amit Sarkar,Credit,RC-3F-05,Breeze 3-Fold - Grey,3-Fold Umbrella,72,255.0,0.03
SO000090,2025-04-30,Delivered,C058,Lokenath General Store,Wholesaler,Howrah,West Bengal,South Bengal,Amit Sarkar,Credit,RC-UV-04,SunGuard UV Sun - Beige,UV Sun Umbrella,12,420.0,0.05
SO000090,2025-04-30,Delivered,C058,Lokenath General Store,Wholesaler,Howrah,West Bengal,South Bengal,Amit Sarkar,Credit,RC-3F-06,Breeze 3-Fold - Floral Print,3-Fold Umbrella,48,260.0,0.04
SO000090,2025-04-30,Delivered,C058,Lokenath General Store,Wholesaler,Howrah,West Bengal,South Bengal,Amit Sarkar,Credit,RC-RC-01,Shield Raincoat - Red,Raincoat,48,690.0,0.06
SO000091,2025-05-01,Delivered,C017,New Traders,Distributor,Tezpur,Assam,North-East,Bikash Roy,Credit,RC-UV-01,SunGuard UV Sun - Maroon,UV Sun Umbrella,108,375.0,0.09
SO000091,2025-05-01,Delivered,C017,New Traders,Distributor,Tezpur,Assam,North-East,Bikash Roy,Credit,RC-3F-06,Breeze 3-Fold - Floral Print,3-Fold Umbrella,180,260.0,0.11
SO000091,2025-05-01,Delivered,C017,New Traders,Distributor,Tezpur,Assam,North-East,Bikash Roy,Credit,RC-2F-03,Classic 2-Fold - Checks,2-Fold Umbrella,156,435.0,0.09
SO000091,2025-05-01,Delivered,C017,New Traders,Distributor,Tezpur,Assam,North-East,Bikash Roy,Credit,RC-2F-02,Breeze 2-Fold - Red,2-Fold Umbrella,120,290.0,0.1
SO000091,2025-05-01,Delivered,C017,New Traders,Distributor,Tezpur,Assam,North-East,Bikash Roy,Credit,RC-KD-04,Kiddo Kids - Polka Dot,Kids Umbrella,204,235.0,0.1
SO000092,2025-05-01,Delivered,C021,City Traders,Wholesaler,Bhubaneswar,Odisha,Other East,Rakesh Singh,Credit,RC-UV-01,SunGuard UV Sun - Maroon,UV Sun Umbrella,48,375.0,0.05
SO000092,2025-05-01,Delivered,C021,City Traders,Wholesaler,Bhubaneswar,Odisha,Other East,Rakesh Singh,Credit,RC-2F-01,Classic 2-Fold - Maroon,2-Fold Umbrella,96,310.0,0.06
SO000093,2025-05-01,Delivered,C031,Purbanchal Umbrella House,Retailer,Imphal,Manipur,North-East,Bikash Roy,Credit,RC-2F-02,Breeze 2-Fold - Red,2-Fold Umbrella,72,290.0,0.02
SO000093,2025-05-01,Delivered,C031,Purbanchal Umbrella House,Retailer,Imphal,Manipur,North-East,Bikash Roy,Credit,RC-3F-05,Breeze 3-Fold - Grey,3-Fold Umbrella,72,255.0,0.01
SO000093,2025-05-01,Delivered,C031,Purbanchal Umbrella House,Retailer,Imphal,Manipur,North-East,Bikash Roy,Credit,RC-LG-01,Auto-Open Long - Maroon,Long Umbrella,72,390.0,0.02
SO000094,2025-05-01,Delivered,C046,Sri Durga Traders,Distributor,Cooch Behar,West Bengal,North Bengal,Rina Das,Credit,RC-RC-01,Shield Raincoat - Red,Raincoat,168,690.0,0.09
SO000094,2025-05-01,Delivered,C046,Sri Durga Traders,Distributor,Cooch Behar,West Bengal,North Bengal,Rina Das,Credit,RC-2F-03,Classic 2-Fold - Checks,2-Fold Umbrella,108,435.0,0.1
SO000094,2025-05-01,Delivered,C046,Sri Durga Traders,Distributor,Cooch Behar,West Bengal,North Bengal,Rina Das,Credit,RC-2F-02,Breeze 2-Fold - Red,2-Fold Umbrella,120,290.0,0.1
SO000094,2025-05-01,Delivered,C046,Sri Durga Traders,Distributor,Cooch Behar,West Bengal,North Bengal,Rina Das,Credit,RC-UV-02,SunGuard UV Sun - Grey,UV Sun Umbrella,168,580.0,0.1
SO000095,2025-05-01,Delivered,C048,Purbanchal Agencies,Wholesaler,Tezpur,Assam,North-East,Bikash Roy,Credit,RC-RC-01,Shield Raincoat - Red,Raincoat,96,690.0,0.05
SO000095,2025-05-01,Delivered,C048,Purbanchal Agencies,Wholesaler,Tezpur,Assam,North-East,Bikash Roy,Credit,RC-2F-03,Classic 2-Fold - Checks,2-Fold Umbrella,72,435.0,0.06
SO000095,2025-05-01,Delivered,C048,Purbanchal Agencies,Wholesaler,Tezpur,Assam,North-East,Bikash Roy,Credit,RC-3F-08,Compact 3-Fold - Checks,3-Fold Umbrella,84,295.0,0.05
SO000095,2025-05-01,Delivered,C048,Purbanchal Agencies,Wholesaler,Tezpur,Assam,North-East,Bikash Roy,Credit,RC-3F-10,Compact 3-Fold - Red,3-Fold Umbrella,60,260.0,0.05
SO000096,2025-05-01,Delivered,C050,Biswakarma Traders,Retailer,Shillong,Meghalaya,North-East,Bikash Roy,Cash,RC-2F-06,Breeze 2-Fold - Floral Print,2-Fold Umbrella,36,270.0,0.02
SO000097,2025-05-02,Delivered,C006,Modern Stores,Wholesaler,Howrah,West Bengal,South Bengal,Amit Sarkar,Credit,RC-RC-02,Shield Raincoat - Bottle Green,Raincoat,60,690.0,0.04
SO000097,2025-05-02,Delivered,C006,Modern Stores,Wholesaler,Howrah,West Bengal,South Bengal,Amit Sarkar,Credit,RC-UV-04,SunGuard UV Sun - Beige,UV Sun Umbrella,84,420.0,0.07
SO000097,2025-05-02,Delivered,C006,Modern Stores,Wholesaler,Howrah,West Bengal,South Bengal,Amit Sarkar,Credit,RC-3F-06,Breeze 3-Fold - Floral Print,3-Fold Umbrella,120,260.0,0.04
SO000097,2025-05-02,Delivered,C006,Modern Stores,Wholesaler,Howrah,West Bengal,South Bengal,Amit Sarkar,Credit,RC-2F-03,Classic 2-Fold - Checks,2-Fold Umbrella,120,435.0,0.06
SO000098,2025-05-02,Delivered,C013,Hanuman Stores,Wholesaler,Bardhaman,West Bengal,South Bengal,Amit Sarkar,Credit,RC-GF-01,Pro Golf - Floral Print,Golf Umbrella,36,745.0,0.06
SO000098,2025-05-02,Delivered,C013,Hanuman Stores,Wholesaler,Bardhaman,West Bengal,South Bengal,Amit Sarkar,Credit,RC-KD-01,Kiddo Kids - Cartoon Print,Kids Umbrella,132,220.0,0.03
SO000098,2025-05-02,Delivered,C013,Hanuman Stores,Wholesaler,Bardhaman,West Bengal,South Bengal,Amit Sarkar,Credit,RC-RC-01,Shield Raincoat - Red,Raincoat,36,690.0,0.04
SO000099,2025-05-02,Delivered,C014,New Traders,Distributor,Imphal,Manipur,North-East,Bikash Roy,Credit,RC-KD-01,Kiddo Kids - Cartoon Print,Kids Umbrella,72,220.0,0.08
SO000099,2025-05-02,Delivered,C014,New Traders,Distributor,Imphal,Manipur,North-East,Bikash Roy,Credit,RC-2F-02,Breeze 2-Fold - Red,2-Fold Umbrella,132,290.0,0.1
SO000099,2025-05-02,Delivered,C014,New Traders,Distributor,Imphal,Manipur,North-East,Bikash Roy,Credit,RC-KD-04,Kiddo Kids - Polka Dot,Kids Umbrella,108,235.0,0.09
SO000099,2025-05-02,Delivered,C014,New Traders,Distributor,Imphal,Manipur,North-East,Bikash Roy,Credit,RC-UV-05,SunGuard UV Sun - Transparent,UV Sun Umbrella,72,525.0,0.08
SO000099,2025-05-02,Delivered,C014,New Traders,Distributor,Imphal,Manipur,North-East,Bikash Roy,Credit,RC-UV-04,SunGuard UV Sun - Beige,UV Sun Umbrella,96,420.0,0.11
SO000099,2025-05-02,Delivered,C014,New Traders,Distributor,Imphal,Manipur,North-East,Bikash Roy,Credit,RC-LG-06,Heritage Long - Maroon,Long Umbrella,96,570.0,0.1
SO000100,2025-05-02,Delivered,C015,Modern Traders,Retailer,Asansol,West Bengal,South Bengal,Amit Sarkar,Cash,RC-RC-05,Shield Raincoat - Polka Dot,Raincoat,12,655.0,0.02
SO000100,2025-05-02,Delivered,C015,Modern Traders,Retailer,Asansol,West Bengal,South Bengal,Amit Sarkar,Cash,RC-UV-01,SunGuard UV Sun - Maroon,UV Sun Umbrella,12,375.0,0.02
SO000100,2025-05-02,Delivered,C015,Modern Traders,Retailer,Asansol,West Bengal,South Bengal,Amit Sarkar,Cash,RC-3F-01,Classic 3-Fold - Polka Dot,3-Fold Umbrella,12,330.0,0.0
SO000101,2025-05-02,Delivered,C017,New Traders,Distributor,Tezpur,Assam,North-East,Bikash Roy,Credit,RC-2F-04,Classic 2-Fold - Red,2-Fold Umbrella,180,310.0,0.11
SO000101,2025-05-02,Delivered,C017,New Traders,Distributor,Tezpur,Assam,North-East,Bikash Roy,Credit,RC-RC-01,Shield Raincoat - Red,Raincoat,60,690.0,0.12
SO000101,2025-05-02,Delivered,C017,New Traders,Distributor,Tezpur,Assam,North-East,Bikash Roy,Credit,RC-LG-05,Storm Long - Checks,Long Umbrella,60,345.0,0.09
SO000101,2025-05-02,Delivered,C017,New Traders,Distributor,Tezpur,Assam,North-East,Bikash Roy,Credit,RC-LG-01,Auto-Open Long - Maroon,Long Umbrella,120,390.0,0.1
SO000102,2025-05-02,Delivered,C041,New Enterprises,Distributor,Agartala,Tripura,North-East,Bikash Roy,Credit,RC-RC-01,Shield Raincoat - Red,Raincoat,252,690.0,0.09
SO000102,2025-05-02,Delivered,C041,New Enterprises,Distributor,Agartala,Tripura,North-East,Bikash Roy,Credit,RC-UV-02,SunGuard UV Sun - Grey,UV Sun Umbrella,132,580.0,0.11
SO000102,2025-05-02,Delivered,C041,New Enterprises,Distributor,Agartala,Tripura,North-East,Bikash Roy,Credit,RC-LG-06,Heritage Long - Maroon,Long Umbrella,144,570.0,0.1
SO000102,2025-05-02,Delivered,C041,New Enterprises,Distributor,Agartala,Tripura,North-East,Bikash Roy,Credit,RC-GF-01,Pro Golf - Floral Print,Golf Umbrella,180,745.0,0.1
SO000102,2025-05-02,Delivered,C041,New Enterprises,Distributor,Agartala,Tripura,North-East,Bikash Roy,Credit,RC-LG-03,Storm Long - Bottle Green,Long Umbrella,156,430.0,0.08
SO000102,2025-05-02,Delivered,C041,New Enterprises,Distributor,Agartala,Tripura,North-East,Bikash Roy,Credit,RC-2F-02,Breeze 2-Fold - Red,2-Fold Umbrella,264,290.0,0.12
SO000103,2025-05-02,Delivered,C046,Sri Durga Traders,Distributor,Cooch Behar,West Bengal,North Bengal,Rina Das,Credit,RC-UV-04,SunGuard UV Sun - Beige,UV Sun Umbrella,132,420.0,0.08
SO000103,2025-05-02,Delivered,C046,Sri Durga Traders,Distributor,Cooch Behar,West Bengal,North Bengal,Rina Das,Credit,RC-3F-01,Classic 3-Fold - Polka Dot,3-Fold Umbrella,288,330.0,0.08
SO000103,2025-05-02,Delivered,C046,Sri Durga Traders,Distributor,Cooch Behar,West Bengal,North Bengal,Rina Das,Credit,RC-RC-02,Shield Raincoat - Bottle Green,Raincoat,300,690.0,0.1
SO000103,2025-05-02,Delivered,C046,Sri Durga Traders,Distributor,Cooch Behar,West Bengal,North Bengal,Rina Das,Credit,RC-RC-01,Shield Raincoat - Red,Raincoat,132,690.0,0.09
SO000103,2025-05-02,Delivered,C046,Sri Durga Traders,Distributor,Cooch Behar,West Bengal,North Bengal,Rina Das,Credit,RC-3F-06,Breeze 3-Fold - Floral Print,3-Fold Umbrella,108,260.0,0.12
SO000104,2025-05-03,Delivered,C003,Brahmaputra Wholesale,Distributor,Tezpur,Assam,North-East,Bikash Roy,Credit,RC-LG-05,Storm Long - Checks,Long Umbrella,60,345.0,0.11
SO000104,2025-05-03,Delivered,C003,Brahmaputra Wholesale,Distributor,Tezpur,Assam,North-East,Bikash Roy,Credit,RC-3F-04,Compact 3-Fold - Navy Blue,3-Fold Umbrella,228,345.0,0.09
SO000104,2025-05-03,Delivered,C003,Brahmaputra Wholesale,Distributor,Tezpur,Assam,North-East,Bikash Roy,Credit,RC-3F-08,Compact 3-Fold - Checks,3-Fold Umbrella,180,295.0,0.11
SO000104,2025-05-03,Delivered,C003,Brahmaputra Wholesale,Distributor,Tezpur,Assam,North-East,Bikash Roy,Credit,RC-3F-10,Compact 3-Fold - Red,3-Fold Umbrella,216,260.0,0.08
SO000104,2025-05-03,Delivered,C003,Brahmaputra Wholesale,Distributor,Tezpur,Assam,North-East,Bikash Roy,Credit,RC-UV-04,SunGuard UV Sun - Beige,UV Sun Umbrella,228,420.0,0.08
SO000105,2025-05-03,Delivered,C008,Popular & Sons,Retailer,Durgapur,West Bengal,South Bengal,Amit Sarkar,Credit,RC-LG-06,Heritage Long - Maroon,Long Umbrella,36,570.0,0.03
SO000105,2025-05-03,Delivered,C008,Popular & Sons,Retailer,Durgapur,West Bengal,South Bengal,Amit Sarkar,Credit,RC-3F-06,Breeze 3-Fold - Floral Print,3-Fold Umbrella,12,260.0,0.0
SO000106,2025-05-03,Delivered,C033,Krishna Distributors,Retailer,Jalpaiguri,West Bengal,North Bengal,Rina Das,Credit,RC-RC-01,Shield Raincoat - Red,Raincoat,12,690.0,0.01
SO000106,2025-05-03,Delivered,C033,Krishna Distributors,Retailer,Jalpaiguri,West Bengal,North Bengal,Rina Das,Credit,RC-UV-01,SunGuard UV Sun - Maroon,UV Sun Umbrella,36,375.0,0.03
SO000106,2025-05-03,Delivered,C033,Krishna Distributors,Retailer,Jalpaiguri,West Bengal,North Bengal,Rina Das,Credit,RC-3F-06,Breeze 3-Fold - Floral Print,3-Fold Umbrella,36,260.0,0.03
SO000107,2025-05-03,Delivered,C040,Krishna Distributors,Retailer,Patna,Bihar,Other East,Rakesh Singh,Credit,RC-3F-04,Compact 3-Fold - Navy Blue,3-Fold Umbrella,36,345.0,0.03
SO000107,2025-05-03,Delivered,C040,Krishna Distributors,Retailer,Patna,Bihar,Other East,Rakesh Singh,Credit,RC-UV-01,SunGuard UV Sun - Maroon,UV Sun Umbrella,24,375.0,0.02
SO000107,2025-05-03,Delivered,C040,Krishna Distributors,Retailer,Patna,Bihar,Other East,Rakesh Singh,Credit,RC-GF-01,Pro Golf - Floral Print,Golf Umbrella,12,745.0,0.03
SO000108,2025-05-03,Delivered,C041,New Enterprises,Distributor,Agartala,Tripura,North-East,Bikash Roy,Credit,RC-2F-01,Classic 2-Fold - Maroon,2-Fold Umbrella,216,310.0,0.08
SO000108,2025-05-03,Delivered,C041,New Enterprises,Distributor,Agartala,Tripura,North-East,Bikash Roy,Credit,RC-GF-01,Pro Golf - Floral Print,Golf Umbrella,204,745.0,0.08
SO000108,2025-05-03,Delivered,C041,New Enterprises,Distributor,Agartala,Tripura,North-East,Bikash Roy,Credit,RC-KD-04,Kiddo Kids - Polka Dot,Kids Umbrella,144,235.0,0.11
SO000108,2025-05-03,Delivered,C041,New Enterprises,Distributor,Agartala,Tripura,North-East,Bikash Roy,Credit,RC-3F-04,Compact 3-Fold - Navy Blue,3-Fold Umbrella,252,345.0,0.1
SO000108,2025-05-03,Delivered,C041,New Enterprises,Distributor,Agartala,Tripura,North-East,Bikash Roy,Credit,RC-RC-01,Shield Raincoat - Red,Raincoat,192,690.0,0.11
SO000108,2025-05-03,Delivered,C041,New Enterprises,Distributor,Agartala,Tripura,North-East,Bikash Roy,Credit,RC-UV-01,SunGuard UV Sun - Maroon,UV Sun Umbrella,216,375.0,0.11
SO000109,2025-05-05,Delivered,C006,Modern Stores,Wholesaler,Howrah,West Bengal,South Bengal,Amit Sarkar,Credit,RC-2F-01,Classic 2-Fold - Maroon,2-Fold Umbrella,24,310.0,0.07
SO000109,2025-05-05,Delivered,C006,Modern Stores,Wholesaler,Howrah,West Bengal,South Bengal,Amit Sarkar,Credit,RC-RC-01,Shield Raincoat - Red,Raincoat,96,690.0,0.05
SO000109,2025-05-05,Delivered,C006,Modern Stores,Wholesaler,Howrah,West Bengal,South Bengal,Amit Sarkar,Credit,RC-GF-01,Pro Golf - Floral Print,Golf Umbrella,60,745.0,0.04
SO000109,2025-05-05,Delivered,C006,Modern Stores,Wholesaler,Howrah,West Bengal,South Bengal,Amit Sarkar,Credit,RC-UV-04,SunGuard UV Sun - Beige,UV Sun Umbrella,132,420.0,0.04
SO000110,2025-05-05,Delivered,C007,Biswakarma Bazaar,Wholesaler,Malda,West Bengal,North Bengal,Rina Das,Credit,RC-LG-03,Storm Long - Bottle Green,Long Umbrella,48,430.0,0.05
SO000110,2025-05-05,Delivered,C007,Biswakarma Bazaar,Wholesaler,Malda,West Bengal,North Bengal,Rina Das,Credit,RC-GF-01,Pro Golf - Floral Print,Golf Umbrella,24,745.0,0.06
SO000110,2025-05-05,Delivered,C007,Biswakarma Bazaar,Wholesaler,Malda,West Bengal,North Bengal,Rina Das,Credit,RC-3F-01,Classic 3-Fold - Polka Dot,3-Fold Umbrella,36,330.0,0.04
SO000111,2025-05-05,Delivered,C012,Sonali Marketing,Wholesaler,Ranchi,Jharkhand,Other East,Rakesh Singh,Credit,RC-3F-06,Breeze 3-Fold - Floral Print,3-Fold Umbrella,24,260.0,0.04
SO000111,2025-05-05,Delivered,C012,Sonali Marketing,Wholesaler,Ranchi,Jharkhand,Other East,Rakesh Singh,Credit,RC-3F-07,Classic 3-Fold - Beige,3-Fold Umbrella,24,300.0,0.06
SO000112,2025-05-05,Delivered,C013,Hanuman Stores,Wholesaler,Bardhaman,West Bengal,South Bengal,Amit Sarkar,Credit,RC-2F-06,Breeze 2-Fold - Floral Print,2-Fold Umbrella,96,270.0,0.03
SO000112,2025-05-05,Delivered,C013,Hanuman Stores,Wholesaler,Bardhaman,West Bengal,South Bengal,Amit Sarkar,Credit,RC-2F-04,Classic 2-Fold - Red,2-Fold Umbrella,60,310.0,0.04
SO000113,2025-05-05,Delivered,C014,New Traders,Distributor,Imphal,Manipur,North-East,Bikash Roy,Credit,RC-3F-10,Compact 3-Fold - Red,3-Fold Umbrella,48,260.0,0.08
SO000113,2025-05-05,Delivered,C014,New Traders,Distributor,Imphal,Manipur,North-East,Bikash Roy,Credit,RC-2F-06,Breeze 2-Fold - Floral Print,2-Fold Umbrella,180,270.0,0.08
SO000113,2025-05-05,Delivered,C014,New Traders,Distributor,Imphal,Manipur,North-East,Bikash Roy,Credit,RC-RC-01,Shield Raincoat - Red,Raincoat,156,690.0,0.1
SO000113,2025-05-05,Delivered,C014,New Traders,Distributor,Imphal,Manipur,North-East,Bikash Roy,Credit,RC-2F-05,Breeze 2-Fold - Grey,2-Fold Umbrella,168,375.0,0.1
SO000113,2025-05-05,Delivered,C014,New Traders,Distributor,Imphal,Manipur,North-East,Bikash Roy,Credit,RC-3F-06,Breeze 3-Fold - Floral Print,3-Fold Umbrella,72,260.0,0.1
SO000113,2025-05-05,Delivered,C014,New Traders,Distributor,Imphal,Manipur,North-East,Bikash Roy,Credit,RC-3F-02,Breeze 3-Fold - Transparent,3-Fold Umbrella,60,305.0,0.1
SO000114,2025-05-05,Delivered,C024,Rainbow Enterprises,Wholesaler,Dibrugarh,Assam,North-East,Bikash Roy,Credit,RC-UV-04,SunGuard UV Sun - Beige,UV Sun Umbrella,96,420.0,0.04
SO000114,2025-05-05,Delivered,C024,Rainbow Enterprises,Wholesaler,Dibrugarh,Assam,North-East,Bikash Roy,Credit,RC-3F-05,Breeze 3-Fold - Grey,3-Fold Umbrella,120,255.0,0.06
SO000114,2025-05-05,Delivered,C024,Rainbow Enterprises,Wholesaler,Dibrugarh,Assam,North-East,Bikash Roy,Credit,RC-LG-02,Storm Long - Grey,Long Umbrella,144,385.0,0.04
SO000114,2025-05-05,Delivered,C024,Rainbow Enterprises,Wholesaler,Dibrugarh,Assam,North-East,Bikash Roy,Credit,RC-LG-01,Auto-Open Long - Maroon,Long Umbrella,36,390.0,0.05
SO000115,2025-05-05,Delivered,C041,New Enterprises,Distributor,Agartala,Tripura,North-East,Bikash Roy,Credit,RC-3F-04,Compact 3-Fold - Navy Blue,3-Fold Umbrella,156,345.0,0.1
SO000115,2025-05-05,Delivered,C041,New Enterprises,Distributor,Agartala,Tripura,North-East,Bikash Roy,Credit,RC-3F-05,Breeze 3-Fold - Grey,3-Fold Umbrella,276,255.0,0.09
SO000115,2025-05-05,Delivered,C041,New Enterprises,Distributor,Agartala,Tripura,North-East,Bikash Roy,Credit,RC-RC-01,Shield Raincoat - Red,Raincoat,204,690.0,0.12
SO000115,2025-05-05,Delivered,C041,New Enterprises,Distributor,Agartala,Tripura,North-East,Bikash Roy,Credit,RC-KD-04,Kiddo Kids - Polka Dot,Kids Umbrella,264,235.0,0.09
SO000116,2025-05-05,Delivered,C048,Purbanchal Agencies,Wholesaler,Tezpur,Assam,North-East,Bikash Roy,Credit,RC-LG-03,Storm Long - Bottle Green,Long Umbrella,72,430.0,0.06
SO000116,2025-05-05,Delivered,C048,Purbanchal Agencies,Wholesaler,Tezpur,Assam,North-East,Bikash Roy,Credit,RC-LG-05,Storm Long - Checks,Long Umbrella,72,345.0,0.05
SO000117,2025-05-05,Delivered,C059,Sunrise Wholesale,Wholesaler,Durgapur,West Bengal,South Bengal,Amit Sarkar,Credit,RC-RC-01,Shield Raincoat - Red,Raincoat,84,690.0,0.04
SO000117,2025-05-05,Delivered,C059,Sunrise Wholesale,Wholesaler,Durgapur,West Bengal,South Bengal,Amit Sarkar,Credit,RC-3F-05,Breeze 3-Fold - Grey,3-Fold Umbrella,60,255.0,0.05
SO000118,2025-05-06,Delivered,C007,Biswakarma Bazaar,Wholesaler,Malda,West Bengal,North Bengal,Rina Das,Credit,RC-3F-08,Compact 3-Fold - Checks,3-Fold Umbrella,48,295.0,0.04
SO000118,2025-05-06,Delivered,C007,Biswakarma Bazaar,Wholesaler,Malda,West Bengal,North Bengal,Rina Das,Credit,RC-RC-02,Shield Raincoat - Bottle Green,Raincoat,48,690.0,0.06
SO000118,2025-05-06,Delivered,C007,Biswakarma Bazaar,Wholesaler,Malda,West Bengal,North Bengal,Rina Das,Credit,RC-RC-03,Shield Raincoat - Grey,Raincoat,36,740.0,0.03
SO000118,2025-05-06,Delivered,C007,Biswakarma Bazaar,Wholesaler,Malda,West Bengal,North Bengal,Rina Das,Credit,RC-3F-10,Compact 3-Fold - Red,3-Fold Umbrella,12,260.0,0.04
SO000119,2025-05-06,Delivered,C014,New Traders,Distributor,Imphal,Manipur,North-East,Bikash Roy,Credit,RC-3F-08,Compact 3-Fold - Checks,3-Fold Umbrella,36,295.0,0.11
SO000119,2025-05-06,Delivered,C014,New Traders,Distributor,Imphal,Manipur,North-East,Bikash Roy,Credit,RC-3F-04,Compact 3-Fold - Navy Blue,3-Fold Umbrella,156,345.0,0.1
SO000119,2025-05-06,Delivered,C014,New Traders,Distributor,Imphal,Manipur,North-East,Bikash Roy,Credit,RC-RC-01,Shield Raincoat - Red,Raincoat,36,690.0,0.1
SO000119,2025-05-06,Delivered,C014,New Traders,Distributor,Imphal,Manipur,North-East,Bikash Roy,Credit,RC-3F-06,Breeze 3-Fold - Floral Print,3-Fold Umbrella,60,260.0,0.12
SO000119,2025-05-06,Delivered,C014,New Traders,Distributor,Imphal,Manipur,North-East,Bikash Roy,Credit,RC-2F-01,Classic 2-Fold - Maroon,2-Fold Umbrella,96,310.0,0.1
SO000119,2025-05-06,Delivered,C014,New Traders,Distributor,Imphal,Manipur,North-East,Bikash Roy,Credit,RC-KD-01,Kiddo Kids - Cartoon Print,Kids Umbrella,72,220.0,0.11
SO000120,2025-05-06,Delivered,C023,Krishna Emporium,Retailer,Shillong,Meghalaya,North-East,Bikash Roy,Credit,RC-3F-05,Breeze 3-Fold - Grey,3-Fold Umbrella,12,255.0,0.0
SO000121,2025-05-06,Delivered,C028,Lokenath General Store,Retailer,Silchar,Assam,North-East,Bikash Roy,Cash,RC-KD-04,Kiddo Kids - Polka Dot,Kids Umbrella,12,235.0,0.03
SO000122,2025-05-06,Delivered,C041,New Enterprises,Distributor,Agartala,Tripura,North-East,Bikash Roy,Credit,RC-2F-02,Breeze 2-Fold - Red,2-Fold Umbrella,300,290.0,0.1
SO000122,2025-05-06,Delivered,C041,New Enterprises,Distributor,Agartala,Tripura,North-East,Bikash Roy,Credit,RC-3F-01,Classic 3-Fold - Polka Dot,3-Fold Umbrella,276,330.0,0.12
SO000122,2025-05-06,Delivered,C041,New Enterprises,Distributor,Agartala,Tripura,North-East,Bikash Roy,Credit,RC-2F-01,Classic 2-Fold - Maroon,2-Fold Umbrella,204,310.0,0.1
SO000122,2025-05-06,Delivered,C041,New Enterprises,Distributor,Agartala,Tripura,North-East,Bikash Roy,Credit,RC-3F-03,Storm 3-Fold - Floral Print,3-Fold Umbrella,240,275.0,0.08
SO000123,2025-05-06,Delivered,C043,Modern Enterprises,Retailer,Aizawl,Mizoram,North-East,Bikash Roy,Cash,RC-3F-06,Breeze 3-Fold - Floral Print,3-Fold Umbrella,12,260.0,0.02
SO000123,2025-05-06,Delivered,C043,Modern Enterprises,Retailer,Aizawl,Mizoram,North-East,Bikash Roy,Cash,RC-2F-04,Classic 2-Fold - Red,2-Fold Umbrella,24,310.0,0.03
SO000123,2025-05-06,Delivered,C043,Modern Enterprises,Retailer,Aizawl,Mizoram,North-East,Bikash Roy,Cash,RC-UV-04,SunGuard UV Sun - Beige,UV Sun Umbrella,12,420.0,0.02
SO000124,2025-05-06,Delivered,C049,Biswakarma Traders,Retailer,Kolkata,West Bengal,South Bengal,Amit Sarkar,Credit,RC-RC-05,Shield Raincoat - Polka Dot,Raincoat,60,655.0,0.0
SO000125,2025-05-06,Delivered,C056,Bharat Wholesale,Retailer,Siliguri,West Bengal,North Bengal,Rina Das,Cash,RC-RC-05,Shield Raincoat - Polka Dot,Raincoat,24,655.0,0.01
SO000125,2025-05-06,Delivered,C056,Bharat Wholesale,Retailer,Siliguri,West Bengal,North Bengal,Rina Das,Cash,RC-3F-06,Breeze 3-Fold - Floral Print,3-Fold Umbrella,24,260.0,0.0
SO000126,2025-05-07,Delivered,C028,Lokenath General Store,Retailer,Silchar,Assam,North-East,Bikash Roy,Cash,RC-3F-10,Compact 3-Fold - Red,3-Fold Umbrella,12,260.0,0.02
SO000126,2025-05-07,Delivered,C028,Lokenath General Store,Retailer,Silchar,Assam,North-East,Bikash Roy,Cash,RC-RC-05,Shield Raincoat - Polka Dot,Raincoat,24,655.0,0.0
SO000126,2025-05-07,Delivered,C028,Lokenath General Store,Retailer,Silchar,Assam,North-East,Bikash Roy,Cash,RC-3F-03,Storm 3-Fold - Floral Print,3-Fold Umbrella,24,275.0,0.01
SO000127,2025-05-07,Delivered,C037,Hanuman Marketing,Retailer,Dimapur,Nagaland,North-East,Bikash Roy,Credit,RC-UV-04,SunGuard UV Sun - Beige,UV Sun Umbrella,12,420.0,0.02
SO000127,2025-05-07,Delivered,C037,Hanuman Marketing,Retailer,Dimapur,Nagaland,North-East,Bikash Roy,Credit,RC-3F-07,Classic 3-Fold - Beige,3-Fold Umbrella,48,300.0,0.02
SO000128,2025-05-07,Delivered,C041,New Enterprises,Distributor,Agartala,Tripura,North-East,Bikash Roy,Credit,RC-3F-08,Compact 3-Fold - Checks,3-Fold Umbrella,132,295.0,0.11
SO000128,2025-05-07,Delivered,C041,New Enterprises,Distributor,Agartala,Tripura,North-East,Bikash Roy,Credit,RC-RC-03,Shield Raincoat - Grey,Raincoat,72,740.0,0.08
SO000128,2025-05-07,Delivered,C041,New Enterprises,Distributor,Agartala,Tripura,North-East,Bikash Roy,Credit,RC-3F-07,Classic 3-Fold - Beige,3-Fold Umbrella,84,300.0,0.12
SO000128,2025-05-07,Delivered,C041,New Enterprises,Distributor,Agartala,Tripura,North-East,Bikash Roy,Credit,RC-3F-10,Compact 3-Fold - Red,3-Fold Umbrella,264,260.0,0.1
SO000128,2025-05-07,Delivered,C041,New Enterprises,Distributor,Agartala,Tripura,North-East,Bikash Roy,Credit,RC-2F-06,Breeze 2-Fold - Floral Print,2-Fold Umbrella,120,270.0,0.11
SO000128,2025-05-07,Delivered,C041,New Enterprises,Distributor,Agartala,Tripura,North-East,Bikash Roy,Credit,RC-KD-01,Kiddo Kids - Cartoon Print,Kids Umbrella,120,220.0,0.1
SO000129,2025-05-07,Delivered,C058,Lokenath General Store,Wholesaler,Howrah,West Bengal,South Bengal,Amit Sarkar,Credit,RC-3F-10,Compact 3-Fold - Red,3-Fold Umbrella,84,260.0,0.04
SO000129,2025-05-07,Delivered,C058,Lokenath General Store,Wholesaler,Howrah,West Bengal,South Bengal,Amit Sarkar,Credit,RC-RC-02,Shield Raincoat - Bottle Green,Raincoat,24,690.0,0.06
SO000129,2025-05-07,Delivered,C058,Lokenath General Store,Wholesaler,Howrah,West Bengal,South Bengal,Amit Sarkar,Credit,RC-3F-07,Classic 3-Fold - Beige,3-Fold Umbrella,36,300.0,0.05
SO000130,2025-05-08,Delivered,C003,Brahmaputra Wholesale,Distributor,Tezpur,Assam,North-East,Bikash Roy,Credit,RC-3F-04,Compact 3-Fold - Navy Blue,3-Fold Umbrella,84,345.0,0.11
SO000130,2025-05-08,Delivered,C003,Brahmaputra Wholesale,Distributor,Tezpur,Assam,North-East,Bikash Roy,Credit,RC-LG-03,Storm Long - Bottle Green,Long Umbrella,72,430.0,0.09
SO000130,2025-05-08,Delivered,C003,Brahmaputra Wholesale,Distributor,Tezpur,Assam,North-East,Bikash Roy,Credit,RC-KD-01,Kiddo Kids - Cartoon Print,Kids Umbrella,120,220.0,0.11
SO000130,2025-05-08,Delivered,C003,Brahmaputra Wholesale,Distributor,Tezpur,Assam,North-East,Bikash Roy,Credit,RC-3F-01,Classic 3-Fold - Polka Dot,3-Fold Umbrella,252,330.0,0.09
SO000131,2025-05-08,Delivered,C017,New Traders,Distributor,Tezpur,Assam,North-East,Bikash Roy,Credit,RC-3F-04,Compact 3-Fold - Navy Blue,3-Fold Umbrella,96,345.0,0.09
SO000131,2025-05-08,Delivered,C017,New Traders,Distributor,Tezpur,Assam,North-East,Bikash Roy,Credit,RC-3F-08,Compact 3-Fold - Checks,3-Fold Umbrella,180,295.0,0.1
SO000131,2025-05-08,Delivered,C017,New Traders,Distributor,Tezpur,Assam,North-East,Bikash Roy,Credit,RC-LG-02,Storm Long - Grey,Long Umbrella,168,385.0,0.1
SO000132,2025-05-08,Delivered,C021,City Traders,Wholesaler,Bhubaneswar,Odisha,Other East,Rakesh Singh,Credit,RC-RC-01,Shield Raincoat - Red,Raincoat,96,690.0,0.04
SO000132,2025-05-08,Delivered,C021,City Traders,Wholesaler,Bhubaneswar,Odisha,Other East,Rakesh Singh,Credit,RC-3F-01,Classic 3-Fold - Polka Dot,3-Fold Umbrella,24,330.0,0.04
SO000133,2025-05-08,Delivered,C024,Rainbow Enterprises,Wholesaler,Dibrugarh,Assam,North-East,Bikash Roy,Credit,RC-LG-05,Storm Long - Checks,Long Umbrella,72,345.0,0.04
SO000133,2025-05-08,Delivered,C024,Rainbow Enterprises,Wholesaler,Dibrugarh,Assam,North-East,Bikash Roy,Credit,RC-2F-01,Classic 2-Fold - Maroon,2-Fold Umbrella,156,310.0,0.05
SO000134,2025-05-08,Delivered,C048,Purbanchal Agencies,Wholesaler,Tezpur,Assam,North-East,Bikash Roy,Credit,RC-3F-08,Compact 3-Fold - Checks,3-Fold Umbrella,84,295.0,0.04
SO000134,2025-05-08,Delivered,C048,Purbanchal Agencies,Wholesaler,Tezpur,Assam,North-East,Bikash Roy,Credit,RC-LG-03,Storm Long - Bottle Green,Long Umbrella,72,430.0,0.04
SO000134,2025-05-08,Delivered,C048,Purbanchal Agencies,Wholesaler,Tezpur,Assam,North-East,Bikash Roy,Credit,RC-3F-06,Breeze 3-Fold - Floral Print,3-Fold Umbrella,48,260.0,0.03
SO000135,2025-05-09,Delivered,C003,Brahmaputra Wholesale,Distributor,Tezpur,Assam,North-East,Bikash Roy,Credit,RC-RC-01,Shield Raincoat - Red,Raincoat,60,690.0,0.11
SO000135,2025-05-09,Delivered,C003,Brahmaputra Wholesale,Distributor,Tezpur,Assam,North-East,Bikash Roy,Credit,RC-3F-03,Storm 3-Fold - Floral Print,3-Fold Umbrella,108,275.0,0.09
SO000135,2025-05-09,Delivered,C003,Brahmaputra Wholesale,Distributor,Tezpur,Assam,North-East,Bikash Roy,Credit,RC-2F-02,Breeze 2-Fold - Red,2-Fold Umbrella,228,290.0,0.09
SO000136,2025-05-09,Delivered,C015,Modern Traders,Retailer,Asansol,West Bengal,South Bengal,Amit Sarkar,Cash,RC-RC-01,Shield Raincoat - Red,Raincoat,12,690.0,0.01
SO000137,2025-05-09,Delivered,C017,New Traders,Distributor,Tezpur,Assam,North-East,Bikash Roy,Credit,RC-KD-01,Kiddo Kids - Cartoon Print,Kids Umbrella,132,220.0,0.12
SO000137,2025-05-09,Delivered,C017,New Traders,Distributor,Tezpur,Assam,North-East,Bikash Roy,Credit,RC-UV-04,SunGuard UV Sun - Beige,UV Sun Umbrella,120,420.0,0.09
SO000137,2025-05-09,Delivered,C017,New Traders,Distributor,Tezpur,Assam,North-East,Bikash Roy,Credit,RC-2F-03,Classic 2-Fold - Checks,2-Fold Umbrella,204,435.0,0.1
SO000137,2025-05-09,Delivered,C017,New Traders,Distributor,Tezpur,Assam,North-East,Bikash Roy,Credit,RC-3F-08,Compact 3-Fold - Checks,3-Fold Umbrella,48,295.0,0.1
SO000138,2025-05-09,Delivered,C038,Kalyani Distributors,Wholesaler,Agartala,Tripura,North-East,Bikash Roy,Credit,RC-2F-02,Breeze 2-Fold - Red,2-Fold Umbrella,36,290.0,0.07
SO000138,2025-05-09,Delivered,C038,Kalyani Distributors,Wholesaler,Agartala,Tripura,North-East,Bikash Roy,Credit,RC-LG-05,Storm Long - Checks,Long Umbrella,36,345.0,0.05
SO000138,2025-05-09,Delivered,C038,Kalyani Distributors,Wholesaler,Agartala,Tripura,North-East,Bikash Roy,Credit,RC-UV-05,SunGuard UV Sun - Transparent,UV Sun Umbrella,48,525.0,0.06
SO000139,2025-05-10,Delivered,C005,Jai Hind Umbrella House,Retailer,Cuttack,Odisha,Other East,Rakesh Singh,Cash,RC-KD-03,Kiddo Kids - Sky Blue,Kids Umbrella,12,185.0,0.0
SO000139,2025-05-10,Delivered,C005,Jai Hind Umbrella House,Retailer,Cuttack,Odisha,Other East,Rakesh Singh,Cash,RC-2F-05,Breeze 2-Fold - Grey,2-Fold Umbrella,12,375.0,0.02
SO000140,2025-05-10,Delivered,C010,Ganga Bastralaya,Wholesaler,Jorhat,Assam,North-East,Bikash Roy,Credit,RC-3F-03,Storm 3-Fold - Floral Print,3-Fold Umbrella,84,275.0,0.04
SO000140,2025-05-10,Delivered,C010,Ganga Bastralaya,Wholesaler,Jorhat,Assam,North-East,Bikash Roy,Credit,RC-2F-03,Classic 2-Fold - Checks,2-Fold Umbrella,24,435.0,0.05
SO000140,2025-05-10,Delivered,C010,Ganga Bastralaya,Wholesaler,Jorhat,Assam,North-East,Bikash Roy,Credit,RC-3F-06,Breeze 3-Fold - Floral Print,3-Fold Umbrella,60,260.0,0.03
SO000140,2025-05-10,Delivered,C010,Ganga Bastralaya,Wholesaler,Jorhat,Assam,North-East,Bikash Roy,Credit,RC-3F-01,Classic 3-Fold - Polka Dot,3-Fold Umbrella,36,330.0,0.04
SO000141,2025-05-10,Delivered,C014,New Traders,Distributor,Imphal,Manipur,North-East,Bikash Roy,Credit,RC-LG-05,Storm Long - Checks,Long Umbrella,120,345.0,0.11
SO000141,2025-05-10,Delivered,C014,New Traders,Distributor,Imphal,Manipur,North-East,Bikash Roy,Credit,RC-3F-01,Classic 3-Fold - Polka Dot,3-Fold Umbrella,144,330.0,0.09
SO000141,2025-05-10,Delivered,C014,New Traders,Distributor,Imphal,Manipur,North-East,Bikash Roy,Credit,RC-UV-04,SunGuard UV Sun - Beige,UV Sun Umbrella,144,420.0,0.09
SO000141,2025-05-10,Delivered,C014,New Traders,Distributor,Imphal,Manipur,North-East,Bikash Roy,Credit,RC-KD-04,Kiddo Kids - Polka Dot,Kids Umbrella,108,235.0,0.1
SO000141,2025-05-10,Delivered,C014,New Traders,Distributor,Imphal,Manipur,North-East,Bikash Roy,Credit,RC-UV-02,SunGuard UV Sun - Grey,UV Sun Umbrella,108,580.0,0.12
SO000141,2025-05-10,Delivered,C014,New Traders,Distributor,Imphal,Manipur,North-East,Bikash Roy,Credit,RC-2F-06,Breeze 2-Fold - Floral Print,2-Fold Umbrella,36,270.0,0.11
SO000142,2025-05-10,Delivered,C022,Sonali Stores,Retailer,Jamshedpur,Jharkhand,Other East,Rakesh Singh,Credit,RC-UV-04,SunGuard UV Sun - Beige,UV Sun Umbrella,12,420.0,0.03
SO000142,2025-05-10,Delivered,C022,Sonali Stores,Retailer,Jamshedpur,Jharkhand,Other East,Rakesh Singh,Credit,RC-RC-05,Shield Raincoat - Polka Dot,Raincoat,48,655.0,0.0
SO000143,2025-05-10,Delivered,C024,Rainbow Enterprises,Wholesaler,Dibrugarh,Assam,North-East,Bikash Roy,Credit,RC-RC-03,Shield Raincoat - Grey,Raincoat,144,740.0,0.05
SO000143,2025-05-10,Delivered,C024,Rainbow Enterprises,Wholesaler,Dibrugarh,Assam,North-East,Bikash Roy,Credit,RC-3F-06,Breeze 3-Fold - Floral Print,3-Fold Umbrella,144,260.0,0.04
SO000143,2025-05-10,Delivered,C024,Rainbow Enterprises,Wholesaler,Dibrugarh,Assam,North-East,Bikash Roy,Credit,RC-3F-01,Classic 3-Fold - Polka Dot,3-Fold Umbrella,156,330.0,0.07
SO000144,2025-05-10,Delivered,C028,Lokenath General Store,Retailer,Silchar,Assam,North-East,Bikash Roy,Cash,RC-UV-04,SunGuard UV Sun - Beige,UV Sun Umbrella,36,420.0,0.0
SO000144,2025-05-10,Delivered,C028,Lokenath General Store,Retailer,Silchar,Assam,North-East,Bikash Roy,Cash,RC-KD-01,Kiddo Kids - Cartoon Print,Kids Umbrella,24,220.0,0.01
SO000145,2025-05-10,Delivered,C030,Star Enterprises,Wholesaler,Shillong,Meghalaya,North-East,Bikash Roy,Credit,RC-3F-06,Breeze 3-Fold - Floral Print,3-Fold Umbrella,36,260.0,0.07
SO000145,2025-05-10,Delivered,C030,Star Enterprises,Wholesaler,Shillong,Meghalaya,North-East,Bikash Roy,Credit,RC-UV-04,SunGuard UV Sun - Beige,UV Sun Umbrella,84,420.0,0.06
SO000146,2025-05-10,Delivered,C034,Sai Distributors,Wholesaler,Imphal,Manipur,North-East,Bikash Roy,Credit,RC-3F-09,Classic 3-Fold - Black,3-Fold Umbrella,96,205.0,0.07
SO000146,2025-05-10,Delivered,C034,Sai Distributors,Wholesaler,Imphal,Manipur,North-East,Bikash Roy,Credit,RC-3F-03,Storm 3-Fold - Floral Print,3-Fold Umbrella,24,275.0,0.06
SO000146,2025-05-10,Delivered,C034,Sai Distributors,Wholesaler,Imphal,Manipur,North-East,Bikash Roy,Credit,RC-UV-02,SunGuard UV Sun - Grey,UV Sun Umbrella,36,580.0,0.05
SO000147,2025-05-10,Delivered,C040,Krishna Distributors,Retailer,Patna,Bihar,Other East,Rakesh Singh,Credit,RC-2F-01,Classic 2-Fold - Maroon,2-Fold Umbrella,12,310.0,0.02
SO000147,2025-05-10,Delivered,C040,Krishna Distributors,Retailer,Patna,Bihar,Other East,Rakesh Singh,Credit,RC-3F-11,Storm 3-Fold - Transparent,3-Fold Umbrella,36,280.0,0.03
SO000147,2025-05-10,Delivered,C040,Krishna Distributors,Retailer,Patna,Bihar,Other East,Rakesh Singh,Credit,RC-KD-04,Kiddo Kids - Polka Dot,Kids Umbrella,24,235.0,0.0
SO000148,2025-05-10,Delivered,C041,New Enterprises,Distributor,Agartala,Tripura,North-East,Bikash Roy,Credit,RC-3F-03,Storm 3-Fold - Floral Print,3-Fold Umbrella,264,275.0,0.1
SO000148,2025-05-10,Delivered,C041,New Enterprises,Distributor,Agartala,Tripura,North-East,Bikash Roy,Credit,RC-3F-01,Classic 3-Fold - Polka Dot,3-Fold Umbrella,204,330.0,0.09
SO000148,2025-05-10,Delivered,C041,New Enterprises,Distributor,Agartala,Tripura,North-East,Bikash Roy,Credit,RC-3F-07,Classic 3-Fold - Beige,3-Fold Umbrella,72,300.0,0.09
SO000148,2025-05-10,Delivered,C041,New Enterprises,Distributor,Agartala,Tripura,North-East,Bikash Roy,Credit,RC-RC-05,Shield Raincoat - Polka Dot,Raincoat,264,655.0,0.09
SO000148,2025-05-10,Delivered,C041,New Enterprises,Distributor,Agartala,Tripura,North-East,Bikash Roy,Credit,RC-KD-04,Kiddo Kids - Polka Dot,Kids Umbrella,72,235.0,0.09
SO000149,2025-05-10,Delivered,C046,Sri Durga Traders,Distributor,Cooch Behar,West Bengal,North Bengal,Rina Das,Credit,RC-3F-08,Compact 3-Fold - Checks,3-Fold Umbrella,192,295.0,0.09
SO000149,2025-05-10,Delivered,C046,Sri Durga Traders,Distributor,Cooch Behar,West Bengal,North Bengal,Rina Das,Credit,RC-UV-01,SunGuard UV Sun - Maroon,UV Sun Umbrella,288,375.0,0.09
SO000149,2025-05-10,Delivered,C046,Sri Durga Traders,Distributor,Cooch Behar,West Bengal,North Bengal,Rina Das,Credit,RC-2F-05,Breeze 2-Fold - Grey,2-Fold Umbrella,72,375.0,0.12
SO000149,2025-05-10,Delivered,C046,Sri Durga Traders,Distributor,Cooch Behar,West Bengal,North Bengal,Rina Das,Credit,RC-UV-02,SunGuard UV Sun - Grey,UV Sun Umbrella,240,580.0,0.12
SO000150,2025-05-10,Delivered,C049,Biswakarma Traders,Retailer,Kolkata,West Bengal,South Bengal,Amit Sarkar,Credit,RC-RC-01,Shield Raincoat - Red,Raincoat,36,690.0,0.0
SO000151,2025-05-12,Cancelled,C010,Ganga Bastralaya,Wholesaler,Jorhat,Assam,North-East,Bikash Roy,Credit,RC-2F-05,Breeze 2-Fold - Grey,2-Fold Umbrella,96,375.0,0.06
SO000151,2025-05-12,Cancelled,C010,Ganga Bastralaya,Wholesaler,Jorhat,Assam,North-East,Bikash Roy,Credit,RC-UV-04,SunGuard UV Sun - Beige,UV Sun Umbrella,24,420.0,0.04
SO000151,2025-05-12,Cancelled,C010,Ganga Bastralaya,Wholesaler,Jorhat,Assam,North-East,Bikash Roy,Credit,RC-UV-02,SunGuard UV Sun - Grey,UV Sun Umbrella,120,580.0,0.03
SO000152,2025-05-12,Delivered,C013,Hanuman Stores,Wholesaler,Bardhaman,West Bengal,South Bengal,Amit Sarkar,Credit,RC-RC-01,Shield Raincoat - Red,Raincoat,120,690.0,0.04
SO000152,2025-05-12,Delivered,C013,Hanuman Stores,Wholesaler,Bardhaman,West Bengal,South Bengal,Amit Sarkar,Credit,RC-UV-04,SunGuard UV Sun - Beige,UV Sun Umbrella,60,420.0,0.05
SO000152,2025-05-12,Delivered,C013,Hanuman Stores,Wholesaler,Bardhaman,West Bengal,South Bengal,Amit Sarkar,Credit,RC-3F-07,Classic 3-Fold - Beige,3-Fold Umbrella,36,300.0,0.06
SO000153,2025-05-12,Delivered,C019,Ganga Wholesale,Retailer,Howrah,West Bengal,South Bengal,Amit Sarkar,Cash,RC-3F-10,Compact 3-Fold - Red,3-Fold Umbrella,24,260.0,0.0
SO000153,2025-05-12,Delivered,C019,Ganga Wholesale,Retailer,Howrah,West Bengal,South Bengal,Amit Sarkar,Cash,RC-2F-06,Breeze 2-Fold - Floral Print,2-Fold Umbrella,12,270.0,0.03
SO000154,2025-05-12,Delivered,C041,New Enterprises,Distributor,Agartala,Tripura,North-East,Bikash Roy,Credit,RC-3F-04,Compact 3-Fold - Navy Blue,3-Fold Umbrella,192,345.0,0.11
SO000154,2025-05-12,Delivered,C041,New Enterprises,Distributor,Agartala,Tripura,North-East,Bikash Roy,Credit,RC-LG-05,Storm Long - Checks,Long Umbrella,72,345.0,0.1
SO000154,2025-05-12,Delivered,C041,New Enterprises,Distributor,Agartala,Tripura,North-East,Bikash Roy,Credit,RC-UV-05,SunGuard UV Sun - Transparent,UV Sun Umbrella,240,525.0,0.1
SO000154,2025-05-12,Delivered,C041,New Enterprises,Distributor,Agartala,Tripura,North-East,Bikash Roy,Credit,RC-LG-02,Storm Long - Grey,Long Umbrella,144,385.0,0.1
SO000155,2025-05-12,Delivered,C051,Sai Traders,Retailer,Asansol,West Bengal,South Bengal,Amit Sarkar,Cash,RC-2F-02,Breeze 2-Fold - Red,2-Fold Umbrella,12,290.0,0.02
SO000155,2025-05-12,Delivered,C051,Sai Traders,Retailer,Asansol,West Bengal,South Bengal,Amit Sarkar,Cash,RC-3F-03,Storm 3-Fold - Floral Print,3-Fold Umbrella,12,275.0,0.01
SO000155,2025-05-12,Delivered,C051,Sai Traders,Retailer,Asansol,West Bengal,South Bengal,Amit Sarkar,Cash,RC-3F-06,Breeze 3-Fold - Floral Print,3-Fold Umbrella,12,260.0,0.02
SO000156,2025-05-13,Delivered,C022,Sonali Stores,Retailer,Jamshedpur,Jharkhand,Other East,Rakesh Singh,Credit,RC-2F-06,Breeze 2-Fold - Floral Print,2-Fold Umbrella,48,270.0,0.01
SO000157,2025-05-13,Delivered,C027,Kalyani General Store,Retailer,Asansol,West Bengal,South Bengal,Amit Sarkar,Cash,RC-RC-01,Shield Raincoat - Red,Raincoat,24,690.0,0.02
SO000158,2025-05-14,Delivered,C006,Modern Stores,Wholesaler,Howrah,West Bengal,South Bengal,Amit Sarkar,Credit,RC-UV-04,SunGuard UV Sun - Beige,UV Sun Umbrella,120,420.0,0.05
SO000158,2025-05-14,Delivered,C006,Modern Stores,Wholesaler,Howrah,West Bengal,South Bengal,Amit Sarkar,Credit,RC-UV-01,SunGuard UV Sun - Maroon,UV Sun Umbrella,24,375.0,0.05
SO000159,2025-05-14,Delivered,C012,Sonali Marketing,Wholesaler,Ranchi,Jharkhand,Other East,Rakesh Singh,Credit,RC-LG-05,Storm Long - Checks,Long Umbrella,72,345.0,0.05
SO000159,2025-05-14,Delivered,C012,Sonali Marketing,Wholesaler,Ranchi,Jharkhand,Other East,Rakesh Singh,Credit,RC-KD-04,Kiddo Kids - Polka Dot,Kids Umbrella,12,235.0,0.05
SO000159,2025-05-14,Delivered,C012,Sonali Marketing,Wholesaler,Ranchi,Jharkhand,Other East,Rakesh Singh,Credit,RC-RC-02,Shield Raincoat - Bottle Green,Raincoat,60,690.0,0.03
SO000159,2025-05-14,Delivered,C012,Sonali Marketing,Wholesaler,Ranchi,Jharkhand,Other East,Rakesh Singh,Credit,RC-LG-03,Storm Long - Bottle Green,Long Umbrella,72,430.0,0.06
SO000160,2025-05-14,Delivered,C030,Star Enterprises,Wholesaler,Shillong,Meghalaya,North-East,Bikash Roy,Credit,RC-2F-02,Breeze 2-Fold - Red,2-Fold Umbrella,60,290.0,0.05
SO000160,2025-05-14,Delivered,C030,Star Enterprises,Wholesaler,Shillong,Meghalaya,North-East,Bikash Roy,Credit,RC-3F-06,Breeze 3-Fold - Floral Print,3-Fold Umbrella,72,260.0,0.07
SO000160,2025-05-14,Delivered,C030,Star Enterprises,Wholesaler,Shillong,Meghalaya,North-East,Bikash Roy,Credit,RC-RC-01,Shield Raincoat - Red,Raincoat,84,690.0,0.05
SO000161,2025-05-14,Delivered,C034,Sai Distributors,Wholesaler,Imphal,Manipur,North-East,Bikash Roy,Credit,RC-2F-01,Classic 2-Fold - Maroon,2-Fold Umbrella,60,310.0,0.04
SO000161,2025-05-14,Delivered,C034,Sai Distributors,Wholesaler,Imphal,Manipur,North-East,Bikash Roy,Credit,RC-RC-02,Shield Raincoat - Bottle Green,Raincoat,48,690.0,0.03
SO000161,2025-05-14,Delivered,C034,Sai Distributors,Wholesaler,Imphal,Manipur,North-East,Bikash Roy,Credit,RC-KD-04,Kiddo Kids - Polka Dot,Kids Umbrella,24,235.0,0.06
SO000161,2025-05-14,Delivered,C034,Sai Distributors,Wholesaler,Imphal,Manipur,North-East,Bikash Roy,Credit,RC-3F-08,Compact 3-Fold - Checks,3-Fold Umbrella,48,295.0,0.06
SO000162,2025-05-14,Delivered,C049,Biswakarma Traders,Retailer,Kolkata,West Bengal,South Bengal,Amit Sarkar,Credit,RC-3F-07,Classic 3-Fold - Beige,3-Fold Umbrella,12,300.0,0.03
SO000162,2025-05-14,Delivered,C049,Biswakarma Traders,Retailer,Kolkata,West Bengal,South Bengal,Amit Sarkar,Credit,RC-LG-05,Storm Long - Checks,Long Umbrella,12,345.0,0.01
SO000162,2025-05-14,Delivered,C049,Biswakarma Traders,Retailer,Kolkata,West Bengal,South Bengal,Amit Sarkar,Credit,RC-LG-03,Storm Long - Bottle Green,Long Umbrella,60,430.0,0.03
SO000163,2025-05-14,Delivered,C056,Bharat Wholesale,Retailer,Siliguri,West Bengal,North Bengal,Rina Das,Cash,RC-RC-01,Shield Raincoat - Red,Raincoat,12,690.0,0.0
SO000164,2025-05-15,Delivered,C003,Brahmaputra Wholesale,Distributor,Tezpur,Assam,North-East,Bikash Roy,Credit,RC-3F-09,Classic 3-Fold - Black,3-Fold Umbrella,216,205.0,0.08
SO000164,2025-05-15,Delivered,C003,Brahmaputra Wholesale,Distributor,Tezpur,Assam,North-East,Bikash Roy,Credit,RC-LG-05,Storm Long - Checks,Long Umbrella,60,345.0,0.09
SO000164,2025-05-15,Delivered,C003,Brahmaputra Wholesale,Distributor,Tezpur,Assam,North-East,Bikash Roy,Credit,RC-RC-01,Shield Raincoat - Red,Raincoat,252,690.0,0.12
SO000164,2025-05-15,Delivered,C003,Brahmaputra Wholesale,Distributor,Tezpur,Assam,North-East,Bikash Roy,Credit,RC-KD-04,Kiddo Kids - Polka Dot,Kids Umbrella,168,235.0,0.1
SO000165,2025-05-15,Delivered,C010,Ganga Bastralaya,Wholesaler,Jorhat,Assam,North-East,Bikash Roy,Credit,RC-UV-04,SunGuard UV Sun - Beige,UV Sun Umbrella,84,420.0,0.03
SO000165,2025-05-15,Delivered,C010,Ganga Bastralaya,Wholesaler,Jorhat,Assam,North-East,Bikash Roy,Credit,RC-RC-02,Shield Raincoat - Bottle Green,Raincoat,96,690.0,0.05
SO000166,2025-05-15,Delivered,C017,New Traders,Distributor,Tezpur,Assam,North-East,Bikash Roy,Credit,RC-3F-06,Breeze 3-Fold - Floral Print,3-Fold Umbrella,156,260.0,0.11
SO000166,2025-05-15,Delivered,C017,New Traders,Distributor,Tezpur,Assam,North-East,Bikash Roy,Credit,RC-UV-04,SunGuard UV Sun - Beige,UV Sun Umbrella,84,420.0,0.12
SO000166,2025-05-15,Delivered,C017,New Traders,Distributor,Tezpur,Assam,North-East,Bikash Roy,Credit,RC-2F-02,Breeze 2-Fold - Red,2-Fold Umbrella,168,290.0,0.09
SO000166,2025-05-15,Delivered,C017,New Traders,Distributor,Tezpur,Assam,North-East,Bikash Roy,Credit,RC-2F-06,Breeze 2-Fold - Floral Print,2-Fold Umbrella,72,270.0,0.09
SO000166,2025-05-15,Delivered,C017,New Traders,Distributor,Tezpur,Assam,North-East,Bikash Roy,Credit,RC-RC-01,Shield Raincoat - Red,Raincoat,60,690.0,0.09
SO000166,2025-05-15,Delivered,C017,New Traders,Distributor,Tezpur,Assam,North-East,Bikash Roy,Credit,RC-2F-01,Classic 2-Fold - Maroon,2-Fold Umbrella,192,310.0,0.11
SO000167,2025-05-15,Delivered,C023,Krishna Emporium,Retailer,Shillong,Meghalaya,North-East,Bikash Roy,Credit,RC-RC-01,Shield Raincoat - Red,Raincoat,12,690.0,0.03
SO000167,2025-05-15,Delivered,C023,Krishna Emporium,Retailer,Shillong,Meghalaya,North-East,Bikash Roy,Credit,RC-2F-02,Breeze 2-Fold - Red,2-Fold Umbrella,12,290.0,0.01
SO000167,2025-05-15,Delivered,C023,Krishna Emporium,Retailer,Shillong,Meghalaya,North-East,Bikash Roy,Credit,RC-UV-04,SunGuard UV Sun - Beige,UV Sun Umbrella,24,420.0,0.02
SO000168,2025-05-15,Delivered,C024,Rainbow Enterprises,Wholesaler,Dibrugarh,Assam,North-East,Bikash Roy,Credit,RC-LG-05,Storm Long - Checks,Long Umbrella,96,345.0,0.03
SO000168,2025-05-15,Delivered,C024,Rainbow Enterprises,Wholesaler,Dibrugarh,Assam,North-East,Bikash Roy,Credit,RC-2F-02,Breeze 2-Fold - Red,2-Fold Umbrella,96,290.0,0.04
SO000168,2025-05-15,Delivered,C024,Rainbow Enterprises,Wholesaler,Dibrugarh,Assam,North-East,Bikash Roy,Credit,RC-UV-04,SunGuard UV Sun - Beige,UV Sun Umbrella,156,420.0,0.04
SO000168,2025-05-15,Delivered,C024,Rainbow Enterprises,Wholesaler,Dibrugarh,Assam,North-East,Bikash Roy,Credit,RC-3F-01,Classic 3-Fold - Polka Dot,3-Fold Umbrella,96,330.0,0.06
SO000169,2025-05-15,Delivered,C033,Krishna Distributors,Retailer,Jalpaiguri,West Bengal,North Bengal,Rina Das,Credit,RC-LG-02,Storm Long - Grey,Long Umbrella,12,385.0,0.01
SO000170,2025-05-15,Delivered,C046,Sri Durga Traders,Distributor,Cooch Behar,West Bengal,North Bengal,Rina Das,Credit,RC-2F-06,Breeze 2-Fold - Floral Print,2-Fold Umbrella,192,270.0,0.08
SO000170,2025-05-15,Delivered,C046,Sri Durga Traders,Distributor,Cooch Behar,West Bengal,North Bengal,Rina Das,Credit,RC-RC-03,Shield Raincoat - Grey,Raincoat,132,740.0,0.11
SO000170,2025-05-15,Delivered,C046,Sri Durga Traders,Distributor,Cooch Behar,West Bengal,North Bengal,Rina Das,Credit,RC-3F-06,Breeze 3-Fold - Floral Print,3-Fold Umbrella,168,260.0,0.11
SO000170,2025-05-15,Delivered,C046,Sri Durga Traders,Distributor,Cooch Behar,West Bengal,North Bengal,Rina Das,Credit,RC-3F-03,Storm 3-Fold - Floral Print,3-Fold Umbrella,276,275.0,0.09
SO000171,2025-05-16,Delivered,C010,Ganga Bastralaya,Wholesaler,Jorhat,Assam,North-East,Bikash Roy,Credit,RC-RC-01,Shield Raincoat - Red,Raincoat,60,690.0,0.06
SO000171,2025-05-16,Delivered,C010,Ganga Bastralaya,Wholesaler,Jorhat,Assam,North-East,Bikash Roy,Credit,RC-3F-02,Breeze 3-Fold - Transparent,3-Fold Umbrella,96,305.0,0.04
SO000171,2025-05-16,Delivered,C010,Ganga Bastralaya,Wholesaler,Jorhat,Assam,North-East,Bikash Roy,Credit,RC-3F-08,Compact 3-Fold - Checks,3-Fold Umbrella,24,295.0,0.07
SO000171,2025-05-16,Delivered,C010,Ganga Bastralaya,Wholesaler,Jorhat,Assam,North-East,Bikash Roy,Credit,RC-UV-04,SunGuard UV Sun - Beige,UV Sun Umbrella,60,420.0,0.04
SO000172,2025-05-17,Delivered,C029,City Stores,Retailer,Durgapur,West Bengal,South Bengal,Amit Sarkar,Cash,RC-KD-01,Kiddo Kids - Cartoon Print,Kids Umbrella,24,220.0,0.01
SO000172,2025-05-17,Delivered,C029,City Stores,Retailer,Durgapur,West Bengal,South Bengal,Amit Sarkar,Cash,RC-2F-02,Breeze 2-Fold - Red,2-Fold Umbrella,36,290.0,0.02
SO000172,2025-05-17,Delivered,C029,City Stores,Retailer,Durgapur,West Bengal,South Bengal,Amit Sarkar,Cash,RC-3F-01,Classic 3-Fold - Polka Dot,3-Fold Umbrella,36,330.0,0.01
SO000173,2025-05-17,Delivered,C042,Rainbow Bastralaya,Wholesaler,Purnia,Bihar,Other East,Rakesh Singh,Credit,RC-KD-01,Kiddo Kids - Cartoon Print,Kids Umbrella,24,220.0,0.04
SO000173,2025-05-17,Delivered,C042,Rainbow Bastralaya,Wholesaler,Purnia,Bihar,Other East,Rakesh Singh,Credit,RC-2F-01,Classic 2-Fold - Maroon,2-Fold Umbrella,36,310.0,0.05
SO000173,2025-05-17,Delivered,C042,Rainbow Bastralaya,Wholesaler,Purnia,Bihar,Other East,Rakesh Singh,Credit,RC-KD-04,Kiddo Kids - Polka Dot,Kids Umbrella,24,235.0,0.03
SO000173,2025-05-17,Delivered,C042,Rainbow Bastralaya,Wholesaler,Purnia,Bihar,Other East,Rakesh Singh,Credit,RC-2F-03,Classic 2-Fold - Checks,2-Fold Umbrella,84,435.0,0.06
SO000174,2025-05-19,Delivered,C017,New Traders,Distributor,Tezpur,Assam,North-East,Bikash Roy,Credit,RC-KD-04,Kiddo Kids - Polka Dot,Kids Umbrella,120,235.0,0.11
SO000174,2025-05-19,Delivered,C017,New Traders,Distributor,Tezpur,Assam,North-East,Bikash Roy,Credit,RC-UV-04,SunGuard UV Sun - Beige,UV Sun Umbrella,96,420.0,0.12
SO000174,2025-05-19,Delivered,C017,New Traders,Distributor,Tezpur,Assam,North-East,Bikash Roy,Credit,RC-RC-01,Shield Raincoat - Red,Raincoat,132,690.0,0.08
SO000174,2025-05-19,Delivered,C017,New Traders,Distributor,Tezpur,Assam,North-East,Bikash Roy,Credit,RC-3F-03,Storm 3-Fold - Floral Print,3-Fold Umbrella,168,275.0,0.09
SO000174,2025-05-19,Delivered,C017,New Traders,Distributor,Tezpur,Assam,North-East,Bikash Roy,Credit,RC-LG-05,Storm Long - Checks,Long Umbrella,144,345.0,0.09
SO000174,2025-05-19,Delivered,C017,New Traders,Distributor,Tezpur,Assam,North-East,Bikash Roy,Credit,RC-3F-07,Classic 3-Fold - Beige,3-Fold Umbrella,120,300.0,0.12
SO000175,2025-05-19,Delivered,C029,City Stores,Retailer,Durgapur,West Bengal,South Bengal,Amit Sarkar,Cash,RC-RC-01,Shield Raincoat - Red,Raincoat,12,690.0,0.02
SO000175,2025-05-19,Delivered,C029,City Stores,Retailer,Durgapur,West Bengal,South Bengal,Amit Sarkar,Cash,RC-3F-08,Compact 3-Fold - Checks,3-Fold Umbrella,12,295.0,0.01
SO000176,2025-05-19,Delivered,C032,Modern Bazaar,Retailer,Jamshedpur,Jharkhand,Other East,Rakesh Singh,Cash,RC-RC-01,Shield Raincoat - Red,Raincoat,24,690.0,0.03
SO000176,2025-05-19,Delivered,C032,Modern Bazaar,Retailer,Jamshedpur,Jharkhand,Other East,Rakesh Singh,Cash,RC-GF-01,Pro Golf - Floral Print,Golf Umbrella,12,745.0,0.0
SO000177,2025-05-19,Delivered,C034,Sai Distributors,Wholesaler,Imphal,Manipur,North-East,Bikash Roy,Credit,RC-RC-02,Shield Raincoat - Bottle Green,Raincoat,84,690.0,0.03
SO000177,2025-05-19,Delivered,C034,Sai Distributors,Wholesaler,Imphal,Manipur,North-East,Bikash Roy,Credit,RC-2F-03,Classic 2-Fold - Checks,2-Fold Umbrella,60,435.0,0.07
SO000178,2025-05-19,Delivered,C049,Biswakarma Traders,Retailer,Kolkata,West Bengal,South Bengal,Amit Sarkar,Credit,RC-RC-03,Shield Raincoat - Grey,Raincoat,36,740.0,0.02
SO000179,2025-05-19,Delivered,C053,Rupali Wholesale,Retailer,Jalpaiguri,West Bengal,North Bengal,Rina Das,Credit,RC-UV-04,SunGuard UV Sun - Beige,UV Sun Umbrella,12,420.0,0.02
SO000179,2025-05-19,Delivered,C053,Rupali Wholesale,Retailer,Jalpaiguri,West Bengal,North Bengal,Rina Das,Credit,RC-RC-01,Shield Raincoat - Red,Raincoat,24,690.0,0.02
SO000179,2025-05-19,Delivered,C053,Rupali Wholesale,Retailer,Jalpaiguri,West Bengal,North Bengal,Rina Das,Credit,RC-KD-04,Kiddo Kids - Polka Dot,Kids Umbrella,24,235.0,0.02
SO000180,2025-05-20,Delivered,C008,Popular & Sons,Retailer,Durgapur,West Bengal,South Bengal,Amit Sarkar,Credit,RC-3F-01,Classic 3-Fold - Polka Dot,3-Fold Umbrella,36,330.0,0.03
SO000181,2025-05-20,Delivered,C015,Modern Traders,Retailer,Asansol,West Bengal,South Bengal,Amit Sarkar,Cash,RC-UV-04,SunGuard UV Sun - Beige,UV Sun Umbrella,12,420.0,0.01
SO000181,2025-05-20,Delivered,C015,Modern Traders,Retailer,Asansol,West Bengal,South Bengal,Amit Sarkar,Cash,RC-LG-02,Storm Long - Grey,Long Umbrella,12,385.0,0.02
SO000182,2025-05-20,Delivered,C031,Purbanchal Umbrella House,Retailer,Imphal,Manipur,North-East,Bikash Roy,Credit,RC-3F-03,Storm 3-Fold - Floral Print,3-Fold Umbrella,72,275.0,0.02
SO000182,2025-05-20,Delivered,C031,Purbanchal Umbrella House,Retailer,Imphal,Manipur,North-East,Bikash Roy,Credit,RC-KD-03,Kiddo Kids - Sky Blue,Kids Umbrella,24,185.0,0.01
SO000182,2025-05-20,Delivered,C031,Purbanchal Umbrella House,Retailer,Imphal,Manipur,North-East,Bikash Roy,Credit,RC-UV-05,SunGuard UV Sun - Transparent,UV Sun Umbrella,72,525.0,0.03
SO000183,2025-05-20,Delivered,C041,New Enterprises,Distributor,Agartala,Tripura,North-East,Bikash Roy,Credit,RC-UV-04,SunGuard UV Sun - Beige,UV Sun Umbrella,72,420.0,0.1
SO000183,2025-05-20,Delivered,C041,New Enterprises,Distributor,Agartala,Tripura,North-East,Bikash Roy,Credit,RC-RC-03,Shield Raincoat - Grey,Raincoat,144,740.0,0.1
SO000183,2025-05-20,Delivered,C041,New Enterprises,Distributor,Agartala,Tripura,North-East,Bikash Roy,Credit,RC-3F-04,Compact 3-Fold - Navy Blue,3-Fold Umbrella,192,345.0,0.11
SO000183,2025-05-20,Delivered,C041,New Enterprises,Distributor,Agartala,Tripura,North-East,Bikash Roy,Credit,RC-3F-03,Storm 3-Fold - Floral Print,3-Fold Umbrella,264,275.0,0.1
SO000183,2025-05-20,Delivered,C041,New Enterprises,Distributor,Agartala,Tripura,North-East,Bikash Roy,Credit,RC-3F-01,Classic 3-Fold - Polka Dot,3-Fold Umbrella,72,330.0,0.11
SO000183,2025-05-20,Delivered,C041,New Enterprises,Distributor,Agartala,Tripura,North-East,Bikash Roy,Credit,RC-RC-05,Shield Raincoat - Polka Dot,Raincoat,156,655.0,0.09
SO000184,2025-05-20,Delivered,C044,Maa Tara Wholesale,Retailer,Itanagar,Arunachal Pradesh,North-East,Bikash Roy,Cash,RC-3F-04,Compact 3-Fold - Navy Blue,3-Fold Umbrella,24,345.0,0.01
SO000184,2025-05-20,Delivered,C044,Maa Tara Wholesale,Retailer,Itanagar,Arunachal Pradesh,North-East,Bikash Roy,Cash,RC-3F-05,Breeze 3-Fold - Grey,3-Fold Umbrella,24,255.0,0.02
SO000185,2025-05-20,Delivered,C046,Sri Durga Traders,Distributor,Cooch Behar,West Bengal,North Bengal,Rina Das,Credit,RC-RC-01,Shield Raincoat - Red,Raincoat,84,690.0,0.09
SO000185,2025-05-20,Delivered,C046,Sri Durga Traders,Distributor,Cooch Behar,West Bengal,North Bengal,Rina Das,Credit,RC-3F-03,Storm 3-Fold - Floral Print,3-Fold Umbrella,132,275.0,0.09
SO000185,2025-05-20,Delivered,C046,Sri Durga Traders,Distributor,Cooch Behar,West Bengal,North Bengal,Rina Das,Credit,RC-2F-02,Breeze 2-Fold - Red,2-Fold Umbrella,240,290.0,0.09
SO000186,2025-05-20,Delivered,C059,Sunrise Wholesale,Wholesaler,Durgapur,West Bengal,South Bengal,Amit Sarkar,Credit,RC-2F-03,Classic 2-Fold - Checks,2-Fold Umbrella,108,435.0,0.05
SO000186,2025-05-20,Delivered,C059,Sunrise Wholesale,Wholesaler,Durgapur,West Bengal,South Bengal,Amit Sarkar,Credit,RC-3F-05,Breeze 3-Fold - Grey,3-Fold Umbrella,108,255.0,0.04
SO000187,2025-05-21,Delivered,C003,Brahmaputra Wholesale,Distributor,Tezpur,Assam,North-East,Bikash Roy,Credit,RC-KD-03,Kiddo Kids - Sky Blue,Kids Umbrella,180,185.0,0.11
SO000187,2025-05-21,Delivered,C003,Brahmaputra Wholesale,Distributor,Tezpur,Assam,North-East,Bikash Roy,Credit,RC-UV-03,SunGuard UV Sun - Checks,UV Sun Umbrella,60,445.0,0.12
SO000187,2025-05-21,Delivered,C003,Brahmaputra Wholesale,Distributor,Tezpur,Assam,North-East,Bikash Roy,Credit,RC-UV-02,SunGuard UV Sun - Grey,UV Sun Umbrella,84,580.0,0.11
SO000188,2025-05-21,Delivered,C012,Sonali Marketing,Wholesaler,Ranchi,Jharkhand,Other East,Rakesh Singh,Credit,RC-3F-06,Breeze 3-Fold - Floral Print,3-Fold Umbrella,36,260.0,0.06
SO000188,2025-05-21,Delivered,C012,Sonali Marketing,Wholesaler,Ranchi,Jharkhand,Other East,Rakesh Singh,Credit,RC-RC-02,Shield Raincoat - Bottle Green,Raincoat,12,690.0,0.07
SO000188,2025-05-21,Delivered,C012,Sonali Marketing,Wholesaler,Ranchi,Jharkhand,Other East,Rakesh Singh,Credit,RC-3F-07,Classic 3-Fold - Beige,3-Fold Umbrella,12,300.0,0.04
SO000189,2025-05-21,Delivered,C022,Sonali Stores,Retailer,Jamshedpur,Jharkhand,Other East,Rakesh Singh,Credit,RC-3F-08,Compact 3-Fold - Checks,3-Fold Umbrella,12,295.0,0.01
SO000189,2025-05-21,Delivered,C022,Sonali Stores,Retailer,Jamshedpur,Jharkhand,Other East,Rakesh Singh,Credit,RC-RC-01,Shield Raincoat - Red,Raincoat,12,690.0,0.0
SO000190,2025-05-21,Delivered,C031,Purbanchal Umbrella House,Retailer,Imphal,Manipur,North-East,Bikash Roy,Credit,RC-3F-01,Classic 3-Fold - Polka Dot,3-Fold Umbrella,24,330.0,0.01
SO000190,2025-05-21,Delivered,C031,Purbanchal Umbrella House,Retailer,Imphal,Manipur,North-East,Bikash Roy,Credit,RC-UV-01,SunGuard UV Sun - Maroon,UV Sun Umbrella,24,375.0,0.02
SO000190,2025-05-21,Delivered,C031,Purbanchal Umbrella House,Retailer,Imphal,Manipur,North-East,Bikash Roy,Credit,RC-RC-04,Shield Raincoat - Checks,Raincoat,72,435.0,0.01
SO000191,2025-05-21,Delivered,C041,New Enterprises,Distributor,Agartala,Tripura,North-East,Bikash Roy,Credit,RC-3F-01,Classic 3-Fold - Polka Dot,3-Fold Umbrella,156,330.0,0.08
SO000191,2025-05-21,Delivered,C041,New Enterprises,Distributor,Agartala,Tripura,North-East,Bikash Roy,Credit,RC-3F-05,Breeze 3-Fold - Grey,3-Fold Umbrella,192,255.0,0.11
SO000191,2025-05-21,Delivered,C041,New Enterprises,Distributor,Agartala,Tripura,North-East,Bikash Roy,Credit,RC-2F-06,Breeze 2-Fold - Floral Print,2-Fold Umbrella,216,270.0,0.09
SO000191,2025-05-21,Delivered,C041,New Enterprises,Distributor,Agartala,Tripura,North-East,Bikash Roy,Credit,RC-RC-05,Shield Raincoat - Polka Dot,Raincoat,84,655.0,0.08
SO000192,2025-05-21,Delivered,C047,Teesta Trading Co.,Retailer,Bhagalpur,Bihar,Other East,Rakesh Singh,Cash,RC-3F-05,Breeze 3-Fold - Grey,3-Fold Umbrella,24,255.0,0.02
SO000192,2025-05-21,Delivered,C047,Teesta Trading Co.,Retailer,Bhagalpur,Bihar,Other East,Rakesh Singh,Cash,RC-2F-01,Classic 2-Fold - Maroon,2-Fold Umbrella,12,310.0,0.01
SO000192,2025-05-21,Delivered,C047,Teesta Trading Co.,Retailer,Bhagalpur,Bihar,Other East,Rakesh Singh,Cash,RC-3F-07,Classic 3-Fold - Beige,3-Fold Umbrella,24,300.0,0.01
SO000193,2025-05-21,Delivered,C055,Sonali Traders,Retailer,Bardhaman,West Bengal,South Bengal,Amit Sarkar,Cash,RC-UV-02,SunGuard UV Sun - Grey,UV Sun Umbrella,24,580.0,0.02
SO000193,2025-05-21,Delivered,C055,Sonali Traders,Retailer,Bardhaman,West Bengal,South Bengal,Amit Sarkar,Cash,RC-RC-01,Shield Raincoat - Red,Raincoat,24,690.0,0.01
SO000194,2025-05-22,Delivered,C020,Sri Durga Trading Co.,Retailer,Malda,West Bengal,North Bengal,Rina Das,Credit,RC-2F-03,Classic 2-Fold - Checks,2-Fold Umbrella,12,435.0,0.01
SO000194,2025-05-22,Delivered,C020,Sri Durga Trading Co.,Retailer,Malda,West Bengal,North Bengal,Rina Das,Credit,RC-LG-02,Storm Long - Grey,Long Umbrella,12,385.0,0.02
SO000195,2025-05-22,Delivered,C025,Modern Stores,Retailer,Silchar,Assam,North-East,Bikash Roy,Credit,RC-UV-04,SunGuard UV Sun - Beige,UV Sun Umbrella,12,420.0,0.03
SO000195,2025-05-22,Delivered,C025,Modern Stores,Retailer,Silchar,Assam,North-East,Bikash Roy,Credit,RC-3F-07,Classic 3-Fold - Beige,3-Fold Umbrella,12,300.0,0.02
SO000196,2025-05-22,Delivered,C046,Sri Durga Traders,Distributor,Cooch Behar,West Bengal,North Bengal,Rina Das,Credit,RC-LG-05,Storm Long - Checks,Long Umbrella,264,345.0,0.11
SO000196,2025-05-22,Delivered,C046,Sri Durga Traders,Distributor,Cooch Behar,West Bengal,North Bengal,Rina Das,Credit,RC-2F-02,Breeze 2-Fold - Red,2-Fold Umbrella,228,290.0,0.12
SO000196,2025-05-22,Delivered,C046,Sri Durga Traders,Distributor,Cooch Behar,West Bengal,North Bengal,Rina Das,Credit,RC-2F-06,Breeze 2-Fold - Floral Print,2-Fold Umbrella,228,270.0,0.08
SO000197,2025-05-22,Delivered,C052,Himalaya Traders,Wholesaler,Tezpur,Assam,North-East,Bikash Roy,Credit,RC-RC-03,Shield Raincoat - Grey,Raincoat,12,740.0,0.07
SO000197,2025-05-22,Delivered,C052,Himalaya Traders,Wholesaler,Tezpur,Assam,North-East,Bikash Roy,Credit,RC-3F-01,Classic 3-Fold - Polka Dot,3-Fold Umbrella,60,330.0,0.04
SO000198,2025-05-23,Delivered,C012,Sonali Marketing,Wholesaler,Ranchi,Jharkhand,Other East,Rakesh Singh,Credit,RC-KD-01,Kiddo Kids - Cartoon Print,Kids Umbrella,36,220.0,0.05
SO000198,2025-05-23,Delivered,C012,Sonali Marketing,Wholesaler,Ranchi,Jharkhand,Other East,Rakesh Singh,Credit,RC-3F-01,Classic 3-Fold - Polka Dot,3-Fold Umbrella,12,330.0,0.04
SO000198,2025-05-23,Delivered,C012,Sonali Marketing,Wholesaler,Ranchi,Jharkhand,Other East,Rakesh Singh,Credit,RC-3F-06,Breeze 3-Fold - Floral Print,3-Fold Umbrella,60,260.0,0.04
SO000199,2025-05-23,Delivered,C021,City Traders,Wholesaler,Bhubaneswar,Odisha,Other East,Rakesh Singh,Credit,RC-2F-05,Breeze 2-Fold - Grey,2-Fold Umbrella,84,375.0,0.05
SO000199,2025-05-23,Delivered,C021,City Traders,Wholesaler,Bhubaneswar,Odisha,Other East,Rakesh Singh,Credit,RC-3F-12,Compact 3-Fold - Floral Print,3-Fold Umbrella,60,300.0,0.06
SO000199,2025-05-23,Delivered,C021,City Traders,Wholesaler,Bhubaneswar,Odisha,Other East,Rakesh Singh,Credit,RC-2F-01,Classic 2-Fold - Maroon,2-Fold Umbrella,60,310.0,0.07
SO000199,2025-05-23,Delivered,C021,City Traders,Wholesaler,Bhubaneswar,Odisha,Other East,Rakesh Singh,Credit,RC-3F-01,Classic 3-Fold - Polka Dot,3-Fold Umbrella,72,330.0,0.06
SO000200,2025-05-23,Delivered,C023,Krishna Emporium,Retailer,Shillong,Meghalaya,North-East,Bikash Roy,Credit,RC-RC-01,Shield Raincoat - Red,Raincoat,12,690.0,0.02
SO000201,2025-05-24,Delivered,C006,Modern Stores,Wholesaler,Howrah,West Bengal,South Bengal,Amit Sarkar,Credit,RC-KD-03,Kiddo Kids - Sky Blue,Kids Umbrella,120,185.0,0.07
SO000201,2025-05-24,Delivered,C006,Modern Stores,Wholesaler,Howrah,West Bengal,South Bengal,Amit Sarkar,Credit,RC-KD-01,Kiddo Kids - Cartoon Print,Kids Umbrella,84,220.0,0.05
SO000201,2025-05-24,Delivered,C006,Modern Stores,Wholesaler,Howrah,West Bengal,South Bengal,Amit Sarkar,Credit,RC-2F-06,Breeze 2-Fold - Floral Print,2-Fold Umbrella,120,270.0,0.06
SO000201,2025-05-24,Delivered,C006,Modern Stores,Wholesaler,Howrah,West Bengal,South Bengal,Amit Sarkar,Credit,RC-RC-02,Shield Raincoat - Bottle Green,Raincoat,132,690.0,0.06
SO000202,2025-05-24,Delivered,C031,Purbanchal Umbrella House,Retailer,Imphal,Manipur,North-East,Bikash Roy,Credit,RC-KD-04,Kiddo Kids - Polka Dot,Kids Umbrella,72,235.0,0.0
SO000203,2025-05-24,Delivered,C032,Modern Bazaar,Retailer,Jamshedpur,Jharkhand,Other East,Rakesh Singh,Cash,RC-RC-01,Shield Raincoat - Red,Raincoat,24,690.0,0.02
SO000203,2025-05-24,Delivered,C032,Modern Bazaar,Retailer,Jamshedpur,Jharkhand,Other East,Rakesh Singh,Cash,RC-UV-04,SunGuard UV Sun - Beige,UV Sun Umbrella,12,420.0,0.03
SO000204,2025-05-24,Delivered,C037,Hanuman Marketing,Retailer,Dimapur,Nagaland,North-East,Bikash Roy,Credit,RC-UV-04,SunGuard UV Sun - Beige,UV Sun Umbrella,48,420.0,0.01
SO000204,2025-05-24,Delivered,C037,Hanuman Marketing,Retailer,Dimapur,Nagaland,North-East,Bikash Roy,Credit,RC-UV-01,SunGuard UV Sun - Maroon,UV Sun Umbrella,48,375.0,0.02
SO000204,2025-05-24,Delivered,C037,Hanuman Marketing,Retailer,Dimapur,Nagaland,North-East,Bikash Roy,Credit,RC-RC-01,Shield Raincoat - Red,Raincoat,48,690.0,0.02
SO000205,2025-05-26,Delivered,C003,Brahmaputra Wholesale,Distributor,Tezpur,Assam,North-East,Bikash Roy,Credit,RC-RC-02,Shield Raincoat - Bottle Green,Raincoat,252,690.0,0.09
SO000205,2025-05-26,Delivered,C003,Brahmaputra Wholesale,Distributor,Tezpur,Assam,North-East,Bikash Roy,Credit,RC-KD-03,Kiddo Kids - Sky Blue,Kids Umbrella,144,185.0,0.08
SO000205,2025-05-26,Delivered,C003,Brahmaputra Wholesale,Distributor,Tezpur,Assam,North-East,Bikash Roy,Credit,RC-RC-03,Shield Raincoat - Grey,Raincoat,204,740.0,0.08
SO000205,2025-05-26,Delivered,C003,Brahmaputra Wholesale,Distributor,Tezpur,Assam,North-East,Bikash Roy,Credit,RC-3F-02,Breeze 3-Fold - Transparent,3-Fold Umbrella,180,305.0,0.1
SO000205,2025-05-26,Delivered,C003,Brahmaputra Wholesale,Distributor,Tezpur,Assam,North-East,Bikash Roy,Credit,RC-UV-04,SunGuard UV Sun - Beige,UV Sun Umbrella,180,420.0,0.11
SO000205,2025-05-26,Delivered,C003,Brahmaputra Wholesale,Distributor,Tezpur,Assam,North-East,Bikash Roy,Credit,RC-2F-02,Breeze 2-Fold - Red,2-Fold Umbrella,204,290.0,0.12
SO000206,2025-05-26,Delivered,C049,Biswakarma Traders,Retailer,Kolkata,West Bengal,South Bengal,Amit Sarkar,Credit,RC-GF-01,Pro Golf - Floral Print,Golf Umbrella,12,745.0,0.0
SO000206,2025-05-26,Delivered,C049,Biswakarma Traders,Retailer,Kolkata,West Bengal,South Bengal,Amit Sarkar,Credit,RC-UV-01,SunGuard UV Sun - Maroon,UV Sun Umbrella,12,375.0,0.01
SO000206,2025-05-26,Delivered,C049,Biswakarma Traders,Retailer,Kolkata,West Bengal,South Bengal,Amit Sarkar,Credit,RC-RC-01,Shield Raincoat - Red,Raincoat,12,690.0,0.01
SO000207,2025-05-26,Delivered,C051,Sai Traders,Retailer,Asansol,West Bengal,South Bengal,Amit Sarkar,Cash,RC-RC-05,Shield Raincoat - Polka Dot,Raincoat,24,655.0,0.03
SO000207,2025-05-26,Delivered,C051,Sai Traders,Retailer,Asansol,West Bengal,South Bengal,Amit Sarkar,Cash,RC-UV-02,SunGuard UV Sun - Grey,UV Sun Umbrella,24,580.0,0.03
SO000207,2025-05-26,Delivered,C051,Sai Traders,Retailer,Asansol,West Bengal,South Bengal,Amit Sarkar,Cash,RC-3F-05,Breeze 3-Fold - Grey,3-Fold Umbrella,12,255.0,0.02
SO000208,2025-05-26,Delivered,C058,Lokenath General Store,Wholesaler,Howrah,West Bengal,South Bengal,Amit Sarkar,Credit,RC-UV-04,SunGuard UV Sun - Beige,UV Sun Umbrella,72,420.0,0.07
SO000208,2025-05-26,Delivered,C058,Lokenath General Store,Wholesaler,Howrah,West Bengal,South Bengal,Amit Sarkar,Credit,RC-UV-05,SunGuard UV Sun - Transparent,UV Sun Umbrella,12,525.0,0.06
SO000208,2025-05-26,Delivered,C058,Lokenath General Store,Wholesaler,Howrah,West Bengal,South Bengal,Amit Sarkar,Credit,RC-RC-03,Shield Raincoat - Grey,Raincoat,48,740.0,0.04
SO000208,2025-05-26,Delivered,C058,Lokenath General Store,Wholesaler,Howrah,West Bengal,South Bengal,Amit Sarkar,Credit,RC-RC-01,Shield Raincoat - Red,Raincoat,12,690.0,0.05
SO000209,2025-05-27,Delivered,C004,Royal Trading Co.,Retailer,Agartala,Tripura,North-East,Bikash Roy,Credit,RC-RC-05,Shield Raincoat - Polka Dot,Raincoat,48,655.0,0.03
SO000209,2025-05-27,Delivered,C004,Royal Trading Co.,Retailer,Agartala,Tripura,North-East,Bikash Roy,Credit,RC-3F-01,Classic 3-Fold - Polka Dot,3-Fold Umbrella,24,330.0,0.02
SO000210,2025-05-27,Delivered,C014,New Traders,Distributor,Imphal,Manipur,North-East,Bikash Roy,Credit,RC-UV-01,SunGuard UV Sun - Maroon,UV Sun Umbrella,132,375.0,0.1
SO000210,2025-05-27,Delivered,C014,New Traders,Distributor,Imphal,Manipur,North-East,Bikash Roy,Credit,RC-2F-02,Breeze 2-Fold - Red,2-Fold Umbrella,144,290.0,0.11
SO000210,2025-05-27,Delivered,C014,New Traders,Distributor,Imphal,Manipur,North-East,Bikash Roy,Credit,RC-RC-01,Shield Raincoat - Red,Raincoat,180,690.0,0.11
SO000210,2025-05-27,Delivered,C014,New Traders,Distributor,Imphal,Manipur,North-East,Bikash Roy,Credit,RC-3F-04,Compact 3-Fold - Navy Blue,3-Fold Umbrella,84,345.0,0.11
SO000210,2025-05-27,Delivered,C014,New Traders,Distributor,Imphal,Manipur,North-East,Bikash Roy,Credit,RC-LG-02,Storm Long - Grey,Long Umbrella,144,385.0,0.11
SO000211,2025-05-27,Delivered,C016,Krishna Emporium,Retailer,Guwahati,Assam,North-East,Bikash Roy,Cash,RC-RC-04,Shield Raincoat - Checks,Raincoat,24,435.0,0.03
SO000212,2025-05-27,Delivered,C025,Modern Stores,Retailer,Silchar,Assam,North-East,Bikash Roy,Credit,RC-UV-04,SunGuard UV Sun - Beige,UV Sun Umbrella,12,420.0,0.0
SO000212,2025-05-27,Delivered,C025,Modern Stores,Retailer,Silchar,Assam,North-East,Bikash Roy,Credit,RC-KD-02,Kiddo Kids - Yellow,Kids Umbrella,12,210.0,0.02
SO000213,2025-05-27,Delivered,C034,Sai Distributors,Wholesaler,Imphal,Manipur,North-East,Bikash Roy,Credit,RC-RC-05,Shield Raincoat - Polka Dot,Raincoat,24,655.0,0.03
SO000213,2025-05-27,Delivered,C034,Sai Distributors,Wholesaler,Imphal,Manipur,North-East,Bikash Roy,Credit,RC-GF-01,Pro Golf - Floral Print,Golf Umbrella,48,745.0,0.06
SO000213,2025-05-27,Delivered,C034,Sai Distributors,Wholesaler,Imphal,Manipur,North-East,Bikash Roy,Credit,RC-RC-01,Shield Raincoat - Red,Raincoat,72,690.0,0.03
SO000214,2025-05-27,Delivered,C047,Teesta Trading Co.,Retailer,Bhagalpur,Bihar,Other East,Rakesh Singh,Cash,RC-LG-05,Storm Long - Checks,Long Umbrella,12,345.0,0.02
SO000214,2025-05-27,Delivered,C047,Teesta Trading Co.,Retailer,Bhagalpur,Bihar,Other East,Rakesh Singh,Cash,RC-RC-03,Shield Raincoat - Grey,Raincoat,12,740.0,0.0
SO000214,2025-05-27,Delivered,C047,Teesta Trading Co.,Retailer,Bhagalpur,Bihar,Other East,Rakesh Singh,Cash,RC-KD-01,Kiddo Kids - Cartoon Print,Kids Umbrella,12,220.0,0.03
SO000215,2025-05-27,Delivered,C048,Purbanchal Agencies,Wholesaler,Tezpur,Assam,North-East,Bikash Roy,Credit,RC-3F-06,Breeze 3-Fold - Floral Print,3-Fold Umbrella,84,260.0,0.05
SO000215,2025-05-27,Delivered,C048,Purbanchal Agencies,Wholesaler,Tezpur,Assam,North-East,Bikash Roy,Credit,RC-3F-10,Compact 3-Fold - Red,3-Fold Umbrella,84,260.0,0.04
SO000215,2025-05-27,Delivered,C048,Purbanchal Agencies,Wholesaler,Tezpur,Assam,North-East,Bikash Roy,Credit,RC-3F-08,Compact 3-Fold - Checks,3-Fold Umbrella,60,295.0,0.06
SO000216,2025-05-27,Delivered,C059,Sunrise Wholesale,Wholesaler,Durgapur,West Bengal,South Bengal,Amit Sarkar,Credit,RC-RC-01,Shield Raincoat - Red,Raincoat,84,690.0,0.05
SO000216,2025-05-27,Delivered,C059,Sunrise Wholesale,Wholesaler,Durgapur,West Bengal,South Bengal,Amit Sarkar,Credit,RC-UV-04,SunGuard UV Sun - Beige,UV Sun Umbrella,60,420.0,0.05
SO000216,2025-05-27,Delivered,C059,Sunrise Wholesale,Wholesaler,Durgapur,West Bengal,South Bengal,Amit Sarkar,Credit,RC-LG-05,Storm Long - Checks,Long Umbrella,48,345.0,0.07
SO000217,2025-05-28,Delivered,C021,City Traders,Wholesaler,Bhubaneswar,Odisha,Other East,Rakesh Singh,Credit,RC-RC-01,Shield Raincoat - Red,Raincoat,36,690.0,0.03
SO000217,2025-05-28,Delivered,C021,City Traders,Wholesaler,Bhubaneswar,Odisha,Other East,Rakesh Singh,Credit,RC-3F-09,Classic 3-Fold - Black,3-Fold Umbrella,48,205.0,0.07
SO000217,2025-05-28,Delivered,C021,City Traders,Wholesaler,Bhubaneswar,Odisha,Other East,Rakesh Singh,Credit,RC-KD-03,Kiddo Kids - Sky Blue,Kids Umbrella,72,185.0,0.04
SO000218,2025-05-28,Delivered,C024,Rainbow Enterprises,Wholesaler,Dibrugarh,Assam,North-East,Bikash Roy,Credit,RC-RC-01,Shield Raincoat - Red,Raincoat,144,690.0,0.07
SO000218,2025-05-28,Delivered,C024,Rainbow Enterprises,Wholesaler,Dibrugarh,Assam,North-East,Bikash Roy,Credit,RC-UV-04,SunGuard UV Sun - Beige,UV Sun Umbrella,144,420.0,0.05
SO000218,2025-05-28,Delivered,C024,Rainbow Enterprises,Wholesaler,Dibrugarh,Assam,North-East,Bikash Roy,Credit,RC-2F-01,Classic 2-Fold - Maroon,2-Fold Umbrella,120,310.0,0.04
SO000218,2025-05-28,Delivered,C024,Rainbow Enterprises,Wholesaler,Dibrugarh,Assam,North-East,Bikash Roy,Credit,RC-RC-02,Shield Raincoat - Bottle Green,Raincoat,120,690.0,0.07
SO000219,2025-05-28,Delivered,C027,Kalyani General Store,Retailer,Asansol,West Bengal,South Bengal,Amit Sarkar,Cash,RC-3F-08,Compact 3-Fold - Checks,3-Fold Umbrella,24,295.0,0.0
SO000219,2025-05-28,Delivered,C027,Kalyani General Store,Retailer,Asansol,West Bengal,South Bengal,Amit Sarkar,Cash,RC-UV-04,SunGuard UV Sun - Beige,UV Sun Umbrella,48,420.0,0.03
SO000219,2025-05-28,Delivered,C027,Kalyani General Store,Retailer,Asansol,West Bengal,South Bengal,Amit Sarkar,Cash,RC-UV-01,SunGuard UV Sun - Maroon,UV Sun Umbrella,24,375.0,0.01
SO000220,2025-05-28,Delivered,C031,Purbanchal Umbrella House,Retailer,Imphal,Manipur,North-East,Bikash Roy,Credit,RC-KD-03,Kiddo Kids - Sky Blue,Kids Umbrella,48,185.0,0.03
SO000221,2025-05-28,Delivered,C041,New Enterprises,Distributor,Agartala,Tripura,North-East,Bikash Roy,Credit,RC-2F-02,Breeze 2-Fold - Red,2-Fold Umbrella,180,290.0,0.11
SO000221,2025-05-28,Delivered,C041,New Enterprises,Distributor,Agartala,Tripura,North-East,Bikash Roy,Credit,RC-2F-01,Classic 2-Fold - Maroon,2-Fold Umbrella,132,310.0,0.11
SO000221,2025-05-28,Delivered,C041,New Enterprises,Distributor,Agartala,Tripura,North-East,Bikash Roy,Credit,RC-3F-04,Compact 3-Fold - Navy Blue,3-Fold Umbrella,180,345.0,0.1
SO000221,2025-05-28,Delivered,C041,New Enterprises,Distributor,Agartala,Tripura,North-East,Bikash Roy,Credit,RC-3F-03,Storm 3-Fold - Floral Print,3-Fold Umbrella,96,275.0,0.08
SO000221,2025-05-28,Delivered,C041,New Enterprises,Distributor,Agartala,Tripura,North-East,Bikash Roy,Credit,RC-UV-02,SunGuard UV Sun - Grey,UV Sun Umbrella,276,580.0,0.1
SO000221,2025-05-28,Delivered,C041,New Enterprises,Distributor,Agartala,Tripura,North-East,Bikash Roy,Credit,RC-KD-04,Kiddo Kids - Polka Dot,Kids Umbrella,300,235.0,0.09
SO000222,2025-05-28,Delivered,C048,Purbanchal Agencies,Wholesaler,Tezpur,Assam,North-East,Bikash Roy,Credit,RC-2F-04,Classic 2-Fold - Red,2-Fold Umbrella,36,310.0,0.04
SO000222,2025-05-28,Delivered,C048,Purbanchal Agencies,Wholesaler,Tezpur,Assam,North-East,Bikash Roy,Credit,RC-RC-01,Shield Raincoat - Red,Raincoat,72,690.0,0.04
SO000222,2025-05-28,Delivered,C048,Purbanchal Agencies,Wholesaler,Tezpur,Assam,North-East,Bikash Roy,Credit,RC-2F-03,Classic 2-Fold - Checks,2-Fold Umbrella,36,435.0,0.05
SO000222,2025-05-28,Delivered,C048,Purbanchal Agencies,Wholesaler,Tezpur,Assam,North-East,Bikash Roy,Credit,RC-LG-05,Storm Long - Checks,Long Umbrella,36,345.0,0.06
SO000223,2025-05-28,Delivered,C049,Biswakarma Traders,Retailer,Kolkata,West Bengal,South Bengal,Amit Sarkar,Credit,RC-GF-01,Pro Golf - Floral Print,Golf Umbrella,36,745.0,0.01
SO000223,2025-05-28,Delivered,C049,Biswakarma Traders,Retailer,Kolkata,West Bengal,South Bengal,Amit Sarkar,Credit,RC-2F-01,Classic 2-Fold - Maroon,2-Fold Umbrella,12,310.0,0.01
SO000224,2025-05-29,Delivered,C007,Biswakarma Bazaar,Wholesaler,Malda,West Bengal,North Bengal,Rina Das,Credit,RC-2F-01,Classic 2-Fold - Maroon,2-Fold Umbrella,12,310.0,0.06
SO000224,2025-05-29,Delivered,C007,Biswakarma Bazaar,Wholesaler,Malda,West Bengal,North Bengal,Rina Das,Credit,RC-RC-01,Shield Raincoat - Red,Raincoat,60,690.0,0.07
SO000224,2025-05-29,Delivered,C007,Biswakarma Bazaar,Wholesaler,Malda,West Bengal,North Bengal,Rina Das,Credit,RC-2F-02,Breeze 2-Fold - Red,2-Fold Umbrella,12,290.0,0.06
SO000225,2025-05-29,Delivered,C011,Sri Durga Umbrella House,Retailer,Silchar,Assam,North-East,Bikash Roy,Cash,RC-3F-06,Breeze 3-Fold - Floral Print,3-Fold Umbrella,12,260.0,0.02
SO000225,2025-05-29,Delivered,C011,Sri Durga Umbrella House,Retailer,Silchar,Assam,North-East,Bikash Roy,Cash,RC-LG-05,Storm Long - Checks,Long Umbrella,12,345.0,0.01
SO000225,2025-05-29,Delivered,C011,Sri Durga Umbrella House,Retailer,Silchar,Assam,North-East,Bikash Roy,Cash,RC-KD-03,Kiddo Kids - Sky Blue,Kids Umbrella,12,185.0,0.01
SO000226,2025-05-29,Delivered,C016,Krishna Emporium,Retailer,Guwahati,Assam,North-East,Bikash Roy,Cash,RC-RC-02,Shield Raincoat - Bottle Green,Raincoat,12,690.0,0.0
SO000227,2025-05-29,Delivered,C021,City Traders,Wholesaler,Bhubaneswar,Odisha,Other East,Rakesh Singh,Credit,RC-LG-05,Storm Long - Checks,Long Umbrella,24,345.0,0.05
SO000227,2025-05-29,Delivered,C021,City Traders,Wholesaler,Bhubaneswar,Odisha,Other East,Rakesh Singh,Credit,RC-KD-04,Kiddo Kids - Polka Dot,Kids Umbrella,60,235.0,0.03
SO000227,2025-05-29,Delivered,C021,City Traders,Wholesaler,Bhubaneswar,Odisha,Other East,Rakesh Singh,Credit,RC-3F-03,Storm 3-Fold - Floral Print,3-Fold Umbrella,24,275.0,0.07
SO000228,2025-05-29,Delivered,C029,City Stores,Retailer,Durgapur,West Bengal,South Bengal,Amit Sarkar,Cash,RC-2F-03,Classic 2-Fold - Checks,2-Fold Umbrella,36,435.0,0.02
SO000228,2025-05-29,Delivered,C029,City Stores,Retailer,Durgapur,West Bengal,South Bengal,Amit Sarkar,Cash,RC-3F-06,Breeze 3-Fold - Floral Print,3-Fold Umbrella,36,260.0,0.01
SO000229,2025-05-29,Delivered,C037,Hanuman Marketing,Retailer,Dimapur,Nagaland,North-East,Bikash Roy,Credit,RC-RC-02,Shield Raincoat - Bottle Green,Raincoat,48,690.0,0.0
SO000229,2025-05-29,Delivered,C037,Hanuman Marketing,Retailer,Dimapur,Nagaland,North-East,Bikash Roy,Credit,RC-RC-01,Shield Raincoat - Red,Raincoat,24,690.0,0.0
SO000229,2025-05-29,Delivered,C037,Hanuman Marketing,Retailer,Dimapur,Nagaland,North-East,Bikash Roy,Credit,RC-3F-08,Compact 3-Fold - Checks,3-Fold Umbrella,24,295.0,0.01
SO000230,2025-05-29,Delivered,C048,Purbanchal Agencies,Wholesaler,Tezpur,Assam,North-East,Bikash Roy,Credit,RC-UV-01,SunGuard UV Sun - Maroon,UV Sun Umbrella,84,375.0,0.03
SO000230,2025-05-29,Delivered,C048,Purbanchal Agencies,Wholesaler,Tezpur,Assam,North-East,Bikash Roy,Credit,RC-2F-01,Classic 2-Fold - Maroon,2-Fold Umbrella,60,310.0,0.07
SO000230,2025-05-29,Delivered,C048,Purbanchal Agencies,Wholesaler,Tezpur,Assam,North-East,Bikash Roy,Credit,RC-KD-04,Kiddo Kids - Polka Dot,Kids Umbrella,60,235.0,0.07
SO000231,2025-05-30,Delivered,C016,Krishna Emporium,Retailer,Guwahati,Assam,North-East,Bikash Roy,Cash,RC-3F-02,Breeze 3-Fold - Transparent,3-Fold Umbrella,12,305.0,0.01
SO000231,2025-05-30,Delivered,C016,Krishna Emporium,Retailer,Guwahati,Assam,North-East,Bikash Roy,Cash,RC-3F-06,Breeze 3-Fold - Floral Print,3-Fold Umbrella,24,260.0,0.02
SO000232,2025-05-30,Delivered,C028,Lokenath General Store,Retailer,Silchar,Assam,North-East,Bikash Roy,Cash,RC-UV-04,SunGuard UV Sun - Beige,UV Sun Umbrella,36,420.0,0.01
SO000232,2025-05-30,Delivered,C028,Lokenath General Store,Retailer,Silchar,Assam,North-East,Bikash Roy,Cash,RC-3F-04,Compact 3-Fold - Navy Blue,3-Fold Umbrella,12,345.0,0.02
SO000232,2025-05-30,Delivered,C028,Lokenath General Store,Retailer,Silchar,Assam,North-East,Bikash Roy,Cash,RC-2F-06,Breeze 2-Fold - Floral Print,2-Fold Umbrella,24,270.0,0.02
SO000233,2025-05-30,Delivered,C031,Purbanchal Umbrella House,Retailer,Imphal,Manipur,North-East,Bikash Roy,Credit,RC-2F-06,Breeze 2-Fold - Floral Print,2-Fold Umbrella,72,270.0,0.03
SO000233,2025-05-30,Delivered,C031,Purbanchal Umbrella House,Retailer,Imphal,Manipur,North-East,Bikash Roy,Credit,RC-GF-01,Pro Golf - Floral Print,Golf Umbrella,72,745.0,0.02
SO000233,2025-05-30,Delivered,C031,Purbanchal Umbrella House,Retailer,Imphal,Manipur,North-East,Bikash Roy,Credit,RC-3F-04,Compact 3-Fold - Navy Blue,3-Fold Umbrella,48,345.0,0.02
SO000234,2025-05-30,Delivered,C041,New Enterprises,Distributor,Agartala,Tripura,North-East,Bikash Roy,Credit,RC-3F-08,Compact 3-Fold - Checks,3-Fold Umbrella,204,295.0,0.1
SO000234,2025-05-30,Delivered,C041,New Enterprises,Distributor,Agartala,Tripura,North-East,Bikash Roy,Credit,RC-2F-02,Breeze 2-Fold - Red,2-Fold Umbrella,252,290.0,0.1
SO000234,2025-05-30,Delivered,C041,New Enterprises,Distributor,Agartala,Tripura,North-East,Bikash Roy,Credit,RC-LG-02,Storm Long - Grey,Long Umbrella,216,385.0,0.1
SO000234,2025-05-30,Delivered,C041,New Enterprises,Distributor,Agartala,Tripura,North-East,Bikash Roy,Credit,RC-KD-02,Kiddo Kids - Yellow,Kids Umbrella,180,210.0,0.09
SO000234,2025-05-30,Delivered,C041,New Enterprises,Distributor,Agartala,Tripura,North-East,Bikash Roy,Credit,RC-RC-01,Shield Raincoat - Red,Raincoat,216,690.0,0.09
SO000234,2025-05-30,Delivered,C041,New Enterprises,Distributor,Agartala,Tripura,North-East,Bikash Roy,Credit,RC-KD-03,Kiddo Kids - Sky Blue,Kids Umbrella,96,185.0,0.11
SO000235,2025-05-31,Delivered,C031,Purbanchal Umbrella House,Retailer,Imphal,Manipur,North-East,Bikash Roy,Credit,RC-UV-02,SunGuard UV Sun - Grey,UV Sun Umbrella,24,580.0,0.03
SO000236,2025-05-31,Delivered,C033,Krishna Distributors,Retailer,Jalpaiguri,West Bengal,North Bengal,Rina Das,Credit,RC-3F-06,Breeze 3-Fold - Floral Print,3-Fold Umbrella,24,260.0,0.01
SO000236,2025-05-31,Delivered,C033,Krishna Distributors,Retailer,Jalpaiguri,West Bengal,North Bengal,Rina Das,Credit,RC-GF-01,Pro Golf - Floral Print,Golf Umbrella,12,745.0,0.01
SO000236,2025-05-31,Delivered,C033,Krishna Distributors,Retailer,Jalpaiguri,West Bengal,North Bengal,Rina Das,Credit,RC-2F-02,Breeze 2-Fold - Red,2-Fold Umbrella,24,290.0,0.03
SO000237,2025-05-31,Delivered,C038,Kalyani Distributors,Wholesaler,Agartala,Tripura,North-East,Bikash Roy,Credit,RC-KD-04,Kiddo Kids - Polka Dot,Kids Umbrella,36,235.0,0.03
SO000237,2025-05-31,Delivered,C038,Kalyani Distributors,Wholesaler,Agartala,Tripura,North-East,Bikash Roy,Credit,RC-RC-02,Shield Raincoat - Bottle Green,Raincoat,84,690.0,0.05
SO000238,2025-05-31,Delivered,C041,New Enterprises,Distributor,Agartala,Tripura,North-East,Bikash Roy,Credit,RC-2F-04,Classic 2-Fold - Red,2-Fold Umbrella,300,310.0,0.12
SO000238,2025-05-31,Delivered,C041,New Enterprises,Distributor,Agartala,Tripura,North-East,Bikash Roy,Credit,RC-3F-01,Classic 3-Fold - Polka Dot,3-Fold Umbrella,96,330.0,0.12
SO000238,2025-05-31,Delivered,C041,New Enterprises,Distributor,Agartala,Tripura,North-East,Bikash Roy,Credit,RC-UV-04,SunGuard UV Sun - Beige,UV Sun Umbrella,264,420.0,0.11
SO000238,2025-05-31,Delivered,C041,New Enterprises,Distributor,Agartala,Tripura,North-East,Bikash Roy,Credit,RC-2F-06,Breeze 2-Fold - Floral Print,2-Fold Umbrella,144,270.0,0.12
SO000239,2025-05-31,Cancelled,C046,Sri Durga Traders,Distributor,Cooch Behar,West Bengal,North Bengal,Rina Das,Credit,RC-RC-05,Shield Raincoat - Polka Dot,Raincoat,168,655.0,0.11
SO000239,2025-05-31,Cancelled,C046,Sri Durga Traders,Distributor,Cooch Behar,West Bengal,North Bengal,Rina Das,Credit,RC-KD-04,Kiddo Kids - Polka Dot,Kids Umbrella,108,235.0,0.11
SO000239,2025-05-31,Cancelled,C046,Sri Durga Traders,Distributor,Cooch Behar,West Bengal,North Bengal,Rina Das,Credit,RC-UV-03,SunGuard UV Sun - Checks,UV Sun Umbrella,276,445.0,0.08
SO000239,2025-05-31,Cancelled,C046,Sri Durga Traders,Distributor,Cooch Behar,West Bengal,North Bengal,Rina Das,Credit,RC-2F-01,Classic 2-Fold - Maroon,2-Fold Umbrella,264,310.0,0.09
SO000239,2025-05-31,Cancelled,C046,Sri Durga Traders,Distributor,Cooch Behar,West Bengal,North Bengal,Rina Das,Credit,RC-3F-02,Breeze 3-Fold - Transparent,3-Fold Umbrella,72,305.0,0.11
SO000240,2025-05-31,Delivered,C049,Biswakarma Traders,Retailer,Kolkata,West Bengal,South Bengal,Amit Sarkar,Credit,RC-RC-01,Shield Raincoat - Red,Raincoat,12,690.0,0.01
SO000240,2025-05-31,Delivered,C049,Biswakarma Traders,Retailer,Kolkata,West Bengal,South Bengal,Amit Sarkar,Credit,RC-LG-02,Storm Long - Grey,Long Umbrella,12,385.0,0.01
SO000240,2025-05-31,Delivered,C049,Biswakarma Traders,Retailer,Kolkata,West Bengal,South Bengal,Amit Sarkar,Credit,RC-UV-04,SunGuard UV Sun - Beige,UV Sun Umbrella,12,420.0,0.02
SO000241,2025-05-31,Delivered,C055,Sonali Traders,Retailer,Bardhaman,West Bengal,South Bengal,Amit Sarkar,Cash,RC-3F-05,Breeze 3-Fold - Grey,3-Fold Umbrella,12,255.0,0.01
SO000241,2025-05-31,Delivered,C055,Sonali Traders,Retailer,Bardhaman,West Bengal,South Bengal,Amit Sarkar,Cash,RC-3F-04,Compact 3-Fold - Navy Blue,3-Fold Umbrella,24,345.0,0.03
SO000241,2025-05-31,Delivered,C055,Sonali Traders,Retailer,Bardhaman,West Bengal,South Bengal,Amit Sarkar,Cash,RC-3F-06,Breeze 3-Fold - Floral Print,3-Fold Umbrella,24,260.0,0.0
SO000242,2025-06-02,Delivered,C010,Ganga Bastralaya,Wholesaler,Jorhat,Assam,North-East,Bikash Roy,Credit,RC-UV-02,SunGuard UV Sun - Grey,UV Sun Umbrella,60,580.0,0.04
SO000242,2025-06-02,Delivered,C010,Ganga Bastralaya,Wholesaler,Jorhat,Assam,North-East,Bikash Roy,Credit,RC-3F-01,Classic 3-Fold - Polka Dot,3-Fold Umbrella,96,330.0,0.04
SO000243,2025-06-02,Delivered,C012,Sonali Marketing,Wholesaler,Ranchi,Jharkhand,Other East,Rakesh Singh,Credit,RC-RC-02,Shield Raincoat - Bottle Green,Raincoat,72,690.0,0.04
SO000243,2025-06-02,Delivered,C012,Sonali Marketing,Wholesaler,Ranchi,Jharkhand,Other East,Rakesh Singh,Credit,RC-3F-06,Breeze 3-Fold - Floral Print,3-Fold Umbrella,12,260.0,0.05
SO000243,2025-06-02,Delivered,C012,Sonali Marketing,Wholesaler,Ranchi,Jharkhand,Other East,Rakesh Singh,Credit,RC-RC-01,Shield Raincoat - Red,Raincoat,72,690.0,0.04
SO000244,2025-06-02,Cancelled,C013,Hanuman Stores,Wholesaler,Bardhaman,West Bengal,South Bengal,Amit Sarkar,Credit,RC-LG-03,Storm Long - Bottle Green,Long Umbrella,156,430.0,0.07
SO000244,2025-06-02,Cancelled,C013,Hanuman Stores,Wholesaler,Bardhaman,West Bengal,South Bengal,Amit Sarkar,Credit,RC-KD-04,Kiddo Kids - Polka Dot,Kids Umbrella,96,235.0,0.05
SO000245,2025-06-02,Delivered,C016,Krishna Emporium,Retailer,Guwahati,Assam,North-East,Bikash Roy,Cash,RC-RC-01,Shield Raincoat - Red,Raincoat,24,690.0,0.0
SO000245,2025-06-02,Delivered,C016,Krishna Emporium,Retailer,Guwahati,Assam,North-East,Bikash Roy,Cash,RC-2F-06,Breeze 2-Fold - Floral Print,2-Fold Umbrella,24,270.0,0.0
SO000245,2025-06-02,Delivered,C016,Krishna Emporium,Retailer,Guwahati,Assam,North-East,Bikash Roy,Cash,RC-LG-06,Heritage Long - Maroon,Long Umbrella,24,570.0,0.02
SO000246,2025-06-02,Delivered,C046,Sri Durga Traders,Distributor,Cooch Behar,West Bengal,North Bengal,Rina Das,Credit,RC-3F-07,Classic 3-Fold - Beige,3-Fold Umbrella,84,300.0,0.09
SO000246,2025-06-02,Delivered,C046,Sri Durga Traders,Distributor,Cooch Behar,West Bengal,North Bengal,Rina Das,Credit,RC-LG-05,Storm Long - Checks,Long Umbrella,108,345.0,0.09
SO000246,2025-06-02,Delivered,C046,Sri Durga Traders,Distributor,Cooch Behar,West Bengal,North Bengal,Rina Das,Credit,RC-3F-08,Compact 3-Fold - Checks,3-Fold Umbrella,132,295.0,0.09
SO000246,2025-06-02,Delivered,C046,Sri Durga Traders,Distributor,Cooch Behar,West Bengal,North Bengal,Rina Das,Credit,RC-RC-03,Shield Raincoat - Grey,Raincoat,264,740.0,0.1
SO000246,2025-06-02,Delivered,C046,Sri Durga Traders,Distributor,Cooch Behar,West Bengal,North Bengal,Rina Das,Credit,RC-LG-06,Heritage Long - Maroon,Long Umbrella,72,570.0,0.08
SO000247,2025-06-02,Delivered,C055,Sonali Traders,Retailer,Bardhaman,West Bengal,South Bengal,Amit Sarkar,Cash,RC-LG-06,Heritage Long - Maroon,Long Umbrella,36,570.0,0.02
SO000248,2025-06-03,Delivered,C035,Ganga Traders,Retailer,Bardhaman,West Bengal,South Bengal,Amit Sarkar,Credit,RC-2F-01,Classic 2-Fold - Maroon,2-Fold Umbrella,12,310.0,0.03
SO000248,2025-06-03,Delivered,C035,Ganga Traders,Retailer,Bardhaman,West Bengal,South Bengal,Amit Sarkar,Credit,RC-3F-10,Compact 3-Fold - Red,3-Fold Umbrella,24,260.0,0.0
SO000248,2025-06-03,Delivered,C035,Ganga Traders,Retailer,Bardhaman,West Bengal,South Bengal,Amit Sarkar,Credit,RC-3F-01,Classic 3-Fold - Polka Dot,3-Fold Umbrella,12,330.0,0.02
SO000249,2025-06-03,Delivered,C041,New Enterprises,Distributor,Agartala,Tripura,North-East,Bikash Roy,Credit,RC-RC-02,Shield Raincoat - Bottle Green,Raincoat,180,690.0,0.11
SO000249,2025-06-03,Delivered,C041,New Enterprises,Distributor,Agartala,Tripura,North-East,Bikash Roy,Credit,RC-3F-09,Classic 3-Fold - Black,3-Fold Umbrella,276,205.0,0.1
SO000249,2025-06-03,Delivered,C041,New Enterprises,Distributor,Agartala,Tripura,North-East,Bikash Roy,Credit,RC-RC-01,Shield Raincoat - Red,Raincoat,276,690.0,0.09
SO000250,2025-06-04,Cancelled,C013,Hanuman Stores,Wholesaler,Bardhaman,West Bengal,South Bengal,Amit Sarkar,Credit,RC-LG-05,Storm Long - Checks,Long Umbrella,72,345.0,0.04
SO000250,2025-06-04,Cancelled,C013,Hanuman Stores,Wholesaler,Bardhaman,West Bengal,South Bengal,Amit Sarkar,Credit,RC-3F-08,Compact 3-Fold - Checks,3-Fold Umbrella,96,295.0,0.05
SO000250,2025-06-04,Cancelled,C013,Hanuman Stores,Wholesaler,Bardhaman,West Bengal,South Bengal,Amit Sarkar,Credit,RC-UV-01,SunGuard UV Sun - Maroon,UV Sun Umbrella,156,375.0,0.06
SO000251,2025-06-04,Delivered,C030,Star Enterprises,Wholesaler,Shillong,Meghalaya,North-East,Bikash Roy,Credit,RC-2F-02,Breeze 2-Fold - Red,2-Fold Umbrella,24,290.0,0.03
SO000251,2025-06-04,Delivered,C030,Star Enterprises,Wholesaler,Shillong,Meghalaya,North-East,Bikash Roy,Credit,RC-RC-02,Shield Raincoat - Bottle Green,Raincoat,12,690.0,0.03
SO000252,2025-06-04,Delivered,C033,Krishna Distributors,Retailer,Jalpaiguri,West Bengal,North Bengal,Rina Das,Credit,RC-3F-06,Breeze 3-Fold - Floral Print,3-Fold Umbrella,36,260.0,0.02
SO000252,2025-06-04,Delivered,C033,Krishna Distributors,Retailer,Jalpaiguri,West Bengal,North Bengal,Rina Das,Credit,RC-RC-01,Shield Raincoat - Red,Raincoat,36,690.0,0.02
SO000253,2025-06-04,Delivered,C041,New Enterprises,Distributor,Agartala,Tripura,North-East,Bikash Roy,Credit,RC-3F-05,Breeze 3-Fold - Grey,3-Fold Umbrella,96,255.0,0.09
SO000253,2025-06-04,Delivered,C041,New Enterprises,Distributor,Agartala,Tripura,North-East,Bikash Roy,Credit,RC-3F-01,Classic 3-Fold - Polka Dot,3-Fold Umbrella,84,330.0,0.1
SO000253,2025-06-04,Delivered,C041,New Enterprises,Distributor,Agartala,Tripura,North-East,Bikash Roy,Credit,RC-3F-09,Classic 3-Fold - Black,3-Fold Umbrella,252,205.0,0.1
SO000253,2025-06-04,Delivered,C041,New Enterprises,Distributor,Agartala,Tripura,North-East,Bikash Roy,Credit,RC-3F-03,Storm 3-Fold - Floral Print,3-Fold Umbrella,156,275.0,0.11
SO000254,2025-06-04,Delivered,C044,Maa Tara Wholesale,Retailer,Itanagar,Arunachal Pradesh,North-East,Bikash Roy,Cash,RC-2F-02,Breeze 2-Fold - Red,2-Fold Umbrella,24,290.0,0.02
SO000254,2025-06-04,Delivered,C044,Maa Tara Wholesale,Retailer,Itanagar,Arunachal Pradesh,North-East,Bikash Roy,Cash,RC-UV-04,SunGuard UV Sun - Beige,UV Sun Umbrella,12,420.0,0.0
SO000254,2025-06-04,Delivered,C044,Maa Tara Wholesale,Retailer,Itanagar,Arunachal Pradesh,North-East,Bikash Roy,Cash,RC-KD-03,Kiddo Kids - Sky Blue,Kids Umbrella,24,185.0,0.0
SO000255,2025-06-05,Delivered,C003,Brahmaputra Wholesale,Distributor,Tezpur,Assam,North-East,Bikash Roy,Credit,RC-3F-02,Breeze 3-Fold - Transparent,3-Fold Umbrella,72,305.0,0.1
SO000255,2025-06-05,Delivered,C003,Brahmaputra Wholesale,Distributor,Tezpur,Assam,North-East,Bikash Roy,Credit,RC-3F-04,Compact 3-Fold - Navy Blue,3-Fold Umbrella,180,345.0,0.08
SO000255,2025-06-05,Delivered,C003,Brahmaputra Wholesale,Distributor,Tezpur,Assam,North-East,Bikash Roy,Credit,RC-3F-10,Compact 3-Fold - Red,3-Fold Umbrella,204,260.0,0.09
SO000256,2025-06-05,Delivered,C005,Jai Hind Umbrella House,Retailer,Cuttack,Odisha,Other East,Rakesh Singh,Cash,RC-RC-03,Shield Raincoat - Grey,Raincoat,12,740.0,0.02
SO000256,2025-06-05,Delivered,C005,Jai Hind Umbrella House,Retailer,Cuttack,Odisha,Other East,Rakesh Singh,Cash,RC-GF-01,Pro Golf - Floral Print,Golf Umbrella,12,745.0,0.03
SO000257,2025-06-05,Delivered,C006,Modern Stores,Wholesaler,Howrah,West Bengal,South Bengal,Amit Sarkar,Credit,RC-3F-04,Compact 3-Fold - Navy Blue,3-Fold Umbrella,24,345.0,0.03
SO000257,2025-06-05,Delivered,C006,Modern Stores,Wholesaler,Howrah,West Bengal,South Bengal,Amit Sarkar,Credit,RC-LG-05,Storm Long - Checks,Long Umbrella,60,345.0,0.04
SO000257,2025-06-05,Delivered,C006,Modern Stores,Wholesaler,Howrah,West Bengal,South Bengal,Amit Sarkar,Credit,RC-LG-06,Heritage Long - Maroon,Long Umbrella,120,570.0,0.06
SO000257,2025-06-05,Delivered,C006,Modern Stores,Wholesaler,Howrah,West Bengal,South Bengal,Amit Sarkar,Credit,RC-RC-01,Shield Raincoat - Red,Raincoat,60,690.0,0.07
SO000258,2025-06-05,Delivered,C011,Sri Durga Umbrella House,Retailer,Silchar,Assam,North-East,Bikash Roy,Cash,RC-2F-03,Classic 2-Fold - Checks,2-Fold Umbrella,24,435.0,0.02
SO000259,2025-06-05,Cancelled,C041,New Enterprises,Distributor,Agartala,Tripura,North-East,Bikash Roy,Credit,RC-2F-06,Breeze 2-Fold - Floral Print,2-Fold Umbrella,120,270.0,0.1
SO000259,2025-06-05,Cancelled,C041,New Enterprises,Distributor,Agartala,Tripura,North-East,Bikash Roy,Credit,RC-3F-07,Classic 3-Fold - Beige,3-Fold Umbrella,276,300.0,0.12
SO000259,2025-06-05,Cancelled,C041,New Enterprises,Distributor,Agartala,Tripura,North-East,Bikash Roy,Credit,RC-3F-12,Compact 3-Fold - Floral Print,3-Fold Umbrella,240,300.0,0.09
SO000259,2025-06-05,Cancelled,C041,New Enterprises,Distributor,Agartala,Tripura,North-East,Bikash Roy,Credit,RC-RC-05,Shield Raincoat - Polka Dot,Raincoat,156,655.0,0.08
SO000259,2025-06-05,Cancelled,C041,New Enterprises,Distributor,Agartala,Tripura,North-East,Bikash Roy,Credit,RC-3F-04,Compact 3-Fold - Navy Blue,3-Fold Umbrella,144,345.0,0.08
SO000260,2025-06-05,Delivered,C042,Rainbow Bastralaya,Wholesaler,Purnia,Bihar,Other East,Rakesh Singh,Credit,RC-3F-03,Storm 3-Fold - Floral Print,3-Fold Umbrella,84,275.0,0.06
SO000260,2025-06-05,Delivered,C042,Rainbow Bastralaya,Wholesaler,Purnia,Bihar,Other East,Rakesh Singh,Credit,RC-3F-04,Compact 3-Fold - Navy Blue,3-Fold Umbrella,60,345.0,0.07
SO000260,2025-06-05,Delivered,C042,Rainbow Bastralaya,Wholesaler,Purnia,Bihar,Other East,Rakesh Singh,Credit,RC-3F-02,Breeze 3-Fold - Transparent,3-Fold Umbrella,84,305.0,0.06
SO000261,2025-06-05,Cancelled,C046,Sri Durga Traders,Distributor,Cooch Behar,West Bengal,North Bengal,Rina Das,Credit,RC-LG-02,Storm Long - Grey,Long Umbrella,264,385.0,0.09
SO000261,2025-06-05,Cancelled,C046,Sri Durga Traders,Distributor,Cooch Behar,West Bengal,North Bengal,Rina Das,Credit,RC-RC-05,Shield Raincoat - Polka Dot,Raincoat,288,655.0,0.09
SO000261,2025-06-05,Cancelled,C046,Sri Durga Traders,Distributor,Cooch Behar,West Bengal,North Bengal,Rina Das,Credit,RC-RC-01,Shield Raincoat - Red,Raincoat,300,690.0,0.08
SO000261,2025-06-05,Cancelled,C046,Sri Durga Traders,Distributor,Cooch Behar,West Bengal,North Bengal,Rina Das,Credit,RC-LG-03,Storm Long - Bottle Green,Long Umbrella,108,430.0,0.09
SO000262,2025-06-06,Delivered,C008,Popular & Sons,Retailer,Durgapur,West Bengal,South Bengal,Amit Sarkar,Credit,RC-LG-01,Auto-Open Long - Maroon,Long Umbrella,24,390.0,0.03
SO000262,2025-06-06,Delivered,C008,Popular & Sons,Retailer,Durgapur,West Bengal,South Bengal,Amit Sarkar,Credit,RC-LG-05,Storm Long - Checks,Long Umbrella,24,345.0,0.03
SO000262,2025-06-06,Delivered,C008,Popular & Sons,Retailer,Durgapur,West Bengal,South Bengal,Amit Sarkar,Credit,RC-GF-02,Pro Golf - Beige,Golf Umbrella,24,775.0,0.03
SO000263,2025-06-06,Cancelled,C017,New Traders,Distributor,Tezpur,Assam,North-East,Bikash Roy,Credit,RC-UV-04,SunGuard UV Sun - Beige,UV Sun Umbrella,216,420.0,0.11
SO000263,2025-06-06,Cancelled,C017,New Traders,Distributor,Tezpur,Assam,North-East,Bikash Roy,Credit,RC-RC-01,Shield Raincoat - Red,Raincoat,96,690.0,0.09
SO000263,2025-06-06,Cancelled,C017,New Traders,Distributor,Tezpur,Assam,North-East,Bikash Roy,Credit,RC-2F-04,Classic 2-Fold - Red,2-Fold Umbrella,108,310.0,0.11
SO000263,2025-06-06,Cancelled,C017,New Traders,Distributor,Tezpur,Assam,North-East,Bikash Roy,Credit,RC-2F-02,Breeze 2-Fold - Red,2-Fold Umbrella,168,290.0,0.11
SO000263,2025-06-06,Cancelled,C017,New Traders,Distributor,Tezpur,Assam,North-East,Bikash Roy,Credit,RC-LG-03,Storm Long - Bottle Green,Long Umbrella,216,430.0,0.11
SO000263,2025-06-06,Cancelled,C017,New Traders,Distributor,Tezpur,Assam,North-East,Bikash Roy,Credit,RC-3F-07,Classic 3-Fold - Beige,3-Fold Umbrella,144,300.0,0.12
SO000264,2025-06-06,Delivered,C024,Rainbow Enterprises,Wholesaler,Dibrugarh,Assam,North-East,Bikash Roy,Credit,RC-3F-07,Classic 3-Fold - Beige,3-Fold Umbrella,60,300.0,0.06
SO000264,2025-06-06,Delivered,C024,Rainbow Enterprises,Wholesaler,Dibrugarh,Assam,North-East,Bikash Roy,Credit,RC-KD-04,Kiddo Kids - Polka Dot,Kids Umbrella,36,235.0,0.07
SO000264,2025-06-06,Delivered,C024,Rainbow Enterprises,Wholesaler,Dibrugarh,Assam,North-East,Bikash Roy,Credit,RC-2F-06,Breeze 2-Fold - Floral Print,2-Fold Umbrella,60,270.0,0.04
SO000265,2025-06-06,Delivered,C049,Biswakarma Traders,Retailer,Kolkata,West Bengal,South Bengal,Amit Sarkar,Credit,RC-3F-05,Breeze 3-Fold - Grey,3-Fold Umbrella,12,255.0,0.02
SO000265,2025-06-06,Delivered,C049,Biswakarma Traders,Retailer,Kolkata,West Bengal,South Bengal,Amit Sarkar,Credit,RC-RC-01,Shield Raincoat - Red,Raincoat,36,690.0,0.02
SO000265,2025-06-06,Delivered,C049,Biswakarma Traders,Retailer,Kolkata,West Bengal,South Bengal,Amit Sarkar,Credit,RC-3F-03,Storm 3-Fold - Floral Print,3-Fold Umbrella,60,275.0,0.01
SO000266,2025-06-07,Delivered,C006,Modern Stores,Wholesaler,Howrah,West Bengal,South Bengal,Amit Sarkar,Credit,RC-3F-06,Breeze 3-Fold - Floral Print,3-Fold Umbrella,84,260.0,0.04
SO000266,2025-06-07,Delivered,C006,Modern Stores,Wholesaler,Howrah,West Bengal,South Bengal,Amit Sarkar,Credit,RC-KD-04,Kiddo Kids - Polka Dot,Kids Umbrella,120,235.0,0.07
SO000267,2025-06-07,Delivered,C010,Ganga Bastralaya,Wholesaler,Jorhat,Assam,North-East,Bikash Roy,Credit,RC-KD-04,Kiddo Kids - Polka Dot,Kids Umbrella,84,235.0,0.06
SO000267,2025-06-07,Delivered,C010,Ganga Bastralaya,Wholesaler,Jorhat,Assam,North-East,Bikash Roy,Credit,RC-RC-02,Shield Raincoat - Bottle Green,Raincoat,84,690.0,0.07
SO000267,2025-06-07,Delivered,C010,Ganga Bastralaya,Wholesaler,Jorhat,Assam,North-East,Bikash Roy,Credit,RC-3F-09,Classic 3-Fold - Black,3-Fold Umbrella,72,205.0,0.06
SO000268,2025-06-07,Delivered,C024,Rainbow Enterprises,Wholesaler,Dibrugarh,Assam,North-East,Bikash Roy,Credit,RC-3F-03,Storm 3-Fold - Floral Print,3-Fold Umbrella,60,275.0,0.06
SO000268,2025-06-07,Delivered,C024,Rainbow Enterprises,Wholesaler,Dibrugarh,Assam,North-East,Bikash Roy,Credit,RC-RC-01,Shield Raincoat - Red,Raincoat,72,690.0,0.07
SO000269,2025-06-07,Delivered,C028,Lokenath General Store,Retailer,Silchar,Assam,North-East,Bikash Roy,Cash,RC-RC-01,Shield Raincoat - Red,Raincoat,12,690.0,0.03
SO000269,2025-06-07,Delivered,C028,Lokenath General Store,Retailer,Silchar,Assam,North-East,Bikash Roy,Cash,RC-LG-03,Storm Long - Bottle Green,Long Umbrella,36,430.0,0.01
SO000270,2025-06-07,Delivered,C033,Krishna Distributors,Retailer,Jalpaiguri,West Bengal,North Bengal,Rina Das,Credit,RC-2F-01,Classic 2-Fold - Maroon,2-Fold Umbrella,36,310.0,0.03
SO000270,2025-06-07,Delivered,C033,Krishna Distributors,Retailer,Jalpaiguri,West Bengal,North Bengal,Rina Das,Credit,RC-3F-06,Breeze 3-Fold - Floral Print,3-Fold Umbrella,12,260.0,0.02
SO000271,2025-06-07,Delivered,C034,Sai Distributors,Wholesaler,Imphal,Manipur,North-East,Bikash Roy,Credit,RC-3F-09,Classic 3-Fold - Black,3-Fold Umbrella,96,205.0,0.05
SO000271,2025-06-07,Delivered,C034,Sai Distributors,Wholesaler,Imphal,Manipur,North-East,Bikash Roy,Credit,RC-3F-05,Breeze 3-Fold - Grey,3-Fold Umbrella,60,255.0,0.04
SO000272,2025-06-07,Delivered,C037,Hanuman Marketing,Retailer,Dimapur,Nagaland,North-East,Bikash Roy,Credit,RC-3F-08,Compact 3-Fold - Checks,3-Fold Umbrella,24,295.0,0.02
SO000272,2025-06-07,Delivered,C037,Hanuman Marketing,Retailer,Dimapur,Nagaland,North-East,Bikash Roy,Credit,RC-3F-02,Breeze 3-Fold - Transparent,3-Fold Umbrella,24,305.0,0.02
SO000272,2025-06-07,Delivered,C037,Hanuman Marketing,Retailer,Dimapur,Nagaland,North-East,Bikash Roy,Credit,RC-RC-01,Shield Raincoat - Red,Raincoat,24,690.0,0.03
SO000273,2025-06-07,Delivered,C038,Kalyani Distributors,Wholesaler,Agartala,Tripura,North-East,Bikash Roy,Credit,RC-3F-08,Compact 3-Fold - Checks,3-Fold Umbrella,48,295.0,0.06
SO000273,2025-06-07,Delivered,C038,Kalyani Distributors,Wholesaler,Agartala,Tripura,North-East,Bikash Roy,Credit,RC-KD-04,Kiddo Kids - Polka Dot,Kids Umbrella,72,235.0,0.05
SO000274,2025-06-07,Delivered,C042,Rainbow Bastralaya,Wholesaler,Purnia,Bihar,Other East,Rakesh Singh,Credit,RC-GF-01,Pro Golf - Floral Print,Golf Umbrella,24,745.0,0.05
SO000274,2025-06-07,Delivered,C042,Rainbow Bastralaya,Wholesaler,Purnia,Bihar,Other East,Rakesh Singh,Credit,RC-2F-02,Breeze 2-Fold - Red,2-Fold Umbrella,48,290.0,0.05
SO000274,2025-06-07,Delivered,C042,Rainbow Bastralaya,Wholesaler,Purnia,Bihar,Other East,Rakesh Singh,Credit,RC-3F-04,Compact 3-Fold - Navy Blue,3-Fold Umbrella,36,345.0,0.05
SO000274,2025-06-07,Delivered,C042,Rainbow Bastralaya,Wholesaler,Purnia,Bihar,Other East,Rakesh Singh,Credit,RC-RC-01,Shield Raincoat - Red,Raincoat,72,690.0,0.04
SO000275,2025-06-07,Delivered,C048,Purbanchal Agencies,Wholesaler,Tezpur,Assam,North-East,Bikash Roy,Credit,RC-UV-04,SunGuard UV Sun - Beige,UV Sun Umbrella,60,420.0,0.04
SO000275,2025-06-07,Delivered,C048,Purbanchal Agencies,Wholesaler,Tezpur,Assam,North-East,Bikash Roy,Credit,RC-3F-09,Classic 3-Fold - Black,3-Fold Umbrella,24,205.0,0.06
SO000276,2025-06-07,Delivered,C050,Biswakarma Traders,Retailer,Shillong,Meghalaya,North-East,Bikash Roy,Cash,RC-2F-02,Breeze 2-Fold - Red,2-Fold Umbrella,12,290.0,0.01
SO000276,2025-06-07,Delivered,C050,Biswakarma Traders,Retailer,Shillong,Meghalaya,North-East,Bikash Roy,Cash,RC-LG-06,Heritage Long - Maroon,Long Umbrella,24,570.0,0.03
SO000277,2025-06-07,Delivered,C056,Bharat Wholesale,Retailer,Siliguri,West Bengal,North Bengal,Rina Das,Cash,RC-2F-02,Breeze 2-Fold - Red,2-Fold Umbrella,12,290.0,0.02
SO000277,2025-06-07,Delivered,C056,Bharat Wholesale,Retailer,Siliguri,West Bengal,North Bengal,Rina Das,Cash,RC-3F-01,Classic 3-Fold - Polka Dot,3-Fold Umbrella,12,330.0,0.01
SO000277,2025-06-07,Delivered,C056,Bharat Wholesale,Retailer,Siliguri,West Bengal,North Bengal,Rina Das,Cash,RC-2F-06,Breeze 2-Fold - Floral Print,2-Fold Umbrella,12,270.0,0.01
SO000278,2025-06-09,Delivered,C004,Royal Trading Co.,Retailer,Agartala,Tripura,North-East,Bikash Roy,Credit,RC-KD-03,Kiddo Kids - Sky Blue,Kids Umbrella,48,185.0,0.03
SO000278,2025-06-09,Delivered,C004,Royal Trading Co.,Retailer,Agartala,Tripura,North-East,Bikash Roy,Credit,RC-UV-04,SunGuard UV Sun - Beige,UV Sun Umbrella,24,420.0,0.01
SO000278,2025-06-09,Delivered,C004,Royal Trading Co.,Retailer,Agartala,Tripura,North-East,Bikash Roy,Credit,RC-3F-04,Compact 3-Fold - Navy Blue,3-Fold Umbrella,24,345.0,0.02
SO000279,2025-06-09,Delivered,C013,Hanuman Stores,Wholesaler,Bardhaman,West Bengal,South Bengal,Amit Sarkar,Credit,RC-RC-05,Shield Raincoat - Polka Dot,Raincoat,60,655.0,0.06
SO000279,2025-06-09,Delivered,C013,Hanuman Stores,Wholesaler,Bardhaman,West Bengal,South Bengal,Amit Sarkar,Credit,RC-KD-04,Kiddo Kids - Polka Dot,Kids Umbrella,96,235.0,0.04
SO000279,2025-06-09,Delivered,C013,Hanuman Stores,Wholesaler,Bardhaman,West Bengal,South Bengal,Amit Sarkar,Credit,RC-2F-02,Breeze 2-Fold - Red,2-Fold Umbrella,96,290.0,0.06
SO000279,2025-06-09,Delivered,C013,Hanuman Stores,Wholesaler,Bardhaman,West Bengal,South Bengal,Amit Sarkar,Credit,RC-RC-02,Shield Raincoat - Bottle Green,Raincoat,132,690.0,0.04
SO000280,2025-06-09,Delivered,C030,Star Enterprises,Wholesaler,Shillong,Meghalaya,North-East,Bikash Roy,Credit,RC-2F-01,Classic 2-Fold - Maroon,2-Fold Umbrella,36,310.0,0.05
SO000280,2025-06-09,Delivered,C030,Star Enterprises,Wholesaler,Shillong,Meghalaya,North-East,Bikash Roy,Credit,RC-UV-04,SunGuard UV Sun - Beige,UV Sun Umbrella,60,420.0,0.03
SO000280,2025-06-09,Delivered,C030,Star Enterprises,Wholesaler,Shillong,Meghalaya,North-East,Bikash Roy,Credit,RC-3F-04,Compact 3-Fold - Navy Blue,3-Fold Umbrella,72,345.0,0.04
SO000281,2025-06-10,Delivered,C006,Modern Stores,Wholesaler,Howrah,West Bengal,South Bengal,Amit Sarkar,Credit,RC-3F-06,Breeze 3-Fold - Floral Print,3-Fold Umbrella,96,260.0,0.05
SO000281,2025-06-10,Delivered,C006,Modern Stores,Wholesaler,Howrah,West Bengal,South Bengal,Amit Sarkar,Credit,RC-2F-02,Breeze 2-Fold - Red,2-Fold Umbrella,132,290.0,0.07
SO000281,2025-06-10,Delivered,C006,Modern Stores,Wholesaler,Howrah,West Bengal,South Bengal,Amit Sarkar,Credit,RC-KD-02,Kiddo Kids - Yellow,Kids Umbrella,84,210.0,0.04
SO000282,2025-06-10,Delivered,C008,Popular & Sons,Retailer,Durgapur,West Bengal,South Bengal,Amit Sarkar,Credit,RC-RC-01,Shield Raincoat - Red,Raincoat,36,690.0,0.02
SO000283,2025-06-10,Delivered,C024,Rainbow Enterprises,Wholesaler,Dibrugarh,Assam,North-East,Bikash Roy,Credit,RC-3F-09,Classic 3-Fold - Black,3-Fold Umbrella,36,205.0,0.06
SO000283,2025-06-10,Delivered,C024,Rainbow Enterprises,Wholesaler,Dibrugarh,Assam,North-East,Bikash Roy,Credit,RC-RC-01,Shield Raincoat - Red,Raincoat,36,690.0,0.05
SO000283,2025-06-10,Delivered,C024,Rainbow Enterprises,Wholesaler,Dibrugarh,Assam,North-East,Bikash Roy,Credit,RC-LG-05,Storm Long - Checks,Long Umbrella,156,345.0,0.04
SO000284,2025-06-10,Delivered,C037,Hanuman Marketing,Retailer,Dimapur,Nagaland,North-East,Bikash Roy,Credit,RC-2F-04,Classic 2-Fold - Red,2-Fold Umbrella,24,310.0,0.0
SO000284,2025-06-10,Delivered,C037,Hanuman Marketing,Retailer,Dimapur,Nagaland,North-East,Bikash Roy,Credit,RC-KD-04,Kiddo Kids - Polka Dot,Kids Umbrella,24,235.0,0.01
SO000284,2025-06-10,Delivered,C037,Hanuman Marketing,Retailer,Dimapur,Nagaland,North-East,Bikash Roy,Credit,RC-RC-01,Shield Raincoat - Red,Raincoat,12,690.0,0.0
SO000285,2025-06-10,Delivered,C041,New Enterprises,Distributor,Agartala,Tripura,North-East,Bikash Roy,Credit,RC-3F-01,Classic 3-Fold - Polka Dot,3-Fold Umbrella,72,330.0,0.08
SO000285,2025-06-10,Delivered,C041,New Enterprises,Distributor,Agartala,Tripura,North-East,Bikash Roy,Credit,RC-3F-06,Breeze 3-Fold - Floral Print,3-Fold Umbrella,300,260.0,0.11
SO000285,2025-06-10,Delivered,C041,New Enterprises,Distributor,Agartala,Tripura,North-East,Bikash Roy,Credit,RC-2F-02,Breeze 2-Fold - Red,2-Fold Umbrella,132,290.0,0.11
SO000286,2025-06-10,Delivered,C059,Sunrise Wholesale,Wholesaler,Durgapur,West Bengal,South Bengal,Amit Sarkar,Credit,RC-KD-04,Kiddo Kids - Polka Dot,Kids Umbrella,60,235.0,0.04
SO000286,2025-06-10,Delivered,C059,Sunrise Wholesale,Wholesaler,Durgapur,West Bengal,South Bengal,Amit Sarkar,Credit,RC-GF-01,Pro Golf - Floral Print,Golf Umbrella,36,745.0,0.06
SO000286,2025-06-10,Delivered,C059,Sunrise Wholesale,Wholesaler,Durgapur,West Bengal,South Bengal,Amit Sarkar,Credit,RC-3F-08,Compact 3-Fold - Checks,3-Fold Umbrella,24,295.0,0.05
SO000287,2025-06-11,Delivered,C014,New Traders,Distributor,Imphal,Manipur,North-East,Bikash Roy,Credit,RC-3F-04,Compact 3-Fold - Navy Blue,3-Fold Umbrella,108,345.0,0.1
SO000287,2025-06-11,Delivered,C014,New Traders,Distributor,Imphal,Manipur,North-East,Bikash Roy,Credit,RC-UV-04,SunGuard UV Sun - Beige,UV Sun Umbrella,132,420.0,0.11
SO000287,2025-06-11,Delivered,C014,New Traders,Distributor,Imphal,Manipur,North-East,Bikash Roy,Credit,RC-3F-06,Breeze 3-Fold - Floral Print,3-Fold Umbrella,36,260.0,0.08
SO000287,2025-06-11,Delivered,C014,New Traders,Distributor,Imphal,Manipur,North-East,Bikash Roy,Credit,RC-RC-01,Shield Raincoat - Red,Raincoat,168,690.0,0.11
SO000288,2025-06-11,Delivered,C020,Sri Durga Trading Co.,Retailer,Malda,West Bengal,North Bengal,Rina Das,Credit,RC-KD-02,Kiddo Kids - Yellow,Kids Umbrella,12,210.0,0.02
SO000289,2025-06-11,Delivered,C029,City Stores,Retailer,Durgapur,West Bengal,South Bengal,Amit Sarkar,Cash,RC-2F-04,Classic 2-Fold - Red,2-Fold Umbrella,12,310.0,0.02
SO000289,2025-06-11,Delivered,C029,City Stores,Retailer,Durgapur,West Bengal,South Bengal,Amit Sarkar,Cash,RC-KD-01,Kiddo Kids - Cartoon Print,Kids Umbrella,36,220.0,0.0
SO000289,2025-06-11,Delivered,C029,City Stores,Retailer,Durgapur,West Bengal,South Bengal,Amit Sarkar,Cash,RC-3F-02,Breeze 3-Fold - Transparent,3-Fold Umbrella,36,305.0,0.01
SO000290,2025-06-11,Delivered,C041,New Enterprises,Distributor,Agartala,Tripura,North-East,Bikash Roy,Credit,RC-2F-01,Classic 2-Fold - Maroon,2-Fold Umbrella,120,310.0,0.08
SO000290,2025-06-11,Delivered,C041,New Enterprises,Distributor,Agartala,Tripura,North-East,Bikash Roy,Credit,RC-KD-04,Kiddo Kids - Polka Dot,Kids Umbrella,204,235.0,0.1
SO000290,2025-06-11,Delivered,C041,New Enterprises,Distributor,Agartala,Tripura,North-East,Bikash Roy,Credit,RC-LG-06,Heritage Long - Maroon,Long Umbrella,192,570.0,0.12
SO000290,2025-06-11,Delivered,C041,New Enterprises,Distributor,Agartala,Tripura,North-East,Bikash Roy,Credit,RC-RC-02,Shield Raincoat - Bottle Green,Raincoat,132,690.0,0.12
SO000290,2025-06-11,Delivered,C041,New Enterprises,Distributor,Agartala,Tripura,North-East,Bikash Roy,Credit,RC-3F-06,Breeze 3-Fold - Floral Print,3-Fold Umbrella,300,260.0,0.11
SO000290,2025-06-11,Delivered,C041,New Enterprises,Distributor,Agartala,Tripura,North-East,Bikash Roy,Credit,RC-RC-01,Shield Raincoat - Red,Raincoat,132,690.0,0.09
SO000291,2025-06-11,Delivered,C049,Biswakarma Traders,Retailer,Kolkata,West Bengal,South Bengal,Amit Sarkar,Credit,RC-3F-03,Storm 3-Fold - Floral Print,3-Fold Umbrella,36,275.0,0.0
SO000291,2025-06-11,Delivered,C049,Biswakarma Traders,Retailer,Kolkata,West Bengal,South Bengal,Amit Sarkar,Credit,RC-2F-02,Breeze 2-Fold - Red,2-Fold Umbrella,12,290.0,0.02
SO000292,2025-06-12,Delivered,C003,Brahmaputra Wholesale,Distributor,Tezpur,Assam,North-East,Bikash Roy,Credit,RC-RC-01,Shield Raincoat - Red,Raincoat,180,690.0,0.09
SO000292,2025-06-12,Delivered,C003,Brahmaputra Wholesale,Distributor,Tezpur,Assam,North-East,Bikash Roy,Credit,RC-LG-02,Storm Long - Grey,Long Umbrella,168,385.0,0.11
SO000292,2025-06-12,Delivered,C003,Brahmaputra Wholesale,Distributor,Tezpur,Assam,North-East,Bikash Roy,Credit,RC-3F-01,Classic 3-Fold - Polka Dot,3-Fold Umbrella,216,330.0,0.08
SO000292,2025-06-12,Delivered,C003,Brahmaputra Wholesale,Distributor,Tezpur,Assam,North-East,Bikash Roy,Credit,RC-3F-08,Compact 3-Fold - Checks,3-Fold Umbrella,120,295.0,0.12
SO000293,2025-06-12,Delivered,C015,Modern Traders,Retailer,Asansol,West Bengal,South Bengal,Amit Sarkar,Cash,RC-3F-07,Classic 3-Fold - Beige,3-Fold Umbrella,24,300.0,0.0
SO000293,2025-06-12,Delivered,C015,Modern Traders,Retailer,Asansol,West Bengal,South Bengal,Amit Sarkar,Cash,RC-2F-03,Classic 2-Fold - Checks,2-Fold Umbrella,24,435.0,0.02
SO000293,2025-06-12,Delivered,C015,Modern Traders,Retailer,Asansol,West Bengal,South Bengal,Amit Sarkar,Cash,RC-2F-01,Classic 2-Fold - Maroon,2-Fold Umbrella,12,310.0,0.01
SO000294,2025-06-12,Delivered,C017,New Traders,Distributor,Tezpur,Assam,North-East,Bikash Roy,Credit,RC-3F-03,Storm 3-Fold - Floral Print,3-Fold Umbrella,120,275.0,0.1
SO000294,2025-06-12,Delivered,C017,New Traders,Distributor,Tezpur,Assam,North-East,Bikash Roy,Credit,RC-RC-01,Shield Raincoat - Red,Raincoat,156,690.0,0.09
SO000294,2025-06-12,Delivered,C017,New Traders,Distributor,Tezpur,Assam,North-East,Bikash Roy,Credit,RC-3F-08,Compact 3-Fold - Checks,3-Fold Umbrella,60,295.0,0.11
SO000295,2025-06-13,Delivered,C006,Modern Stores,Wholesaler,Howrah,West Bengal,South Bengal,Amit Sarkar,Credit,RC-UV-01,SunGuard UV Sun - Maroon,UV Sun Umbrella,24,375.0,0.05
SO000295,2025-06-13,Delivered,C006,Modern Stores,Wholesaler,Howrah,West Bengal,South Bengal,Amit Sarkar,Credit,RC-3F-03,Storm 3-Fold - Floral Print,3-Fold Umbrella,24,275.0,0.07
SO000296,2025-06-13,Delivered,C010,Ganga Bastralaya,Wholesaler,Jorhat,Assam,North-East,Bikash Roy,Credit,RC-3F-07,Classic 3-Fold - Beige,3-Fold Umbrella,60,300.0,0.07
SO000296,2025-06-13,Delivered,C010,Ganga Bastralaya,Wholesaler,Jorhat,Assam,North-East,Bikash Roy,Credit,RC-UV-04,SunGuard UV Sun - Beige,UV Sun Umbrella,120,420.0,0.06
SO000297,2025-06-13,Delivered,C014,New Traders,Distributor,Imphal,Manipur,North-East,Bikash Roy,Credit,RC-RC-03,Shield Raincoat - Grey,Raincoat,144,740.0,0.11
SO000297,2025-06-13,Delivered,C014,New Traders,Distributor,Imphal,Manipur,North-East,Bikash Roy,Credit,RC-UV-01,SunGuard UV Sun - Maroon,UV Sun Umbrella,180,375.0,0.12
SO000297,2025-06-13,Delivered,C014,New Traders,Distributor,Imphal,Manipur,North-East,Bikash Roy,Credit,RC-LG-05,Storm Long - Checks,Long Umbrella,132,345.0,0.11
SO000298,2025-06-13,Delivered,C020,Sri Durga Trading Co.,Retailer,Malda,West Bengal,North Bengal,Rina Das,Credit,RC-RC-01,Shield Raincoat - Red,Raincoat,12,690.0,0.02
SO000299,2025-06-13,Delivered,C023,Krishna Emporium,Retailer,Shillong,Meghalaya,North-East,Bikash Roy,Credit,RC-KD-01,Kiddo Kids - Cartoon Print,Kids Umbrella,24,220.0,0.02
SO000300,2025-06-13,Delivered,C046,Sri Durga Traders,Distributor,Cooch Behar,West Bengal,North Bengal,Rina Das,Credit,RC-RC-02,Shield Raincoat - Bottle Green,Raincoat,240,690.0,0.08
SO000300,2025-06-13,Delivered,C046,Sri Durga Traders,Distributor,Cooch Behar,West Bengal,North Bengal,Rina Das,Credit,RC-2F-05,Breeze 2-Fold - Grey,2-Fold Umbrella,264,375.0,0.08
SO000300,2025-06-13,Delivered,C046,Sri Durga Traders,Distributor,Cooch Behar,West Bengal,North Bengal,Rina Das,Credit,RC-KD-01,Kiddo Kids - Cartoon Print,Kids Umbrella,72,220.0,0.11
SO000300,2025-06-13,Delivered,C046,Sri Durga Traders,Distributor,Cooch Behar,West Bengal,North Bengal,Rina Das,Credit,RC-RC-05,Shield Raincoat - Polka Dot,Raincoat,276,655.0,0.09
SO000300,2025-06-13,Delivered,C046,Sri Durga Traders,Distributor,Cooch Behar,West Bengal,North Bengal,Rina Das,Credit,RC-RC-01,Shield Raincoat - Red,Raincoat,132,690.0,0.11
SO000300,2025-06-13,Delivered,C046,Sri Durga Traders,Distributor,Cooch Behar,West Bengal,North Bengal,Rina Das,Credit,RC-3F-01,Classic 3-Fold - Polka Dot,3-Fold Umbrella,288,330.0,0.11
SO000301,2025-06-13,Cancelled,C049,Biswakarma Traders,Retailer,Kolkata,West Bengal,South Bengal,Amit Sarkar,Credit,RC-GF-01,Pro Golf - Floral Print,Golf Umbrella,36,745.0,0.0
SO000301,2025-06-13,Cancelled,C049,Biswakarma Traders,Retailer,Kolkata,West Bengal,South Bengal,Amit Sarkar,Credit,RC-KD-04,Kiddo Kids - Polka Dot,Kids Umbrella,12,235.0,0.02
SO000301,2025-06-13,Cancelled,C049,Biswakarma Traders,Retailer,Kolkata,West Bengal,South Bengal,Amit Sarkar,Credit,RC-RC-02,Shield Raincoat - Bottle Green,Raincoat,36,690.0,0.01
SO000302,2025-06-13,Cancelled,C052,Himalaya Traders,Wholesaler,Tezpur,Assam,North-East,Bikash Roy,Credit,RC-LG-01,Auto-Open Long - Maroon,Long Umbrella,84,390.0,0.05
SO000302,2025-06-13,Cancelled,C052,Himalaya Traders,Wholesaler,Tezpur,Assam,North-East,Bikash Roy,Credit,RC-RC-03,Shield Raincoat - Grey,Raincoat,12,740.0,0.06
SO000302,2025-06-13,Cancelled,C052,Himalaya Traders,Wholesaler,Tezpur,Assam,North-East,Bikash Roy,Credit,RC-2F-03,Classic 2-Fold - Checks,2-Fold Umbrella,60,435.0,0.04
SO000302,2025-06-13,Cancelled,C052,Himalaya Traders,Wholesaler,Tezpur,Assam,North-East,Bikash Roy,Credit,RC-GF-01,Pro Golf - Floral Print,Golf Umbrella,24,745.0,0.04
SO000303,2025-06-14,Delivered,C001,Laxmi Distributors,Retailer,Agartala,Tripura,North-East,Bikash Roy,Cash,RC-LG-02,Storm Long - Grey,Long Umbrella,12,385.0,0.01
SO000304,2025-06-14,Delivered,C003,Brahmaputra Wholesale,Distributor,Tezpur,Assam,North-East,Bikash Roy,Credit,RC-2F-02,Breeze 2-Fold - Red,2-Fold Umbrella,192,290.0,0.11
SO000304,2025-06-14,Delivered,C003,Brahmaputra Wholesale,Distributor,Tezpur,Assam,North-East,Bikash Roy,Credit,RC-3F-01,Classic 3-Fold - Polka Dot,3-Fold Umbrella,180,330.0,0.11
SO000304,2025-06-14,Delivered,C003,Brahmaputra Wholesale,Distributor,Tezpur,Assam,North-East,Bikash Roy,Credit,RC-RC-03,Shield Raincoat - Grey,Raincoat,108,740.0,0.12
SO000304,2025-06-14,Delivered,C003,Brahmaputra Wholesale,Distributor,Tezpur,Assam,North-East,Bikash Roy,Credit,RC-2F-01,Classic 2-Fold - Maroon,2-Fold Umbrella,60,310.0,0.09
SO000304,2025-06-14,Delivered,C003,Brahmaputra Wholesale,Distributor,Tezpur,Assam,North-East,Bikash Roy,Credit,RC-RC-01,Shield Raincoat - Red,Raincoat,240,690.0,0.09
SO000305,2025-06-14,Delivered,C006,Modern Stores,Wholesaler,Howrah,West Bengal,South Bengal,Amit Sarkar,Credit,RC-UV-04,SunGuard UV Sun - Beige,UV Sun Umbrella,60,420.0,0.05
SO000305,2025-06-14,Delivered,C006,Modern Stores,Wholesaler,Howrah,West Bengal,South Bengal,Amit Sarkar,Credit,RC-3F-04,Compact 3-Fold - Navy Blue,3-Fold Umbrella,132,345.0,0.04
SO000306,2025-06-14,Delivered,C024,Rainbow Enterprises,Wholesaler,Dibrugarh,Assam,North-East,Bikash Roy,Credit,RC-LG-06,Heritage Long - Maroon,Long Umbrella,144,570.0,0.05
SO000306,2025-06-14,Delivered,C024,Rainbow Enterprises,Wholesaler,Dibrugarh,Assam,North-East,Bikash Roy,Credit,RC-RC-01,Shield Raincoat - Red,Raincoat,36,690.0,0.05
SO000306,2025-06-14,Delivered,C024,Rainbow Enterprises,Wholesaler,Dibrugarh,Assam,North-East,Bikash Roy,Credit,RC-KD-04,Kiddo Kids - Polka Dot,Kids Umbrella,36,235.0,0.07
SO000307,2025-06-14,Delivered,C030,Star Enterprises,Wholesaler,Shillong,Meghalaya,North-East,Bikash Roy,Credit,RC-3F-07,Classic 3-Fold - Beige,3-Fold Umbrella,48,300.0,0.04
SO000307,2025-06-14,Delivered,C030,Star Enterprises,Wholesaler,Shillong,Meghalaya,North-East,Bikash Roy,Credit,RC-3F-04,Compact 3-Fold - Navy Blue,3-Fold Umbrella,36,345.0,0.04
SO000308,2025-06-14,Delivered,C041,New Enterprises,Distributor,Agartala,Tripura,North-East,Bikash Roy,Credit,RC-3F-01,Classic 3-Fold - Polka Dot,3-Fold Umbrella,216,330.0,0.1
SO000308,2025-06-14,Delivered,C041,New Enterprises,Distributor,Agartala,Tripura,North-East,Bikash Roy,Credit,RC-RC-01,Shield Raincoat - Red,Raincoat,276,690.0,0.1
SO000308,2025-06-14,Delivered,C041,New Enterprises,Distributor,Agartala,Tripura,North-East,Bikash Roy,Credit,RC-LG-05,Storm Long - Checks,Long Umbrella,216,345.0,0.09
SO000309,2025-06-14,Delivered,C049,Biswakarma Traders,Retailer,Kolkata,West Bengal,South Bengal,Amit Sarkar,Credit,RC-2F-03,Classic 2-Fold - Checks,2-Fold Umbrella,60,435.0,0.01
SO000309,2025-06-14,Delivered,C049,Biswakarma Traders,Retailer,Kolkata,West Bengal,South Bengal,Amit Sarkar,Credit,RC-3F-04,Compact 3-Fold - Navy Blue,3-Fold Umbrella,36,345.0,0.02
SO000310,2025-06-14,Delivered,C059,Sunrise Wholesale,Wholesaler,Durgapur,West Bengal,South Bengal,Amit Sarkar,Credit,RC-3F-04,Compact 3-Fold - Navy Blue,3-Fold Umbrella,60,345.0,0.03
SO000310,2025-06-14,Delivered,C059,Sunrise Wholesale,Wholesaler,Durgapur,West Bengal,South Bengal,Amit Sarkar,Credit,RC-3F-08,Compact 3-Fold - Checks,3-Fold Umbrella,36,295.0,0.07
SO000310,2025-06-14,Delivered,C059,Sunrise Wholesale,Wholesaler,Durgapur,West Bengal,South Bengal,Amit Sarkar,Credit,RC-RC-01,Shield Raincoat - Red,Raincoat,84,690.0,0.03
SO000311,2025-06-16,Delivered,C003,Brahmaputra Wholesale,Distributor,Tezpur,Assam,North-East,Bikash Roy,Credit,RC-RC-01,Shield Raincoat - Red,Raincoat,96,690.0,0.1
SO000311,2025-06-16,Delivered,C003,Brahmaputra Wholesale,Distributor,Tezpur,Assam,North-East,Bikash Roy,Credit,RC-3F-06,Breeze 3-Fold - Floral Print,3-Fold Umbrella,168,260.0,0.1
SO000311,2025-06-16,Delivered,C003,Brahmaputra Wholesale,Distributor,Tezpur,Assam,North-East,Bikash Roy,Credit,RC-RC-03,Shield Raincoat - Grey,Raincoat,228,740.0,0.09
SO000312,2025-06-16,Delivered,C013,Hanuman Stores,Wholesaler,Bardhaman,West Bengal,South Bengal,Amit Sarkar,Credit,RC-RC-01,Shield Raincoat - Red,Raincoat,36,690.0,0.05
SO000312,2025-06-16,Delivered,C013,Hanuman Stores,Wholesaler,Bardhaman,West Bengal,South Bengal,Amit Sarkar,Credit,RC-KD-01,Kiddo Kids - Cartoon Print,Kids Umbrella,72,220.0,0.04
SO000313,2025-06-16,Delivered,C017,New Traders,Distributor,Tezpur,Assam,North-East,Bikash Roy,Credit,RC-RC-05,Shield Raincoat - Polka Dot,Raincoat,96,655.0,0.1
SO000313,2025-06-16,Delivered,C017,New Traders,Distributor,Tezpur,Assam,North-East,Bikash Roy,Credit,RC-2F-06,Breeze 2-Fold - Floral Print,2-Fold Umbrella,84,270.0,0.08
SO000313,2025-06-16,Delivered,C017,New Traders,Distributor,Tezpur,Assam,North-East,Bikash Roy,Credit,RC-3F-08,Compact 3-Fold - Checks,3-Fold Umbrella,144,295.0,0.08
SO000313,2025-06-16,Delivered,C017,New Traders,Distributor,Tezpur,Assam,North-East,Bikash Roy,Credit,RC-2F-02,Breeze 2-Fold - Red,2-Fold Umbrella,108,290.0,0.1
SO000313,2025-06-16,Delivered,C017,New Traders,Distributor,Tezpur,Assam,North-East,Bikash Roy,Credit,RC-2F-04,Classic 2-Fold - Red,2-Fold Umbrella,204,310.0,0.1
SO000314,2025-06-16,Delivered,C021,City Traders,Wholesaler,Bhubaneswar,Odisha,Other East,Rakesh Singh,Credit,RC-2F-04,Classic 2-Fold - Red,2-Fold Umbrella,60,310.0,0.03
SO000314,2025-06-16,Delivered,C021,City Traders,Wholesaler,Bhubaneswar,Odisha,Other East,Rakesh Singh,Credit,RC-RC-01,Shield Raincoat - Red,Raincoat,84,690.0,0.04
SO000314,2025-06-16,Delivered,C021,City Traders,Wholesaler,Bhubaneswar,Odisha,Other East,Rakesh Singh,Credit,RC-KD-04,Kiddo Kids - Polka Dot,Kids Umbrella,36,235.0,0.04
SO000315,2025-06-16,Delivered,C022,Sonali Stores,Retailer,Jamshedpur,Jharkhand,Other East,Rakesh Singh,Credit,RC-3F-06,Breeze 3-Fold - Floral Print,3-Fold Umbrella,48,260.0,0.02
SO000316,2025-06-16,Delivered,C028,Lokenath General Store,Retailer,Silchar,Assam,North-East,Bikash Roy,Cash,RC-RC-05,Shield Raincoat - Polka Dot,Raincoat,36,655.0,0.01
SO000316,2025-06-16,Delivered,C028,Lokenath General Store,Retailer,Silchar,Assam,North-East,Bikash Roy,Cash,RC-UV-03,SunGuard UV Sun - Checks,UV Sun Umbrella,12,445.0,0.02
SO000317,2025-06-16,Delivered,C035,Ganga Traders,Retailer,Bardhaman,West Bengal,South Bengal,Amit Sarkar,Credit,RC-3F-04,Compact 3-Fold - Navy Blue,3-Fold Umbrella,12,345.0,0.03
SO000317,2025-06-16,Delivered,C035,Ganga Traders,Retailer,Bardhaman,West Bengal,South Bengal,Amit Sarkar,Credit,RC-2F-01,Classic 2-Fold - Maroon,2-Fold Umbrella,24,310.0,0.0
SO000317,2025-06-16,Delivered,C035,Ganga Traders,Retailer,Bardhaman,West Bengal,South Bengal,Amit Sarkar,Credit,RC-RC-03,Shield Raincoat - Grey,Raincoat,24,740.0,0.02
SO000318,2025-06-16,Delivered,C041,New Enterprises,Distributor,Agartala,Tripura,North-East,Bikash Roy,Credit,RC-KD-04,Kiddo Kids - Polka Dot,Kids Umbrella,204,235.0,0.1
SO000318,2025-06-16,Delivered,C041,New Enterprises,Distributor,Agartala,Tripura,North-East,Bikash Roy,Credit,RC-KD-01,Kiddo Kids - Cartoon Print,Kids Umbrella,300,220.0,0.09
SO000318,2025-06-16,Delivered,C041,New Enterprises,Distributor,Agartala,Tripura,North-East,Bikash Roy,Credit,RC-RC-01,Shield Raincoat - Red,Raincoat,96,690.0,0.1
SO000318,2025-06-16,Delivered,C041,New Enterprises,Distributor,Agartala,Tripura,North-East,Bikash Roy,Credit,RC-UV-01,SunGuard UV Sun - Maroon,UV Sun Umbrella,252,375.0,0.1
SO000318,2025-06-16,Delivered,C041,New Enterprises,Distributor,Agartala,Tripura,North-East,Bikash Roy,Credit,RC-2F-05,Breeze 2-Fold - Grey,2-Fold Umbrella,216,375.0,0.12
SO000319,2025-06-16,Delivered,C047,Teesta Trading Co.,Retailer,Bhagalpur,Bihar,Other East,Rakesh Singh,Cash,RC-3F-06,Breeze 3-Fold - Floral Print,3-Fold Umbrella,24,260.0,0.01
SO000319,2025-06-16,Delivered,C047,Teesta Trading Co.,Retailer,Bhagalpur,Bihar,Other East,Rakesh Singh,Cash,RC-LG-03,Storm Long - Bottle Green,Long Umbrella,24,430.0,0.02
SO000319,2025-06-16,Delivered,C047,Teesta Trading Co.,Retailer,Bhagalpur,Bihar,Other East,Rakesh Singh,Cash,RC-2F-01,Classic 2-Fold - Maroon,2-Fold Umbrella,24,310.0,0.01
SO000320,2025-06-17,Delivered,C006,Modern Stores,Wholesaler,Howrah,West Bengal,South Bengal,Amit Sarkar,Credit,RC-3F-06,Breeze 3-Fold - Floral Print,3-Fold Umbrella,24,260.0,0.04
SO000320,2025-06-17,Delivered,C006,Modern Stores,Wholesaler,Howrah,West Bengal,South Bengal,Amit Sarkar,Credit,RC-LG-01,Auto-Open Long - Maroon,Long Umbrella,96,390.0,0.06
SO000321,2025-06-17,Delivered,C014,New Traders,Distributor,Imphal,Manipur,North-East,Bikash Roy,Credit,RC-RC-01,Shield Raincoat - Red,Raincoat,96,690.0,0.11
SO000321,2025-06-17,Delivered,C014,New Traders,Distributor,Imphal,Manipur,North-East,Bikash Roy,Credit,RC-2F-03,Classic 2-Fold - Checks,2-Fold Umbrella,60,435.0,0.08
SO000321,2025-06-17,Delivered,C014,New Traders,Distributor,Imphal,Manipur,North-East,Bikash Roy,Credit,RC-3F-04,Compact 3-Fold - Navy Blue,3-Fold Umbrella,168,345.0,0.09
SO000321,2025-06-17,Delivered,C014,New Traders,Distributor,Imphal,Manipur,North-East,Bikash Roy,Credit,RC-LG-05,Storm Long - Checks,Long Umbrella,60,345.0,0.09
SO000321,2025-06-17,Delivered,C014,New Traders,Distributor,Imphal,Manipur,North-East,Bikash Roy,Credit,RC-3F-01,Classic 3-Fold - Polka Dot,3-Fold Umbrella,72,330.0,0.08
SO000322,2025-06-17,Cancelled,C034,Sai Distributors,Wholesaler,Imphal,Manipur,North-East,Bikash Roy,Credit,RC-3F-08,Compact 3-Fold - Checks,3-Fold Umbrella,48,295.0,0.05
SO000322,2025-06-17,Cancelled,C034,Sai Distributors,Wholesaler,Imphal,Manipur,North-East,Bikash Roy,Credit,RC-UV-01,SunGuard UV Sun - Maroon,UV Sun Umbrella,84,375.0,0.04
SO000323,2025-06-17,Delivered,C038,Kalyani Distributors,Wholesaler,Agartala,Tripura,North-East,Bikash Roy,Credit,RC-2F-01,Classic 2-Fold - Maroon,2-Fold Umbrella,12,310.0,0.05
SO000323,2025-06-17,Delivered,C038,Kalyani Distributors,Wholesaler,Agartala,Tripura,North-East,Bikash Roy,Credit,RC-LG-03,Storm Long - Bottle Green,Long Umbrella,60,430.0,0.07
SO000324,2025-06-17,Delivered,C049,Biswakarma Traders,Retailer,Kolkata,West Bengal,South Bengal,Amit Sarkar,Credit,RC-3F-09,Classic 3-Fold - Black,3-Fold Umbrella,60,205.0,0.02
SO000324,2025-06-17,Delivered,C049,Biswakarma Traders,Retailer,Kolkata,West Bengal,South Bengal,Amit Sarkar,Credit,RC-2F-06,Breeze 2-Fold - Floral Print,2-Fold Umbrella,36,270.0,0.03
SO000325,2025-06-17,Delivered,C050,Biswakarma Traders,Retailer,Shillong,Meghalaya,North-East,Bikash Roy,Cash,RC-UV-01,SunGuard UV Sun - Maroon,UV Sun Umbrella,36,375.0,0.02
SO000326,2025-06-17,Delivered,C055,Sonali Traders,Retailer,Bardhaman,West Bengal,South Bengal,Amit Sarkar,Cash,RC-KD-01,Kiddo Kids - Cartoon Print,Kids Umbrella,12,220.0,0.02
SO000326,2025-06-17,Delivered,C055,Sonali Traders,Retailer,Bardhaman,West Bengal,South Bengal,Amit Sarkar,Cash,RC-KD-02,Kiddo Kids - Yellow,Kids Umbrella,12,210.0,0.02
SO000326,2025-06-17,Delivered,C055,Sonali Traders,Retailer,Bardhaman,West Bengal,South Bengal,Amit Sarkar,Cash,RC-RC-01,Shield Raincoat - Red,Raincoat,36,690.0,0.02
SO000327,2025-06-18,Delivered,C004,Royal Trading Co.,Retailer,Agartala,Tripura,North-East,Bikash Roy,Credit,RC-LG-03,Storm Long - Bottle Green,Long Umbrella,24,430.0,0.0
SO000328,2025-06-18,Delivered,C010,Ganga Bastralaya,Wholesaler,Jorhat,Assam,North-East,Bikash Roy,Credit,RC-RC-03,Shield Raincoat - Grey,Raincoat,84,740.0,0.05
SO000328,2025-06-18,Delivered,C010,Ganga Bastralaya,Wholesaler,Jorhat,Assam,North-East,Bikash Roy,Credit,RC-KD-02,Kiddo Kids - Yellow,Kids Umbrella,36,210.0,0.07
SO000329,2025-06-18,Delivered,C033,Krishna Distributors,Retailer,Jalpaiguri,West Bengal,North Bengal,Rina Das,Credit,RC-RC-05,Shield Raincoat - Polka Dot,Raincoat,12,655.0,0.03
SO000329,2025-06-18,Delivered,C033,Krishna Distributors,Retailer,Jalpaiguri,West Bengal,North Bengal,Rina Das,Credit,RC-2F-01,Classic 2-Fold - Maroon,2-Fold Umbrella,24,310.0,0.0
SO000330,2025-06-18,Delivered,C034,Sai Distributors,Wholesaler,Imphal,Manipur,North-East,Bikash Roy,Credit,RC-3F-06,Breeze 3-Fold - Floral Print,3-Fold Umbrella,96,260.0,0.05
SO000330,2025-06-18,Delivered,C034,Sai Distributors,Wholesaler,Imphal,Manipur,North-East,Bikash Roy,Credit,RC-KD-01,Kiddo Kids - Cartoon Print,Kids Umbrella,36,220.0,0.07
SO000331,2025-06-18,Delivered,C049,Biswakarma Traders,Retailer,Kolkata,West Bengal,South Bengal,Amit Sarkar,Credit,RC-LG-02,Storm Long - Grey,Long Umbrella,60,385.0,0.03
SO000331,2025-06-18,Delivered,C049,Biswakarma Traders,Retailer,Kolkata,West Bengal,South Bengal,Amit Sarkar,Credit,RC-3F-08,Compact 3-Fold - Checks,3-Fold Umbrella,12,295.0,0.0
SO000332,2025-06-18,Delivered,C057,Janata & Sons,Wholesaler,Aizawl,Mizoram,North-East,Bikash Roy,Credit,RC-RC-01,Shield Raincoat - Red,Raincoat,60,690.0,0.04
SO000332,2025-06-18,Delivered,C057,Janata & Sons,Wholesaler,Aizawl,Mizoram,North-East,Bikash Roy,Credit,RC-3F-08,Compact 3-Fold - Checks,3-Fold Umbrella,48,295.0,0.06
SO000332,2025-06-18,Delivered,C057,Janata & Sons,Wholesaler,Aizawl,Mizoram,North-East,Bikash Roy,Credit,RC-UV-04,SunGuard UV Sun - Beige,UV Sun Umbrella,36,420.0,0.04
SO000333,2025-06-19,Delivered,C001,Laxmi Distributors,Retailer,Agartala,Tripura,North-East,Bikash Roy,Cash,RC-RC-03,Shield Raincoat - Grey,Raincoat,12,740.0,0.02
SO000334,2025-06-19,Delivered,C006,Modern Stores,Wholesaler,Howrah,West Bengal,South Bengal,Amit Sarkar,Credit,RC-3F-03,Storm 3-Fold - Floral Print,3-Fold Umbrella,24,275.0,0.03
SO000334,2025-06-19,Delivered,C006,Modern Stores,Wholesaler,Howrah,West Bengal,South Bengal,Amit Sarkar,Credit,RC-RC-03,Shield Raincoat - Grey,Raincoat,96,740.0,0.06
SO000335,2025-06-19,Delivered,C033,Krishna Distributors,Retailer,Jalpaiguri,West Bengal,North Bengal,Rina Das,Credit,RC-RC-01,Shield Raincoat - Red,Raincoat,12,690.0,0.02
SO000335,2025-06-19,Delivered,C033,Krishna Distributors,Retailer,Jalpaiguri,West Bengal,North Bengal,Rina Das,Credit,RC-3F-04,Compact 3-Fold - Navy Blue,3-Fold Umbrella,12,345.0,0.0
SO000336,2025-06-19,Delivered,C037,Hanuman Marketing,Retailer,Dimapur,Nagaland,North-East,Bikash Roy,Credit,RC-KD-01,Kiddo Kids - Cartoon Print,Kids Umbrella,12,220.0,0.02
SO000337,2025-06-19,Delivered,C040,Krishna Distributors,Retailer,Patna,Bihar,Other East,Rakesh Singh,Credit,RC-KD-01,Kiddo Kids - Cartoon Print,Kids Umbrella,12,220.0,0.01
SO000338,2025-06-19,Delivered,C041,New Enterprises,Distributor,Agartala,Tripura,North-East,Bikash Roy,Credit,RC-2F-04,Classic 2-Fold - Red,2-Fold Umbrella,72,310.0,0.09
SO000338,2025-06-19,Delivered,C041,New Enterprises,Distributor,Agartala,Tripura,North-East,Bikash Roy,Credit,RC-2F-06,Breeze 2-Fold - Floral Print,2-Fold Umbrella,276,270.0,0.11
SO000338,2025-06-19,Delivered,C041,New Enterprises,Distributor,Agartala,Tripura,North-East,Bikash Roy,Credit,RC-KD-01,Kiddo Kids - Cartoon Print,Kids Umbrella,240,220.0,0.1
SO000339,2025-06-19,Delivered,C046,Sri Durga Traders,Distributor,Cooch Behar,West Bengal,North Bengal,Rina Das,Credit,RC-UV-03,SunGuard UV Sun - Checks,UV Sun Umbrella,192,445.0,0.11
SO000339,2025-06-19,Delivered,C046,Sri Durga Traders,Distributor,Cooch Behar,West Bengal,North Bengal,Rina Das,Credit,RC-3F-05,Breeze 3-Fold - Grey,3-Fold Umbrella,168,255.0,0.09
SO000339,2025-06-19,Delivered,C046,Sri Durga Traders,Distributor,Cooch Behar,West Bengal,North Bengal,Rina Das,Credit,RC-KD-02,Kiddo Kids - Yellow,Kids Umbrella,228,210.0,0.11
SO000340,2025-06-19,Delivered,C051,Sai Traders,Retailer,Asansol,West Bengal,South Bengal,Amit Sarkar,Cash,RC-KD-04,Kiddo Kids - Polka Dot,Kids Umbrella,12,235.0,0.0
SO000340,2025-06-19,Delivered,C051,Sai Traders,Retailer,Asansol,West Bengal,South Bengal,Amit Sarkar,Cash,RC-3F-04,Compact 3-Fold - Navy Blue,3-Fold Umbrella,12,345.0,0.02
SO000341,2025-06-19,Delivered,C053,Rupali Wholesale,Retailer,Jalpaiguri,West Bengal,North Bengal,Rina Das,Credit,RC-UV-04,SunGuard UV Sun - Beige,UV Sun Umbrella,24,420.0,0.0
SO000342,2025-06-19,Delivered,C060,Modern Marketing,Retailer,Durgapur,West Bengal,South Bengal,Amit Sarkar,Credit,RC-UV-04,SunGuard UV Sun - Beige,UV Sun Umbrella,12,420.0,0.03
SO000343,2025-06-20,Delivered,C005,Jai Hind Umbrella House,Retailer,Cuttack,Odisha,Other East,Rakesh Singh,Cash,RC-2F-06,Breeze 2-Fold - Floral Print,2-Fold Umbrella,12,270.0,0.03
SO000343,2025-06-20,Delivered,C005,Jai Hind Umbrella House,Retailer,Cuttack,Odisha,Other East,Rakesh Singh,Cash,RC-LG-05,Storm Long - Checks,Long Umbrella,12,345.0,0.03
SO000343,2025-06-20,Delivered,C005,Jai Hind Umbrella House,Retailer,Cuttack,Odisha,Other East,Rakesh Singh,Cash,RC-3F-05,Breeze 3-Fold - Grey,3-Fold Umbrella,12,255.0,0.01
SO000344,2025-06-20,Delivered,C047,Teesta Trading Co.,Retailer,Bhagalpur,Bihar,Other East,Rakesh Singh,Cash,RC-GF-01,Pro Golf - Floral Print,Golf Umbrella,12,745.0,0.01
SO000345,2025-06-20,Delivered,C054,Lokenath Agencies,Retailer,Kharagpur,West Bengal,South Bengal,Amit Sarkar,Credit,RC-LG-05,Storm Long - Checks,Long Umbrella,24,345.0,0.0
SO000346,2025-06-20,Delivered,C058,Lokenath General Store,Wholesaler,Howrah,West Bengal,South Bengal,Amit Sarkar,Credit,RC-RC-01,Shield Raincoat - Red,Raincoat,36,690.0,0.06
SO000346,2025-06-20,Delivered,C058,Lokenath General Store,Wholesaler,Howrah,West Bengal,South Bengal,Amit Sarkar,Credit,RC-LG-03,Storm Long - Bottle Green,Long Umbrella,84,430.0,0.05
SO000346,2025-06-20,Delivered,C058,Lokenath General Store,Wholesaler,Howrah,West Bengal,South Bengal,Amit Sarkar,Credit,RC-3F-07,Classic 3-Fold - Beige,3-Fold Umbrella,36,300.0,0.07
SO000347,2025-06-21,Delivered,C012,Sonali Marketing,Wholesaler,Ranchi,Jharkhand,Other East,Rakesh Singh,Credit,RC-UV-04,SunGuard UV Sun - Beige,UV Sun Umbrella,24,420.0,0.07
SO000347,2025-06-21,Delivered,C012,Sonali Marketing,Wholesaler,Ranchi,Jharkhand,Other East,Rakesh Singh,Credit,RC-3F-08,Compact 3-Fold - Checks,3-Fold Umbrella,36,295.0,0.05
SO000348,2025-06-21,Delivered,C030,Star Enterprises,Wholesaler,Shillong,Meghalaya,North-East,Bikash Roy,Credit,RC-2F-03,Classic 2-Fold - Checks,2-Fold Umbrella,36,435.0,0.05
SO000348,2025-06-21,Delivered,C030,Star Enterprises,Wholesaler,Shillong,Meghalaya,North-East,Bikash Roy,Credit,RC-3F-04,Compact 3-Fold - Navy Blue,3-Fold Umbrella,36,345.0,0.05
SO000348,2025-06-21,Delivered,C030,Star Enterprises,Wholesaler,Shillong,Meghalaya,North-East,Bikash Roy,Credit,RC-UV-04,SunGuard UV Sun - Beige,UV Sun Umbrella,72,420.0,0.06
SO000349,2025-06-21,Delivered,C034,Sai Distributors,Wholesaler,Imphal,Manipur,North-East,Bikash Roy,Credit,RC-3F-06,Breeze 3-Fold - Floral Print,3-Fold Umbrella,60,260.0,0.04
SO000349,2025-06-21,Delivered,C034,Sai Distributors,Wholesaler,Imphal,Manipur,North-East,Bikash Roy,Credit,RC-RC-03,Shield Raincoat - Grey,Raincoat,24,740.0,0.06
SO000350,2025-06-21,Cancelled,C041,New Enterprises,Distributor,Agartala,Tripura,North-East,Bikash Roy,Credit,RC-RC-01,Shield Raincoat - Red,Raincoat,192,690.0,0.1
SO000350,2025-06-21,Cancelled,C041,New Enterprises,Distributor,Agartala,Tripura,North-East,Bikash Roy,Credit,RC-3F-06,Breeze 3-Fold - Floral Print,3-Fold Umbrella,276,260.0,0.12
SO000350,2025-06-21,Cancelled,C041,New Enterprises,Distributor,Agartala,Tripura,North-East,Bikash Roy,Credit,RC-3F-07,Classic 3-Fold - Beige,3-Fold Umbrella,240,300.0,0.08
SO000350,2025-06-21,Cancelled,C041,New Enterprises,Distributor,Agartala,Tripura,North-East,Bikash Roy,Credit,RC-RC-05,Shield Raincoat - Polka Dot,Raincoat,264,655.0,0.1
SO000350,2025-06-21,Cancelled,C041,New Enterprises,Distributor,Agartala,Tripura,North-East,Bikash Roy,Credit,RC-2F-05,Breeze 2-Fold - Grey,2-Fold Umbrella,252,375.0,0.11
SO000350,2025-06-21,Cancelled,C041,New Enterprises,Distributor,Agartala,Tripura,North-East,Bikash Roy,Credit,RC-3F-04,Compact 3-Fold - Navy Blue,3-Fold Umbrella,120,345.0,0.11
SO000351,2025-06-21,Delivered,C053,Rupali Wholesale,Retailer,Jalpaiguri,West Bengal,North Bengal,Rina Das,Credit,RC-2F-01,Classic 2-Fold - Maroon,2-Fold Umbrella,12,310.0,0.02
SO000352,2025-06-21,Delivered,C059,Sunrise Wholesale,Wholesaler,Durgapur,West Bengal,South Bengal,Amit Sarkar,Credit,RC-3F-06,Breeze 3-Fold - Floral Print,3-Fold Umbrella,36,260.0,0.04
SO000352,2025-06-21,Delivered,C059,Sunrise Wholesale,Wholesaler,Durgapur,West Bengal,South Bengal,Amit Sarkar,Credit,RC-3F-01,Classic 3-Fold - Polka Dot,3-Fold Umbrella,96,330.0,0.04
SO000352,2025-06-21,Delivered,C059,Sunrise Wholesale,Wholesaler,Durgapur,West Bengal,South Bengal,Amit Sarkar,Credit,RC-2F-05,Breeze 2-Fold - Grey,2-Fold Umbrella,24,375.0,0.06
SO000353,2025-06-23,Delivered,C009,Brahmaputra General Store,Retailer,Guwahati,Assam,North-East,Bikash Roy,Cash,RC-RC-02,Shield Raincoat - Bottle Green,Raincoat,12,690.0,0.0
SO000353,2025-06-23,Delivered,C009,Brahmaputra General Store,Retailer,Guwahati,Assam,North-East,Bikash Roy,Cash,RC-LG-05,Storm Long - Checks,Long Umbrella,12,345.0,0.01
SO000353,2025-06-23,Delivered,C009,Brahmaputra General Store,Retailer,Guwahati,Assam,North-East,Bikash Roy,Cash,RC-3F-03,Storm 3-Fold - Floral Print,3-Fold Umbrella,12,275.0,0.02
SO000354,2025-06-23,Delivered,C023,Krishna Emporium,Retailer,Shillong,Meghalaya,North-East,Bikash Roy,Credit,RC-3F-02,Breeze 3-Fold - Transparent,3-Fold Umbrella,12,305.0,0.02
SO000355,2025-06-23,Delivered,C025,Modern Stores,Retailer,Silchar,Assam,North-East,Bikash Roy,Credit,RC-RC-02,Shield Raincoat - Bottle Green,Raincoat,12,690.0,0.01
SO000356,2025-06-23,Delivered,C035,Ganga Traders,Retailer,Bardhaman,West Bengal,South Bengal,Amit Sarkar,Credit,RC-3F-08,Compact 3-Fold - Checks,3-Fold Umbrella,12,295.0,0.0
SO000356,2025-06-23,Delivered,C035,Ganga Traders,Retailer,Bardhaman,West Bengal,South Bengal,Amit Sarkar,Credit,RC-3F-06,Breeze 3-Fold - Floral Print,3-Fold Umbrella,12,260.0,0.02
SO000357,2025-06-23,Cancelled,C038,Kalyani Distributors,Wholesaler,Agartala,Tripura,North-East,Bikash Roy,Credit,RC-2F-01,Classic 2-Fold - Maroon,2-Fold Umbrella,12,310.0,0.05
SO000357,2025-06-23,Cancelled,C038,Kalyani Distributors,Wholesaler,Agartala,Tripura,North-East,Bikash Roy,Credit,RC-3F-08,Compact 3-Fold - Checks,3-Fold Umbrella,48,295.0,0.04
SO000357,2025-06-23,Cancelled,C038,Kalyani Distributors,Wholesaler,Agartala,Tripura,North-East,Bikash Roy,Credit,RC-3F-03,Storm 3-Fold - Floral Print,3-Fold Umbrella,36,275.0,0.04
SO000357,2025-06-23,Cancelled,C038,Kalyani Distributors,Wholesaler,Agartala,Tripura,North-East,Bikash Roy,Credit,RC-RC-01,Shield Raincoat - Red,Raincoat,12,690.0,0.05
SO000358,2025-06-23,Delivered,C056,Bharat Wholesale,Retailer,Siliguri,West Bengal,North Bengal,Rina Das,Cash,RC-3F-07,Classic 3-Fold - Beige,3-Fold Umbrella,12,300.0,0.01
SO000358,2025-06-23,Delivered,C056,Bharat Wholesale,Retailer,Siliguri,West Bengal,North Bengal,Rina Das,Cash,RC-3F-09,Classic 3-Fold - Black,3-Fold Umbrella,12,205.0,0.0
SO000359,2025-06-23,Delivered,C059,Sunrise Wholesale,Wholesaler,Durgapur,West Bengal,South Bengal,Amit Sarkar,Credit,RC-3F-01,Classic 3-Fold - Polka Dot,3-Fold Umbrella,84,330.0,0.07
SO000359,2025-06-23,Delivered,C059,Sunrise Wholesale,Wholesaler,Durgapur,West Bengal,South Bengal,Amit Sarkar,Credit,RC-LG-03,Storm Long - Bottle Green,Long Umbrella,24,430.0,0.04
SO000359,2025-06-23,Delivered,C059,Sunrise Wholesale,Wholesaler,Durgapur,West Bengal,South Bengal,Amit Sarkar,Credit,RC-3F-10,Compact 3-Fold - Red,3-Fold Umbrella,48,260.0,0.04
SO000360,2025-06-24,Delivered,C007,Biswakarma Bazaar,Wholesaler,Malda,West Bengal,North Bengal,Rina Das,Credit,RC-UV-04,SunGuard UV Sun - Beige,UV Sun Umbrella,60,420.0,0.05
SO000360,2025-06-24,Delivered,C007,Biswakarma Bazaar,Wholesaler,Malda,West Bengal,North Bengal,Rina Das,Credit,RC-RC-01,Shield Raincoat - Red,Raincoat,24,690.0,0.05
SO000361,2025-06-24,Delivered,C012,Sonali Marketing,Wholesaler,Ranchi,Jharkhand,Other East,Rakesh Singh,Credit,RC-3F-07,Classic 3-Fold - Beige,3-Fold Umbrella,60,300.0,0.05
SO000361,2025-06-24,Delivered,C012,Sonali Marketing,Wholesaler,Ranchi,Jharkhand,Other East,Rakesh Singh,Credit,RC-2F-06,Breeze 2-Fold - Floral Print,2-Fold Umbrella,36,270.0,0.05
SO000361,2025-06-24,Delivered,C012,Sonali Marketing,Wholesaler,Ranchi,Jharkhand,Other East,Rakesh Singh,Credit,RC-3F-01,Classic 3-Fold - Polka Dot,3-Fold Umbrella,72,330.0,0.05
SO000362,2025-06-24,Delivered,C052,Himalaya Traders,Wholesaler,Tezpur,Assam,North-East,Bikash Roy,Credit,RC-3F-06,Breeze 3-Fold - Floral Print,3-Fold Umbrella,36,260.0,0.06
SO000362,2025-06-24,Delivered,C052,Himalaya Traders,Wholesaler,Tezpur,Assam,North-East,Bikash Roy,Credit,RC-RC-01,Shield Raincoat - Red,Raincoat,24,690.0,0.05
SO000362,2025-06-24,Delivered,C052,Himalaya Traders,Wholesaler,Tezpur,Assam,North-East,Bikash Roy,Credit,RC-3F-01,Classic 3-Fold - Polka Dot,3-Fold Umbrella,72,330.0,0.07
SO000363,2025-06-25,Delivered,C003,Brahmaputra Wholesale,Distributor,Tezpur,Assam,North-East,Bikash Roy,Credit,RC-2F-06,Breeze 2-Fold - Floral Print,2-Fold Umbrella,108,270.0,0.08
SO000363,2025-06-25,Delivered,C003,Brahmaputra Wholesale,Distributor,Tezpur,Assam,North-East,Bikash Roy,Credit,RC-3F-06,Breeze 3-Fold - Floral Print,3-Fold Umbrella,144,260.0,0.11
SO000363,2025-06-25,Delivered,C003,Brahmaputra Wholesale,Distributor,Tezpur,Assam,North-East,Bikash Roy,Credit,RC-RC-03,Shield Raincoat - Grey,Raincoat,204,740.0,0.09
SO000363,2025-06-25,Delivered,C003,Brahmaputra Wholesale,Distributor,Tezpur,Assam,North-East,Bikash Roy,Credit,RC-3F-01,Classic 3-Fold - Polka Dot,3-Fold Umbrella,60,330.0,0.11
SO000363,2025-06-25,Delivered,C003,Brahmaputra Wholesale,Distributor,Tezpur,Assam,North-East,Bikash Roy,Credit,RC-3F-05,Breeze 3-Fold - Grey,3-Fold Umbrella,228,255.0,0.1
SO000364,2025-06-25,Delivered,C013,Hanuman Stores,Wholesaler,Bardhaman,West Bengal,South Bengal,Amit Sarkar,Credit,RC-3F-07,Classic 3-Fold - Beige,3-Fold Umbrella,156,300.0,0.05
SO000364,2025-06-25,Delivered,C013,Hanuman Stores,Wholesaler,Bardhaman,West Bengal,South Bengal,Amit Sarkar,Credit,RC-2F-06,Breeze 2-Fold - Floral Print,2-Fold Umbrella,36,270.0,0.03
SO000364,2025-06-25,Delivered,C013,Hanuman Stores,Wholesaler,Bardhaman,West Bengal,South Bengal,Amit Sarkar,Credit,RC-3F-10,Compact 3-Fold - Red,3-Fold Umbrella,36,260.0,0.04
SO000364,2025-06-25,Delivered,C013,Hanuman Stores,Wholesaler,Bardhaman,West Bengal,South Bengal,Amit Sarkar,Credit,RC-3F-09,Classic 3-Fold - Black,3-Fold Umbrella,60,205.0,0.06
SO000365,2025-06-25,Delivered,C022,Sonali Stores,Retailer,Jamshedpur,Jharkhand,Other East,Rakesh Singh,Credit,RC-KD-01,Kiddo Kids - Cartoon Print,Kids Umbrella,12,220.0,0.01
SO000365,2025-06-25,Delivered,C022,Sonali Stores,Retailer,Jamshedpur,Jharkhand,Other East,Rakesh Singh,Credit,RC-3F-07,Classic 3-Fold - Beige,3-Fold Umbrella,36,300.0,0.01
SO000365,2025-06-25,Delivered,C022,Sonali Stores,Retailer,Jamshedpur,Jharkhand,Other East,Rakesh Singh,Credit,RC-RC-03,Shield Raincoat - Grey,Raincoat,48,740.0,0.0
SO000366,2025-06-25,Delivered,C030,Star Enterprises,Wholesaler,Shillong,Meghalaya,North-East,Bikash Roy,Credit,RC-3F-05,Breeze 3-Fold - Grey,3-Fold Umbrella,36,255.0,0.07
SO000366,2025-06-25,Delivered,C030,Star Enterprises,Wholesaler,Shillong,Meghalaya,North-East,Bikash Roy,Credit,RC-2F-06,Breeze 2-Fold - Floral Print,2-Fold Umbrella,60,270.0,0.06
SO000366,2025-06-25,Delivered,C030,Star Enterprises,Wholesaler,Shillong,Meghalaya,North-East,Bikash Roy,Credit,RC-2F-01,Classic 2-Fold - Maroon,2-Fold Umbrella,36,310.0,0.05
SO000367,2025-06-26,Delivered,C003,Brahmaputra Wholesale,Distributor,Tezpur,Assam,North-East,Bikash Roy,Credit,RC-3F-04,Compact 3-Fold - Navy Blue,3-Fold Umbrella,228,345.0,0.11
SO000367,2025-06-26,Delivered,C003,Brahmaputra Wholesale,Distributor,Tezpur,Assam,North-East,Bikash Roy,Credit,RC-3F-03,Storm 3-Fold - Floral Print,3-Fold Umbrella,84,275.0,0.09
SO000367,2025-06-26,Delivered,C003,Brahmaputra Wholesale,Distributor,Tezpur,Assam,North-East,Bikash Roy,Credit,RC-RC-01,Shield Raincoat - Red,Raincoat,72,690.0,0.11
SO000367,2025-06-26,Delivered,C003,Brahmaputra Wholesale,Distributor,Tezpur,Assam,North-East,Bikash Roy,Credit,RC-2F-02,Breeze 2-Fold - Red,2-Fold Umbrella,144,290.0,0.09
SO000367,2025-06-26,Delivered,C003,Brahmaputra Wholesale,Distributor,Tezpur,Assam,North-East,Bikash Roy,Credit,RC-KD-03,Kiddo Kids - Sky Blue,Kids Umbrella,108,185.0,0.1
SO000368,2025-06-26,Delivered,C007,Biswakarma Bazaar,Wholesaler,Malda,West Bengal,North Bengal,Rina Das,Credit,RC-3F-01,Classic 3-Fold - Polka Dot,3-Fold Umbrella,36,330.0,0.04
SO000368,2025-06-26,Delivered,C007,Biswakarma Bazaar,Wholesaler,Malda,West Bengal,North Bengal,Rina Das,Credit,RC-RC-01,Shield Raincoat - Red,Raincoat,36,690.0,0.06
SO000369,2025-06-26,Delivered,C012,Sonali Marketing,Wholesaler,Ranchi,Jharkhand,Other East,Rakesh Singh,Credit,RC-3F-04,Compact 3-Fold - Navy Blue,3-Fold Umbrella,12,345.0,0.05
SO000369,2025-06-26,Delivered,C012,Sonali Marketing,Wholesaler,Ranchi,Jharkhand,Other East,Rakesh Singh,Credit,RC-UV-03,SunGuard UV Sun - Checks,UV Sun Umbrella,60,445.0,0.05
SO000369,2025-06-26,Delivered,C012,Sonali Marketing,Wholesaler,Ranchi,Jharkhand,Other East,Rakesh Singh,Credit,RC-2F-02,Breeze 2-Fold - Red,2-Fold Umbrella,24,290.0,0.05
SO000370,2025-06-26,Delivered,C022,Sonali Stores,Retailer,Jamshedpur,Jharkhand,Other East,Rakesh Singh,Credit,RC-3F-04,Compact 3-Fold - Navy Blue,3-Fold Umbrella,12,345.0,0.01
SO000370,2025-06-26,Delivered,C022,Sonali Stores,Retailer,Jamshedpur,Jharkhand,Other East,Rakesh Singh,Credit,RC-LG-05,Storm Long - Checks,Long Umbrella,48,345.0,0.01
SO000371,2025-06-26,Delivered,C031,Purbanchal Umbrella House,Retailer,Imphal,Manipur,North-East,Bikash Roy,Credit,RC-KD-04,Kiddo Kids - Polka Dot,Kids Umbrella,24,235.0,0.02
SO000371,2025-06-26,Delivered,C031,Purbanchal Umbrella House,Retailer,Imphal,Manipur,North-East,Bikash Roy,Credit,RC-UV-04,SunGuard UV Sun - Beige,UV Sun Umbrella,24,420.0,0.0
SO000371,2025-06-26,Delivered,C031,Purbanchal Umbrella House,Retailer,Imphal,Manipur,North-East,Bikash Roy,Credit,RC-3F-04,Compact 3-Fold - Navy Blue,3-Fold Umbrella,72,345.0,0.0
SO000372,2025-06-26,Delivered,C032,Modern Bazaar,Retailer,Jamshedpur,Jharkhand,Other East,Rakesh Singh,Cash,RC-LG-05,Storm Long - Checks,Long Umbrella,12,345.0,0.01
SO000372,2025-06-26,Delivered,C032,Modern Bazaar,Retailer,Jamshedpur,Jharkhand,Other East,Rakesh Singh,Cash,RC-3F-04,Compact 3-Fold - Navy Blue,3-Fold Umbrella,24,345.0,0.0
SO000373,2025-06-26,Delivered,C042,Rainbow Bastralaya,Wholesaler,Purnia,Bihar,Other East,Rakesh Singh,Credit,RC-UV-04,SunGuard UV Sun - Beige,UV Sun Umbrella,24,420.0,0.05
SO000373,2025-06-26,Delivered,C042,Rainbow Bastralaya,Wholesaler,Purnia,Bihar,Other East,Rakesh Singh,Credit,RC-2F-01,Classic 2-Fold - Maroon,2-Fold Umbrella,12,310.0,0.03
SO000374,2025-06-27,Delivered,C007,Biswakarma Bazaar,Wholesaler,Malda,West Bengal,North Bengal,Rina Das,Credit,RC-GF-01,Pro Golf - Floral Print,Golf Umbrella,24,745.0,0.05
SO000374,2025-06-27,Delivered,C007,Biswakarma Bazaar,Wholesaler,Malda,West Bengal,North Bengal,Rina Das,Credit,RC-2F-05,Breeze 2-Fold - Grey,2-Fold Umbrella,36,375.0,0.06
SO000375,2025-06-27,Delivered,C017,New Traders,Distributor,Tezpur,Assam,North-East,Bikash Roy,Credit,RC-2F-01,Classic 2-Fold - Maroon,2-Fold Umbrella,216,310.0,0.1
SO000375,2025-06-27,Delivered,C017,New Traders,Distributor,Tezpur,Assam,North-East,Bikash Roy,Credit,RC-3F-01,Classic 3-Fold - Polka Dot,3-Fold Umbrella,72,330.0,0.09
SO000375,2025-06-27,Delivered,C017,New Traders,Distributor,Tezpur,Assam,North-East,Bikash Roy,Credit,RC-3F-04,Compact 3-Fold - Navy Blue,3-Fold Umbrella,216,345.0,0.11
SO000375,2025-06-27,Delivered,C017,New Traders,Distributor,Tezpur,Assam,North-East,Bikash Roy,Credit,RC-3F-10,Compact 3-Fold - Red,3-Fold Umbrella,72,260.0,0.09
SO000375,2025-06-27,Delivered,C017,New Traders,Distributor,Tezpur,Assam,North-East,Bikash Roy,Credit,RC-UV-01,SunGuard UV Sun - Maroon,UV Sun Umbrella,180,375.0,0.1
SO000376,2025-06-27,Cancelled,C027,Kalyani General Store,Retailer,Asansol,West Bengal,South Bengal,Amit Sarkar,Cash,RC-2F-06,Breeze 2-Fold - Floral Print,2-Fold Umbrella,24,270.0,0.0
SO000376,2025-06-27,Cancelled,C027,Kalyani General Store,Retailer,Asansol,West Bengal,South Bengal,Amit Sarkar,Cash,RC-KD-01,Kiddo Kids - Cartoon Print,Kids Umbrella,24,220.0,0.02
SO000376,2025-06-27,Cancelled,C027,Kalyani General Store,Retailer,Asansol,West Bengal,South Bengal,Amit Sarkar,Cash,RC-UV-02,SunGuard UV Sun - Grey,UV Sun Umbrella,24,580.0,0.03
SO000377,2025-06-27,Delivered,C035,Ganga Traders,Retailer,Bardhaman,West Bengal,South Bengal,Amit Sarkar,Credit,RC-KD-01,Kiddo Kids - Cartoon Print,Kids Umbrella,24,220.0,0.0
SO000377,2025-06-27,Delivered,C035,Ganga Traders,Retailer,Bardhaman,West Bengal,South Bengal,Amit Sarkar,Credit,RC-RC-01,Shield Raincoat - Red,Raincoat,12,690.0,0.01
SO000378,2025-06-27,Delivered,C042,Rainbow Bastralaya,Wholesaler,Purnia,Bihar,Other East,Rakesh Singh,Credit,RC-RC-01,Shield Raincoat - Red,Raincoat,12,690.0,0.07
SO000378,2025-06-27,Delivered,C042,Rainbow Bastralaya,Wholesaler,Purnia,Bihar,Other East,Rakesh Singh,Credit,RC-2F-02,Breeze 2-Fold - Red,2-Fold Umbrella,84,290.0,0.04
SO000378,2025-06-27,Delivered,C042,Rainbow Bastralaya,Wholesaler,Purnia,Bihar,Other East,Rakesh Singh,Credit,RC-2F-03,Classic 2-Fold - Checks,2-Fold Umbrella,48,435.0,0.07
SO000379,2025-06-28,Delivered,C010,Ganga Bastralaya,Wholesaler,Jorhat,Assam,North-East,Bikash Roy,Credit,RC-RC-01,Shield Raincoat - Red,Raincoat,60,690.0,0.04
SO000379,2025-06-28,Delivered,C010,Ganga Bastralaya,Wholesaler,Jorhat,Assam,North-East,Bikash Roy,Credit,RC-LG-03,Storm Long - Bottle Green,Long Umbrella,84,430.0,0.04
SO000380,2025-06-28,Delivered,C013,Hanuman Stores,Wholesaler,Bardhaman,West Bengal,South Bengal,Amit Sarkar,Credit,RC-RC-01,Shield Raincoat - Red,Raincoat,132,690.0,0.05
SO000380,2025-06-28,Delivered,C013,Hanuman Stores,Wholesaler,Bardhaman,West Bengal,South Bengal,Amit Sarkar,Credit,RC-3F-07,Classic 3-Fold - Beige,3-Fold Umbrella,132,300.0,0.07
SO000381,2025-06-30,Delivered,C009,Brahmaputra General Store,Retailer,Guwahati,Assam,North-East,Bikash Roy,Cash,RC-RC-01,Shield Raincoat - Red,Raincoat,12,690.0,0.02
SO000382,2025-06-30,Delivered,C017,New Traders,Distributor,Tezpur,Assam,North-East,Bikash Roy,Credit,RC-LG-05,Storm Long - Checks,Long Umbrella,132,345.0,0.1
SO000382,2025-06-30,Delivered,C017,New Traders,Distributor,Tezpur,Assam,North-East,Bikash Roy,Credit,RC-3F-06,Breeze 3-Fold - Floral Print,3-Fold Umbrella,108,260.0,0.11
SO000382,2025-06-30,Delivered,C017,New Traders,Distributor,Tezpur,Assam,North-East,Bikash Roy,Credit,RC-RC-01,Shield Raincoat - Red,Raincoat,216,690.0,0.1
SO000382,2025-06-30,Delivered,C017,New Traders,Distributor,Tezpur,Assam,North-East,Bikash Roy,Credit,RC-3F-03,Storm 3-Fold - Floral Print,3-Fold Umbrella,96,275.0,0.08
SO000383,2025-06-30,Delivered,C024,Rainbow Enterprises,Wholesaler,Dibrugarh,Assam,North-East,Bikash Roy,Credit,RC-3F-03,Storm 3-Fold - Floral Print,3-Fold Umbrella,60,275.0,0.04
SO000383,2025-06-30,Delivered,C024,Rainbow Enterprises,Wholesaler,Dibrugarh,Assam,North-East,Bikash Roy,Credit,RC-3F-10,Compact 3-Fold - Red,3-Fold Umbrella,96,260.0,0.04
SO000383,2025-06-30,Delivered,C024,Rainbow Enterprises,Wholesaler,Dibrugarh,Assam,North-East,Bikash Roy,Credit,RC-3F-01,Classic 3-Fold - Polka Dot,3-Fold Umbrella,96,330.0,0.04
SO000383,2025-06-30,Delivered,C024,Rainbow Enterprises,Wholesaler,Dibrugarh,Assam,North-East,Bikash Roy,Credit,RC-3F-08,Compact 3-Fold - Checks,3-Fold Umbrella,156,295.0,0.03
SO000384,2025-06-30,Delivered,C030,Star Enterprises,Wholesaler,Shillong,Meghalaya,North-East,Bikash Roy,Credit,RC-RC-01,Shield Raincoat - Red,Raincoat,72,690.0,0.07
SO000384,2025-06-30,Delivered,C030,Star Enterprises,Wholesaler,Shillong,Meghalaya,North-East,Bikash Roy,Credit,RC-3F-09,Classic 3-Fold - Black,3-Fold Umbrella,36,205.0,0.05
SO000385,2025-06-30,Delivered,C031,Purbanchal Umbrella House,Retailer,Imphal,Manipur,North-East,Bikash Roy,Credit,RC-RC-01,Shield Raincoat - Red,Raincoat,24,690.0,0.02
SO000386,2025-07-01,Delivered,C010,Ganga Bastralaya,Wholesaler,Jorhat,Assam,North-East,Bikash Roy,Credit,RC-3F-10,Compact 3-Fold - Red,3-Fold Umbrella,24,260.0,0.03
SO000386,2025-07-01,Delivered,C010,Ganga Bastralaya,Wholesaler,Jorhat,Assam,North-East,Bikash Roy,Credit,RC-3F-02,Breeze 3-Fold - Transparent,3-Fold Umbrella,60,305.0,0.06
SO000386,2025-07-01,Delivered,C010,Ganga Bastralaya,Wholesaler,Jorhat,Assam,North-East,Bikash Roy,Credit,RC-UV-04,SunGuard UV Sun - Beige,UV Sun Umbrella,96,420.0,0.05
SO000387,2025-07-01,Delivered,C030,Star Enterprises,Wholesaler,Shillong,Meghalaya,North-East,Bikash Roy,Credit,RC-LG-02,Storm Long - Grey,Long Umbrella,72,385.0,0.03
SO000387,2025-07-01,Delivered,C030,Star Enterprises,Wholesaler,Shillong,Meghalaya,North-East,Bikash Roy,Credit,RC-UV-04,SunGuard UV Sun - Beige,UV Sun Umbrella,12,420.0,0.07
SO000387,2025-07-01,Delivered,C030,Star Enterprises,Wholesaler,Shillong,Meghalaya,North-East,Bikash Roy,Credit,RC-2F-01,Classic 2-Fold - Maroon,2-Fold Umbrella,48,310.0,0.05
SO000388,2025-07-01,Delivered,C037,Hanuman Marketing,Retailer,Dimapur,Nagaland,North-East,Bikash Roy,Credit,RC-RC-01,Shield Raincoat - Red,Raincoat,24,690.0,0.03
SO000388,2025-07-01,Delivered,C037,Hanuman Marketing,Retailer,Dimapur,Nagaland,North-East,Bikash Roy,Credit,RC-2F-06,Breeze 2-Fold - Floral Print,2-Fold Umbrella,12,270.0,0.0
SO000388,2025-07-01,Delivered,C037,Hanuman Marketing,Retailer,Dimapur,Nagaland,North-East,Bikash Roy,Credit,RC-GF-01,Pro Golf - Floral Print,Golf Umbrella,48,745.0,0.01
SO000389,2025-07-01,Delivered,C049,Biswakarma Traders,Retailer,Kolkata,West Bengal,South Bengal,Amit Sarkar,Credit,RC-KD-04,Kiddo Kids - Polka Dot,Kids Umbrella,60,235.0,0.0
SO000390,2025-07-02,Delivered,C011,Sri Durga Umbrella House,Retailer,Silchar,Assam,North-East,Bikash Roy,Cash,RC-KD-04,Kiddo Kids - Polka Dot,Kids Umbrella,12,235.0,0.02
SO000390,2025-07-02,Delivered,C011,Sri Durga Umbrella House,Retailer,Silchar,Assam,North-East,Bikash Roy,Cash,RC-GF-01,Pro Golf - Floral Print,Golf Umbrella,12,745.0,0.03
SO000391,2025-07-02,Delivered,C013,Hanuman Stores,Wholesaler,Bardhaman,West Bengal,South Bengal,Amit Sarkar,Credit,RC-2F-01,Classic 2-Fold - Maroon,2-Fold Umbrella,96,310.0,0.06
SO000391,2025-07-02,Delivered,C013,Hanuman Stores,Wholesaler,Bardhaman,West Bengal,South Bengal,Amit Sarkar,Credit,RC-KD-04,Kiddo Kids - Polka Dot,Kids Umbrella,132,235.0,0.04
SO000392,2025-07-02,Delivered,C041,New Enterprises,Distributor,Agartala,Tripura,North-East,Bikash Roy,Credit,RC-3F-08,Compact 3-Fold - Checks,3-Fold Umbrella,276,295.0,0.1
SO000392,2025-07-02,Delivered,C041,New Enterprises,Distributor,Agartala,Tripura,North-East,Bikash Roy,Credit,RC-KD-03,Kiddo Kids - Sky Blue,Kids Umbrella,96,185.0,0.11
SO000392,2025-07-02,Delivered,C041,New Enterprises,Distributor,Agartala,Tripura,North-East,Bikash Roy,Credit,RC-2F-02,Breeze 2-Fold - Red,2-Fold Umbrella,216,290.0,0.08
SO000392,2025-07-02,Delivered,C041,New Enterprises,Distributor,Agartala,Tripura,North-East,Bikash Roy,Credit,RC-3F-10,Compact 3-Fold - Red,3-Fold Umbrella,252,260.0,0.11
SO000393,2025-07-02,Delivered,C048,Purbanchal Agencies,Wholesaler,Tezpur,Assam,North-East,Bikash Roy,Credit,RC-3F-10,Compact 3-Fold - Red,3-Fold Umbrella,36,260.0,0.06
SO000393,2025-07-02,Delivered,C048,Purbanchal Agencies,Wholesaler,Tezpur,Assam,North-East,Bikash Roy,Credit,RC-GF-01,Pro Golf - Floral Print,Golf Umbrella,72,745.0,0.04
SO000393,2025-07-02,Delivered,C048,Purbanchal Agencies,Wholesaler,Tezpur,Assam,North-East,Bikash Roy,Credit,RC-LG-02,Storm Long - Grey,Long Umbrella,24,385.0,0.04
SO000394,2025-07-02,Delivered,C052,Himalaya Traders,Wholesaler,Tezpur,Assam,North-East,Bikash Roy,Credit,RC-3F-01,Classic 3-Fold - Polka Dot,3-Fold Umbrella,72,330.0,0.05
SO000394,2025-07-02,Delivered,C052,Himalaya Traders,Wholesaler,Tezpur,Assam,North-East,Bikash Roy,Credit,RC-3F-10,Compact 3-Fold - Red,3-Fold Umbrella,48,260.0,0.05
SO000395,2025-07-03,Delivered,C009,Brahmaputra General Store,Retailer,Guwahati,Assam,North-East,Bikash Roy,Cash,RC-LG-05,Storm Long - Checks,Long Umbrella,24,345.0,0.03
SO000396,2025-07-03,Delivered,C010,Ganga Bastralaya,Wholesaler,Jorhat,Assam,North-East,Bikash Roy,Credit,RC-KD-04,Kiddo Kids - Polka Dot,Kids Umbrella,120,235.0,0.03
SO000396,2025-07-03,Delivered,C010,Ganga Bastralaya,Wholesaler,Jorhat,Assam,North-East,Bikash Roy,Credit,RC-GF-01,Pro Golf - Floral Print,Golf Umbrella,36,745.0,0.05
SO000396,2025-07-03,Delivered,C010,Ganga Bastralaya,Wholesaler,Jorhat,Assam,North-East,Bikash Roy,Credit,RC-LG-03,Storm Long - Bottle Green,Long Umbrella,24,430.0,0.05
SO000396,2025-07-03,Delivered,C010,Ganga Bastralaya,Wholesaler,Jorhat,Assam,North-East,Bikash Roy,Credit,RC-UV-01,SunGuard UV Sun - Maroon,UV Sun Umbrella,36,375.0,0.06
SO000397,2025-07-03,Delivered,C021,City Traders,Wholesaler,Bhubaneswar,Odisha,Other East,Rakesh Singh,Credit,RC-RC-01,Shield Raincoat - Red,Raincoat,72,690.0,0.03
SO000397,2025-07-03,Delivered,C021,City Traders,Wholesaler,Bhubaneswar,Odisha,Other East,Rakesh Singh,Credit,RC-2F-02,Breeze 2-Fold - Red,2-Fold Umbrella,48,290.0,0.04
SO000398,2025-07-03,Delivered,C031,Purbanchal Umbrella House,Retailer,Imphal,Manipur,North-East,Bikash Roy,Credit,RC-UV-03,SunGuard UV Sun - Checks,UV Sun Umbrella,48,445.0,0.0
SO000398,2025-07-03,Delivered,C031,Purbanchal Umbrella House,Retailer,Imphal,Manipur,North-East,Bikash Roy,Credit,RC-LG-05,Storm Long - Checks,Long Umbrella,72,345.0,0.02
SO000399,2025-07-03,Delivered,C036,Hanuman & Sons,Wholesaler,Asansol,West Bengal,South Bengal,Amit Sarkar,Credit,RC-3F-10,Compact 3-Fold - Red,3-Fold Umbrella,48,260.0,0.03
SO000399,2025-07-03,Delivered,C036,Hanuman & Sons,Wholesaler,Asansol,West Bengal,South Bengal,Amit Sarkar,Credit,RC-RC-05,Shield Raincoat - Polka Dot,Raincoat,48,655.0,0.06
SO000399,2025-07-03,Delivered,C036,Hanuman & Sons,Wholesaler,Asansol,West Bengal,South Bengal,Amit Sarkar,Credit,RC-2F-04,Classic 2-Fold - Red,2-Fold Umbrella,12,310.0,0.04
SO000399,2025-07-03,Delivered,C036,Hanuman & Sons,Wholesaler,Asansol,West Bengal,South Bengal,Amit Sarkar,Credit,RC-LG-02,Storm Long - Grey,Long Umbrella,48,385.0,0.04
SO000400,2025-07-03,Delivered,C048,Purbanchal Agencies,Wholesaler,Tezpur,Assam,North-East,Bikash Roy,Credit,RC-3F-06,Breeze 3-Fold - Floral Print,3-Fold Umbrella,96,260.0,0.03
SO000400,2025-07-03,Delivered,C048,Purbanchal Agencies,Wholesaler,Tezpur,Assam,North-East,Bikash Roy,Credit,RC-2F-03,Classic 2-Fold - Checks,2-Fold Umbrella,84,435.0,0.04
SO000400,2025-07-03,Delivered,C048,Purbanchal Agencies,Wholesaler,Tezpur,Assam,North-East,Bikash Roy,Credit,RC-3F-05,Breeze 3-Fold - Grey,3-Fold Umbrella,36,255.0,0.04
SO000401,2025-07-03,Delivered,C057,Janata & Sons,Wholesaler,Aizawl,Mizoram,North-East,Bikash Roy,Credit,RC-RC-02,Shield Raincoat - Bottle Green,Raincoat,36,690.0,0.04
SO000401,2025-07-03,Delivered,C057,Janata & Sons,Wholesaler,Aizawl,Mizoram,North-East,Bikash Roy,Credit,RC-RC-01,Shield Raincoat - Red,Raincoat,12,690.0,0.06
SO000401,2025-07-03,Delivered,C057,Janata & Sons,Wholesaler,Aizawl,Mizoram,North-East,Bikash Roy,Credit,RC-3F-07,Classic 3-Fold - Beige,3-Fold Umbrella,60,300.0,0.03
SO000402,2025-07-04,Delivered,C002,City Distributors,Retailer,Tezpur,Assam,North-East,Bikash Roy,Credit,RC-3F-04,Compact 3-Fold - Navy Blue,3-Fold Umbrella,12,345.0,0.03
SO000403,2025-07-04,Delivered,C023,Krishna Emporium,Retailer,Shillong,Meghalaya,North-East,Bikash Roy,Credit,RC-2F-03,Classic 2-Fold - Checks,2-Fold Umbrella,12,435.0,0.01
SO000403,2025-07-04,Delivered,C023,Krishna Emporium,Retailer,Shillong,Meghalaya,North-East,Bikash Roy,Credit,RC-UV-01,SunGuard UV Sun - Maroon,UV Sun Umbrella,12,375.0,0.01
SO000404,2025-07-04,Delivered,C031,Purbanchal Umbrella House,Retailer,Imphal,Manipur,North-East,Bikash Roy,Credit,RC-RC-01,Shield Raincoat - Red,Raincoat,48,690.0,0.02
SO000404,2025-07-04,Delivered,C031,Purbanchal Umbrella House,Retailer,Imphal,Manipur,North-East,Bikash Roy,Credit,RC-KD-01,Kiddo Kids - Cartoon Print,Kids Umbrella,48,220.0,0.02
SO000404,2025-07-04,Delivered,C031,Purbanchal Umbrella House,Retailer,Imphal,Manipur,North-East,Bikash Roy,Credit,RC-3F-04,Compact 3-Fold - Navy Blue,3-Fold Umbrella,72,345.0,0.03
SO000405,2025-07-04,Delivered,C047,Teesta Trading Co.,Retailer,Bhagalpur,Bihar,Other East,Rakesh Singh,Cash,RC-LG-03,Storm Long - Bottle Green,Long Umbrella,12,430.0,0.02
SO000405,2025-07-04,Delivered,C047,Teesta Trading Co.,Retailer,Bhagalpur,Bihar,Other East,Rakesh Singh,Cash,RC-3F-07,Classic 3-Fold - Beige,3-Fold Umbrella,12,300.0,0.03
SO000406,2025-07-04,Delivered,C051,Sai Traders,Retailer,Asansol,West Bengal,South Bengal,Amit Sarkar,Cash,RC-KD-01,Kiddo Kids - Cartoon Print,Kids Umbrella,12,220.0,0.02
SO000406,2025-07-04,Delivered,C051,Sai Traders,Retailer,Asansol,West Bengal,South Bengal,Amit Sarkar,Cash,RC-RC-05,Shield Raincoat - Polka Dot,Raincoat,24,655.0,0.03
SO000407,2025-07-04,Delivered,C054,Lokenath Agencies,Retailer,Kharagpur,West Bengal,South Bengal,Amit Sarkar,Credit,RC-3F-06,Breeze 3-Fold - Floral Print,3-Fold Umbrella,12,260.0,0.02
SO000407,2025-07-04,Delivered,C054,Lokenath Agencies,Retailer,Kharagpur,West Bengal,South Bengal,Amit Sarkar,Credit,RC-RC-01,Shield Raincoat - Red,Raincoat,12,690.0,0.02
SO000407,2025-07-04,Delivered,C054,Lokenath Agencies,Retailer,Kharagpur,West Bengal,South Bengal,Amit Sarkar,Credit,RC-UV-01,SunGuard UV Sun - Maroon,UV Sun Umbrella,24,375.0,0.02
SO000408,2025-07-05,Delivered,C046,Sri Durga Traders,Distributor,Cooch Behar,West Bengal,North Bengal,Rina Das,Credit,RC-RC-01,Shield Raincoat - Red,Raincoat,228,690.0,0.1
SO000408,2025-07-05,Delivered,C046,Sri Durga Traders,Distributor,Cooch Behar,West Bengal,North Bengal,Rina Das,Credit,RC-3F-06,Breeze 3-Fold - Floral Print,3-Fold Umbrella,192,260.0,0.08
SO000408,2025-07-05,Delivered,C046,Sri Durga Traders,Distributor,Cooch Behar,West Bengal,North Bengal,Rina Das,Credit,RC-3F-04,Compact 3-Fold - Navy Blue,3-Fold Umbrella,228,345.0,0.08
SO000409,2025-07-05,Delivered,C053,Rupali Wholesale,Retailer,Jalpaiguri,West Bengal,North Bengal,Rina Das,Credit,RC-LG-05,Storm Long - Checks,Long Umbrella,12,345.0,0.03
SO000409,2025-07-05,Delivered,C053,Rupali Wholesale,Retailer,Jalpaiguri,West Bengal,North Bengal,Rina Das,Credit,RC-RC-01,Shield Raincoat - Red,Raincoat,12,690.0,0.01
SO000410,2025-07-05,Delivered,C059,Sunrise Wholesale,Wholesaler,Durgapur,West Bengal,South Bengal,Amit Sarkar,Credit,RC-3F-05,Breeze 3-Fold - Grey,3-Fold Umbrella,24,255.0,0.07
SO000410,2025-07-05,Delivered,C059,Sunrise Wholesale,Wholesaler,Durgapur,West Bengal,South Bengal,Amit Sarkar,Credit,RC-KD-04,Kiddo Kids - Polka Dot,Kids Umbrella,96,235.0,0.05
SO000411,2025-07-07,Delivered,C022,Sonali Stores,Retailer,Jamshedpur,Jharkhand,Other East,Rakesh Singh,Credit,RC-RC-01,Shield Raincoat - Red,Raincoat,36,690.0,0.0
SO000412,2025-07-07,Delivered,C046,Sri Durga Traders,Distributor,Cooch Behar,West Bengal,North Bengal,Rina Das,Credit,RC-3F-03,Storm 3-Fold - Floral Print,3-Fold Umbrella,132,275.0,0.11
SO000412,2025-07-07,Delivered,C046,Sri Durga Traders,Distributor,Cooch Behar,West Bengal,North Bengal,Rina Das,Credit,RC-3F-01,Classic 3-Fold - Polka Dot,3-Fold Umbrella,228,330.0,0.1
SO000412,2025-07-07,Delivered,C046,Sri Durga Traders,Distributor,Cooch Behar,West Bengal,North Bengal,Rina Das,Credit,RC-RC-02,Shield Raincoat - Bottle Green,Raincoat,108,690.0,0.12
SO000412,2025-07-07,Delivered,C046,Sri Durga Traders,Distributor,Cooch Behar,West Bengal,North Bengal,Rina Das,Credit,RC-LG-06,Heritage Long - Maroon,Long Umbrella,276,570.0,0.09
SO000413,2025-07-07,Delivered,C057,Janata & Sons,Wholesaler,Aizawl,Mizoram,North-East,Bikash Roy,Credit,RC-KD-04,Kiddo Kids - Polka Dot,Kids Umbrella,60,235.0,0.06
SO000413,2025-07-07,Delivered,C057,Janata & Sons,Wholesaler,Aizawl,Mizoram,North-East,Bikash Roy,Credit,RC-RC-01,Shield Raincoat - Red,Raincoat,36,690.0,0.06
SO000414,2025-07-08,Delivered,C030,Star Enterprises,Wholesaler,Shillong,Meghalaya,North-East,Bikash Roy,Credit,RC-RC-03,Shield Raincoat - Grey,Raincoat,24,740.0,0.06
SO000414,2025-07-08,Delivered,C030,Star Enterprises,Wholesaler,Shillong,Meghalaya,North-East,Bikash Roy,Credit,RC-RC-01,Shield Raincoat - Red,Raincoat,24,690.0,0.06
SO000414,2025-07-08,Delivered,C030,Star Enterprises,Wholesaler,Shillong,Meghalaya,North-East,Bikash Roy,Credit,RC-2F-02,Breeze 2-Fold - Red,2-Fold Umbrella,60,290.0,0.05
SO000415,2025-07-08,Delivered,C056,Bharat Wholesale,Retailer,Siliguri,West Bengal,North Bengal,Rina Das,Cash,RC-RC-01,Shield Raincoat - Red,Raincoat,24,690.0,0.01
SO000415,2025-07-08,Delivered,C056,Bharat Wholesale,Retailer,Siliguri,West Bengal,North Bengal,Rina Das,Cash,RC-3F-06,Breeze 3-Fold - Floral Print,3-Fold Umbrella,24,260.0,0.03
SO000415,2025-07-08,Delivered,C056,Bharat Wholesale,Retailer,Siliguri,West Bengal,North Bengal,Rina Das,Cash,RC-2F-04,Classic 2-Fold - Red,2-Fold Umbrella,24,310.0,0.0
SO000416,2025-07-09,Delivered,C010,Ganga Bastralaya,Wholesaler,Jorhat,Assam,North-East,Bikash Roy,Credit,RC-RC-01,Shield Raincoat - Red,Raincoat,24,690.0,0.03
SO000416,2025-07-09,Delivered,C010,Ganga Bastralaya,Wholesaler,Jorhat,Assam,North-East,Bikash Roy,Credit,RC-3F-07,Classic 3-Fold - Beige,3-Fold Umbrella,24,300.0,0.05
SO000416,2025-07-09,Delivered,C010,Ganga Bastralaya,Wholesaler,Jorhat,Assam,North-East,Bikash Roy,Credit,RC-RC-05,Shield Raincoat - Polka Dot,Raincoat,60,655.0,0.04
SO000416,2025-07-09,Delivered,C010,Ganga Bastralaya,Wholesaler,Jorhat,Assam,North-East,Bikash Roy,Credit,RC-3F-04,Compact 3-Fold - Navy Blue,3-Fold Umbrella,120,345.0,0.04
SO000417,2025-07-09,Delivered,C020,Sri Durga Trading Co.,Retailer,Malda,West Bengal,North Bengal,Rina Das,Credit,RC-2F-02,Breeze 2-Fold - Red,2-Fold Umbrella,12,290.0,0.03
SO000418,2025-07-09,Delivered,C021,City Traders,Wholesaler,Bhubaneswar,Odisha,Other East,Rakesh Singh,Credit,RC-LG-02,Storm Long - Grey,Long Umbrella,36,385.0,0.05
SO000418,2025-07-09,Delivered,C021,City Traders,Wholesaler,Bhubaneswar,Odisha,Other East,Rakesh Singh,Credit,RC-3F-07,Classic 3-Fold - Beige,3-Fold Umbrella,84,300.0,0.07
SO000419,2025-07-09,Delivered,C023,Krishna Emporium,Retailer,Shillong,Meghalaya,North-East,Bikash Roy,Credit,RC-RC-03,Shield Raincoat - Grey,Raincoat,12,740.0,0.02
SO000420,2025-07-09,Delivered,C028,Lokenath General Store,Retailer,Silchar,Assam,North-East,Bikash Roy,Cash,RC-3F-10,Compact 3-Fold - Red,3-Fold Umbrella,36,260.0,0.01
SO000420,2025-07-09,Delivered,C028,Lokenath General Store,Retailer,Silchar,Assam,North-East,Bikash Roy,Cash,RC-RC-01,Shield Raincoat - Red,Raincoat,36,690.0,0.02
SO000420,2025-07-09,Delivered,C028,Lokenath General Store,Retailer,Silchar,Assam,North-East,Bikash Roy,Cash,RC-3F-06,Breeze 3-Fold - Floral Print,3-Fold Umbrella,12,260.0,0.03
SO000421,2025-07-09,Delivered,C049,Biswakarma Traders,Retailer,Kolkata,West Bengal,South Bengal,Amit Sarkar,Credit,RC-RC-01,Shield Raincoat - Red,Raincoat,36,690.0,0.01
SO000422,2025-07-10,Delivered,C021,City Traders,Wholesaler,Bhubaneswar,Odisha,Other East,Rakesh Singh,Credit,RC-3F-01,Classic 3-Fold - Polka Dot,3-Fold Umbrella,60,330.0,0.06
SO000422,2025-07-10,Delivered,C021,City Traders,Wholesaler,Bhubaneswar,Odisha,Other East,Rakesh Singh,Credit,RC-RC-01,Shield Raincoat - Red,Raincoat,60,690.0,0.04
SO000422,2025-07-10,Delivered,C021,City Traders,Wholesaler,Bhubaneswar,Odisha,Other East,Rakesh Singh,Credit,RC-3F-08,Compact 3-Fold - Checks,3-Fold Umbrella,36,295.0,0.05
SO000423,2025-07-10,Delivered,C037,Hanuman Marketing,Retailer,Dimapur,Nagaland,North-East,Bikash Roy,Credit,RC-3F-04,Compact 3-Fold - Navy Blue,3-Fold Umbrella,48,345.0,0.03
SO000424,2025-07-10,Delivered,C053,Rupali Wholesale,Retailer,Jalpaiguri,West Bengal,North Bengal,Rina Das,Credit,RC-3F-02,Breeze 3-Fold - Transparent,3-Fold Umbrella,24,305.0,0.02
SO000425,2025-07-10,Delivered,C059,Sunrise Wholesale,Wholesaler,Durgapur,West Bengal,South Bengal,Amit Sarkar,Credit,RC-KD-04,Kiddo Kids - Polka Dot,Kids Umbrella,36,235.0,0.04
SO000425,2025-07-10,Delivered,C059,Sunrise Wholesale,Wholesaler,Durgapur,West Bengal,South Bengal,Amit Sarkar,Credit,RC-2F-05,Breeze 2-Fold - Grey,2-Fold Umbrella,96,375.0,0.07
SO000425,2025-07-10,Delivered,C059,Sunrise Wholesale,Wholesaler,Durgapur,West Bengal,South Bengal,Amit Sarkar,Credit,RC-2F-01,Classic 2-Fold - Maroon,2-Fold Umbrella,24,310.0,0.06
SO000426,2025-07-11,Delivered,C005,Jai Hind Umbrella House,Retailer,Cuttack,Odisha,Other East,Rakesh Singh,Cash,RC-2F-04,Classic 2-Fold - Red,2-Fold Umbrella,12,310.0,0.02
SO000426,2025-07-11,Delivered,C005,Jai Hind Umbrella House,Retailer,Cuttack,Odisha,Other East,Rakesh Singh,Cash,RC-2F-06,Breeze 2-Fold - Floral Print,2-Fold Umbrella,12,270.0,0.03
SO000426,2025-07-11,Delivered,C005,Jai Hind Umbrella House,Retailer,Cuttack,Odisha,Other East,Rakesh Singh,Cash,RC-KD-01,Kiddo Kids - Cartoon Print,Kids Umbrella,12,220.0,0.02
SO000427,2025-07-11,Delivered,C024,Rainbow Enterprises,Wholesaler,Dibrugarh,Assam,North-East,Bikash Roy,Credit,RC-3F-03,Storm 3-Fold - Floral Print,3-Fold Umbrella,72,275.0,0.06
SO000427,2025-07-11,Delivered,C024,Rainbow Enterprises,Wholesaler,Dibrugarh,Assam,North-East,Bikash Roy,Credit,RC-RC-01,Shield Raincoat - Red,Raincoat,144,690.0,0.04
SO000427,2025-07-11,Delivered,C024,Rainbow Enterprises,Wholesaler,Dibrugarh,Assam,North-East,Bikash Roy,Credit,RC-3F-04,Compact 3-Fold - Navy Blue,3-Fold Umbrella,60,345.0,0.03
SO000428,2025-07-11,Delivered,C041,New Enterprises,Distributor,Agartala,Tripura,North-East,Bikash Roy,Credit,RC-RC-03,Shield Raincoat - Grey,Raincoat,144,740.0,0.1
SO000428,2025-07-11,Delivered,C041,New Enterprises,Distributor,Agartala,Tripura,North-East,Bikash Roy,Credit,RC-UV-03,SunGuard UV Sun - Checks,UV Sun Umbrella,192,445.0,0.1
SO000428,2025-07-11,Delivered,C041,New Enterprises,Distributor,Agartala,Tripura,North-East,Bikash Roy,Credit,RC-LG-03,Storm Long - Bottle Green,Long Umbrella,180,430.0,0.11
SO000429,2025-07-11,Delivered,C042,Rainbow Bastralaya,Wholesaler,Purnia,Bihar,Other East,Rakesh Singh,Credit,RC-3F-06,Breeze 3-Fold - Floral Print,3-Fold Umbrella,12,260.0,0.04
SO000429,2025-07-11,Delivered,C042,Rainbow Bastralaya,Wholesaler,Purnia,Bihar,Other East,Rakesh Singh,Credit,RC-2F-01,Classic 2-Fold - Maroon,2-Fold Umbrella,24,310.0,0.06
SO000430,2025-07-11,Delivered,C059,Sunrise Wholesale,Wholesaler,Durgapur,West Bengal,South Bengal,Amit Sarkar,Credit,RC-RC-01,Shield Raincoat - Red,Raincoat,48,690.0,0.04
SO000430,2025-07-11,Delivered,C059,Sunrise Wholesale,Wholesaler,Durgapur,West Bengal,South Bengal,Amit Sarkar,Credit,RC-KD-01,Kiddo Kids - Cartoon Print,Kids Umbrella,60,220.0,0.05
SO000430,2025-07-11,Delivered,C059,Sunrise Wholesale,Wholesaler,Durgapur,West Bengal,South Bengal,Amit Sarkar,Credit,RC-UV-04,SunGuard UV Sun - Beige,UV Sun Umbrella,84,420.0,0.06
SO000431,2025-07-12,Delivered,C004,Royal Trading Co.,Retailer,Agartala,Tripura,North-East,Bikash Roy,Credit,RC-2F-05,Breeze 2-Fold - Grey,2-Fold Umbrella,48,375.0,0.03
SO000432,2025-07-12,Delivered,C021,City Traders,Wholesaler,Bhubaneswar,Odisha,Other East,Rakesh Singh,Credit,RC-RC-01,Shield Raincoat - Red,Raincoat,48,690.0,0.06
SO000432,2025-07-12,Delivered,C021,City Traders,Wholesaler,Bhubaneswar,Odisha,Other East,Rakesh Singh,Credit,RC-LG-01,Auto-Open Long - Maroon,Long Umbrella,96,390.0,0.05
SO000432,2025-07-12,Delivered,C021,City Traders,Wholesaler,Bhubaneswar,Odisha,Other East,Rakesh Singh,Credit,RC-3F-04,Compact 3-Fold - Navy Blue,3-Fold Umbrella,96,345.0,0.05
SO000433,2025-07-12,Delivered,C024,Rainbow Enterprises,Wholesaler,Dibrugarh,Assam,North-East,Bikash Roy,Credit,RC-3F-07,Classic 3-Fold - Beige,3-Fold Umbrella,36,300.0,0.06
SO000433,2025-07-12,Delivered,C024,Rainbow Enterprises,Wholesaler,Dibrugarh,Assam,North-East,Bikash Roy,Credit,RC-3F-04,Compact 3-Fold - Navy Blue,3-Fold Umbrella,156,345.0,0.06
SO000433,2025-07-12,Delivered,C024,Rainbow Enterprises,Wholesaler,Dibrugarh,Assam,North-East,Bikash Roy,Credit,RC-3F-08,Compact 3-Fold - Checks,3-Fold Umbrella,96,295.0,0.04
SO000433,2025-07-12,Delivered,C024,Rainbow Enterprises,Wholesaler,Dibrugarh,Assam,North-East,Bikash Roy,Credit,RC-3F-03,Storm 3-Fold - Floral Print,3-Fold Umbrella,72,275.0,0.07
SO000434,2025-07-12,Delivered,C049,Biswakarma Traders,Retailer,Kolkata,West Bengal,South Bengal,Amit Sarkar,Credit,RC-RC-01,Shield Raincoat - Red,Raincoat,12,690.0,0.03
SO000435,2025-07-14,Delivered,C005,Jai Hind Umbrella House,Retailer,Cuttack,Odisha,Other East,Rakesh Singh,Cash,RC-LG-03,Storm Long - Bottle Green,Long Umbrella,12,430.0,0.01
SO000435,2025-07-14,Delivered,C005,Jai Hind Umbrella House,Retailer,Cuttack,Odisha,Other East,Rakesh Singh,Cash,RC-3F-01,Classic 3-Fold - Polka Dot,3-Fold Umbrella,12,330.0,0.02
SO000435,2025-07-14,Delivered,C005,Jai Hind Umbrella House,Retailer,Cuttack,Odisha,Other East,Rakesh Singh,Cash,RC-3F-10,Compact 3-Fold - Red,3-Fold Umbrella,12,260.0,0.02
SO000436,2025-07-14,Delivered,C009,Brahmaputra General Store,Retailer,Guwahati,Assam,North-East,Bikash Roy,Cash,RC-3F-06,Breeze 3-Fold - Floral Print,3-Fold Umbrella,12,260.0,0.01
SO000436,2025-07-14,Delivered,C009,Brahmaputra General Store,Retailer,Guwahati,Assam,North-East,Bikash Roy,Cash,RC-3F-07,Classic 3-Fold - Beige,3-Fold Umbrella,12,300.0,0.01
SO000437,2025-07-14,Delivered,C010,Ganga Bastralaya,Wholesaler,Jorhat,Assam,North-East,Bikash Roy,Credit,RC-RC-02,Shield Raincoat - Bottle Green,Raincoat,84,690.0,0.05
SO000437,2025-07-14,Delivered,C010,Ganga Bastralaya,Wholesaler,Jorhat,Assam,North-East,Bikash Roy,Credit,RC-RC-03,Shield Raincoat - Grey,Raincoat,120,740.0,0.03
SO000437,2025-07-14,Delivered,C010,Ganga Bastralaya,Wholesaler,Jorhat,Assam,North-East,Bikash Roy,Credit,RC-UV-04,SunGuard UV Sun - Beige,UV Sun Umbrella,72,420.0,0.05
SO000437,2025-07-14,Delivered,C010,Ganga Bastralaya,Wholesaler,Jorhat,Assam,North-East,Bikash Roy,Credit,RC-KD-03,Kiddo Kids - Sky Blue,Kids Umbrella,96,185.0,0.06
SO000438,2025-07-14,Delivered,C014,New Traders,Distributor,Imphal,Manipur,North-East,Bikash Roy,Credit,RC-3F-08,Compact 3-Fold - Checks,3-Fold Umbrella,144,295.0,0.09
SO000438,2025-07-14,Delivered,C014,New Traders,Distributor,Imphal,Manipur,North-East,Bikash Roy,Credit,RC-3F-06,Breeze 3-Fold - Floral Print,3-Fold Umbrella,60,260.0,0.09
SO000438,2025-07-14,Delivered,C014,New Traders,Distributor,Imphal,Manipur,North-East,Bikash Roy,Credit,RC-RC-01,Shield Raincoat - Red,Raincoat,168,690.0,0.1
SO000438,2025-07-14,Delivered,C014,New Traders,Distributor,Imphal,Manipur,North-East,Bikash Roy,Credit,RC-2F-01,Classic 2-Fold - Maroon,2-Fold Umbrella,132,310.0,0.09
SO000439,2025-07-14,Delivered,C023,Krishna Emporium,Retailer,Shillong,Meghalaya,North-East,Bikash Roy,Credit,RC-RC-01,Shield Raincoat - Red,Raincoat,12,690.0,0.02
SO000440,2025-07-14,Delivered,C031,Purbanchal Umbrella House,Retailer,Imphal,Manipur,North-East,Bikash Roy,Credit,RC-RC-05,Shield Raincoat - Polka Dot,Raincoat,48,655.0,0.01
SO000440,2025-07-14,Delivered,C031,Purbanchal Umbrella House,Retailer,Imphal,Manipur,North-East,Bikash Roy,Credit,RC-3F-03,Storm 3-Fold - Floral Print,3-Fold Umbrella,24,275.0,0.02
SO000441,2025-07-14,Delivered,C044,Maa Tara Wholesale,Retailer,Itanagar,Arunachal Pradesh,North-East,Bikash Roy,Cash,RC-LG-01,Auto-Open Long - Maroon,Long Umbrella,24,390.0,0.02
SO000441,2025-07-14,Delivered,C044,Maa Tara Wholesale,Retailer,Itanagar,Arunachal Pradesh,North-East,Bikash Roy,Cash,RC-3F-02,Breeze 3-Fold - Transparent,3-Fold Umbrella,12,305.0,0.03
SO000441,2025-07-14,Delivered,C044,Maa Tara Wholesale,Retailer,Itanagar,Arunachal Pradesh,North-East,Bikash Roy,Cash,RC-2F-03,Classic 2-Fold - Checks,2-Fold Umbrella,12,435.0,0.0
SO000442,2025-07-14,Delivered,C059,Sunrise Wholesale,Wholesaler,Durgapur,West Bengal,South Bengal,Amit Sarkar,Credit,RC-LG-02,Storm Long - Grey,Long Umbrella,60,385.0,0.06
SO000442,2025-07-14,Delivered,C059,Sunrise Wholesale,Wholesaler,Durgapur,West Bengal,South Bengal,Amit Sarkar,Credit,RC-RC-01,Shield Raincoat - Red,Raincoat,96,690.0,0.06
SO000442,2025-07-14,Delivered,C059,Sunrise Wholesale,Wholesaler,Durgapur,West Bengal,South Bengal,Amit Sarkar,Credit,RC-RC-05,Shield Raincoat - Polka Dot,Raincoat,84,655.0,0.05
SO000442,2025-07-14,Delivered,C059,Sunrise Wholesale,Wholesaler,Durgapur,West Bengal,South Bengal,Amit Sarkar,Credit,RC-UV-04,SunGuard UV Sun - Beige,UV Sun Umbrella,96,420.0,0.05
SO000443,2025-07-15,Delivered,C017,New Traders,Distributor,Tezpur,Assam,North-East,Bikash Roy,Credit,RC-RC-01,Shield Raincoat - Red,Raincoat,216,690.0,0.1
SO000443,2025-07-15,Delivered,C017,New Traders,Distributor,Tezpur,Assam,North-East,Bikash Roy,Credit,RC-KD-03,Kiddo Kids - Sky Blue,Kids Umbrella,144,185.0,0.1
SO000443,2025-07-15,Delivered,C017,New Traders,Distributor,Tezpur,Assam,North-East,Bikash Roy,Credit,RC-GF-01,Pro Golf - Floral Print,Golf Umbrella,144,745.0,0.09
SO000444,2025-07-15,Delivered,C022,Sonali Stores,Retailer,Jamshedpur,Jharkhand,Other East,Rakesh Singh,Credit,RC-KD-01,Kiddo Kids - Cartoon Print,Kids Umbrella,48,220.0,0.0
SO000445,2025-07-15,Delivered,C031,Purbanchal Umbrella House,Retailer,Imphal,Manipur,North-East,Bikash Roy,Credit,RC-3F-09,Classic 3-Fold - Black,3-Fold Umbrella,24,205.0,0.02
SO000445,2025-07-15,Delivered,C031,Purbanchal Umbrella House,Retailer,Imphal,Manipur,North-East,Bikash Roy,Credit,RC-LG-05,Storm Long - Checks,Long Umbrella,48,345.0,0.03
SO000446,2025-07-15,Delivered,C033,Krishna Distributors,Retailer,Jalpaiguri,West Bengal,North Bengal,Rina Das,Credit,RC-3F-06,Breeze 3-Fold - Floral Print,3-Fold Umbrella,24,260.0,0.0
SO000447,2025-07-15,Delivered,C036,Hanuman & Sons,Wholesaler,Asansol,West Bengal,South Bengal,Amit Sarkar,Credit,RC-3F-06,Breeze 3-Fold - Floral Print,3-Fold Umbrella,72,260.0,0.03
SO000447,2025-07-15,Delivered,C036,Hanuman & Sons,Wholesaler,Asansol,West Bengal,South Bengal,Amit Sarkar,Credit,RC-KD-04,Kiddo Kids - Polka Dot,Kids Umbrella,48,235.0,0.05
SO000447,2025-07-15,Delivered,C036,Hanuman & Sons,Wholesaler,Asansol,West Bengal,South Bengal,Amit Sarkar,Credit,RC-2F-01,Classic 2-Fold - Maroon,2-Fold Umbrella,36,310.0,0.07
SO000448,2025-07-15,Delivered,C041,New Enterprises,Distributor,Agartala,Tripura,North-East,Bikash Roy,Credit,RC-LG-05,Storm Long - Checks,Long Umbrella,120,345.0,0.09
SO000448,2025-07-15,Delivered,C041,New Enterprises,Distributor,Agartala,Tripura,North-East,Bikash Roy,Credit,RC-2F-03,Classic 2-Fold - Checks,2-Fold Umbrella,72,435.0,0.11
SO000448,2025-07-15,Delivered,C041,New Enterprises,Distributor,Agartala,Tripura,North-East,Bikash Roy,Credit,RC-3F-03,Storm 3-Fold - Floral Print,3-Fold Umbrella,300,275.0,0.1
SO000448,2025-07-15,Delivered,C041,New Enterprises,Distributor,Agartala,Tripura,North-East,Bikash Roy,Credit,RC-3F-02,Breeze 3-Fold - Transparent,3-Fold Umbrella,84,305.0,0.12
SO000448,2025-07-15,Delivered,C041,New Enterprises,Distributor,Agartala,Tripura,North-East,Bikash Roy,Credit,RC-2F-04,Classic 2-Fold - Red,2-Fold Umbrella,216,310.0,0.08
SO000448,2025-07-15,Delivered,C041,New Enterprises,Distributor,Agartala,Tripura,North-East,Bikash Roy,Credit,RC-3F-08,Compact 3-Fold - Checks,3-Fold Umbrella,120,295.0,0.09
SO000449,2025-07-16,Delivered,C024,Rainbow Enterprises,Wholesaler,Dibrugarh,Assam,North-East,Bikash Roy,Credit,RC-2F-01,Classic 2-Fold - Maroon,2-Fold Umbrella,72,310.0,0.04
SO000449,2025-07-16,Delivered,C024,Rainbow Enterprises,Wholesaler,Dibrugarh,Assam,North-East,Bikash Roy,Credit,RC-UV-02,SunGuard UV Sun - Grey,UV Sun Umbrella,156,580.0,0.04
SO000449,2025-07-16,Delivered,C024,Rainbow Enterprises,Wholesaler,Dibrugarh,Assam,North-East,Bikash Roy,Credit,RC-RC-01,Shield Raincoat - Red,Raincoat,60,690.0,0.06
SO000450,2025-07-16,Delivered,C036,Hanuman & Sons,Wholesaler,Asansol,West Bengal,South Bengal,Amit Sarkar,Credit,RC-3F-08,Compact 3-Fold - Checks,3-Fold Umbrella,48,295.0,0.06
SO000450,2025-07-16,Delivered,C036,Hanuman & Sons,Wholesaler,Asansol,West Bengal,South Bengal,Amit Sarkar,Credit,RC-UV-04,SunGuard UV Sun - Beige,UV Sun Umbrella,60,420.0,0.05
SO000450,2025-07-16,Delivered,C036,Hanuman & Sons,Wholesaler,Asansol,West Bengal,South Bengal,Amit Sarkar,Credit,RC-KD-04,Kiddo Kids - Polka Dot,Kids Umbrella,12,235.0,0.04
SO000450,2025-07-16,Delivered,C036,Hanuman & Sons,Wholesaler,Asansol,West Bengal,South Bengal,Amit Sarkar,Credit,RC-RC-01,Shield Raincoat - Red,Raincoat,24,690.0,0.03
SO000451,2025-07-16,Delivered,C037,Hanuman Marketing,Retailer,Dimapur,Nagaland,North-East,Bikash Roy,Credit,RC-LG-03,Storm Long - Bottle Green,Long Umbrella,24,430.0,0.0
SO000451,2025-07-16,Delivered,C037,Hanuman Marketing,Retailer,Dimapur,Nagaland,North-East,Bikash Roy,Credit,RC-3F-02,Breeze 3-Fold - Transparent,3-Fold Umbrella,12,305.0,0.02
SO000452,2025-07-16,Delivered,C041,New Enterprises,Distributor,Agartala,Tripura,North-East,Bikash Roy,Credit,RC-RC-05,Shield Raincoat - Polka Dot,Raincoat,144,655.0,0.11
SO000452,2025-07-16,Delivered,C041,New Enterprises,Distributor,Agartala,Tripura,North-East,Bikash Roy,Credit,RC-3F-05,Breeze 3-Fold - Grey,3-Fold Umbrella,192,255.0,0.11
SO000452,2025-07-16,Delivered,C041,New Enterprises,Distributor,Agartala,Tripura,North-East,Bikash Roy,Credit,RC-RC-01,Shield Raincoat - Red,Raincoat,276,690.0,0.08
SO000452,2025-07-16,Delivered,C041,New Enterprises,Distributor,Agartala,Tripura,North-East,Bikash Roy,Credit,RC-KD-01,Kiddo Kids - Cartoon Print,Kids Umbrella,180,220.0,0.12
SO000452,2025-07-16,Delivered,C041,New Enterprises,Distributor,Agartala,Tripura,North-East,Bikash Roy,Credit,RC-LG-02,Storm Long - Grey,Long Umbrella,84,385.0,0.09
SO000453,2025-07-16,Delivered,C046,Sri Durga Traders,Distributor,Cooch Behar,West Bengal,North Bengal,Rina Das,Credit,RC-KD-01,Kiddo Kids - Cartoon Print,Kids Umbrella,300,220.0,0.11
SO000453,2025-07-16,Delivered,C046,Sri Durga Traders,Distributor,Cooch Behar,West Bengal,North Bengal,Rina Das,Credit,RC-KD-04,Kiddo Kids - Polka Dot,Kids Umbrella,300,235.0,0.09
SO000453,2025-07-16,Delivered,C046,Sri Durga Traders,Distributor,Cooch Behar,West Bengal,North Bengal,Rina Das,Credit,RC-RC-01,Shield Raincoat - Red,Raincoat,300,690.0,0.11
SO000453,2025-07-16,Delivered,C046,Sri Durga Traders,Distributor,Cooch Behar,West Bengal,North Bengal,Rina Das,Credit,RC-2F-03,Classic 2-Fold - Checks,2-Fold Umbrella,228,435.0,0.11
SO000454,2025-07-17,Delivered,C002,City Distributors,Retailer,Tezpur,Assam,North-East,Bikash Roy,Credit,RC-KD-04,Kiddo Kids - Polka Dot,Kids Umbrella,12,235.0,0.01
SO000455,2025-07-17,Delivered,C008,Popular & Sons,Retailer,Durgapur,West Bengal,South Bengal,Amit Sarkar,Credit,RC-3F-08,Compact 3-Fold - Checks,3-Fold Umbrella,12,295.0,0.02
SO000456,2025-07-17,Delivered,C016,Krishna Emporium,Retailer,Guwahati,Assam,North-East,Bikash Roy,Cash,RC-2F-06,Breeze 2-Fold - Floral Print,2-Fold Umbrella,24,270.0,0.01
SO000456,2025-07-17,Delivered,C016,Krishna Emporium,Retailer,Guwahati,Assam,North-East,Bikash Roy,Cash,RC-KD-01,Kiddo Kids - Cartoon Print,Kids Umbrella,12,220.0,0.01
SO000457,2025-07-17,Delivered,C021,City Traders,Wholesaler,Bhubaneswar,Odisha,Other East,Rakesh Singh,Credit,RC-UV-02,SunGuard UV Sun - Grey,UV Sun Umbrella,48,580.0,0.06
SO000457,2025-07-17,Delivered,C021,City Traders,Wholesaler,Bhubaneswar,Odisha,Other East,Rakesh Singh,Credit,RC-2F-02,Breeze 2-Fold - Red,2-Fold Umbrella,84,290.0,0.04
SO000458,2025-07-17,Delivered,C039,Modern Stores,Distributor,Jalpaiguri,West Bengal,North Bengal,Rina Das,Credit,RC-UV-02,SunGuard UV Sun - Grey,UV Sun Umbrella,192,580.0,0.11
SO000458,2025-07-17,Delivered,C039,Modern Stores,Distributor,Jalpaiguri,West Bengal,North Bengal,Rina Das,Credit,RC-UV-04,SunGuard UV Sun - Beige,UV Sun Umbrella,132,420.0,0.11
SO000458,2025-07-17,Delivered,C039,Modern Stores,Distributor,Jalpaiguri,West Bengal,North Bengal,Rina Das,Credit,RC-2F-05,Breeze 2-Fold - Grey,2-Fold Umbrella,132,375.0,0.09
SO000459,2025-07-17,Delivered,C041,New Enterprises,Distributor,Agartala,Tripura,North-East,Bikash Roy,Credit,RC-UV-03,SunGuard UV Sun - Checks,UV Sun Umbrella,300,445.0,0.09
SO000459,2025-07-17,Delivered,C041,New Enterprises,Distributor,Agartala,Tripura,North-East,Bikash Roy,Credit,RC-3F-01,Classic 3-Fold - Polka Dot,3-Fold Umbrella,72,330.0,0.09
SO000459,2025-07-17,Delivered,C041,New Enterprises,Distributor,Agartala,Tripura,North-East,Bikash Roy,Credit,RC-UV-04,SunGuard UV Sun - Beige,UV Sun Umbrella,84,420.0,0.1
SO000459,2025-07-17,Delivered,C041,New Enterprises,Distributor,Agartala,Tripura,North-East,Bikash Roy,Credit,RC-2F-04,Classic 2-Fold - Red,2-Fold Umbrella,84,310.0,0.11
SO000459,2025-07-17,Delivered,C041,New Enterprises,Distributor,Agartala,Tripura,North-East,Bikash Roy,Credit,RC-3F-04,Compact 3-Fold - Navy Blue,3-Fold Umbrella,192,345.0,0.09
SO000460,2025-07-17,Delivered,C048,Purbanchal Agencies,Wholesaler,Tezpur,Assam,North-East,Bikash Roy,Credit,RC-2F-02,Breeze 2-Fold - Red,2-Fold Umbrella,96,290.0,0.06
SO000460,2025-07-17,Delivered,C048,Purbanchal Agencies,Wholesaler,Tezpur,Assam,North-East,Bikash Roy,Credit,RC-3F-03,Storm 3-Fold - Floral Print,3-Fold Umbrella,36,275.0,0.05
SO000460,2025-07-17,Delivered,C048,Purbanchal Agencies,Wholesaler,Tezpur,Assam,North-East,Bikash Roy,Credit,RC-RC-05,Shield Raincoat - Polka Dot,Raincoat,36,655.0,0.05
SO000461,2025-07-17,Delivered,C059,Sunrise Wholesale,Wholesaler,Durgapur,West Bengal,South Bengal,Amit Sarkar,Credit,RC-3F-05,Breeze 3-Fold - Grey,3-Fold Umbrella,84,255.0,0.07
SO000461,2025-07-17,Delivered,C059,Sunrise Wholesale,Wholesaler,Durgapur,West Bengal,South Bengal,Amit Sarkar,Credit,RC-3F-01,Classic 3-Fold - Polka Dot,3-Fold Umbrella,60,330.0,0.05
SO000461,2025-07-17,Delivered,C059,Sunrise Wholesale,Wholesaler,Durgapur,West Bengal,South Bengal,Amit Sarkar,Credit,RC-KD-03,Kiddo Kids - Sky Blue,Kids Umbrella,60,185.0,0.05
SO000462,2025-07-18,Delivered,C004,Royal Trading Co.,Retailer,Agartala,Tripura,North-East,Bikash Roy,Credit,RC-LG-01,Auto-Open Long - Maroon,Long Umbrella,24,390.0,0.01
SO000462,2025-07-18,Delivered,C004,Royal Trading Co.,Retailer,Agartala,Tripura,North-East,Bikash Roy,Credit,RC-3F-01,Classic 3-Fold - Polka Dot,3-Fold Umbrella,24,330.0,0.01
SO000462,2025-07-18,Delivered,C004,Royal Trading Co.,Retailer,Agartala,Tripura,North-East,Bikash Roy,Credit,RC-3F-04,Compact 3-Fold - Navy Blue,3-Fold Umbrella,48,345.0,0.02
SO000463,2025-07-18,Delivered,C013,Hanuman Stores,Wholesaler,Bardhaman,West Bengal,South Bengal,Amit Sarkar,Credit,RC-2F-01,Classic 2-Fold - Maroon,2-Fold Umbrella,36,310.0,0.06
SO000463,2025-07-18,Delivered,C013,Hanuman Stores,Wholesaler,Bardhaman,West Bengal,South Bengal,Amit Sarkar,Credit,RC-3F-10,Compact 3-Fold - Red,3-Fold Umbrella,72,260.0,0.05
SO000464,2025-07-18,Delivered,C038,Kalyani Distributors,Wholesaler,Agartala,Tripura,North-East,Bikash Roy,Credit,RC-RC-01,Shield Raincoat - Red,Raincoat,72,690.0,0.06
SO000464,2025-07-18,Delivered,C038,Kalyani Distributors,Wholesaler,Agartala,Tripura,North-East,Bikash Roy,Credit,RC-3F-08,Compact 3-Fold - Checks,3-Fold Umbrella,12,295.0,0.03
SO000464,2025-07-18,Delivered,C038,Kalyani Distributors,Wholesaler,Agartala,Tripura,North-East,Bikash Roy,Credit,RC-3F-04,Compact 3-Fold - Navy Blue,3-Fold Umbrella,60,345.0,0.06
SO000465,2025-07-18,Delivered,C041,New Enterprises,Distributor,Agartala,Tripura,North-East,Bikash Roy,Credit,RC-3F-03,Storm 3-Fold - Floral Print,3-Fold Umbrella,180,275.0,0.08
SO000465,2025-07-18,Delivered,C041,New Enterprises,Distributor,Agartala,Tripura,North-East,Bikash Roy,Credit,RC-2F-01,Classic 2-Fold - Maroon,2-Fold Umbrella,84,310.0,0.08
SO000465,2025-07-18,Delivered,C041,New Enterprises,Distributor,Agartala,Tripura,North-East,Bikash Roy,Credit,RC-KD-04,Kiddo Kids - Polka Dot,Kids Umbrella,144,235.0,0.1
SO000466,2025-07-18,Delivered,C048,Purbanchal Agencies,Wholesaler,Tezpur,Assam,North-East,Bikash Roy,Credit,RC-UV-01,SunGuard UV Sun - Maroon,UV Sun Umbrella,24,375.0,0.04
SO000466,2025-07-18,Delivered,C048,Purbanchal Agencies,Wholesaler,Tezpur,Assam,North-East,Bikash Roy,Credit,RC-3F-07,Classic 3-Fold - Beige,3-Fold Umbrella,48,300.0,0.03
SO000467,2025-07-18,Delivered,C050,Biswakarma Traders,Retailer,Shillong,Meghalaya,North-East,Bikash Roy,Cash,RC-RC-03,Shield Raincoat - Grey,Raincoat,36,740.0,0.02
SO000468,2025-07-19,Delivered,C006,Modern Stores,Wholesaler,Howrah,West Bengal,South Bengal,Amit Sarkar,Credit,RC-3F-06,Breeze 3-Fold - Floral Print,3-Fold Umbrella,96,260.0,0.05
SO000468,2025-07-19,Delivered,C006,Modern Stores,Wholesaler,Howrah,West Bengal,South Bengal,Amit Sarkar,Credit,RC-RC-01,Shield Raincoat - Red,Raincoat,60,690.0,0.05
SO000469,2025-07-19,Delivered,C013,Hanuman Stores,Wholesaler,Bardhaman,West Bengal,South Bengal,Amit Sarkar,Credit,RC-LG-01,Auto-Open Long - Maroon,Long Umbrella,72,390.0,0.03
SO000469,2025-07-19,Delivered,C013,Hanuman Stores,Wholesaler,Bardhaman,West Bengal,South Bengal,Amit Sarkar,Credit,RC-RC-01,Shield Raincoat - Red,Raincoat,36,690.0,0.05
SO000469,2025-07-19,Delivered,C013,Hanuman Stores,Wholesaler,Bardhaman,West Bengal,South Bengal,Amit Sarkar,Credit,RC-2F-01,Classic 2-Fold - Maroon,2-Fold Umbrella,132,310.0,0.07
SO000470,2025-07-19,Delivered,C046,Sri Durga Traders,Distributor,Cooch Behar,West Bengal,North Bengal,Rina Das,Credit,RC-3F-06,Breeze 3-Fold - Floral Print,3-Fold Umbrella,108,260.0,0.11
SO000470,2025-07-19,Delivered,C046,Sri Durga Traders,Distributor,Cooch Behar,West Bengal,North Bengal,Rina Das,Credit,RC-LG-06,Heritage Long - Maroon,Long Umbrella,168,570.0,0.09
SO000470,2025-07-19,Delivered,C046,Sri Durga Traders,Distributor,Cooch Behar,West Bengal,North Bengal,Rina Das,Credit,RC-UV-01,SunGuard UV Sun - Maroon,UV Sun Umbrella,132,375.0,0.11
SO000471,2025-07-19,Delivered,C052,Himalaya Traders,Wholesaler,Tezpur,Assam,North-East,Bikash Roy,Credit,RC-3F-08,Compact 3-Fold - Checks,3-Fold Umbrella,60,295.0,0.06
SO000471,2025-07-19,Delivered,C052,Himalaya Traders,Wholesaler,Tezpur,Assam,North-East,Bikash Roy,Credit,RC-KD-01,Kiddo Kids - Cartoon Print,Kids Umbrella,72,220.0,0.06
SO000471,2025-07-19,Delivered,C052,Himalaya Traders,Wholesaler,Tezpur,Assam,North-East,Bikash Roy,Credit,RC-3F-04,Compact 3-Fold - Navy Blue,3-Fold Umbrella,24,345.0,0.06
SO000471,2025-07-19,Delivered,C052,Himalaya Traders,Wholesaler,Tezpur,Assam,North-East,Bikash Roy,Credit,RC-3F-10,Compact 3-Fold - Red,3-Fold Umbrella,24,260.0,0.05
SO000472,2025-07-19,Delivered,C054,Lokenath Agencies,Retailer,Kharagpur,West Bengal,South Bengal,Amit Sarkar,Credit,RC-3F-04,Compact 3-Fold - Navy Blue,3-Fold Umbrella,12,345.0,0.01
SO000473,2025-07-19,Delivered,C058,Lokenath General Store,Wholesaler,Howrah,West Bengal,South Bengal,Amit Sarkar,Credit,RC-2F-01,Classic 2-Fold - Maroon,2-Fold Umbrella,24,310.0,0.04
SO000473,2025-07-19,Delivered,C058,Lokenath General Store,Wholesaler,Howrah,West Bengal,South Bengal,Amit Sarkar,Credit,RC-3F-04,Compact 3-Fold - Navy Blue,3-Fold Umbrella,48,345.0,0.06
SO000473,2025-07-19,Delivered,C058,Lokenath General Store,Wholesaler,Howrah,West Bengal,South Bengal,Amit Sarkar,Credit,RC-RC-01,Shield Raincoat - Red,Raincoat,84,690.0,0.04
SO000473,2025-07-19,Delivered,C058,Lokenath General Store,Wholesaler,Howrah,West Bengal,South Bengal,Amit Sarkar,Credit,RC-3F-06,Breeze 3-Fold - Floral Print,3-Fold Umbrella,48,260.0,0.05
SO000474,2025-07-21,Delivered,C003,Brahmaputra Wholesale,Distributor,Tezpur,Assam,North-East,Bikash Roy,Credit,RC-RC-03,Shield Raincoat - Grey,Raincoat,84,740.0,0.08
SO000474,2025-07-21,Delivered,C003,Brahmaputra Wholesale,Distributor,Tezpur,Assam,North-East,Bikash Roy,Credit,RC-UV-05,SunGuard UV Sun - Transparent,UV Sun Umbrella,252,525.0,0.08
SO000474,2025-07-21,Delivered,C003,Brahmaputra Wholesale,Distributor,Tezpur,Assam,North-East,Bikash Roy,Credit,RC-2F-03,Classic 2-Fold - Checks,2-Fold Umbrella,252,435.0,0.12
SO000475,2025-07-21,Delivered,C034,Sai Distributors,Wholesaler,Imphal,Manipur,North-East,Bikash Roy,Credit,RC-UV-01,SunGuard UV Sun - Maroon,UV Sun Umbrella,36,375.0,0.07
SO000475,2025-07-21,Delivered,C034,Sai Distributors,Wholesaler,Imphal,Manipur,North-East,Bikash Roy,Credit,RC-KD-04,Kiddo Kids - Polka Dot,Kids Umbrella,60,235.0,0.04
SO000475,2025-07-21,Delivered,C034,Sai Distributors,Wholesaler,Imphal,Manipur,North-East,Bikash Roy,Credit,RC-RC-01,Shield Raincoat - Red,Raincoat,96,690.0,0.04
SO000475,2025-07-21,Delivered,C034,Sai Distributors,Wholesaler,Imphal,Manipur,North-East,Bikash Roy,Credit,RC-UV-04,SunGuard UV Sun - Beige,UV Sun Umbrella,96,420.0,0.04
SO000476,2025-07-21,Delivered,C047,Teesta Trading Co.,Retailer,Bhagalpur,Bihar,Other East,Rakesh Singh,Cash,RC-UV-03,SunGuard UV Sun - Checks,UV Sun Umbrella,24,445.0,0.01
SO000477,2025-07-21,Delivered,C055,Sonali Traders,Retailer,Bardhaman,West Bengal,South Bengal,Amit Sarkar,Cash,RC-3F-09,Classic 3-Fold - Black,3-Fold Umbrella,24,205.0,0.02
SO000478,2025-07-22,Delivered,C003,Brahmaputra Wholesale,Distributor,Tezpur,Assam,North-East,Bikash Roy,Credit,RC-2F-06,Breeze 2-Fold - Floral Print,2-Fold Umbrella,108,270.0,0.1
SO000478,2025-07-22,Delivered,C003,Brahmaputra Wholesale,Distributor,Tezpur,Assam,North-East,Bikash Roy,Credit,RC-LG-02,Storm Long - Grey,Long Umbrella,72,385.0,0.11
SO000478,2025-07-22,Delivered,C003,Brahmaputra Wholesale,Distributor,Tezpur,Assam,North-East,Bikash Roy,Credit,RC-3F-01,Classic 3-Fold - Polka Dot,3-Fold Umbrella,72,330.0,0.09
SO000479,2025-07-22,Delivered,C011,Sri Durga Umbrella House,Retailer,Silchar,Assam,North-East,Bikash Roy,Cash,RC-3F-02,Breeze 3-Fold - Transparent,3-Fold Umbrella,12,305.0,0.01
SO000479,2025-07-22,Delivered,C011,Sri Durga Umbrella House,Retailer,Silchar,Assam,North-East,Bikash Roy,Cash,RC-RC-01,Shield Raincoat - Red,Raincoat,24,690.0,0.0
SO000479,2025-07-22,Delivered,C011,Sri Durga Umbrella House,Retailer,Silchar,Assam,North-East,Bikash Roy,Cash,RC-RC-04,Shield Raincoat - Checks,Raincoat,24,435.0,0.01
SO000480,2025-07-22,Delivered,C030,Star Enterprises,Wholesaler,Shillong,Meghalaya,North-East,Bikash Roy,Credit,RC-RC-02,Shield Raincoat - Bottle Green,Raincoat,24,690.0,0.03
SO000480,2025-07-22,Delivered,C030,Star Enterprises,Wholesaler,Shillong,Meghalaya,North-East,Bikash Roy,Credit,RC-LG-02,Storm Long - Grey,Long Umbrella,60,385.0,0.06
SO000481,2025-07-22,Delivered,C034,Sai Distributors,Wholesaler,Imphal,Manipur,North-East,Bikash Roy,Credit,RC-2F-04,Classic 2-Fold - Red,2-Fold Umbrella,96,310.0,0.04
SO000481,2025-07-22,Delivered,C034,Sai Distributors,Wholesaler,Imphal,Manipur,North-East,Bikash Roy,Credit,RC-UV-01,SunGuard UV Sun - Maroon,UV Sun Umbrella,96,375.0,0.04
SO000481,2025-07-22,Delivered,C034,Sai Distributors,Wholesaler,Imphal,Manipur,North-East,Bikash Roy,Credit,RC-3F-01,Classic 3-Fold - Polka Dot,3-Fold Umbrella,24,330.0,0.06
SO000482,2025-07-22,Delivered,C046,Sri Durga Traders,Distributor,Cooch Behar,West Bengal,North Bengal,Rina Das,Credit,RC-RC-04,Shield Raincoat - Checks,Raincoat,288,435.0,0.09
SO000482,2025-07-22,Delivered,C046,Sri Durga Traders,Distributor,Cooch Behar,West Bengal,North Bengal,Rina Das,Credit,RC-3F-06,Breeze 3-Fold - Floral Print,3-Fold Umbrella,132,260.0,0.09
SO000482,2025-07-22,Delivered,C046,Sri Durga Traders,Distributor,Cooch Behar,West Bengal,North Bengal,Rina Das,Credit,RC-RC-01,Shield Raincoat - Red,Raincoat,216,690.0,0.1
SO000482,2025-07-22,Delivered,C046,Sri Durga Traders,Distributor,Cooch Behar,West Bengal,North Bengal,Rina Das,Credit,RC-2F-06,Breeze 2-Fold - Floral Print,2-Fold Umbrella,72,270.0,0.1
SO000482,2025-07-22,Delivered,C046,Sri Durga Traders,Distributor,Cooch Behar,West Bengal,North Bengal,Rina Das,Credit,RC-3F-01,Classic 3-Fold - Polka Dot,3-Fold Umbrella,84,330.0,0.09
SO000483,2025-07-22,Delivered,C057,Janata & Sons,Wholesaler,Aizawl,Mizoram,North-East,Bikash Roy,Credit,RC-3F-03,Storm 3-Fold - Floral Print,3-Fold Umbrella,12,275.0,0.06
SO000483,2025-07-22,Delivered,C057,Janata & Sons,Wholesaler,Aizawl,Mizoram,North-East,Bikash Roy,Credit,RC-2F-05,Breeze 2-Fold - Grey,2-Fold Umbrella,36,375.0,0.05
SO000483,2025-07-22,Delivered,C057,Janata & Sons,Wholesaler,Aizawl,Mizoram,North-East,Bikash Roy,Credit,RC-2F-04,Classic 2-Fold - Red,2-Fold Umbrella,36,310.0,0.04
SO000484,2025-07-23,Delivered,C017,New Traders,Distributor,Tezpur,Assam,North-East,Bikash Roy,Credit,RC-UV-02,SunGuard UV Sun - Grey,UV Sun Umbrella,96,580.0,0.11
SO000484,2025-07-23,Delivered,C017,New Traders,Distributor,Tezpur,Assam,North-East,Bikash Roy,Credit,RC-3F-05,Breeze 3-Fold - Grey,3-Fold Umbrella,144,255.0,0.1
SO000484,2025-07-23,Delivered,C017,New Traders,Distributor,Tezpur,Assam,North-East,Bikash Roy,Credit,RC-3F-03,Storm 3-Fold - Floral Print,3-Fold Umbrella,108,275.0,0.11
SO000484,2025-07-23,Delivered,C017,New Traders,Distributor,Tezpur,Assam,North-East,Bikash Roy,Credit,RC-KD-01,Kiddo Kids - Cartoon Print,Kids Umbrella,144,220.0,0.08
SO000484,2025-07-23,Delivered,C017,New Traders,Distributor,Tezpur,Assam,North-East,Bikash Roy,Credit,RC-LG-06,Heritage Long - Maroon,Long Umbrella,168,570.0,0.1
SO000485,2025-07-23,Delivered,C020,Sri Durga Trading Co.,Retailer,Malda,West Bengal,North Bengal,Rina Das,Credit,RC-KD-03,Kiddo Kids - Sky Blue,Kids Umbrella,12,185.0,0.02
SO000485,2025-07-23,Delivered,C020,Sri Durga Trading Co.,Retailer,Malda,West Bengal,North Bengal,Rina Das,Credit,RC-LG-01,Auto-Open Long - Maroon,Long Umbrella,12,390.0,0.0
SO000486,2025-07-23,Delivered,C021,City Traders,Wholesaler,Bhubaneswar,Odisha,Other East,Rakesh Singh,Credit,RC-RC-05,Shield Raincoat - Polka Dot,Raincoat,48,655.0,0.05
SO000486,2025-07-23,Delivered,C021,City Traders,Wholesaler,Bhubaneswar,Odisha,Other East,Rakesh Singh,Credit,RC-3F-04,Compact 3-Fold - Navy Blue,3-Fold Umbrella,36,345.0,0.05
SO000486,2025-07-23,Delivered,C021,City Traders,Wholesaler,Bhubaneswar,Odisha,Other East,Rakesh Singh,Credit,RC-UV-04,SunGuard UV Sun - Beige,UV Sun Umbrella,84,420.0,0.03
SO000486,2025-07-23,Delivered,C021,City Traders,Wholesaler,Bhubaneswar,Odisha,Other East,Rakesh Singh,Credit,RC-UV-05,SunGuard UV Sun - Transparent,UV Sun Umbrella,96,525.0,0.07
SO000487,2025-07-23,Delivered,C059,Sunrise Wholesale,Wholesaler,Durgapur,West Bengal,South Bengal,Amit Sarkar,Credit,RC-3F-04,Compact 3-Fold - Navy Blue,3-Fold Umbrella,84,345.0,0.04
SO000487,2025-07-23,Delivered,C059,Sunrise Wholesale,Wholesaler,Durgapur,West Bengal,South Bengal,Amit Sarkar,Credit,RC-KD-04,Kiddo Kids - Polka Dot,Kids Umbrella,96,235.0,0.06
SO000488,2025-07-24,Delivered,C031,Purbanchal Umbrella House,Retailer,Imphal,Manipur,North-East,Bikash Roy,Credit,RC-KD-01,Kiddo Kids - Cartoon Print,Kids Umbrella,72,220.0,0.03
SO000488,2025-07-24,Delivered,C031,Purbanchal Umbrella House,Retailer,Imphal,Manipur,North-East,Bikash Roy,Credit,RC-3F-01,Classic 3-Fold - Polka Dot,3-Fold Umbrella,72,330.0,0.02
SO000489,2025-07-24,Delivered,C040,Krishna Distributors,Retailer,Patna,Bihar,Other East,Rakesh Singh,Credit,RC-3F-07,Classic 3-Fold - Beige,3-Fold Umbrella,24,300.0,0.02
SO000489,2025-07-24,Delivered,C040,Krishna Distributors,Retailer,Patna,Bihar,Other East,Rakesh Singh,Credit,RC-RC-01,Shield Raincoat - Red,Raincoat,24,690.0,0.02
SO000490,2025-07-24,Delivered,C041,New Enterprises,Distributor,Agartala,Tripura,North-East,Bikash Roy,Credit,RC-3F-08,Compact 3-Fold - Checks,3-Fold Umbrella,144,295.0,0.1
SO000490,2025-07-24,Delivered,C041,New Enterprises,Distributor,Agartala,Tripura,North-East,Bikash Roy,Credit,RC-RC-02,Shield Raincoat - Bottle Green,Raincoat,264,690.0,0.1
SO000490,2025-07-24,Delivered,C041,New Enterprises,Distributor,Agartala,Tripura,North-East,Bikash Roy,Credit,RC-RC-01,Shield Raincoat - Red,Raincoat,276,690.0,0.1
SO000490,2025-07-24,Delivered,C041,New Enterprises,Distributor,Agartala,Tripura,North-East,Bikash Roy,Credit,RC-3F-06,Breeze 3-Fold - Floral Print,3-Fold Umbrella,204,260.0,0.1
SO000490,2025-07-24,Delivered,C041,New Enterprises,Distributor,Agartala,Tripura,North-East,Bikash Roy,Credit,RC-2F-04,Classic 2-Fold - Red,2-Fold Umbrella,132,310.0,0.08
SO000491,2025-07-25,Delivered,C021,City Traders,Wholesaler,Bhubaneswar,Odisha,Other East,Rakesh Singh,Credit,RC-3F-08,Compact 3-Fold - Checks,3-Fold Umbrella,96,295.0,0.07
SO000491,2025-07-25,Delivered,C021,City Traders,Wholesaler,Bhubaneswar,Odisha,Other East,Rakesh Singh,Credit,RC-3F-04,Compact 3-Fold - Navy Blue,3-Fold Umbrella,60,345.0,0.07
SO000492,2025-07-25,Delivered,C032,Modern Bazaar,Retailer,Jamshedpur,Jharkhand,Other East,Rakesh Singh,Cash,RC-RC-01,Shield Raincoat - Red,Raincoat,12,690.0,0.03
SO000492,2025-07-25,Delivered,C032,Modern Bazaar,Retailer,Jamshedpur,Jharkhand,Other East,Rakesh Singh,Cash,RC-KD-02,Kiddo Kids - Yellow,Kids Umbrella,12,210.0,0.01
SO000492,2025-07-25,Delivered,C032,Modern Bazaar,Retailer,Jamshedpur,Jharkhand,Other East,Rakesh Singh,Cash,RC-2F-06,Breeze 2-Fold - Floral Print,2-Fold Umbrella,24,270.0,0.01
SO000493,2025-07-25,Cancelled,C053,Rupali Wholesale,Retailer,Jalpaiguri,West Bengal,North Bengal,Rina Das,Credit,RC-RC-01,Shield Raincoat - Red,Raincoat,12,690.0,0.02
SO000493,2025-07-25,Cancelled,C053,Rupali Wholesale,Retailer,Jalpaiguri,West Bengal,North Bengal,Rina Das,Credit,RC-RC-05,Shield Raincoat - Polka Dot,Raincoat,24,655.0,0.03
SO000493,2025-07-25,Cancelled,C053,Rupali Wholesale,Retailer,Jalpaiguri,West Bengal,North Bengal,Rina Das,Credit,RC-LG-03,Storm Long - Bottle Green,Long Umbrella,12,430.0,0.02
SO000494,2025-07-25,Delivered,C060,Modern Marketing,Retailer,Durgapur,West Bengal,South Bengal,Amit Sarkar,Credit,RC-KD-04,Kiddo Kids - Polka Dot,Kids Umbrella,12,235.0,0.01
SO000494,2025-07-25,Delivered,C060,Modern Marketing,Retailer,Durgapur,West Bengal,South Bengal,Amit Sarkar,Credit,RC-3F-06,Breeze 3-Fold - Floral Print,3-Fold Umbrella,12,260.0,0.02
SO000495,2025-07-26,Delivered,C040,Krishna Distributors,Retailer,Patna,Bihar,Other East,Rakesh Singh,Credit,RC-3F-04,Compact 3-Fold - Navy Blue,3-Fold Umbrella,36,345.0,0.02
SO000495,2025-07-26,Delivered,C040,Krishna Distributors,Retailer,Patna,Bihar,Other East,Rakesh Singh,Credit,RC-KD-02,Kiddo Kids - Yellow,Kids Umbrella,12,210.0,0.02
SO000496,2025-07-26,Delivered,C046,Sri Durga Traders,Distributor,Cooch Behar,West Bengal,North Bengal,Rina Das,Credit,RC-LG-03,Storm Long - Bottle Green,Long Umbrella,288,430.0,0.1
SO000496,2025-07-26,Delivered,C046,Sri Durga Traders,Distributor,Cooch Behar,West Bengal,North Bengal,Rina Das,Credit,RC-UV-04,SunGuard UV Sun - Beige,UV Sun Umbrella,300,420.0,0.11
SO000496,2025-07-26,Delivered,C046,Sri Durga Traders,Distributor,Cooch Behar,West Bengal,North Bengal,Rina Das,Credit,RC-3F-01,Classic 3-Fold - Polka Dot,3-Fold Umbrella,216,330.0,0.11
SO000496,2025-07-26,Delivered,C046,Sri Durga Traders,Distributor,Cooch Behar,West Bengal,North Bengal,Rina Das,Credit,RC-2F-03,Classic 2-Fold - Checks,2-Fold Umbrella,132,435.0,0.08
SO000497,2025-07-26,Delivered,C048,Purbanchal Agencies,Wholesaler,Tezpur,Assam,North-East,Bikash Roy,Credit,RC-3F-02,Breeze 3-Fold - Transparent,3-Fold Umbrella,72,305.0,0.07
SO000497,2025-07-26,Delivered,C048,Purbanchal Agencies,Wholesaler,Tezpur,Assam,North-East,Bikash Roy,Credit,RC-RC-01,Shield Raincoat - Red,Raincoat,48,690.0,0.05
SO000497,2025-07-26,Delivered,C048,Purbanchal Agencies,Wholesaler,Tezpur,Assam,North-East,Bikash Roy,Credit,RC-3F-07,Classic 3-Fold - Beige,3-Fold Umbrella,48,300.0,0.04
SO000498,2025-07-28,Cancelled,C003,Brahmaputra Wholesale,Distributor,Tezpur,Assam,North-East,Bikash Roy,Credit,RC-RC-01,Shield Raincoat - Red,Raincoat,240,690.0,0.1
SO000498,2025-07-28,Cancelled,C003,Brahmaputra Wholesale,Distributor,Tezpur,Assam,North-East,Bikash Roy,Credit,RC-LG-02,Storm Long - Grey,Long Umbrella,72,385.0,0.08
SO000498,2025-07-28,Cancelled,C003,Brahmaputra Wholesale,Distributor,Tezpur,Assam,North-East,Bikash Roy,Credit,RC-UV-04,SunGuard UV Sun - Beige,UV Sun Umbrella,60,420.0,0.11
SO000498,2025-07-28,Cancelled,C003,Brahmaputra Wholesale,Distributor,Tezpur,Assam,North-East,Bikash Roy,Credit,RC-LG-05,Storm Long - Checks,Long Umbrella,156,345.0,0.1
SO000498,2025-07-28,Cancelled,C003,Brahmaputra Wholesale,Distributor,Tezpur,Assam,North-East,Bikash Roy,Credit,RC-3F-03,Storm 3-Fold - Floral Print,3-Fold Umbrella,216,275.0,0.09
SO000498,2025-07-28,Cancelled,C003,Brahmaputra Wholesale,Distributor,Tezpur,Assam,North-East,Bikash Roy,Credit,RC-LG-06,Heritage Long - Maroon,Long Umbrella,72,570.0,0.11
SO000499,2025-07-28,Delivered,C029,City Stores,Retailer,Durgapur,West Bengal,South Bengal,Amit Sarkar,Cash,RC-2F-03,Classic 2-Fold - Checks,2-Fold Umbrella,24,435.0,0.02
SO000500,2025-07-28,Delivered,C030,Star Enterprises,Wholesaler,Shillong,Meghalaya,North-East,Bikash Roy,Credit,RC-KD-03,Kiddo Kids - Sky Blue,Kids Umbrella,12,185.0,0.04
SO000500,2025-07-28,Delivered,C030,Star Enterprises,Wholesaler,Shillong,Meghalaya,North-East,Bikash Roy,Credit,RC-KD-02,Kiddo Kids - Yellow,Kids Umbrella,48,210.0,0.04
SO000500,2025-07-28,Delivered,C030,Star Enterprises,Wholesaler,Shillong,Meghalaya,North-East,Bikash Roy,Credit,RC-UV-01,SunGuard UV Sun - Maroon,UV Sun Umbrella,24,375.0,0.07
SO000501,2025-07-28,Delivered,C037,Hanuman Marketing,Retailer,Dimapur,Nagaland,North-East,Bikash Roy,Credit,RC-2F-06,Breeze 2-Fold - Floral Print,2-Fold Umbrella,12,270.0,0.03
SO000501,2025-07-28,Delivered,C037,Hanuman Marketing,Retailer,Dimapur,Nagaland,North-East,Bikash Roy,Credit,RC-RC-01,Shield Raincoat - Red,Raincoat,24,690.0,0.01
SO000501,2025-07-28,Delivered,C037,Hanuman Marketing,Retailer,Dimapur,Nagaland,North-East,Bikash Roy,Credit,RC-3F-08,Compact 3-Fold - Checks,3-Fold Umbrella,24,295.0,0.0
SO000502,2025-07-28,Cancelled,C046,Sri Durga Traders,Distributor,Cooch Behar,West Bengal,North Bengal,Rina Das,Credit,RC-LG-05,Storm Long - Checks,Long Umbrella,228,345.0,0.1
SO000502,2025-07-28,Cancelled,C046,Sri Durga Traders,Distributor,Cooch Behar,West Bengal,North Bengal,Rina Das,Credit,RC-RC-01,Shield Raincoat - Red,Raincoat,72,690.0,0.09
SO000502,2025-07-28,Cancelled,C046,Sri Durga Traders,Distributor,Cooch Behar,West Bengal,North Bengal,Rina Das,Credit,RC-RC-05,Shield Raincoat - Polka Dot,Raincoat,72,655.0,0.11
SO000502,2025-07-28,Cancelled,C046,Sri Durga Traders,Distributor,Cooch Behar,West Bengal,North Bengal,Rina Das,Credit,RC-3F-07,Classic 3-Fold - Beige,3-Fold Umbrella,216,300.0,0.1
SO000502,2025-07-28,Cancelled,C046,Sri Durga Traders,Distributor,Cooch Behar,West Bengal,North Bengal,Rina Das,Credit,RC-UV-04,SunGuard UV Sun - Beige,UV Sun Umbrella,108,420.0,0.11
SO000503,2025-07-28,Delivered,C051,Sai Traders,Retailer,Asansol,West Bengal,South Bengal,Amit Sarkar,Cash,RC-UV-04,SunGuard UV Sun - Beige,UV Sun Umbrella,12,420.0,0.0
SO000504,2025-07-29,Delivered,C003,Brahmaputra Wholesale,Distributor,Tezpur,Assam,North-East,Bikash Roy,Credit,RC-3F-07,Classic 3-Fold - Beige,3-Fold Umbrella,180,300.0,0.08
SO000504,2025-07-29,Delivered,C003,Brahmaputra Wholesale,Distributor,Tezpur,Assam,North-East,Bikash Roy,Credit,RC-UV-04,SunGuard UV Sun - Beige,UV Sun Umbrella,108,420.0,0.12
SO000504,2025-07-29,Delivered,C003,Brahmaputra Wholesale,Distributor,Tezpur,Assam,North-East,Bikash Roy,Credit,RC-3F-03,Storm 3-Fold - Floral Print,3-Fold Umbrella,144,275.0,0.11
SO000505,2025-07-29,Delivered,C017,New Traders,Distributor,Tezpur,Assam,North-East,Bikash Roy,Credit,RC-3F-04,Compact 3-Fold - Navy Blue,3-Fold Umbrella,144,345.0,0.11
SO000505,2025-07-29,Delivered,C017,New Traders,Distributor,Tezpur,Assam,North-East,Bikash Roy,Credit,RC-RC-01,Shield Raincoat - Red,Raincoat,156,690.0,0.09
SO000505,2025-07-29,Delivered,C017,New Traders,Distributor,Tezpur,Assam,North-East,Bikash Roy,Credit,RC-RC-05,Shield Raincoat - Polka Dot,Raincoat,120,655.0,0.08
SO000506,2025-07-29,Delivered,C024,Rainbow Enterprises,Wholesaler,Dibrugarh,Assam,North-East,Bikash Roy,Credit,RC-KD-03,Kiddo Kids - Sky Blue,Kids Umbrella,96,185.0,0.04
SO000506,2025-07-29,Delivered,C024,Rainbow Enterprises,Wholesaler,Dibrugarh,Assam,North-East,Bikash Roy,Credit,RC-RC-01,Shield Raincoat - Red,Raincoat,144,690.0,0.04
SO000507,2025-07-29,Delivered,C031,Purbanchal Umbrella House,Retailer,Imphal,Manipur,North-East,Bikash Roy,Credit,RC-3F-10,Compact 3-Fold - Red,3-Fold Umbrella,48,260.0,0.01
SO000508,2025-07-29,Delivered,C038,Kalyani Distributors,Wholesaler,Agartala,Tripura,North-East,Bikash Roy,Credit,RC-RC-02,Shield Raincoat - Bottle Green,Raincoat,60,690.0,0.05
SO000508,2025-07-29,Delivered,C038,Kalyani Distributors,Wholesaler,Agartala,Tripura,North-East,Bikash Roy,Credit,RC-UV-04,SunGuard UV Sun - Beige,UV Sun Umbrella,84,420.0,0.06
SO000508,2025-07-29,Delivered,C038,Kalyani Distributors,Wholesaler,Agartala,Tripura,North-East,Bikash Roy,Credit,RC-RC-01,Shield Raincoat - Red,Raincoat,24,690.0,0.03
SO000509,2025-07-29,Delivered,C041,New Enterprises,Distributor,Agartala,Tripura,North-East,Bikash Roy,Credit,RC-3F-06,Breeze 3-Fold - Floral Print,3-Fold Umbrella,240,260.0,0.1
SO000509,2025-07-29,Delivered,C041,New Enterprises,Distributor,Agartala,Tripura,North-East,Bikash Roy,Credit,RC-3F-04,Compact 3-Fold - Navy Blue,3-Fold Umbrella,216,345.0,0.09
SO000509,2025-07-29,Delivered,C041,New Enterprises,Distributor,Agartala,Tripura,North-East,Bikash Roy,Credit,RC-RC-05,Shield Raincoat - Polka Dot,Raincoat,204,655.0,0.08
SO000509,2025-07-29,Delivered,C041,New Enterprises,Distributor,Agartala,Tripura,North-East,Bikash Roy,Credit,RC-KD-01,Kiddo Kids - Cartoon Print,Kids Umbrella,264,220.0,0.09
SO000509,2025-07-29,Delivered,C041,New Enterprises,Distributor,Agartala,Tripura,North-East,Bikash Roy,Credit,RC-RC-01,Shield Raincoat - Red,Raincoat,204,690.0,0.1
SO000509,2025-07-29,Delivered,C041,New Enterprises,Distributor,Agartala,Tripura,North-East,Bikash Roy,Credit,RC-3F-08,Compact 3-Fold - Checks,3-Fold Umbrella,120,295.0,0.1
SO000510,2025-07-29,Delivered,C047,Teesta Trading Co.,Retailer,Bhagalpur,Bihar,Other East,Rakesh Singh,Cash,RC-3F-07,Classic 3-Fold - Beige,3-Fold Umbrella,12,300.0,0.02
SO000510,2025-07-29,Delivered,C047,Teesta Trading Co.,Retailer,Bhagalpur,Bihar,Other East,Rakesh Singh,Cash,RC-UV-04,SunGuard UV Sun - Beige,UV Sun Umbrella,12,420.0,0.02
SO000510,2025-07-29,Delivered,C047,Teesta Trading Co.,Retailer,Bhagalpur,Bihar,Other East,Rakesh Singh,Cash,RC-LG-01,Auto-Open Long - Maroon,Long Umbrella,24,390.0,0.01
SO000511,2025-07-29,Delivered,C049,Biswakarma Traders,Retailer,Kolkata,West Bengal,South Bengal,Amit Sarkar,Credit,RC-RC-01,Shield Raincoat - Red,Raincoat,12,690.0,0.0
SO000511,2025-07-29,Delivered,C049,Biswakarma Traders,Retailer,Kolkata,West Bengal,South Bengal,Amit Sarkar,Credit,RC-RC-05,Shield Raincoat - Polka Dot,Raincoat,60,655.0,0.01
SO000512,2025-07-29,Delivered,C052,Himalaya Traders,Wholesaler,Tezpur,Assam,North-East,Bikash Roy,Credit,RC-RC-01,Shield Raincoat - Red,Raincoat,72,690.0,0.05
SO000512,2025-07-29,Delivered,C052,Himalaya Traders,Wholesaler,Tezpur,Assam,North-East,Bikash Roy,Credit,RC-3F-01,Classic 3-Fold - Polka Dot,3-Fold Umbrella,24,330.0,0.07
SO000512,2025-07-29,Delivered,C052,Himalaya Traders,Wholesaler,Tezpur,Assam,North-East,Bikash Roy,Credit,RC-2F-06,Breeze 2-Fold - Floral Print,2-Fold Umbrella,60,270.0,0.07
SO000513,2025-07-29,Delivered,C060,Modern Marketing,Retailer,Durgapur,West Bengal,South Bengal,Amit Sarkar,Credit,RC-RC-02,Shield Raincoat - Bottle Green,Raincoat,12,690.0,0.02
SO000514,2025-07-30,Delivered,C040,Krishna Distributors,Retailer,Patna,Bihar,Other East,Rakesh Singh,Credit,RC-3F-01,Classic 3-Fold - Polka Dot,3-Fold Umbrella,24,330.0,0.01
SO000514,2025-07-30,Delivered,C040,Krishna Distributors,Retailer,Patna,Bihar,Other East,Rakesh Singh,Credit,RC-RC-01,Shield Raincoat - Red,Raincoat,36,690.0,0.01
SO000514,2025-07-30,Delivered,C040,Krishna Distributors,Retailer,Patna,Bihar,Other East,Rakesh Singh,Credit,RC-3F-06,Breeze 3-Fold - Floral Print,3-Fold Umbrella,24,260.0,0.02
SO000515,2025-07-30,Delivered,C043,Modern Enterprises,Retailer,Aizawl,Mizoram,North-East,Bikash Roy,Cash,RC-LG-05,Storm Long - Checks,Long Umbrella,24,345.0,0.01
SO000515,2025-07-30,Delivered,C043,Modern Enterprises,Retailer,Aizawl,Mizoram,North-East,Bikash Roy,Cash,RC-RC-02,Shield Raincoat - Bottle Green,Raincoat,24,690.0,0.0
SO000515,2025-07-30,Delivered,C043,Modern Enterprises,Retailer,Aizawl,Mizoram,North-East,Bikash Roy,Cash,RC-3F-07,Classic 3-Fold - Beige,3-Fold Umbrella,12,300.0,0.01
SO000516,2025-07-30,Delivered,C046,Sri Durga Traders,Distributor,Cooch Behar,West Bengal,North Bengal,Rina Das,Credit,RC-3F-07,Classic 3-Fold - Beige,3-Fold Umbrella,72,300.0,0.11
SO000516,2025-07-30,Delivered,C046,Sri Durga Traders,Distributor,Cooch Behar,West Bengal,North Bengal,Rina Das,Credit,RC-3F-03,Storm 3-Fold - Floral Print,3-Fold Umbrella,72,275.0,0.09
SO000516,2025-07-30,Delivered,C046,Sri Durga Traders,Distributor,Cooch Behar,West Bengal,North Bengal,Rina Das,Credit,RC-3F-04,Compact 3-Fold - Navy Blue,3-Fold Umbrella,144,345.0,0.09
SO000517,2025-07-30,Delivered,C055,Sonali Traders,Retailer,Bardhaman,West Bengal,South Bengal,Amit Sarkar,Cash,RC-RC-01,Shield Raincoat - Red,Raincoat,36,690.0,0.01
SO000518,2025-07-31,Delivered,C001,Laxmi Distributors,Retailer,Agartala,Tripura,North-East,Bikash Roy,Cash,RC-2F-03,Classic 2-Fold - Checks,2-Fold Umbrella,12,435.0,0.01
SO000518,2025-07-31,Delivered,C001,Laxmi Distributors,Retailer,Agartala,Tripura,North-East,Bikash Roy,Cash,RC-3F-04,Compact 3-Fold - Navy Blue,3-Fold Umbrella,12,345.0,0.0
SO000518,2025-07-31,Delivered,C001,Laxmi Distributors,Retailer,Agartala,Tripura,North-East,Bikash Roy,Cash,RC-KD-04,Kiddo Kids - Polka Dot,Kids Umbrella,12,235.0,0.02
SO000519,2025-07-31,Delivered,C010,Ganga Bastralaya,Wholesaler,Jorhat,Assam,North-East,Bikash Roy,Credit,RC-RC-01,Shield Raincoat - Red,Raincoat,96,690.0,0.06
SO000519,2025-07-31,Delivered,C010,Ganga Bastralaya,Wholesaler,Jorhat,Assam,North-East,Bikash Roy,Credit,RC-LG-05,Storm Long - Checks,Long Umbrella,36,345.0,0.06
SO000519,2025-07-31,Delivered,C010,Ganga Bastralaya,Wholesaler,Jorhat,Assam,North-East,Bikash Roy,Credit,RC-UV-01,SunGuard UV Sun - Maroon,UV Sun Umbrella,36,375.0,0.07
SO000520,2025-07-31,Cancelled,C017,New Traders,Distributor,Tezpur,Assam,North-East,Bikash Roy,Credit,RC-2F-04,Classic 2-Fold - Red,2-Fold Umbrella,204,310.0,0.09
SO000520,2025-07-31,Cancelled,C017,New Traders,Distributor,Tezpur,Assam,North-East,Bikash Roy,Credit,RC-3F-01,Classic 3-Fold - Polka Dot,3-Fold Umbrella,120,330.0,0.12
SO000520,2025-07-31,Cancelled,C017,New Traders,Distributor,Tezpur,Assam,North-East,Bikash Roy,Credit,RC-LG-02,Storm Long - Grey,Long Umbrella,168,385.0,0.11
SO000520,2025-07-31,Cancelled,C017,New Traders,Distributor,Tezpur,Assam,North-East,Bikash Roy,Credit,RC-RC-02,Shield Raincoat - Bottle Green,Raincoat,96,690.0,0.1
SO000520,2025-07-31,Cancelled,C017,New Traders,Distributor,Tezpur,Assam,North-East,Bikash Roy,Credit,RC-2F-01,Classic 2-Fold - Maroon,2-Fold Umbrella,48,310.0,0.12
SO000521,2025-07-31,Delivered,C027,Kalyani General Store,Retailer,Asansol,West Bengal,South Bengal,Amit Sarkar,Cash,RC-3F-01,Classic 3-Fold - Polka Dot,3-Fold Umbrella,12,330.0,0.03
SO000521,2025-07-31,Delivered,C027,Kalyani General Store,Retailer,Asansol,West Bengal,South Bengal,Amit Sarkar,Cash,RC-3F-06,Breeze 3-Fold - Floral Print,3-Fold Umbrella,24,260.0,0.01
SO000521,2025-07-31,Delivered,C027,Kalyani General Store,Retailer,Asansol,West Bengal,South Bengal,Amit Sarkar,Cash,RC-RC-01,Shield Raincoat - Red,Raincoat,48,690.0,0.02
SO000522,2025-07-31,Delivered,C031,Purbanchal Umbrella House,Retailer,Imphal,Manipur,North-East,Bikash Roy,Credit,RC-3F-04,Compact 3-Fold - Navy Blue,3-Fold Umbrella,24,345.0,0.02
SO000523,2025-07-31,Delivered,C034,Sai Distributors,Wholesaler,Imphal,Manipur,North-East,Bikash Roy,Credit,RC-RC-04,Shield Raincoat - Checks,Raincoat,48,435.0,0.06
SO000523,2025-07-31,Delivered,C034,Sai Distributors,Wholesaler,Imphal,Manipur,North-East,Bikash Roy,Credit,RC-3F-06,Breeze 3-Fold - Floral Print,3-Fold Umbrella,84,260.0,0.05
SO000523,2025-07-31,Delivered,C034,Sai Distributors,Wholesaler,Imphal,Manipur,North-East,Bikash Roy,Credit,RC-2F-01,Classic 2-Fold - Maroon,2-Fold Umbrella,36,310.0,0.05
SO000523,2025-07-31,Delivered,C034,Sai Distributors,Wholesaler,Imphal,Manipur,North-East,Bikash Roy,Credit,RC-2F-03,Classic 2-Fold - Checks,2-Fold Umbrella,24,435.0,0.04
SO000524,2025-07-31,Delivered,C035,Ganga Traders,Retailer,Bardhaman,West Bengal,South Bengal,Amit Sarkar,Credit,RC-UV-04,SunGuard UV Sun - Beige,UV Sun Umbrella,24,420.0,0.03
SO000524,2025-07-31,Delivered,C035,Ganga Traders,Retailer,Bardhaman,West Bengal,South Bengal,Amit Sarkar,Credit,RC-3F-01,Classic 3-Fold - Polka Dot,3-Fold Umbrella,24,330.0,0.01
SO000524,2025-07-31,Delivered,C035,Ganga Traders,Retailer,Bardhaman,West Bengal,South Bengal,Amit Sarkar,Credit,RC-RC-03,Shield Raincoat - Grey,Raincoat,12,740.0,0.01
SO000525,2025-07-31,Delivered,C036,Hanuman & Sons,Wholesaler,Asansol,West Bengal,South Bengal,Amit Sarkar,Credit,RC-3F-09,Classic 3-Fold - Black,3-Fold Umbrella,72,205.0,0.04
SO000525,2025-07-31,Delivered,C036,Hanuman & Sons,Wholesaler,Asansol,West Bengal,South Bengal,Amit Sarkar,Credit,RC-2F-06,Breeze 2-Fold - Floral Print,2-Fold Umbrella,48,270.0,0.06
SO000526,2025-07-31,Delivered,C041,New Enterprises,Distributor,Agartala,Tripura,North-East,Bikash Roy,Credit,RC-2F-06,Breeze 2-Fold - Floral Print,2-Fold Umbrella,264,270.0,0.08
SO000526,2025-07-31,Delivered,C041,New Enterprises,Distributor,Agartala,Tripura,North-East,Bikash Roy,Credit,RC-3F-06,Breeze 3-Fold - Floral Print,3-Fold Umbrella,204,260.0,0.11
SO000526,2025-07-31,Delivered,C041,New Enterprises,Distributor,Agartala,Tripura,North-East,Bikash Roy,Credit,RC-UV-04,SunGuard UV Sun - Beige,UV Sun Umbrella,264,420.0,0.11
SO000526,2025-07-31,Delivered,C041,New Enterprises,Distributor,Agartala,Tripura,North-East,Bikash Roy,Credit,RC-RC-05,Shield Raincoat - Polka Dot,Raincoat,144,655.0,0.09
SO000526,2025-07-31,Delivered,C041,New Enterprises,Distributor,Agartala,Tripura,North-East,Bikash Roy,Credit,RC-GF-01,Pro Golf - Floral Print,Golf Umbrella,144,745.0,0.12
SO000527,2025-07-31,Delivered,C050,Biswakarma Traders,Retailer,Shillong,Meghalaya,North-East,Bikash Roy,Cash,RC-UV-04,SunGuard UV Sun - Beige,UV Sun Umbrella,36,420.0,0.03
SO000527,2025-07-31,Delivered,C050,Biswakarma Traders,Retailer,Shillong,Meghalaya,North-East,Bikash Roy,Cash,RC-3F-06,Breeze 3-Fold - Floral Print,3-Fold Umbrella,24,260.0,0.03
SO000527,2025-07-31,Delivered,C050,Biswakarma Traders,Retailer,Shillong,Meghalaya,North-East,Bikash Roy,Cash,RC-3F-01,Classic 3-Fold - Polka Dot,3-Fold Umbrella,12,330.0,0.02
SO000528,2025-07-31,Delivered,C051,Sai Traders,Retailer,Asansol,West Bengal,South Bengal,Amit Sarkar,Cash,RC-RC-01,Shield Raincoat - Red,Raincoat,12,690.0,0.03
SO000529,2025-07-31,Delivered,C059,Sunrise Wholesale,Wholesaler,Durgapur,West Bengal,South Bengal,Amit Sarkar,Credit,RC-3F-06,Breeze 3-Fold - Floral Print,3-Fold Umbrella,96,260.0,0.06
SO000529,2025-07-31,Delivered,C059,Sunrise Wholesale,Wholesaler,Durgapur,West Bengal,South Bengal,Amit Sarkar,Credit,RC-RC-01,Shield Raincoat - Red,Raincoat,24,690.0,0.05
SO000529,2025-07-31,Delivered,C059,Sunrise Wholesale,Wholesaler,Durgapur,West Bengal,South Bengal,Amit Sarkar,Credit,RC-2F-01,Classic 2-Fold - Maroon,2-Fold Umbrella,108,310.0,0.07
SO000530,2025-08-01,Delivered,C006,Modern Stores,Wholesaler,Howrah,West Bengal,South Bengal,Amit Sarkar,Credit,RC-3F-06,Breeze 3-Fold - Floral Print,3-Fold Umbrella,24,260.0,0.05
SO000530,2025-08-01,Delivered,C006,Modern Stores,Wholesaler,Howrah,West Bengal,South Bengal,Amit Sarkar,Credit,RC-2F-03,Classic 2-Fold - Checks,2-Fold Umbrella,96,435.0,0.07
SO000530,2025-08-01,Delivered,C006,Modern Stores,Wholesaler,Howrah,West Bengal,South Bengal,Amit Sarkar,Credit,RC-3F-07,Classic 3-Fold - Beige,3-Fold Umbrella,60,300.0,0.06
SO000530,2025-08-01,Delivered,C006,Modern Stores,Wholesaler,Howrah,West Bengal,South Bengal,Amit Sarkar,Credit,RC-3F-01,Classic 3-Fold - Polka Dot,3-Fold Umbrella,24,330.0,0.05
SO000531,2025-08-01,Delivered,C028,Lokenath General Store,Retailer,Silchar,Assam,North-East,Bikash Roy,Cash,RC-3F-10,Compact 3-Fold - Red,3-Fold Umbrella,36,260.0,0.02
SO000531,2025-08-01,Delivered,C028,Lokenath General Store,Retailer,Silchar,Assam,North-East,Bikash Roy,Cash,RC-3F-04,Compact 3-Fold - Navy Blue,3-Fold Umbrella,12,345.0,0.01
SO000531,2025-08-01,Delivered,C028,Lokenath General Store,Retailer,Silchar,Assam,North-East,Bikash Roy,Cash,RC-RC-01,Shield Raincoat - Red,Raincoat,36,690.0,0.01
SO000532,2025-08-01,Delivered,C031,Purbanchal Umbrella House,Retailer,Imphal,Manipur,North-East,Bikash Roy,Credit,RC-3F-03,Storm 3-Fold - Floral Print,3-Fold Umbrella,24,275.0,0.01
SO000532,2025-08-01,Delivered,C031,Purbanchal Umbrella House,Retailer,Imphal,Manipur,North-East,Bikash Roy,Credit,RC-UV-04,SunGuard UV Sun - Beige,UV Sun Umbrella,72,420.0,0.02
SO000533,2025-08-01,Delivered,C040,Krishna Distributors,Retailer,Patna,Bihar,Other East,Rakesh Singh,Credit,RC-3F-08,Compact 3-Fold - Checks,3-Fold Umbrella,36,295.0,0.0
SO000533,2025-08-01,Delivered,C040,Krishna Distributors,Retailer,Patna,Bihar,Other East,Rakesh Singh,Credit,RC-UV-05,SunGuard UV Sun - Transparent,UV Sun Umbrella,36,525.0,0.0
SO000533,2025-08-01,Delivered,C040,Krishna Distributors,Retailer,Patna,Bihar,Other East,Rakesh Singh,Credit,RC-3F-01,Classic 3-Fold - Polka Dot,3-Fold Umbrella,24,330.0,0.02
SO000534,2025-08-01,Delivered,C052,Himalaya Traders,Wholesaler,Tezpur,Assam,North-East,Bikash Roy,Credit,RC-2F-02,Breeze 2-Fold - Red,2-Fold Umbrella,24,290.0,0.06
SO000534,2025-08-01,Delivered,C052,Himalaya Traders,Wholesaler,Tezpur,Assam,North-East,Bikash Roy,Credit,RC-3F-07,Classic 3-Fold - Beige,3-Fold Umbrella,60,300.0,0.04
SO000534,2025-08-01,Delivered,C052,Himalaya Traders,Wholesaler,Tezpur,Assam,North-East,Bikash Roy,Credit,RC-3F-11,Storm 3-Fold - Transparent,3-Fold Umbrella,36,280.0,0.06
SO000535,2025-08-02,Delivered,C010,Ganga Bastralaya,Wholesaler,Jorhat,Assam,North-East,Bikash Roy,Credit,RC-KD-04,Kiddo Kids - Polka Dot,Kids Umbrella,120,235.0,0.05
SO000535,2025-08-02,Delivered,C010,Ganga Bastralaya,Wholesaler,Jorhat,Assam,North-East,Bikash Roy,Credit,RC-RC-01,Shield Raincoat - Red,Raincoat,60,690.0,0.04
SO000535,2025-08-02,Delivered,C010,Ganga Bastralaya,Wholesaler,Jorhat,Assam,North-East,Bikash Roy,Credit,RC-3F-10,Compact 3-Fold - Red,3-Fold Umbrella,36,260.0,0.07
SO000535,2025-08-02,Delivered,C010,Ganga Bastralaya,Wholesaler,Jorhat,Assam,North-East,Bikash Roy,Credit,RC-2F-02,Breeze 2-Fold - Red,2-Fold Umbrella,96,290.0,0.04
SO000536,2025-08-02,Cancelled,C052,Himalaya Traders,Wholesaler,Tezpur,Assam,North-East,Bikash Roy,Credit,RC-LG-02,Storm Long - Grey,Long Umbrella,36,385.0,0.05
SO000536,2025-08-02,Cancelled,C052,Himalaya Traders,Wholesaler,Tezpur,Assam,North-East,Bikash Roy,Credit,RC-KD-04,Kiddo Kids - Polka Dot,Kids Umbrella,84,235.0,0.07
SO000536,2025-08-02,Cancelled,C052,Himalaya Traders,Wholesaler,Tezpur,Assam,North-East,Bikash Roy,Credit,RC-RC-05,Shield Raincoat - Polka Dot,Raincoat,36,655.0,0.07
SO000537,2025-08-04,Delivered,C003,Brahmaputra Wholesale,Distributor,Tezpur,Assam,North-East,Bikash Roy,Credit,RC-LG-02,Storm Long - Grey,Long Umbrella,60,385.0,0.09
SO000537,2025-08-04,Delivered,C003,Brahmaputra Wholesale,Distributor,Tezpur,Assam,North-East,Bikash Roy,Credit,RC-RC-01,Shield Raincoat - Red,Raincoat,144,690.0,0.08
SO000537,2025-08-04,Delivered,C003,Brahmaputra Wholesale,Distributor,Tezpur,Assam,North-East,Bikash Roy,Credit,RC-KD-01,Kiddo Kids - Cartoon Print,Kids Umbrella,156,220.0,0.11
SO000537,2025-08-04,Delivered,C003,Brahmaputra Wholesale,Distributor,Tezpur,Assam,North-East,Bikash Roy,Credit,RC-LG-03,Storm Long - Bottle Green,Long Umbrella,228,430.0,0.08
SO000537,2025-08-04,Delivered,C003,Brahmaputra Wholesale,Distributor,Tezpur,Assam,North-East,Bikash Roy,Credit,RC-2F-06,Breeze 2-Fold - Floral Print,2-Fold Umbrella,60,270.0,0.12
SO000537,2025-08-04,Delivered,C003,Brahmaputra Wholesale,Distributor,Tezpur,Assam,North-East,Bikash Roy,Credit,RC-UV-04,SunGuard UV Sun - Beige,UV Sun Umbrella,252,420.0,0.11
SO000538,2025-08-04,Delivered,C004,Royal Trading Co.,Retailer,Agartala,Tripura,North-East,Bikash Roy,Credit,RC-RC-01,Shield Raincoat - Red,Raincoat,48,690.0,0.02
SO000538,2025-08-04,Delivered,C004,Royal Trading Co.,Retailer,Agartala,Tripura,North-East,Bikash Roy,Credit,RC-3F-01,Classic 3-Fold - Polka Dot,3-Fold Umbrella,48,330.0,0.01
SO000539,2025-08-04,Delivered,C046,Sri Durga Traders,Distributor,Cooch Behar,West Bengal,North Bengal,Rina Das,Credit,RC-2F-02,Breeze 2-Fold - Red,2-Fold Umbrella,180,290.0,0.1
SO000539,2025-08-04,Delivered,C046,Sri Durga Traders,Distributor,Cooch Behar,West Bengal,North Bengal,Rina Das,Credit,RC-LG-05,Storm Long - Checks,Long Umbrella,180,345.0,0.11
SO000539,2025-08-04,Delivered,C046,Sri Durga Traders,Distributor,Cooch Behar,West Bengal,North Bengal,Rina Das,Credit,RC-RC-02,Shield Raincoat - Bottle Green,Raincoat,180,690.0,0.09
SO000539,2025-08-04,Delivered,C046,Sri Durga Traders,Distributor,Cooch Behar,West Bengal,North Bengal,Rina Das,Credit,RC-2F-03,Classic 2-Fold - Checks,2-Fold Umbrella,120,435.0,0.08
SO000539,2025-08-04,Delivered,C046,Sri Durga Traders,Distributor,Cooch Behar,West Bengal,North Bengal,Rina Das,Credit,RC-3F-04,Compact 3-Fold - Navy Blue,3-Fold Umbrella,228,345.0,0.08
SO000540,2025-08-05,Delivered,C021,City Traders,Wholesaler,Bhubaneswar,Odisha,Other East,Rakesh Singh,Credit,RC-RC-05,Shield Raincoat - Polka Dot,Raincoat,72,655.0,0.04
SO000540,2025-08-05,Delivered,C021,City Traders,Wholesaler,Bhubaneswar,Odisha,Other East,Rakesh Singh,Credit,RC-3F-06,Breeze 3-Fold - Floral Print,3-Fold Umbrella,60,260.0,0.05
SO000540,2025-08-05,Delivered,C021,City Traders,Wholesaler,Bhubaneswar,Odisha,Other East,Rakesh Singh,Credit,RC-3F-04,Compact 3-Fold - Navy Blue,3-Fold Umbrella,72,345.0,0.04
SO000540,2025-08-05,Delivered,C021,City Traders,Wholesaler,Bhubaneswar,Odisha,Other East,Rakesh Singh,Credit,RC-2F-01,Classic 2-Fold - Maroon,2-Fold Umbrella,72,310.0,0.05
SO000541,2025-08-05,Delivered,C025,Modern Stores,Retailer,Silchar,Assam,North-East,Bikash Roy,Credit,RC-UV-01,SunGuard UV Sun - Maroon,UV Sun Umbrella,12,375.0,0.0
SO000541,2025-08-05,Delivered,C025,Modern Stores,Retailer,Silchar,Assam,North-East,Bikash Roy,Credit,RC-LG-03,Storm Long - Bottle Green,Long Umbrella,12,430.0,0.01
SO000542,2025-08-05,Delivered,C048,Purbanchal Agencies,Wholesaler,Tezpur,Assam,North-East,Bikash Roy,Credit,RC-3F-05,Breeze 3-Fold - Grey,3-Fold Umbrella,24,255.0,0.04
SO000542,2025-08-05,Delivered,C048,Purbanchal Agencies,Wholesaler,Tezpur,Assam,North-East,Bikash Roy,Credit,RC-3F-06,Breeze 3-Fold - Floral Print,3-Fold Umbrella,24,260.0,0.06
SO000543,2025-08-05,Delivered,C055,Sonali Traders,Retailer,Bardhaman,West Bengal,South Bengal,Amit Sarkar,Cash,RC-LG-06,Heritage Long - Maroon,Long Umbrella,12,570.0,0.02
SO000543,2025-08-05,Delivered,C055,Sonali Traders,Retailer,Bardhaman,West Bengal,South Bengal,Amit Sarkar,Cash,RC-3F-09,Classic 3-Fold - Black,3-Fold Umbrella,24,205.0,0.02
SO000543,2025-08-05,Delivered,C055,Sonali Traders,Retailer,Bardhaman,West Bengal,South Bengal,Amit Sarkar,Cash,RC-UV-04,SunGuard UV Sun - Beige,UV Sun Umbrella,24,420.0,0.01
SO000544,2025-08-06,Delivered,C005,Jai Hind Umbrella House,Retailer,Cuttack,Odisha,Other East,Rakesh Singh,Cash,RC-UV-01,SunGuard UV Sun - Maroon,UV Sun Umbrella,12,375.0,0.03
SO000545,2025-08-06,Delivered,C013,Hanuman Stores,Wholesaler,Bardhaman,West Bengal,South Bengal,Amit Sarkar,Credit,RC-2F-01,Classic 2-Fold - Maroon,2-Fold Umbrella,60,310.0,0.06
SO000545,2025-08-06,Delivered,C013,Hanuman Stores,Wholesaler,Bardhaman,West Bengal,South Bengal,Amit Sarkar,Credit,RC-RC-02,Shield Raincoat - Bottle Green,Raincoat,96,690.0,0.05
SO000545,2025-08-06,Delivered,C013,Hanuman Stores,Wholesaler,Bardhaman,West Bengal,South Bengal,Amit Sarkar,Credit,RC-KD-03,Kiddo Kids - Sky Blue,Kids Umbrella,60,185.0,0.05
SO000545,2025-08-06,Delivered,C013,Hanuman Stores,Wholesaler,Bardhaman,West Bengal,South Bengal,Amit Sarkar,Credit,RC-GF-01,Pro Golf - Floral Print,Golf Umbrella,156,745.0,0.06
SO000546,2025-08-06,Delivered,C020,Sri Durga Trading Co.,Retailer,Malda,West Bengal,North Bengal,Rina Das,Credit,RC-LG-03,Storm Long - Bottle Green,Long Umbrella,12,430.0,0.03
SO000546,2025-08-06,Delivered,C020,Sri Durga Trading Co.,Retailer,Malda,West Bengal,North Bengal,Rina Das,Credit,RC-2F-06,Breeze 2-Fold - Floral Print,2-Fold Umbrella,12,270.0,0.0
SO000546,2025-08-06,Delivered,C020,Sri Durga Trading Co.,Retailer,Malda,West Bengal,North Bengal,Rina Das,Credit,RC-3F-04,Compact 3-Fold - Navy Blue,3-Fold Umbrella,24,345.0,0.0
SO000547,2025-08-06,Delivered,C022,Sonali Stores,Retailer,Jamshedpur,Jharkhand,Other East,Rakesh Singh,Credit,RC-KD-04,Kiddo Kids - Polka Dot,Kids Umbrella,36,235.0,0.01
SO000547,2025-08-06,Delivered,C022,Sonali Stores,Retailer,Jamshedpur,Jharkhand,Other East,Rakesh Singh,Credit,RC-UV-04,SunGuard UV Sun - Beige,UV Sun Umbrella,36,420.0,0.03
SO000548,2025-08-06,Delivered,C033,Krishna Distributors,Retailer,Jalpaiguri,West Bengal,North Bengal,Rina Das,Credit,RC-3F-07,Classic 3-Fold - Beige,3-Fold Umbrella,12,300.0,0.02
SO000548,2025-08-06,Delivered,C033,Krishna Distributors,Retailer,Jalpaiguri,West Bengal,North Bengal,Rina Das,Credit,RC-3F-06,Breeze 3-Fold - Floral Print,3-Fold Umbrella,36,260.0,0.03
SO000549,2025-08-06,Delivered,C034,Sai Distributors,Wholesaler,Imphal,Manipur,North-East,Bikash Roy,Credit,RC-KD-01,Kiddo Kids - Cartoon Print,Kids Umbrella,96,220.0,0.06
SO000549,2025-08-06,Delivered,C034,Sai Distributors,Wholesaler,Imphal,Manipur,North-East,Bikash Roy,Credit,RC-3F-06,Breeze 3-Fold - Floral Print,3-Fold Umbrella,96,260.0,0.05
SO000549,2025-08-06,Delivered,C034,Sai Distributors,Wholesaler,Imphal,Manipur,North-East,Bikash Roy,Credit,RC-UV-04,SunGuard UV Sun - Beige,UV Sun Umbrella,84,420.0,0.05
SO000550,2025-08-06,Delivered,C056,Bharat Wholesale,Retailer,Siliguri,West Bengal,North Bengal,Rina Das,Cash,RC-RC-03,Shield Raincoat - Grey,Raincoat,12,740.0,0.01
SO000551,2025-08-07,Delivered,C010,Ganga Bastralaya,Wholesaler,Jorhat,Assam,North-East,Bikash Roy,Credit,RC-2F-04,Classic 2-Fold - Red,2-Fold Umbrella,24,310.0,0.07
SO000551,2025-08-07,Delivered,C010,Ganga Bastralaya,Wholesaler,Jorhat,Assam,North-East,Bikash Roy,Credit,RC-LG-05,Storm Long - Checks,Long Umbrella,96,345.0,0.04
SO000552,2025-08-07,Delivered,C014,New Traders,Distributor,Imphal,Manipur,North-East,Bikash Roy,Credit,RC-2F-06,Breeze 2-Fold - Floral Print,2-Fold Umbrella,72,270.0,0.09
SO000552,2025-08-07,Delivered,C014,New Traders,Distributor,Imphal,Manipur,North-East,Bikash Roy,Credit,RC-LG-05,Storm Long - Checks,Long Umbrella,108,345.0,0.12
SO000552,2025-08-07,Delivered,C014,New Traders,Distributor,Imphal,Manipur,North-East,Bikash Roy,Credit,RC-KD-04,Kiddo Kids - Polka Dot,Kids Umbrella,72,235.0,0.11
SO000553,2025-08-07,Delivered,C031,Purbanchal Umbrella House,Retailer,Imphal,Manipur,North-East,Bikash Roy,Credit,RC-2F-02,Breeze 2-Fold - Red,2-Fold Umbrella,24,290.0,0.0
SO000553,2025-08-07,Delivered,C031,Purbanchal Umbrella House,Retailer,Imphal,Manipur,North-East,Bikash Roy,Credit,RC-2F-01,Classic 2-Fold - Maroon,2-Fold Umbrella,48,310.0,0.02
SO000554,2025-08-08,Delivered,C013,Hanuman Stores,Wholesaler,Bardhaman,West Bengal,South Bengal,Amit Sarkar,Credit,RC-UV-03,SunGuard UV Sun - Checks,UV Sun Umbrella,96,445.0,0.05
SO000554,2025-08-08,Delivered,C013,Hanuman Stores,Wholesaler,Bardhaman,West Bengal,South Bengal,Amit Sarkar,Credit,RC-3F-07,Classic 3-Fold - Beige,3-Fold Umbrella,72,300.0,0.07
SO000554,2025-08-08,Delivered,C013,Hanuman Stores,Wholesaler,Bardhaman,West Bengal,South Bengal,Amit Sarkar,Credit,RC-LG-05,Storm Long - Checks,Long Umbrella,96,345.0,0.04
SO000555,2025-08-08,Delivered,C037,Hanuman Marketing,Retailer,Dimapur,Nagaland,North-East,Bikash Roy,Credit,RC-LG-04,Storm Long - Beige,Long Umbrella,48,420.0,0.02
SO000555,2025-08-08,Delivered,C037,Hanuman Marketing,Retailer,Dimapur,Nagaland,North-East,Bikash Roy,Credit,RC-UV-04,SunGuard UV Sun - Beige,UV Sun Umbrella,12,420.0,0.02
SO000555,2025-08-08,Delivered,C037,Hanuman Marketing,Retailer,Dimapur,Nagaland,North-East,Bikash Roy,Credit,RC-LG-05,Storm Long - Checks,Long Umbrella,24,345.0,0.03
SO000556,2025-08-09,Delivered,C003,Brahmaputra Wholesale,Distributor,Tezpur,Assam,North-East,Bikash Roy,Credit,RC-2F-03,Classic 2-Fold - Checks,2-Fold Umbrella,180,435.0,0.09
SO000556,2025-08-09,Delivered,C003,Brahmaputra Wholesale,Distributor,Tezpur,Assam,North-East,Bikash Roy,Credit,RC-UV-04,SunGuard UV Sun - Beige,UV Sun Umbrella,120,420.0,0.1
SO000556,2025-08-09,Delivered,C003,Brahmaputra Wholesale,Distributor,Tezpur,Assam,North-East,Bikash Roy,Credit,RC-RC-01,Shield Raincoat - Red,Raincoat,180,690.0,0.09
SO000556,2025-08-09,Delivered,C003,Brahmaputra Wholesale,Distributor,Tezpur,Assam,North-East,Bikash Roy,Credit,RC-UV-01,SunGuard UV Sun - Maroon,UV Sun Umbrella,216,375.0,0.1
SO000556,2025-08-09,Delivered,C003,Brahmaputra Wholesale,Distributor,Tezpur,Assam,North-East,Bikash Roy,Credit,RC-2F-04,Classic 2-Fold - Red,2-Fold Umbrella,108,310.0,0.1
SO000556,2025-08-09,Delivered,C003,Brahmaputra Wholesale,Distributor,Tezpur,Assam,North-East,Bikash Roy,Credit,RC-2F-01,Classic 2-Fold - Maroon,2-Fold Umbrella,216,310.0,0.12
SO000557,2025-08-09,Delivered,C008,Popular & Sons,Retailer,Durgapur,West Bengal,South Bengal,Amit Sarkar,Credit,RC-UV-01,SunGuard UV Sun - Maroon,UV Sun Umbrella,36,375.0,0.02
SO000557,2025-08-09,Delivered,C008,Popular & Sons,Retailer,Durgapur,West Bengal,South Bengal,Amit Sarkar,Credit,RC-KD-04,Kiddo Kids - Polka Dot,Kids Umbrella,36,235.0,0.0
SO000558,2025-08-09,Delivered,C047,Teesta Trading Co.,Retailer,Bhagalpur,Bihar,Other East,Rakesh Singh,Cash,RC-UV-02,SunGuard UV Sun - Grey,UV Sun Umbrella,12,580.0,0.02
SO000558,2025-08-09,Delivered,C047,Teesta Trading Co.,Retailer,Bhagalpur,Bihar,Other East,Rakesh Singh,Cash,RC-2F-01,Classic 2-Fold - Maroon,2-Fold Umbrella,12,310.0,0.03
SO000559,2025-08-09,Delivered,C048,Purbanchal Agencies,Wholesaler,Tezpur,Assam,North-East,Bikash Roy,Credit,RC-3F-08,Compact 3-Fold - Checks,3-Fold Umbrella,24,295.0,0.04
SO000559,2025-08-09,Delivered,C048,Purbanchal Agencies,Wholesaler,Tezpur,Assam,North-East,Bikash Roy,Credit,RC-3F-07,Classic 3-Fold - Beige,3-Fold Umbrella,84,300.0,0.05
SO000560,2025-08-11,Delivered,C006,Modern Stores,Wholesaler,Howrah,West Bengal,South Bengal,Amit Sarkar,Credit,RC-3F-07,Classic 3-Fold - Beige,3-Fold Umbrella,60,300.0,0.05
SO000560,2025-08-11,Delivered,C006,Modern Stores,Wholesaler,Howrah,West Bengal,South Bengal,Amit Sarkar,Credit,RC-UV-01,SunGuard UV Sun - Maroon,UV Sun Umbrella,120,375.0,0.06
SO000561,2025-08-11,Delivered,C013,Hanuman Stores,Wholesaler,Bardhaman,West Bengal,South Bengal,Amit Sarkar,Credit,RC-2F-03,Classic 2-Fold - Checks,2-Fold Umbrella,156,435.0,0.07
SO000561,2025-08-11,Delivered,C013,Hanuman Stores,Wholesaler,Bardhaman,West Bengal,South Bengal,Amit Sarkar,Credit,RC-2F-02,Breeze 2-Fold - Red,2-Fold Umbrella,72,290.0,0.06
SO000562,2025-08-11,Cancelled,C017,New Traders,Distributor,Tezpur,Assam,North-East,Bikash Roy,Credit,RC-3F-08,Compact 3-Fold - Checks,3-Fold Umbrella,48,295.0,0.09
SO000562,2025-08-11,Cancelled,C017,New Traders,Distributor,Tezpur,Assam,North-East,Bikash Roy,Credit,RC-KD-01,Kiddo Kids - Cartoon Print,Kids Umbrella,60,220.0,0.08
SO000562,2025-08-11,Cancelled,C017,New Traders,Distributor,Tezpur,Assam,North-East,Bikash Roy,Credit,RC-3F-01,Classic 3-Fold - Polka Dot,3-Fold Umbrella,84,330.0,0.11
SO000562,2025-08-11,Cancelled,C017,New Traders,Distributor,Tezpur,Assam,North-East,Bikash Roy,Credit,RC-2F-04,Classic 2-Fold - Red,2-Fold Umbrella,216,310.0,0.09
SO000562,2025-08-11,Cancelled,C017,New Traders,Distributor,Tezpur,Assam,North-East,Bikash Roy,Credit,RC-KD-04,Kiddo Kids - Polka Dot,Kids Umbrella,156,235.0,0.09
SO000563,2025-08-12,Delivered,C031,Purbanchal Umbrella House,Retailer,Imphal,Manipur,North-East,Bikash Roy,Credit,RC-2F-03,Classic 2-Fold - Checks,2-Fold Umbrella,72,435.0,0.01
SO000564,2025-08-12,Delivered,C042,Rainbow Bastralaya,Wholesaler,Purnia,Bihar,Other East,Rakesh Singh,Credit,RC-3F-08,Compact 3-Fold - Checks,3-Fold Umbrella,36,295.0,0.05
SO000564,2025-08-12,Delivered,C042,Rainbow Bastralaya,Wholesaler,Purnia,Bihar,Other East,Rakesh Singh,Credit,RC-LG-05,Storm Long - Checks,Long Umbrella,48,345.0,0.04
SO000565,2025-08-12,Delivered,C043,Modern Enterprises,Retailer,Aizawl,Mizoram,North-East,Bikash Roy,Cash,RC-3F-10,Compact 3-Fold - Red,3-Fold Umbrella,12,260.0,0.03
SO000565,2025-08-12,Delivered,C043,Modern Enterprises,Retailer,Aizawl,Mizoram,North-East,Bikash Roy,Cash,RC-3F-04,Compact 3-Fold - Navy Blue,3-Fold Umbrella,12,345.0,0.0
SO000565,2025-08-12,Delivered,C043,Modern Enterprises,Retailer,Aizawl,Mizoram,North-East,Bikash Roy,Cash,RC-UV-05,SunGuard UV Sun - Transparent,UV Sun Umbrella,24,525.0,0.0
SO000566,2025-08-12,Delivered,C046,Sri Durga Traders,Distributor,Cooch Behar,West Bengal,North Bengal,Rina Das,Credit,RC-3F-06,Breeze 3-Fold - Floral Print,3-Fold Umbrella,180,260.0,0.09
SO000566,2025-08-12,Delivered,C046,Sri Durga Traders,Distributor,Cooch Behar,West Bengal,North Bengal,Rina Das,Credit,RC-2F-01,Classic 2-Fold - Maroon,2-Fold Umbrella,264,310.0,0.11
SO000566,2025-08-12,Delivered,C046,Sri Durga Traders,Distributor,Cooch Behar,West Bengal,North Bengal,Rina Das,Credit,RC-3F-04,Compact 3-Fold - Navy Blue,3-Fold Umbrella,228,345.0,0.12
SO000566,2025-08-12,Delivered,C046,Sri Durga Traders,Distributor,Cooch Behar,West Bengal,North Bengal,Rina Das,Credit,RC-LG-05,Storm Long - Checks,Long Umbrella,144,345.0,0.11
SO000567,2025-08-12,Delivered,C054,Lokenath Agencies,Retailer,Kharagpur,West Bengal,South Bengal,Amit Sarkar,Credit,RC-3F-02,Breeze 3-Fold - Transparent,3-Fold Umbrella,12,305.0,0.02
SO000567,2025-08-12,Delivered,C054,Lokenath Agencies,Retailer,Kharagpur,West Bengal,South Bengal,Amit Sarkar,Credit,RC-KD-01,Kiddo Kids - Cartoon Print,Kids Umbrella,24,220.0,0.02
SO000568,2025-08-13,Delivered,C011,Sri Durga Umbrella House,Retailer,Silchar,Assam,North-East,Bikash Roy,Cash,RC-KD-04,Kiddo Kids - Polka Dot,Kids Umbrella,12,235.0,0.03
SO000568,2025-08-13,Delivered,C011,Sri Durga Umbrella House,Retailer,Silchar,Assam,North-East,Bikash Roy,Cash,RC-RC-01,Shield Raincoat - Red,Raincoat,12,690.0,0.03
SO000568,2025-08-13,Delivered,C011,Sri Durga Umbrella House,Retailer,Silchar,Assam,North-East,Bikash Roy,Cash,RC-LG-05,Storm Long - Checks,Long Umbrella,12,345.0,0.02
SO000569,2025-08-13,Cancelled,C046,Sri Durga Traders,Distributor,Cooch Behar,West Bengal,North Bengal,Rina Das,Credit,RC-KD-04,Kiddo Kids - Polka Dot,Kids Umbrella,72,235.0,0.11
SO000569,2025-08-13,Cancelled,C046,Sri Durga Traders,Distributor,Cooch Behar,West Bengal,North Bengal,Rina Das,Credit,RC-3F-03,Storm 3-Fold - Floral Print,3-Fold Umbrella,180,275.0,0.1
SO000569,2025-08-13,Cancelled,C046,Sri Durga Traders,Distributor,Cooch Behar,West Bengal,North Bengal,Rina Das,Credit,RC-RC-01,Shield Raincoat - Red,Raincoat,276,690.0,0.12
SO000570,2025-08-13,Delivered,C048,Purbanchal Agencies,Wholesaler,Tezpur,Assam,North-East,Bikash Roy,Credit,RC-RC-01,Shield Raincoat - Red,Raincoat,84,690.0,0.07
SO000570,2025-08-13,Delivered,C048,Purbanchal Agencies,Wholesaler,Tezpur,Assam,North-East,Bikash Roy,Credit,RC-LG-01,Auto-Open Long - Maroon,Long Umbrella,84,390.0,0.04
SO000571,2025-08-14,Delivered,C029,City Stores,Retailer,Durgapur,West Bengal,South Bengal,Amit Sarkar,Cash,RC-RC-04,Shield Raincoat - Checks,Raincoat,12,435.0,0.02
SO000571,2025-08-14,Delivered,C029,City Stores,Retailer,Durgapur,West Bengal,South Bengal,Amit Sarkar,Cash,RC-3F-03,Storm 3-Fold - Floral Print,3-Fold Umbrella,12,275.0,0.01
SO000572,2025-08-14,Cancelled,C041,New Enterprises,Distributor,Agartala,Tripura,North-East,Bikash Roy,Credit,RC-KD-02,Kiddo Kids - Yellow,Kids Umbrella,264,210.0,0.11
SO000572,2025-08-14,Cancelled,C041,New Enterprises,Distributor,Agartala,Tripura,North-East,Bikash Roy,Credit,RC-2F-02,Breeze 2-Fold - Red,2-Fold Umbrella,132,290.0,0.09
SO000572,2025-08-14,Cancelled,C041,New Enterprises,Distributor,Agartala,Tripura,North-East,Bikash Roy,Credit,RC-RC-03,Shield Raincoat - Grey,Raincoat,192,740.0,0.1
SO000572,2025-08-14,Cancelled,C041,New Enterprises,Distributor,Agartala,Tripura,North-East,Bikash Roy,Credit,RC-2F-05,Breeze 2-Fold - Grey,2-Fold Umbrella,132,375.0,0.1
SO000573,2025-08-16,Delivered,C010,Ganga Bastralaya,Wholesaler,Jorhat,Assam,North-East,Bikash Roy,Credit,RC-2F-06,Breeze 2-Fold - Floral Print,2-Fold Umbrella,24,270.0,0.04
SO000573,2025-08-16,Delivered,C010,Ganga Bastralaya,Wholesaler,Jorhat,Assam,North-East,Bikash Roy,Credit,RC-3F-06,Breeze 3-Fold - Floral Print,3-Fold Umbrella,72,260.0,0.03
SO000574,2025-08-16,Delivered,C041,New Enterprises,Distributor,Agartala,Tripura,North-East,Bikash Roy,Credit,RC-3F-05,Breeze 3-Fold - Grey,3-Fold Umbrella,132,255.0,0.11
SO000574,2025-08-16,Delivered,C041,New Enterprises,Distributor,Agartala,Tripura,North-East,Bikash Roy,Credit,RC-2F-06,Breeze 2-Fold - Floral Print,2-Fold Umbrella,300,270.0,0.11
SO000574,2025-08-16,Delivered,C041,New Enterprises,Distributor,Agartala,Tripura,North-East,Bikash Roy,Credit,RC-KD-01,Kiddo Kids - Cartoon Print,Kids Umbrella,216,220.0,0.1
SO000574,2025-08-16,Delivered,C041,New Enterprises,Distributor,Agartala,Tripura,North-East,Bikash Roy,Credit,RC-2F-03,Classic 2-Fold - Checks,2-Fold Umbrella,120,435.0,0.1
SO000574,2025-08-16,Delivered,C041,New Enterprises,Distributor,Agartala,Tripura,North-East,Bikash Roy,Credit,RC-3F-01,Classic 3-Fold - Polka Dot,3-Fold Umbrella,180,330.0,0.1
SO000575,2025-08-16,Delivered,C047,Teesta Trading Co.,Retailer,Bhagalpur,Bihar,Other East,Rakesh Singh,Cash,RC-LG-06,Heritage Long - Maroon,Long Umbrella,12,570.0,0.0
SO000575,2025-08-16,Delivered,C047,Teesta Trading Co.,Retailer,Bhagalpur,Bihar,Other East,Rakesh Singh,Cash,RC-3F-07,Classic 3-Fold - Beige,3-Fold Umbrella,12,300.0,0.02
SO000575,2025-08-16,Delivered,C047,Teesta Trading Co.,Retailer,Bhagalpur,Bihar,Other East,Rakesh Singh,Cash,RC-3F-06,Breeze 3-Fold - Floral Print,3-Fold Umbrella,12,260.0,0.02
SO000576,2025-08-16,Delivered,C058,Lokenath General Store,Wholesaler,Howrah,West Bengal,South Bengal,Amit Sarkar,Credit,RC-LG-05,Storm Long - Checks,Long Umbrella,48,345.0,0.05
SO000576,2025-08-16,Delivered,C058,Lokenath General Store,Wholesaler,Howrah,West Bengal,South Bengal,Amit Sarkar,Credit,RC-2F-01,Classic 2-Fold - Maroon,2-Fold Umbrella,36,310.0,0.06
SO000576,2025-08-16,Delivered,C058,Lokenath General Store,Wholesaler,Howrah,West Bengal,South Bengal,Amit Sarkar,Credit,RC-LG-01,Auto-Open Long - Maroon,Long Umbrella,72,390.0,0.07
SO000576,2025-08-16,Delivered,C058,Lokenath General Store,Wholesaler,Howrah,West Bengal,South Bengal,Amit Sarkar,Credit,RC-3F-06,Breeze 3-Fold - Floral Print,3-Fold Umbrella,36,260.0,0.03
SO000577,2025-08-18,Delivered,C034,Sai Distributors,Wholesaler,Imphal,Manipur,North-East,Bikash Roy,Credit,RC-KD-01,Kiddo Kids - Cartoon Print,Kids Umbrella,60,220.0,0.04
SO000577,2025-08-18,Delivered,C034,Sai Distributors,Wholesaler,Imphal,Manipur,North-East,Bikash Roy,Credit,RC-3F-10,Compact 3-Fold - Red,3-Fold Umbrella,84,260.0,0.05
SO000577,2025-08-18,Delivered,C034,Sai Distributors,Wholesaler,Imphal,Manipur,North-East,Bikash Roy,Credit,RC-LG-05,Storm Long - Checks,Long Umbrella,84,345.0,0.04
SO000578,2025-08-18,Delivered,C049,Biswakarma Traders,Retailer,Kolkata,West Bengal,South Bengal,Amit Sarkar,Credit,RC-UV-03,SunGuard UV Sun - Checks,UV Sun Umbrella,36,445.0,0.03
SO000579,2025-08-19,Cancelled,C014,New Traders,Distributor,Imphal,Manipur,North-East,Bikash Roy,Credit,RC-UV-04,SunGuard UV Sun - Beige,UV Sun Umbrella,120,420.0,0.09
SO000579,2025-08-19,Cancelled,C014,New Traders,Distributor,Imphal,Manipur,North-East,Bikash Roy,Credit,RC-3F-07,Classic 3-Fold - Beige,3-Fold Umbrella,72,300.0,0.11
SO000579,2025-08-19,Cancelled,C014,New Traders,Distributor,Imphal,Manipur,North-East,Bikash Roy,Credit,RC-2F-01,Classic 2-Fold - Maroon,2-Fold Umbrella,72,310.0,0.1
SO000580,2025-08-20,Cancelled,C017,New Traders,Distributor,Tezpur,Assam,North-East,Bikash Roy,Credit,RC-UV-04,SunGuard UV Sun - Beige,UV Sun Umbrella,180,420.0,0.08
SO000580,2025-08-20,Cancelled,C017,New Traders,Distributor,Tezpur,Assam,North-East,Bikash Roy,Credit,RC-RC-05,Shield Raincoat - Polka Dot,Raincoat,168,655.0,0.12
SO000580,2025-08-20,Cancelled,C017,New Traders,Distributor,Tezpur,Assam,North-East,Bikash Roy,Credit,RC-3F-04,Compact 3-Fold - Navy Blue,3-Fold Umbrella,96,345.0,0.08
SO000580,2025-08-20,Cancelled,C017,New Traders,Distributor,Tezpur,Assam,North-East,Bikash Roy,Credit,RC-RC-02,Shield Raincoat - Bottle Green,Raincoat,108,690.0,0.1
SO000580,2025-08-20,Cancelled,C017,New Traders,Distributor,Tezpur,Assam,North-East,Bikash Roy,Credit,RC-UV-05,SunGuard UV Sun - Transparent,UV Sun Umbrella,144,525.0,0.09
SO000581,2025-08-20,Delivered,C021,City Traders,Wholesaler,Bhubaneswar,Odisha,Other East,Rakesh Singh,Credit,RC-RC-01,Shield Raincoat - Red,Raincoat,24,690.0,0.07
SO000581,2025-08-20,Delivered,C021,City Traders,Wholesaler,Bhubaneswar,Odisha,Other East,Rakesh Singh,Credit,RC-2F-03,Classic 2-Fold - Checks,2-Fold Umbrella,96,435.0,0.06
SO000581,2025-08-20,Delivered,C021,City Traders,Wholesaler,Bhubaneswar,Odisha,Other East,Rakesh Singh,Credit,RC-2F-01,Classic 2-Fold - Maroon,2-Fold Umbrella,72,310.0,0.05
SO000582,2025-08-20,Delivered,C039,Modern Stores,Distributor,Jalpaiguri,West Bengal,North Bengal,Rina Das,Credit,RC-3F-07,Classic 3-Fold - Beige,3-Fold Umbrella,84,300.0,0.09
SO000582,2025-08-20,Delivered,C039,Modern Stores,Distributor,Jalpaiguri,West Bengal,North Bengal,Rina Das,Credit,RC-KD-04,Kiddo Kids - Polka Dot,Kids Umbrella,144,235.0,0.08
SO000582,2025-08-20,Delivered,C039,Modern Stores,Distributor,Jalpaiguri,West Bengal,North Bengal,Rina Das,Credit,RC-2F-05,Breeze 2-Fold - Grey,2-Fold Umbrella,48,375.0,0.11
SO000582,2025-08-20,Delivered,C039,Modern Stores,Distributor,Jalpaiguri,West Bengal,North Bengal,Rina Das,Credit,RC-RC-02,Shield Raincoat - Bottle Green,Raincoat,96,690.0,0.09
SO000582,2025-08-20,Delivered,C039,Modern Stores,Distributor,Jalpaiguri,West Bengal,North Bengal,Rina Das,Credit,RC-LG-03,Storm Long - Bottle Green,Long Umbrella,60,430.0,0.1
SO000582,2025-08-20,Delivered,C039,Modern Stores,Distributor,Jalpaiguri,West Bengal,North Bengal,Rina Das,Credit,RC-RC-04,Shield Raincoat - Checks,Raincoat,120,435.0,0.11
SO000583,2025-08-20,Delivered,C049,Biswakarma Traders,Retailer,Kolkata,West Bengal,South Bengal,Amit Sarkar,Credit,RC-2F-06,Breeze 2-Fold - Floral Print,2-Fold Umbrella,12,270.0,0.03
SO000583,2025-08-20,Delivered,C049,Biswakarma Traders,Retailer,Kolkata,West Bengal,South Bengal,Amit Sarkar,Credit,RC-3F-01,Classic 3-Fold - Polka Dot,3-Fold Umbrella,60,330.0,0.03
SO000583,2025-08-20,Delivered,C049,Biswakarma Traders,Retailer,Kolkata,West Bengal,South Bengal,Amit Sarkar,Credit,RC-2F-01,Classic 2-Fold - Maroon,2-Fold Umbrella,60,310.0,0.0
SO000584,2025-08-21,Delivered,C033,Krishna Distributors,Retailer,Jalpaiguri,West Bengal,North Bengal,Rina Das,Credit,RC-RC-01,Shield Raincoat - Red,Raincoat,36,690.0,0.02
SO000585,2025-08-21,Delivered,C059,Sunrise Wholesale,Wholesaler,Durgapur,West Bengal,South Bengal,Amit Sarkar,Credit,RC-UV-04,SunGuard UV Sun - Beige,UV Sun Umbrella,24,420.0,0.04
SO000585,2025-08-21,Delivered,C059,Sunrise Wholesale,Wholesaler,Durgapur,West Bengal,South Bengal,Amit Sarkar,Credit,RC-LG-05,Storm Long - Checks,Long Umbrella,108,345.0,0.07
SO000586,2025-08-22,Delivered,C009,Brahmaputra General Store,Retailer,Guwahati,Assam,North-East,Bikash Roy,Cash,RC-2F-02,Breeze 2-Fold - Red,2-Fold Umbrella,12,290.0,0.01
SO000586,2025-08-22,Delivered,C009,Brahmaputra General Store,Retailer,Guwahati,Assam,North-East,Bikash Roy,Cash,RC-UV-04,SunGuard UV Sun - Beige,UV Sun Umbrella,24,420.0,0.01
SO000587,2025-08-22,Delivered,C046,Sri Durga Traders,Distributor,Cooch Behar,West Bengal,North Bengal,Rina Das,Credit,RC-KD-01,Kiddo Kids - Cartoon Print,Kids Umbrella,288,220.0,0.09
SO000587,2025-08-22,Delivered,C046,Sri Durga Traders,Distributor,Cooch Behar,West Bengal,North Bengal,Rina Das,Credit,RC-RC-01,Shield Raincoat - Red,Raincoat,180,690.0,0.11
SO000587,2025-08-22,Delivered,C046,Sri Durga Traders,Distributor,Cooch Behar,West Bengal,North Bengal,Rina Das,Credit,RC-2F-01,Classic 2-Fold - Maroon,2-Fold Umbrella,228,310.0,0.11
SO000587,2025-08-22,Delivered,C046,Sri Durga Traders,Distributor,Cooch Behar,West Bengal,North Bengal,Rina Das,Credit,RC-3F-06,Breeze 3-Fold - Floral Print,3-Fold Umbrella,264,260.0,0.1
SO000588,2025-08-23,Delivered,C028,Lokenath General Store,Retailer,Silchar,Assam,North-East,Bikash Roy,Cash,RC-3F-01,Classic 3-Fold - Polka Dot,3-Fold Umbrella,12,330.0,0.01
SO000588,2025-08-23,Delivered,C028,Lokenath General Store,Retailer,Silchar,Assam,North-East,Bikash Roy,Cash,RC-RC-03,Shield Raincoat - Grey,Raincoat,12,740.0,0.02
SO000589,2025-08-23,Delivered,C038,Kalyani Distributors,Wholesaler,Agartala,Tripura,North-East,Bikash Roy,Credit,RC-2F-02,Breeze 2-Fold - Red,2-Fold Umbrella,48,290.0,0.03
SO000589,2025-08-23,Delivered,C038,Kalyani Distributors,Wholesaler,Agartala,Tripura,North-East,Bikash Roy,Credit,RC-LG-03,Storm Long - Bottle Green,Long Umbrella,36,430.0,0.05
SO000590,2025-08-23,Delivered,C044,Maa Tara Wholesale,Retailer,Itanagar,Arunachal Pradesh,North-East,Bikash Roy,Cash,RC-2F-01,Classic 2-Fold - Maroon,2-Fold Umbrella,24,310.0,0.02
SO000590,2025-08-23,Delivered,C044,Maa Tara Wholesale,Retailer,Itanagar,Arunachal Pradesh,North-East,Bikash Roy,Cash,RC-KD-02,Kiddo Kids - Yellow,Kids Umbrella,12,210.0,0.02
SO000591,2025-08-23,Delivered,C052,Himalaya Traders,Wholesaler,Tezpur,Assam,North-East,Bikash Roy,Credit,RC-UV-02,SunGuard UV Sun - Grey,UV Sun Umbrella,84,580.0,0.06
SO000591,2025-08-23,Delivered,C052,Himalaya Traders,Wholesaler,Tezpur,Assam,North-East,Bikash Roy,Credit,RC-3F-02,Breeze 3-Fold - Transparent,3-Fold Umbrella,72,305.0,0.07
SO000591,2025-08-23,Delivered,C052,Himalaya Traders,Wholesaler,Tezpur,Assam,North-East,Bikash Roy,Credit,RC-LG-03,Storm Long - Bottle Green,Long Umbrella,84,430.0,0.06
SO000592,2025-08-25,Delivered,C005,Jai Hind Umbrella House,Retailer,Cuttack,Odisha,Other East,Rakesh Singh,Cash,RC-RC-01,Shield Raincoat - Red,Raincoat,12,690.0,0.02
SO000592,2025-08-25,Delivered,C005,Jai Hind Umbrella House,Retailer,Cuttack,Odisha,Other East,Rakesh Singh,Cash,RC-3F-07,Classic 3-Fold - Beige,3-Fold Umbrella,12,300.0,0.01
SO000593,2025-08-25,Delivered,C006,Modern Stores,Wholesaler,Howrah,West Bengal,South Bengal,Amit Sarkar,Credit,RC-UV-04,SunGuard UV Sun - Beige,UV Sun Umbrella,48,420.0,0.07
SO000593,2025-08-25,Delivered,C006,Modern Stores,Wholesaler,Howrah,West Bengal,South Bengal,Amit Sarkar,Credit,RC-2F-01,Classic 2-Fold - Maroon,2-Fold Umbrella,96,310.0,0.04
SO000593,2025-08-25,Delivered,C006,Modern Stores,Wholesaler,Howrah,West Bengal,South Bengal,Amit Sarkar,Credit,RC-3F-05,Breeze 3-Fold - Grey,3-Fold Umbrella,120,255.0,0.03
SO000593,2025-08-25,Delivered,C006,Modern Stores,Wholesaler,Howrah,West Bengal,South Bengal,Amit Sarkar,Credit,RC-KD-04,Kiddo Kids - Polka Dot,Kids Umbrella,96,235.0,0.05
SO000594,2025-08-25,Delivered,C007,Biswakarma Bazaar,Wholesaler,Malda,West Bengal,North Bengal,Rina Das,Credit,RC-3F-06,Breeze 3-Fold - Floral Print,3-Fold Umbrella,36,260.0,0.04
SO000594,2025-08-25,Delivered,C007,Biswakarma Bazaar,Wholesaler,Malda,West Bengal,North Bengal,Rina Das,Credit,RC-RC-01,Shield Raincoat - Red,Raincoat,60,690.0,0.07
SO000595,2025-08-25,Cancelled,C021,City Traders,Wholesaler,Bhubaneswar,Odisha,Other East,Rakesh Singh,Credit,RC-3F-03,Storm 3-Fold - Floral Print,3-Fold Umbrella,48,275.0,0.04
SO000595,2025-08-25,Cancelled,C021,City Traders,Wholesaler,Bhubaneswar,Odisha,Other East,Rakesh Singh,Credit,RC-2F-01,Classic 2-Fold - Maroon,2-Fold Umbrella,96,310.0,0.06
SO000595,2025-08-25,Cancelled,C021,City Traders,Wholesaler,Bhubaneswar,Odisha,Other East,Rakesh Singh,Credit,RC-3F-10,Compact 3-Fold - Red,3-Fold Umbrella,24,260.0,0.03
SO000595,2025-08-25,Cancelled,C021,City Traders,Wholesaler,Bhubaneswar,Odisha,Other East,Rakesh Singh,Credit,RC-KD-01,Kiddo Kids - Cartoon Print,Kids Umbrella,48,220.0,0.06
SO000596,2025-08-25,Delivered,C036,Hanuman & Sons,Wholesaler,Asansol,West Bengal,South Bengal,Amit Sarkar,Credit,RC-3F-04,Compact 3-Fold - Navy Blue,3-Fold Umbrella,24,345.0,0.03
SO000596,2025-08-25,Delivered,C036,Hanuman & Sons,Wholesaler,Asansol,West Bengal,South Bengal,Amit Sarkar,Credit,RC-3F-10,Compact 3-Fold - Red,3-Fold Umbrella,12,260.0,0.07
SO000597,2025-08-25,Delivered,C044,Maa Tara Wholesale,Retailer,Itanagar,Arunachal Pradesh,North-East,Bikash Roy,Cash,RC-UV-02,SunGuard UV Sun - Grey,UV Sun Umbrella,12,580.0,0.02
SO000597,2025-08-25,Delivered,C044,Maa Tara Wholesale,Retailer,Itanagar,Arunachal Pradesh,North-East,Bikash Roy,Cash,RC-KD-04,Kiddo Kids - Polka Dot,Kids Umbrella,24,235.0,0.02
SO000598,2025-08-26,Delivered,C007,Biswakarma Bazaar,Wholesaler,Malda,West Bengal,North Bengal,Rina Das,Credit,RC-3F-06,Breeze 3-Fold - Floral Print,3-Fold Umbrella,48,260.0,0.05
SO000598,2025-08-26,Delivered,C007,Biswakarma Bazaar,Wholesaler,Malda,West Bengal,North Bengal,Rina Das,Credit,RC-2F-04,Classic 2-Fold - Red,2-Fold Umbrella,36,310.0,0.04
SO000599,2025-08-26,Delivered,C033,Krishna Distributors,Retailer,Jalpaiguri,West Bengal,North Bengal,Rina Das,Credit,RC-3F-04,Compact 3-Fold - Navy Blue,3-Fold Umbrella,12,345.0,0.02
SO000599,2025-08-26,Delivered,C033,Krishna Distributors,Retailer,Jalpaiguri,West Bengal,North Bengal,Rina Das,Credit,RC-3F-07,Classic 3-Fold - Beige,3-Fold Umbrella,12,300.0,0.0
SO000599,2025-08-26,Delivered,C033,Krishna Distributors,Retailer,Jalpaiguri,West Bengal,North Bengal,Rina Das,Credit,RC-RC-02,Shield Raincoat - Bottle Green,Raincoat,36,690.0,0.01
SO000600,2025-08-26,Delivered,C047,Teesta Trading Co.,Retailer,Bhagalpur,Bihar,Other East,Rakesh Singh,Cash,RC-3F-04,Compact 3-Fold - Navy Blue,3-Fold Umbrella,12,345.0,0.03
SO000601,2025-08-27,Delivered,C010,Ganga Bastralaya,Wholesaler,Jorhat,Assam,North-East,Bikash Roy,Credit,RC-LG-05,Storm Long - Checks,Long Umbrella,24,345.0,0.04
SO000601,2025-08-27,Delivered,C010,Ganga Bastralaya,Wholesaler,Jorhat,Assam,North-East,Bikash Roy,Credit,RC-3F-04,Compact 3-Fold - Navy Blue,3-Fold Umbrella,84,345.0,0.05
SO000601,2025-08-27,Delivered,C010,Ganga Bastralaya,Wholesaler,Jorhat,Assam,North-East,Bikash Roy,Credit,RC-UV-04,SunGuard UV Sun - Beige,UV Sun Umbrella,84,420.0,0.07
SO000601,2025-08-27,Delivered,C010,Ganga Bastralaya,Wholesaler,Jorhat,Assam,North-East,Bikash Roy,Credit,RC-2F-03,Classic 2-Fold - Checks,2-Fold Umbrella,120,435.0,0.03
SO000602,2025-08-27,Delivered,C012,Sonali Marketing,Wholesaler,Ranchi,Jharkhand,Other East,Rakesh Singh,Credit,RC-3F-09,Classic 3-Fold - Black,3-Fold Umbrella,60,205.0,0.05
SO000602,2025-08-27,Delivered,C012,Sonali Marketing,Wholesaler,Ranchi,Jharkhand,Other East,Rakesh Singh,Credit,RC-3F-04,Compact 3-Fold - Navy Blue,3-Fold Umbrella,24,345.0,0.06
SO000602,2025-08-27,Delivered,C012,Sonali Marketing,Wholesaler,Ranchi,Jharkhand,Other East,Rakesh Singh,Credit,RC-3F-03,Storm 3-Fold - Floral Print,3-Fold Umbrella,24,275.0,0.05
SO000602,2025-08-27,Delivered,C012,Sonali Marketing,Wholesaler,Ranchi,Jharkhand,Other East,Rakesh Singh,Credit,RC-UV-04,SunGuard UV Sun - Beige,UV Sun Umbrella,12,420.0,0.07
SO000603,2025-08-27,Delivered,C034,Sai Distributors,Wholesaler,Imphal,Manipur,North-East,Bikash Roy,Credit,RC-3F-06,Breeze 3-Fold - Floral Print,3-Fold Umbrella,72,260.0,0.06
SO000603,2025-08-27,Delivered,C034,Sai Distributors,Wholesaler,Imphal,Manipur,North-East,Bikash Roy,Credit,RC-KD-01,Kiddo Kids - Cartoon Print,Kids Umbrella,36,220.0,0.05
SO000603,2025-08-27,Delivered,C034,Sai Distributors,Wholesaler,Imphal,Manipur,North-East,Bikash Roy,Credit,RC-RC-01,Shield Raincoat - Red,Raincoat,24,690.0,0.05
SO000603,2025-08-27,Delivered,C034,Sai Distributors,Wholesaler,Imphal,Manipur,North-East,Bikash Roy,Credit,RC-UV-05,SunGuard UV Sun - Transparent,UV Sun Umbrella,72,525.0,0.06
SO000604,2025-08-27,Delivered,C039,Modern Stores,Distributor,Jalpaiguri,West Bengal,North Bengal,Rina Das,Credit,RC-3F-07,Classic 3-Fold - Beige,3-Fold Umbrella,120,300.0,0.1
SO000604,2025-08-27,Delivered,C039,Modern Stores,Distributor,Jalpaiguri,West Bengal,North Bengal,Rina Das,Credit,RC-RC-03,Shield Raincoat - Grey,Raincoat,96,740.0,0.12
SO000604,2025-08-27,Delivered,C039,Modern Stores,Distributor,Jalpaiguri,West Bengal,North Bengal,Rina Das,Credit,RC-3F-04,Compact 3-Fold - Navy Blue,3-Fold Umbrella,156,345.0,0.11
SO000605,2025-08-27,Delivered,C058,Lokenath General Store,Wholesaler,Howrah,West Bengal,South Bengal,Amit Sarkar,Credit,RC-LG-05,Storm Long - Checks,Long Umbrella,24,345.0,0.06
SO000605,2025-08-27,Delivered,C058,Lokenath General Store,Wholesaler,Howrah,West Bengal,South Bengal,Amit Sarkar,Credit,RC-2F-02,Breeze 2-Fold - Red,2-Fold Umbrella,60,290.0,0.06
SO000605,2025-08-27,Delivered,C058,Lokenath General Store,Wholesaler,Howrah,West Bengal,South Bengal,Amit Sarkar,Credit,RC-2F-05,Breeze 2-Fold - Grey,2-Fold Umbrella,36,375.0,0.03
SO000605,2025-08-27,Delivered,C058,Lokenath General Store,Wholesaler,Howrah,West Bengal,South Bengal,Amit Sarkar,Credit,RC-3F-07,Classic 3-Fold - Beige,3-Fold Umbrella,72,300.0,0.05
SO000606,2025-08-28,Delivered,C046,Sri Durga Traders,Distributor,Cooch Behar,West Bengal,North Bengal,Rina Das,Credit,RC-2F-02,Breeze 2-Fold - Red,2-Fold Umbrella,264,290.0,0.1
SO000606,2025-08-28,Delivered,C046,Sri Durga Traders,Distributor,Cooch Behar,West Bengal,North Bengal,Rina Das,Credit,RC-RC-02,Shield Raincoat - Bottle Green,Raincoat,180,690.0,0.09
SO000606,2025-08-28,Delivered,C046,Sri Durga Traders,Distributor,Cooch Behar,West Bengal,North Bengal,Rina Das,Credit,RC-UV-04,SunGuard UV Sun - Beige,UV Sun Umbrella,300,420.0,0.12
SO000607,2025-08-29,Delivered,C004,Royal Trading Co.,Retailer,Agartala,Tripura,North-East,Bikash Roy,Credit,RC-3F-05,Breeze 3-Fold - Grey,3-Fold Umbrella,24,255.0,0.02
SO000607,2025-08-29,Delivered,C004,Royal Trading Co.,Retailer,Agartala,Tripura,North-East,Bikash Roy,Credit,RC-2F-01,Classic 2-Fold - Maroon,2-Fold Umbrella,24,310.0,0.03
SO000607,2025-08-29,Delivered,C004,Royal Trading Co.,Retailer,Agartala,Tripura,North-East,Bikash Roy,Credit,RC-KD-01,Kiddo Kids - Cartoon Print,Kids Umbrella,12,220.0,0.01
SO000608,2025-08-29,Delivered,C025,Modern Stores,Retailer,Silchar,Assam,North-East,Bikash Roy,Credit,RC-UV-05,SunGuard UV Sun - Transparent,UV Sun Umbrella,12,525.0,0.01
SO000608,2025-08-29,Delivered,C025,Modern Stores,Retailer,Silchar,Assam,North-East,Bikash Roy,Credit,RC-3F-04,Compact 3-Fold - Navy Blue,3-Fold Umbrella,12,345.0,0.01
SO000609,2025-08-29,Delivered,C034,Sai Distributors,Wholesaler,Imphal,Manipur,North-East,Bikash Roy,Credit,RC-2F-06,Breeze 2-Fold - Floral Print,2-Fold Umbrella,36,270.0,0.04
SO000609,2025-08-29,Delivered,C034,Sai Distributors,Wholesaler,Imphal,Manipur,North-East,Bikash Roy,Credit,RC-GF-01,Pro Golf - Floral Print,Golf Umbrella,96,745.0,0.04
SO000609,2025-08-29,Delivered,C034,Sai Distributors,Wholesaler,Imphal,Manipur,North-East,Bikash Roy,Credit,RC-RC-01,Shield Raincoat - Red,Raincoat,24,690.0,0.05
SO000609,2025-08-29,Delivered,C034,Sai Distributors,Wholesaler,Imphal,Manipur,North-East,Bikash Roy,Credit,RC-3F-02,Breeze 3-Fold - Transparent,3-Fold Umbrella,84,305.0,0.04
SO000610,2025-08-29,Cancelled,C041,New Enterprises,Distributor,Agartala,Tripura,North-East,Bikash Roy,Credit,RC-RC-02,Shield Raincoat - Bottle Green,Raincoat,276,690.0,0.09
SO000610,2025-08-29,Cancelled,C041,New Enterprises,Distributor,Agartala,Tripura,North-East,Bikash Roy,Credit,RC-RC-01,Shield Raincoat - Red,Raincoat,156,690.0,0.1
SO000610,2025-08-29,Cancelled,C041,New Enterprises,Distributor,Agartala,Tripura,North-East,Bikash Roy,Credit,RC-2F-06,Breeze 2-Fold - Floral Print,2-Fold Umbrella,240,270.0,0.09
SO000610,2025-08-29,Cancelled,C041,New Enterprises,Distributor,Agartala,Tripura,North-East,Bikash Roy,Credit,RC-LG-02,Storm Long - Grey,Long Umbrella,192,385.0,0.1
SO000610,2025-08-29,Cancelled,C041,New Enterprises,Distributor,Agartala,Tripura,North-East,Bikash Roy,Credit,RC-3F-01,Classic 3-Fold - Polka Dot,3-Fold Umbrella,180,330.0,0.09
SO000611,2025-08-29,Delivered,C049,Biswakarma Traders,Retailer,Kolkata,West Bengal,South Bengal,Amit Sarkar,Credit,RC-LG-05,Storm Long - Checks,Long Umbrella,36,345.0,0.01
SO000612,2025-08-30,Delivered,C006,Modern Stores,Wholesaler,Howrah,West Bengal,South Bengal,Amit Sarkar,Credit,RC-3F-04,Compact 3-Fold - Navy Blue,3-Fold Umbrella,60,345.0,0.03
SO000612,2025-08-30,Delivered,C006,Modern Stores,Wholesaler,Howrah,West Bengal,South Bengal,Amit Sarkar,Credit,RC-3F-02,Breeze 3-Fold - Transparent,3-Fold Umbrella,48,305.0,0.07
SO000612,2025-08-30,Delivered,C006,Modern Stores,Wholesaler,Howrah,West Bengal,South Bengal,Amit Sarkar,Credit,RC-3F-07,Classic 3-Fold - Beige,3-Fold Umbrella,48,300.0,0.06
SO000613,2025-08-30,Cancelled,C014,New Traders,Distributor,Imphal,Manipur,North-East,Bikash Roy,Credit,RC-RC-01,Shield Raincoat - Red,Raincoat,108,690.0,0.11
SO000613,2025-08-30,Cancelled,C014,New Traders,Distributor,Imphal,Manipur,North-East,Bikash Roy,Credit,RC-2F-04,Classic 2-Fold - Red,2-Fold Umbrella,96,310.0,0.11
SO000613,2025-08-30,Cancelled,C014,New Traders,Distributor,Imphal,Manipur,North-East,Bikash Roy,Credit,RC-3F-07,Classic 3-Fold - Beige,3-Fold Umbrella,156,300.0,0.1
SO000613,2025-08-30,Cancelled,C014,New Traders,Distributor,Imphal,Manipur,North-East,Bikash Roy,Credit,RC-LG-03,Storm Long - Bottle Green,Long Umbrella,108,430.0,0.1
SO000613,2025-08-30,Cancelled,C014,New Traders,Distributor,Imphal,Manipur,North-East,Bikash Roy,Credit,RC-KD-04,Kiddo Kids - Polka Dot,Kids Umbrella,156,235.0,0.1
SO000614,2025-08-30,Delivered,C033,Krishna Distributors,Retailer,Jalpaiguri,West Bengal,North Bengal,Rina Das,Credit,RC-2F-05,Breeze 2-Fold - Grey,2-Fold Umbrella,24,375.0,0.01
SO000614,2025-08-30,Delivered,C033,Krishna Distributors,Retailer,Jalpaiguri,West Bengal,North Bengal,Rina Das,Credit,RC-UV-01,SunGuard UV Sun - Maroon,UV Sun Umbrella,12,375.0,0.02
SO000615,2025-09-01,Delivered,C009,Brahmaputra General Store,Retailer,Guwahati,Assam,North-East,Bikash Roy,Cash,RC-LG-02,Storm Long - Grey,Long Umbrella,12,385.0,0.01
SO000615,2025-09-01,Delivered,C009,Brahmaputra General Store,Retailer,Guwahati,Assam,North-East,Bikash Roy,Cash,RC-UV-04,SunGuard UV Sun - Beige,UV Sun Umbrella,24,420.0,0.0
SO000615,2025-09-01,Delivered,C009,Brahmaputra General Store,Retailer,Guwahati,Assam,North-East,Bikash Roy,Cash,RC-2F-05,Breeze 2-Fold - Grey,2-Fold Umbrella,12,375.0,0.02
SO000616,2025-09-01,Delivered,C022,Sonali Stores,Retailer,Jamshedpur,Jharkhand,Other East,Rakesh Singh,Credit,RC-UV-01,SunGuard UV Sun - Maroon,UV Sun Umbrella,12,375.0,0.02
SO000617,2025-09-01,Delivered,C028,Lokenath General Store,Retailer,Silchar,Assam,North-East,Bikash Roy,Cash,RC-3F-04,Compact 3-Fold - Navy Blue,3-Fold Umbrella,36,345.0,0.0
SO000617,2025-09-01,Delivered,C028,Lokenath General Store,Retailer,Silchar,Assam,North-East,Bikash Roy,Cash,RC-RC-01,Shield Raincoat - Red,Raincoat,12,690.0,0.03
SO000617,2025-09-01,Delivered,C028,Lokenath General Store,Retailer,Silchar,Assam,North-East,Bikash Roy,Cash,RC-LG-05,Storm Long - Checks,Long Umbrella,24,345.0,0.02
SO000618,2025-09-01,Cancelled,C036,Hanuman & Sons,Wholesaler,Asansol,West Bengal,South Bengal,Amit Sarkar,Credit,RC-3F-07,Classic 3-Fold - Beige,3-Fold Umbrella,72,300.0,0.05
SO000618,2025-09-01,Cancelled,C036,Hanuman & Sons,Wholesaler,Asansol,West Bengal,South Bengal,Amit Sarkar,Credit,RC-2F-01,Classic 2-Fold - Maroon,2-Fold Umbrella,48,310.0,0.03
SO000618,2025-09-01,Cancelled,C036,Hanuman & Sons,Wholesaler,Asansol,West Bengal,South Bengal,Amit Sarkar,Credit,RC-3F-01,Classic 3-Fold - Polka Dot,3-Fold Umbrella,24,330.0,0.05
SO000619,2025-09-01,Delivered,C037,Hanuman Marketing,Retailer,Dimapur,Nagaland,North-East,Bikash Roy,Credit,RC-LG-03,Storm Long - Bottle Green,Long Umbrella,24,430.0,0.02
SO000619,2025-09-01,Delivered,C037,Hanuman Marketing,Retailer,Dimapur,Nagaland,North-East,Bikash Roy,Credit,RC-RC-01,Shield Raincoat - Red,Raincoat,12,690.0,0.0
SO000619,2025-09-01,Delivered,C037,Hanuman Marketing,Retailer,Dimapur,Nagaland,North-East,Bikash Roy,Credit,RC-3F-06,Breeze 3-Fold - Floral Print,3-Fold Umbrella,24,260.0,0.0
SO000620,2025-09-01,Delivered,C042,Rainbow Bastralaya,Wholesaler,Purnia,Bihar,Other East,Rakesh Singh,Credit,RC-LG-06,Heritage Long - Maroon,Long Umbrella,24,570.0,0.04
SO000620,2025-09-01,Delivered,C042,Rainbow Bastralaya,Wholesaler,Purnia,Bihar,Other East,Rakesh Singh,Credit,RC-LG-01,Auto-Open Long - Maroon,Long Umbrella,36,390.0,0.04
SO000620,2025-09-01,Delivered,C042,Rainbow Bastralaya,Wholesaler,Purnia,Bihar,Other East,Rakesh Singh,Credit,RC-3F-04,Compact 3-Fold - Navy Blue,3-Fold Umbrella,12,345.0,0.04
SO000621,2025-09-01,Delivered,C059,Sunrise Wholesale,Wholesaler,Durgapur,West Bengal,South Bengal,Amit Sarkar,Credit,RC-UV-01,SunGuard UV Sun - Maroon,UV Sun Umbrella,48,375.0,0.07
SO000621,2025-09-01,Delivered,C059,Sunrise Wholesale,Wholesaler,Durgapur,West Bengal,South Bengal,Amit Sarkar,Credit,RC-LG-05,Storm Long - Checks,Long Umbrella,108,345.0,0.07
SO000621,2025-09-01,Delivered,C059,Sunrise Wholesale,Wholesaler,Durgapur,West Bengal,South Bengal,Amit Sarkar,Credit,RC-3F-02,Breeze 3-Fold - Transparent,3-Fold Umbrella,36,305.0,0.03
SO000622,2025-09-02,Delivered,C005,Jai Hind Umbrella House,Retailer,Cuttack,Odisha,Other East,Rakesh Singh,Cash,RC-3F-06,Breeze 3-Fold - Floral Print,3-Fold Umbrella,12,260.0,0.0
SO000622,2025-09-02,Delivered,C005,Jai Hind Umbrella House,Retailer,Cuttack,Odisha,Other East,Rakesh Singh,Cash,RC-2F-02,Breeze 2-Fold - Red,2-Fold Umbrella,12,290.0,0.01
SO000622,2025-09-02,Delivered,C005,Jai Hind Umbrella House,Retailer,Cuttack,Odisha,Other East,Rakesh Singh,Cash,RC-UV-01,SunGuard UV Sun - Maroon,UV Sun Umbrella,12,375.0,0.0
SO000623,2025-09-02,Delivered,C039,Modern Stores,Distributor,Jalpaiguri,West Bengal,North Bengal,Rina Das,Credit,RC-UV-02,SunGuard UV Sun - Grey,UV Sun Umbrella,192,580.0,0.11
SO000623,2025-09-02,Delivered,C039,Modern Stores,Distributor,Jalpaiguri,West Bengal,North Bengal,Rina Das,Credit,RC-UV-03,SunGuard UV Sun - Checks,UV Sun Umbrella,168,445.0,0.09
SO000623,2025-09-02,Delivered,C039,Modern Stores,Distributor,Jalpaiguri,West Bengal,North Bengal,Rina Das,Credit,RC-UV-04,SunGuard UV Sun - Beige,UV Sun Umbrella,144,420.0,0.11
SO000624,2025-09-04,Delivered,C021,City Traders,Wholesaler,Bhubaneswar,Odisha,Other East,Rakesh Singh,Credit,RC-UV-04,SunGuard UV Sun - Beige,UV Sun Umbrella,84,420.0,0.04
SO000624,2025-09-04,Delivered,C021,City Traders,Wholesaler,Bhubaneswar,Odisha,Other East,Rakesh Singh,Credit,RC-KD-04,Kiddo Kids - Polka Dot,Kids Umbrella,48,235.0,0.06
SO000624,2025-09-04,Delivered,C021,City Traders,Wholesaler,Bhubaneswar,Odisha,Other East,Rakesh Singh,Credit,RC-3F-04,Compact 3-Fold - Navy Blue,3-Fold Umbrella,48,345.0,0.06
SO000624,2025-09-04,Delivered,C021,City Traders,Wholesaler,Bhubaneswar,Odisha,Other East,Rakesh Singh,Credit,RC-2F-06,Breeze 2-Fold - Floral Print,2-Fold Umbrella,48,270.0,0.05
SO000625,2025-09-04,Delivered,C039,Modern Stores,Distributor,Jalpaiguri,West Bengal,North Bengal,Rina Das,Credit,RC-LG-05,Storm Long - Checks,Long Umbrella,192,345.0,0.1
SO000625,2025-09-04,Delivered,C039,Modern Stores,Distributor,Jalpaiguri,West Bengal,North Bengal,Rina Das,Credit,RC-RC-01,Shield Raincoat - Red,Raincoat,120,690.0,0.12
SO000625,2025-09-04,Delivered,C039,Modern Stores,Distributor,Jalpaiguri,West Bengal,North Bengal,Rina Das,Credit,RC-KD-03,Kiddo Kids - Sky Blue,Kids Umbrella,72,185.0,0.11
SO000625,2025-09-04,Delivered,C039,Modern Stores,Distributor,Jalpaiguri,West Bengal,North Bengal,Rina Das,Credit,RC-3F-06,Breeze 3-Fold - Floral Print,3-Fold Umbrella,192,260.0,0.08
SO000625,2025-09-04,Delivered,C039,Modern Stores,Distributor,Jalpaiguri,West Bengal,North Bengal,Rina Das,Credit,RC-KD-04,Kiddo Kids - Polka Dot,Kids Umbrella,84,235.0,0.1
SO000625,2025-09-04,Delivered,C039,Modern Stores,Distributor,Jalpaiguri,West Bengal,North Bengal,Rina Das,Credit,RC-3F-04,Compact 3-Fold - Navy Blue,3-Fold Umbrella,168,345.0,0.1
SO000626,2025-09-05,Delivered,C058,Lokenath General Store,Wholesaler,Howrah,West Bengal,South Bengal,Amit Sarkar,Credit,RC-UV-04,SunGuard UV Sun - Beige,UV Sun Umbrella,60,420.0,0.06
SO000626,2025-09-05,Delivered,C058,Lokenath General Store,Wholesaler,Howrah,West Bengal,South Bengal,Amit Sarkar,Credit,RC-LG-05,Storm Long - Checks,Long Umbrella,48,345.0,0.04
SO000627,2025-09-08,Delivered,C010,Ganga Bastralaya,Wholesaler,Jorhat,Assam,North-East,Bikash Roy,Credit,RC-KD-04,Kiddo Kids - Polka Dot,Kids Umbrella,96,235.0,0.04
SO000627,2025-09-08,Delivered,C010,Ganga Bastralaya,Wholesaler,Jorhat,Assam,North-East,Bikash Roy,Credit,RC-3F-04,Compact 3-Fold - Navy Blue,3-Fold Umbrella,84,345.0,0.04
SO000627,2025-09-08,Delivered,C010,Ganga Bastralaya,Wholesaler,Jorhat,Assam,North-East,Bikash Roy,Credit,RC-2F-01,Classic 2-Fold - Maroon,2-Fold Umbrella,72,310.0,0.04
SO000628,2025-09-08,Cancelled,C014,New Traders,Distributor,Imphal,Manipur,North-East,Bikash Roy,Credit,RC-LG-02,Storm Long - Grey,Long Umbrella,180,385.0,0.08
SO000628,2025-09-08,Cancelled,C014,New Traders,Distributor,Imphal,Manipur,North-East,Bikash Roy,Credit,RC-UV-05,SunGuard UV Sun - Transparent,UV Sun Umbrella,72,525.0,0.09
SO000628,2025-09-08,Cancelled,C014,New Traders,Distributor,Imphal,Manipur,North-East,Bikash Roy,Credit,RC-3F-04,Compact 3-Fold - Navy Blue,3-Fold Umbrella,156,345.0,0.11
SO000628,2025-09-08,Cancelled,C014,New Traders,Distributor,Imphal,Manipur,North-East,Bikash Roy,Credit,RC-UV-01,SunGuard UV Sun - Maroon,UV Sun Umbrella,144,375.0,0.1
SO000628,2025-09-08,Cancelled,C014,New Traders,Distributor,Imphal,Manipur,North-East,Bikash Roy,Credit,RC-3F-06,Breeze 3-Fold - Floral Print,3-Fold Umbrella,72,260.0,0.1
SO000629,2025-09-08,Delivered,C017,New Traders,Distributor,Tezpur,Assam,North-East,Bikash Roy,Credit,RC-3F-01,Classic 3-Fold - Polka Dot,3-Fold Umbrella,96,330.0,0.12
SO000629,2025-09-08,Delivered,C017,New Traders,Distributor,Tezpur,Assam,North-East,Bikash Roy,Credit,RC-3F-05,Breeze 3-Fold - Grey,3-Fold Umbrella,84,255.0,0.12
SO000629,2025-09-08,Delivered,C017,New Traders,Distributor,Tezpur,Assam,North-East,Bikash Roy,Credit,RC-3F-04,Compact 3-Fold - Navy Blue,3-Fold Umbrella,84,345.0,0.12
SO000629,2025-09-08,Delivered,C017,New Traders,Distributor,Tezpur,Assam,North-East,Bikash Roy,Credit,RC-2F-01,Classic 2-Fold - Maroon,2-Fold Umbrella,108,310.0,0.08
SO000629,2025-09-08,Delivered,C017,New Traders,Distributor,Tezpur,Assam,North-East,Bikash Roy,Credit,RC-UV-04,SunGuard UV Sun - Beige,UV Sun Umbrella,156,420.0,0.11
SO000630,2025-09-08,Delivered,C031,Purbanchal Umbrella House,Retailer,Imphal,Manipur,North-East,Bikash Roy,Credit,RC-RC-01,Shield Raincoat - Red,Raincoat,72,690.0,0.01
SO000630,2025-09-08,Delivered,C031,Purbanchal Umbrella House,Retailer,Imphal,Manipur,North-East,Bikash Roy,Credit,RC-2F-02,Breeze 2-Fold - Red,2-Fold Umbrella,24,290.0,0.01
SO000630,2025-09-08,Delivered,C031,Purbanchal Umbrella House,Retailer,Imphal,Manipur,North-East,Bikash Roy,Credit,RC-RC-02,Shield Raincoat - Bottle Green,Raincoat,24,690.0,0.0
SO000631,2025-09-08,Cancelled,C034,Sai Distributors,Wholesaler,Imphal,Manipur,North-East,Bikash Roy,Credit,RC-GF-01,Pro Golf - Floral Print,Golf Umbrella,96,745.0,0.05
SO000631,2025-09-08,Cancelled,C034,Sai Distributors,Wholesaler,Imphal,Manipur,North-East,Bikash Roy,Credit,RC-3F-05,Breeze 3-Fold - Grey,3-Fold Umbrella,36,255.0,0.04
SO000631,2025-09-08,Cancelled,C034,Sai Distributors,Wholesaler,Imphal,Manipur,North-East,Bikash Roy,Credit,RC-3F-07,Classic 3-Fold - Beige,3-Fold Umbrella,36,300.0,0.04
SO000631,2025-09-08,Cancelled,C034,Sai Distributors,Wholesaler,Imphal,Manipur,North-East,Bikash Roy,Credit,RC-3F-01,Classic 3-Fold - Polka Dot,3-Fold Umbrella,24,330.0,0.04
SO000632,2025-09-09,Delivered,C046,Sri Durga Traders,Distributor,Cooch Behar,West Bengal,North Bengal,Rina Das,Credit,RC-3F-04,Compact 3-Fold - Navy Blue,3-Fold Umbrella,192,345.0,0.11
SO000632,2025-09-09,Delivered,C046,Sri Durga Traders,Distributor,Cooch Behar,West Bengal,North Bengal,Rina Das,Credit,RC-2F-02,Breeze 2-Fold - Red,2-Fold Umbrella,216,290.0,0.1
SO000632,2025-09-09,Delivered,C046,Sri Durga Traders,Distributor,Cooch Behar,West Bengal,North Bengal,Rina Das,Credit,RC-2F-03,Classic 2-Fold - Checks,2-Fold Umbrella,192,435.0,0.1
SO000632,2025-09-09,Delivered,C046,Sri Durga Traders,Distributor,Cooch Behar,West Bengal,North Bengal,Rina Das,Credit,RC-KD-04,Kiddo Kids - Polka Dot,Kids Umbrella,228,235.0,0.09
SO000632,2025-09-09,Delivered,C046,Sri Durga Traders,Distributor,Cooch Behar,West Bengal,North Bengal,Rina Das,Credit,RC-UV-04,SunGuard UV Sun - Beige,UV Sun Umbrella,276,420.0,0.12
SO000633,2025-09-10,Delivered,C003,Brahmaputra Wholesale,Distributor,Tezpur,Assam,North-East,Bikash Roy,Credit,RC-KD-01,Kiddo Kids - Cartoon Print,Kids Umbrella,204,220.0,0.11
SO000633,2025-09-10,Delivered,C003,Brahmaputra Wholesale,Distributor,Tezpur,Assam,North-East,Bikash Roy,Credit,RC-UV-04,SunGuard UV Sun - Beige,UV Sun Umbrella,144,420.0,0.1
SO000633,2025-09-10,Delivered,C003,Brahmaputra Wholesale,Distributor,Tezpur,Assam,North-East,Bikash Roy,Credit,RC-3F-07,Classic 3-Fold - Beige,3-Fold Umbrella,84,300.0,0.1
SO000633,2025-09-10,Delivered,C003,Brahmaputra Wholesale,Distributor,Tezpur,Assam,North-East,Bikash Roy,Credit,RC-3F-10,Compact 3-Fold - Red,3-Fold Umbrella,120,260.0,0.08
SO000633,2025-09-10,Delivered,C003,Brahmaputra Wholesale,Distributor,Tezpur,Assam,North-East,Bikash Roy,Credit,RC-GF-01,Pro Golf - Floral Print,Golf Umbrella,204,745.0,0.09
SO000633,2025-09-10,Delivered,C003,Brahmaputra Wholesale,Distributor,Tezpur,Assam,North-East,Bikash Roy,Credit,RC-3F-04,Compact 3-Fold - Navy Blue,3-Fold Umbrella,72,345.0,0.1
SO000634,2025-09-10,Delivered,C008,Popular & Sons,Retailer,Durgapur,West Bengal,South Bengal,Amit Sarkar,Credit,RC-LG-05,Storm Long - Checks,Long Umbrella,24,345.0,0.0
SO000634,2025-09-10,Delivered,C008,Popular & Sons,Retailer,Durgapur,West Bengal,South Bengal,Amit Sarkar,Credit,RC-LG-06,Heritage Long - Maroon,Long Umbrella,12,570.0,0.01
SO000634,2025-09-10,Delivered,C008,Popular & Sons,Retailer,Durgapur,West Bengal,South Bengal,Amit Sarkar,Credit,RC-2F-02,Breeze 2-Fold - Red,2-Fold Umbrella,12,290.0,0.02
SO000635,2025-09-10,Delivered,C017,New Traders,Distributor,Tezpur,Assam,North-East,Bikash Roy,Credit,RC-3F-03,Storm 3-Fold - Floral Print,3-Fold Umbrella,48,275.0,0.09
SO000635,2025-09-10,Delivered,C017,New Traders,Distributor,Tezpur,Assam,North-East,Bikash Roy,Credit,RC-UV-01,SunGuard UV Sun - Maroon,UV Sun Umbrella,96,375.0,0.1
SO000635,2025-09-10,Delivered,C017,New Traders,Distributor,Tezpur,Assam,North-East,Bikash Roy,Credit,RC-3F-02,Breeze 3-Fold - Transparent,3-Fold Umbrella,216,305.0,0.09
SO000636,2025-09-10,Delivered,C040,Krishna Distributors,Retailer,Patna,Bihar,Other East,Rakesh Singh,Credit,RC-3F-01,Classic 3-Fold - Polka Dot,3-Fold Umbrella,24,330.0,0.0
SO000636,2025-09-10,Delivered,C040,Krishna Distributors,Retailer,Patna,Bihar,Other East,Rakesh Singh,Credit,RC-3F-04,Compact 3-Fold - Navy Blue,3-Fold Umbrella,12,345.0,0.01
SO000636,2025-09-10,Delivered,C040,Krishna Distributors,Retailer,Patna,Bihar,Other East,Rakesh Singh,Credit,RC-2F-01,Classic 2-Fold - Maroon,2-Fold Umbrella,24,310.0,0.0
SO000637,2025-09-10,Delivered,C046,Sri Durga Traders,Distributor,Cooch Behar,West Bengal,North Bengal,Rina Das,Credit,RC-UV-04,SunGuard UV Sun - Beige,UV Sun Umbrella,108,420.0,0.11
SO000637,2025-09-10,Delivered,C046,Sri Durga Traders,Distributor,Cooch Behar,West Bengal,North Bengal,Rina Das,Credit,RC-3F-04,Compact 3-Fold - Navy Blue,3-Fold Umbrella,132,345.0,0.08
SO000637,2025-09-10,Delivered,C046,Sri Durga Traders,Distributor,Cooch Behar,West Bengal,North Bengal,Rina Das,Credit,RC-3F-01,Classic 3-Fold - Polka Dot,3-Fold Umbrella,276,330.0,0.08
SO000637,2025-09-10,Delivered,C046,Sri Durga Traders,Distributor,Cooch Behar,West Bengal,North Bengal,Rina Das,Credit,RC-3F-05,Breeze 3-Fold - Grey,3-Fold Umbrella,168,255.0,0.11
SO000637,2025-09-10,Delivered,C046,Sri Durga Traders,Distributor,Cooch Behar,West Bengal,North Bengal,Rina Das,Credit,RC-3F-08,Compact 3-Fold - Checks,3-Fold Umbrella,216,295.0,0.08
SO000638,2025-09-11,Delivered,C049,Biswakarma Traders,Retailer,Kolkata,West Bengal,South Bengal,Amit Sarkar,Credit,RC-UV-03,SunGuard UV Sun - Checks,UV Sun Umbrella,60,445.0,0.03
SO000638,2025-09-11,Delivered,C049,Biswakarma Traders,Retailer,Kolkata,West Bengal,South Bengal,Amit Sarkar,Credit,RC-RC-02,Shield Raincoat - Bottle Green,Raincoat,60,690.0,0.01
SO000639,2025-09-11,Delivered,C054,Lokenath Agencies,Retailer,Kharagpur,West Bengal,South Bengal,Amit Sarkar,Credit,RC-3F-06,Breeze 3-Fold - Floral Print,3-Fold Umbrella,12,260.0,0.03
SO000640,2025-09-11,Delivered,C059,Sunrise Wholesale,Wholesaler,Durgapur,West Bengal,South Bengal,Amit Sarkar,Credit,RC-UV-03,SunGuard UV Sun - Checks,UV Sun Umbrella,48,445.0,0.07
SO000640,2025-09-11,Delivered,C059,Sunrise Wholesale,Wholesaler,Durgapur,West Bengal,South Bengal,Amit Sarkar,Credit,RC-KD-04,Kiddo Kids - Polka Dot,Kids Umbrella,96,235.0,0.06
SO000640,2025-09-11,Delivered,C059,Sunrise Wholesale,Wholesaler,Durgapur,West Bengal,South Bengal,Amit Sarkar,Credit,RC-2F-01,Classic 2-Fold - Maroon,2-Fold Umbrella,36,310.0,0.06
SO000640,2025-09-11,Delivered,C059,Sunrise Wholesale,Wholesaler,Durgapur,West Bengal,South Bengal,Amit Sarkar,Credit,RC-KD-03,Kiddo Kids - Sky Blue,Kids Umbrella,48,185.0,0.06
SO000641,2025-09-12,Delivered,C052,Himalaya Traders,Wholesaler,Tezpur,Assam,North-East,Bikash Roy,Credit,RC-UV-05,SunGuard UV Sun - Transparent,UV Sun Umbrella,84,525.0,0.05
SO000641,2025-09-12,Delivered,C052,Himalaya Traders,Wholesaler,Tezpur,Assam,North-East,Bikash Roy,Credit,RC-3F-09,Classic 3-Fold - Black,3-Fold Umbrella,72,205.0,0.06
SO000642,2025-09-13,Delivered,C023,Krishna Emporium,Retailer,Shillong,Meghalaya,North-East,Bikash Roy,Credit,RC-3F-09,Classic 3-Fold - Black,3-Fold Umbrella,12,205.0,0.02
SO000642,2025-09-13,Delivered,C023,Krishna Emporium,Retailer,Shillong,Meghalaya,North-East,Bikash Roy,Credit,RC-2F-05,Breeze 2-Fold - Grey,2-Fold Umbrella,12,375.0,0.02
SO000642,2025-09-13,Delivered,C023,Krishna Emporium,Retailer,Shillong,Meghalaya,North-East,Bikash Roy,Credit,RC-3F-01,Classic 3-Fold - Polka Dot,3-Fold Umbrella,12,330.0,0.01
SO000643,2025-09-13,Delivered,C054,Lokenath Agencies,Retailer,Kharagpur,West Bengal,South Bengal,Amit Sarkar,Credit,RC-LG-05,Storm Long - Checks,Long Umbrella,24,345.0,0.01
SO000643,2025-09-13,Delivered,C054,Lokenath Agencies,Retailer,Kharagpur,West Bengal,South Bengal,Amit Sarkar,Credit,RC-KD-04,Kiddo Kids - Polka Dot,Kids Umbrella,24,235.0,0.01
SO000643,2025-09-13,Delivered,C054,Lokenath Agencies,Retailer,Kharagpur,West Bengal,South Bengal,Amit Sarkar,Credit,RC-3F-07,Classic 3-Fold - Beige,3-Fold Umbrella,12,300.0,0.03
SO000644,2025-09-13,Delivered,C056,Bharat Wholesale,Retailer,Siliguri,West Bengal,North Bengal,Rina Das,Cash,RC-3F-04,Compact 3-Fold - Navy Blue,3-Fold Umbrella,24,345.0,0.03
SO000644,2025-09-13,Delivered,C056,Bharat Wholesale,Retailer,Siliguri,West Bengal,North Bengal,Rina Das,Cash,RC-UV-03,SunGuard UV Sun - Checks,UV Sun Umbrella,12,445.0,0.01
SO000644,2025-09-13,Delivered,C056,Bharat Wholesale,Retailer,Siliguri,West Bengal,North Bengal,Rina Das,Cash,RC-3F-07,Classic 3-Fold - Beige,3-Fold Umbrella,12,300.0,0.02
SO000645,2025-09-15,Cancelled,C013,Hanuman Stores,Wholesaler,Bardhaman,West Bengal,South Bengal,Amit Sarkar,Credit,RC-UV-04,SunGuard UV Sun - Beige,UV Sun Umbrella,60,420.0,0.04
SO000645,2025-09-15,Cancelled,C013,Hanuman Stores,Wholesaler,Bardhaman,West Bengal,South Bengal,Amit Sarkar,Credit,RC-LG-05,Storm Long - Checks,Long Umbrella,156,345.0,0.04
SO000646,2025-09-15,Delivered,C049,Biswakarma Traders,Retailer,Kolkata,West Bengal,South Bengal,Amit Sarkar,Credit,RC-3F-08,Compact 3-Fold - Checks,3-Fold Umbrella,36,295.0,0.01
SO000646,2025-09-15,Delivered,C049,Biswakarma Traders,Retailer,Kolkata,West Bengal,South Bengal,Amit Sarkar,Credit,RC-LG-03,Storm Long - Bottle Green,Long Umbrella,12,430.0,0.02
SO000647,2025-09-16,Delivered,C014,New Traders,Distributor,Imphal,Manipur,North-East,Bikash Roy,Credit,RC-3F-05,Breeze 3-Fold - Grey,3-Fold Umbrella,96,255.0,0.09
SO000647,2025-09-16,Delivered,C014,New Traders,Distributor,Imphal,Manipur,North-East,Bikash Roy,Credit,RC-3F-06,Breeze 3-Fold - Floral Print,3-Fold Umbrella,72,260.0,0.09
SO000647,2025-09-16,Delivered,C014,New Traders,Distributor,Imphal,Manipur,North-East,Bikash Roy,Credit,RC-3F-01,Classic 3-Fold - Polka Dot,3-Fold Umbrella,144,330.0,0.09
SO000647,2025-09-16,Delivered,C014,New Traders,Distributor,Imphal,Manipur,North-East,Bikash Roy,Credit,RC-LG-01,Auto-Open Long - Maroon,Long Umbrella,156,390.0,0.1
SO000648,2025-09-16,Delivered,C039,Modern Stores,Distributor,Jalpaiguri,West Bengal,North Bengal,Rina Das,Credit,RC-3F-03,Storm 3-Fold - Floral Print,3-Fold Umbrella,108,275.0,0.1
SO000648,2025-09-16,Delivered,C039,Modern Stores,Distributor,Jalpaiguri,West Bengal,North Bengal,Rina Das,Credit,RC-KD-03,Kiddo Kids - Sky Blue,Kids Umbrella,120,185.0,0.1
SO000648,2025-09-16,Delivered,C039,Modern Stores,Distributor,Jalpaiguri,West Bengal,North Bengal,Rina Das,Credit,RC-UV-04,SunGuard UV Sun - Beige,UV Sun Umbrella,132,420.0,0.11
SO000648,2025-09-16,Delivered,C039,Modern Stores,Distributor,Jalpaiguri,West Bengal,North Bengal,Rina Das,Credit,RC-UV-01,SunGuard UV Sun - Maroon,UV Sun Umbrella,60,375.0,0.09
SO000649,2025-09-16,Delivered,C052,Himalaya Traders,Wholesaler,Tezpur,Assam,North-East,Bikash Roy,Credit,RC-3F-08,Compact 3-Fold - Checks,3-Fold Umbrella,36,295.0,0.03
SO000649,2025-09-16,Delivered,C052,Himalaya Traders,Wholesaler,Tezpur,Assam,North-East,Bikash Roy,Credit,RC-3F-06,Breeze 3-Fold - Floral Print,3-Fold Umbrella,60,260.0,0.03
SO000649,2025-09-16,Delivered,C052,Himalaya Traders,Wholesaler,Tezpur,Assam,North-East,Bikash Roy,Credit,RC-KD-01,Kiddo Kids - Cartoon Print,Kids Umbrella,72,220.0,0.06
SO000649,2025-09-16,Delivered,C052,Himalaya Traders,Wholesaler,Tezpur,Assam,North-East,Bikash Roy,Credit,RC-RC-02,Shield Raincoat - Bottle Green,Raincoat,24,690.0,0.06
SO000650,2025-09-16,Delivered,C055,Sonali Traders,Retailer,Bardhaman,West Bengal,South Bengal,Amit Sarkar,Cash,RC-3F-04,Compact 3-Fold - Navy Blue,3-Fold Umbrella,12,345.0,0.02
SO000651,2025-09-18,Delivered,C039,Modern Stores,Distributor,Jalpaiguri,West Bengal,North Bengal,Rina Das,Credit,RC-3F-01,Classic 3-Fold - Polka Dot,3-Fold Umbrella,192,330.0,0.09
SO000651,2025-09-18,Delivered,C039,Modern Stores,Distributor,Jalpaiguri,West Bengal,North Bengal,Rina Das,Credit,RC-LG-05,Storm Long - Checks,Long Umbrella,204,345.0,0.1
SO000651,2025-09-18,Delivered,C039,Modern Stores,Distributor,Jalpaiguri,West Bengal,North Bengal,Rina Das,Credit,RC-3F-06,Breeze 3-Fold - Floral Print,3-Fold Umbrella,180,260.0,0.09
SO000651,2025-09-18,Delivered,C039,Modern Stores,Distributor,Jalpaiguri,West Bengal,North Bengal,Rina Das,Credit,RC-UV-04,SunGuard UV Sun - Beige,UV Sun Umbrella,96,420.0,0.1
SO000651,2025-09-18,Delivered,C039,Modern Stores,Distributor,Jalpaiguri,West Bengal,North Bengal,Rina Das,Credit,RC-LG-04,Storm Long - Beige,Long Umbrella,96,420.0,0.09
SO000652,2025-09-18,Delivered,C044,Maa Tara Wholesale,Retailer,Itanagar,Arunachal Pradesh,North-East,Bikash Roy,Cash,RC-3F-07,Classic 3-Fold - Beige,3-Fold Umbrella,24,300.0,0.03
SO000652,2025-09-18,Delivered,C044,Maa Tara Wholesale,Retailer,Itanagar,Arunachal Pradesh,North-East,Bikash Roy,Cash,RC-UV-04,SunGuard UV Sun - Beige,UV Sun Umbrella,12,420.0,0.0
SO000653,2025-09-18,Delivered,C049,Biswakarma Traders,Retailer,Kolkata,West Bengal,South Bengal,Amit Sarkar,Credit,RC-3F-06,Breeze 3-Fold - Floral Print,3-Fold Umbrella,12,260.0,0.03
SO000654,2025-09-20,Delivered,C024,Rainbow Enterprises,Wholesaler,Dibrugarh,Assam,North-East,Bikash Roy,Credit,RC-LG-05,Storm Long - Checks,Long Umbrella,60,345.0,0.05
SO000654,2025-09-20,Delivered,C024,Rainbow Enterprises,Wholesaler,Dibrugarh,Assam,North-East,Bikash Roy,Credit,RC-3F-06,Breeze 3-Fold - Floral Print,3-Fold Umbrella,72,260.0,0.04
SO000654,2025-09-20,Delivered,C024,Rainbow Enterprises,Wholesaler,Dibrugarh,Assam,North-East,Bikash Roy,Credit,RC-2F-06,Breeze 2-Fold - Floral Print,2-Fold Umbrella,156,270.0,0.04
SO000655,2025-09-22,Delivered,C031,Purbanchal Umbrella House,Retailer,Imphal,Manipur,North-East,Bikash Roy,Credit,RC-3F-06,Breeze 3-Fold - Floral Print,3-Fold Umbrella,72,260.0,0.01
SO000655,2025-09-22,Delivered,C031,Purbanchal Umbrella House,Retailer,Imphal,Manipur,North-East,Bikash Roy,Credit,RC-3F-04,Compact 3-Fold - Navy Blue,3-Fold Umbrella,48,345.0,0.0
SO000656,2025-09-23,Delivered,C006,Modern Stores,Wholesaler,Howrah,West Bengal,South Bengal,Amit Sarkar,Credit,RC-GF-01,Pro Golf - Floral Print,Golf Umbrella,120,745.0,0.03
SO000656,2025-09-23,Delivered,C006,Modern Stores,Wholesaler,Howrah,West Bengal,South Bengal,Amit Sarkar,Credit,RC-2F-03,Classic 2-Fold - Checks,2-Fold Umbrella,24,435.0,0.04
SO000656,2025-09-23,Delivered,C006,Modern Stores,Wholesaler,Howrah,West Bengal,South Bengal,Amit Sarkar,Credit,RC-RC-01,Shield Raincoat - Red,Raincoat,132,690.0,0.05
SO000657,2025-09-23,Delivered,C031,Purbanchal Umbrella House,Retailer,Imphal,Manipur,North-East,Bikash Roy,Credit,RC-KD-04,Kiddo Kids - Polka Dot,Kids Umbrella,48,235.0,0.02
SO000658,2025-09-23,Delivered,C059,Sunrise Wholesale,Wholesaler,Durgapur,West Bengal,South Bengal,Amit Sarkar,Credit,RC-2F-02,Breeze 2-Fold - Red,2-Fold Umbrella,96,290.0,0.05
SO000658,2025-09-23,Delivered,C059,Sunrise Wholesale,Wholesaler,Durgapur,West Bengal,South Bengal,Amit Sarkar,Credit,RC-3F-01,Classic 3-Fold - Polka Dot,3-Fold Umbrella,48,330.0,0.05
SO000658,2025-09-23,Delivered,C059,Sunrise Wholesale,Wholesaler,Durgapur,West Bengal,South Bengal,Amit Sarkar,Credit,RC-RC-01,Shield Raincoat - Red,Raincoat,108,690.0,0.05
SO000659,2025-09-24,Delivered,C017,New Traders,Distributor,Tezpur,Assam,North-East,Bikash Roy,Credit,RC-UV-01,SunGuard UV Sun - Maroon,UV Sun Umbrella,120,375.0,0.12
SO000659,2025-09-24,Delivered,C017,New Traders,Distributor,Tezpur,Assam,North-East,Bikash Roy,Credit,RC-UV-02,SunGuard UV Sun - Grey,UV Sun Umbrella,180,580.0,0.08
SO000659,2025-09-24,Delivered,C017,New Traders,Distributor,Tezpur,Assam,North-East,Bikash Roy,Credit,RC-UV-03,SunGuard UV Sun - Checks,UV Sun Umbrella,48,445.0,0.08
SO000659,2025-09-24,Delivered,C017,New Traders,Distributor,Tezpur,Assam,North-East,Bikash Roy,Credit,RC-LG-03,Storm Long - Bottle Green,Long Umbrella,144,430.0,0.09
SO000659,2025-09-24,Delivered,C017,New Traders,Distributor,Tezpur,Assam,North-East,Bikash Roy,Credit,RC-3F-10,Compact 3-Fold - Red,3-Fold Umbrella,60,260.0,0.08
SO000659,2025-09-24,Delivered,C017,New Traders,Distributor,Tezpur,Assam,North-East,Bikash Roy,Credit,RC-3F-08,Compact 3-Fold - Checks,3-Fold Umbrella,120,295.0,0.09
SO000660,2025-09-24,Delivered,C018,New Traders,Retailer,Itanagar,Arunachal Pradesh,North-East,Bikash Roy,Credit,RC-2F-03,Classic 2-Fold - Checks,2-Fold Umbrella,24,435.0,0.01
SO000661,2025-09-24,Delivered,C048,Purbanchal Agencies,Wholesaler,Tezpur,Assam,North-East,Bikash Roy,Credit,RC-RC-05,Shield Raincoat - Polka Dot,Raincoat,72,655.0,0.06
SO000661,2025-09-24,Delivered,C048,Purbanchal Agencies,Wholesaler,Tezpur,Assam,North-East,Bikash Roy,Credit,RC-UV-01,SunGuard UV Sun - Maroon,UV Sun Umbrella,60,375.0,0.06
SO000661,2025-09-24,Delivered,C048,Purbanchal Agencies,Wholesaler,Tezpur,Assam,North-East,Bikash Roy,Credit,RC-3F-03,Storm 3-Fold - Floral Print,3-Fold Umbrella,24,275.0,0.07
SO000661,2025-09-24,Delivered,C048,Purbanchal Agencies,Wholesaler,Tezpur,Assam,North-East,Bikash Roy,Credit,RC-3F-04,Compact 3-Fold - Navy Blue,3-Fold Umbrella,96,345.0,0.07
SO000662,2025-09-25,Delivered,C003,Brahmaputra Wholesale,Distributor,Tezpur,Assam,North-East,Bikash Roy,Credit,RC-3F-07,Classic 3-Fold - Beige,3-Fold Umbrella,72,300.0,0.08
SO000662,2025-09-25,Delivered,C003,Brahmaputra Wholesale,Distributor,Tezpur,Assam,North-East,Bikash Roy,Credit,RC-RC-03,Shield Raincoat - Grey,Raincoat,216,740.0,0.09
SO000662,2025-09-25,Delivered,C003,Brahmaputra Wholesale,Distributor,Tezpur,Assam,North-East,Bikash Roy,Credit,RC-KD-04,Kiddo Kids - Polka Dot,Kids Umbrella,96,235.0,0.11
SO000663,2025-09-26,Delivered,C008,Popular & Sons,Retailer,Durgapur,West Bengal,South Bengal,Amit Sarkar,Credit,RC-UV-04,SunGuard UV Sun - Beige,UV Sun Umbrella,12,420.0,0.0
SO000664,2025-09-26,Delivered,C014,New Traders,Distributor,Imphal,Manipur,North-East,Bikash Roy,Credit,RC-RC-03,Shield Raincoat - Grey,Raincoat,108,740.0,0.12
SO000664,2025-09-26,Delivered,C014,New Traders,Distributor,Imphal,Manipur,North-East,Bikash Roy,Credit,RC-UV-04,SunGuard UV Sun - Beige,UV Sun Umbrella,120,420.0,0.09
SO000664,2025-09-26,Delivered,C014,New Traders,Distributor,Imphal,Manipur,North-East,Bikash Roy,Credit,RC-UV-01,SunGuard UV Sun - Maroon,UV Sun Umbrella,156,375.0,0.11
SO000664,2025-09-26,Delivered,C014,New Traders,Distributor,Imphal,Manipur,North-East,Bikash Roy,Credit,RC-LG-05,Storm Long - Checks,Long Umbrella,36,345.0,0.1
SO000665,2025-09-26,Delivered,C057,Janata & Sons,Wholesaler,Aizawl,Mizoram,North-East,Bikash Roy,Credit,RC-3F-04,Compact 3-Fold - Navy Blue,3-Fold Umbrella,36,345.0,0.06
SO000665,2025-09-26,Delivered,C057,Janata & Sons,Wholesaler,Aizawl,Mizoram,North-East,Bikash Roy,Credit,RC-3F-09,Classic 3-Fold - Black,3-Fold Umbrella,24,205.0,0.04
SO000665,2025-09-26,Delivered,C057,Janata & Sons,Wholesaler,Aizawl,Mizoram,North-East,Bikash Roy,Credit,RC-KD-04,Kiddo Kids - Polka Dot,Kids Umbrella,12,235.0,0.06
SO000665,2025-09-26,Delivered,C057,Janata & Sons,Wholesaler,Aizawl,Mizoram,North-East,Bikash Roy,Credit,RC-3F-08,Compact 3-Fold - Checks,3-Fold Umbrella,36,295.0,0.04
SO000666,2025-09-27,Delivered,C024,Rainbow Enterprises,Wholesaler,Dibrugarh,Assam,North-East,Bikash Roy,Credit,RC-KD-04,Kiddo Kids - Polka Dot,Kids Umbrella,120,235.0,0.06
SO000666,2025-09-27,Delivered,C024,Rainbow Enterprises,Wholesaler,Dibrugarh,Assam,North-East,Bikash Roy,Credit,RC-3F-08,Compact 3-Fold - Checks,3-Fold Umbrella,156,295.0,0.03
SO000667,2025-09-27,Delivered,C034,Sai Distributors,Wholesaler,Imphal,Manipur,North-East,Bikash Roy,Credit,RC-2F-03,Classic 2-Fold - Checks,2-Fold Umbrella,36,435.0,0.04
SO000667,2025-09-27,Delivered,C034,Sai Distributors,Wholesaler,Imphal,Manipur,North-East,Bikash Roy,Credit,RC-3F-10,Compact 3-Fold - Red,3-Fold Umbrella,84,260.0,0.03
SO000667,2025-09-27,Delivered,C034,Sai Distributors,Wholesaler,Imphal,Manipur,North-East,Bikash Roy,Credit,RC-3F-01,Classic 3-Fold - Polka Dot,3-Fold Umbrella,96,330.0,0.07
SO000667,2025-09-27,Delivered,C034,Sai Distributors,Wholesaler,Imphal,Manipur,North-East,Bikash Roy,Credit,RC-2F-02,Breeze 2-Fold - Red,2-Fold Umbrella,72,290.0,0.03
SO000668,2025-09-27,Delivered,C036,Hanuman & Sons,Wholesaler,Asansol,West Bengal,South Bengal,Amit Sarkar,Credit,RC-3F-10,Compact 3-Fold - Red,3-Fold Umbrella,60,260.0,0.06
SO000668,2025-09-27,Delivered,C036,Hanuman & Sons,Wholesaler,Asansol,West Bengal,South Bengal,Amit Sarkar,Credit,RC-3F-03,Storm 3-Fold - Floral Print,3-Fold Umbrella,24,275.0,0.06
SO000669,2025-09-27,Delivered,C048,Purbanchal Agencies,Wholesaler,Tezpur,Assam,North-East,Bikash Roy,Credit,RC-RC-01,Shield Raincoat - Red,Raincoat,36,690.0,0.05
SO000669,2025-09-27,Delivered,C048,Purbanchal Agencies,Wholesaler,Tezpur,Assam,North-East,Bikash Roy,Credit,RC-UV-04,SunGuard UV Sun - Beige,UV Sun Umbrella,96,420.0,0.03
SO000669,2025-09-27,Delivered,C048,Purbanchal Agencies,Wholesaler,Tezpur,Assam,North-East,Bikash Roy,Credit,RC-3F-01,Classic 3-Fold - Polka Dot,3-Fold Umbrella,24,330.0,0.06
SO000670,2025-10-03,Delivered,C030,Star Enterprises,Wholesaler,Shillong,Meghalaya,North-East,Bikash Roy,Credit,RC-2F-06,Breeze 2-Fold - Floral Print,2-Fold Umbrella,12,270.0,0.05
SO000670,2025-10-03,Delivered,C030,Star Enterprises,Wholesaler,Shillong,Meghalaya,North-East,Bikash Roy,Credit,RC-UV-04,SunGuard UV Sun - Beige,UV Sun Umbrella,24,420.0,0.07
SO000670,2025-10-03,Delivered,C030,Star Enterprises,Wholesaler,Shillong,Meghalaya,North-East,Bikash Roy,Credit,RC-3F-03,Storm 3-Fold - Floral Print,3-Fold Umbrella,84,275.0,0.04
SO000671,2025-10-06,Delivered,C017,New Traders,Distributor,Tezpur,Assam,North-East,Bikash Roy,Credit,RC-UV-04,SunGuard UV Sun - Beige,UV Sun Umbrella,132,420.0,0.09
SO000671,2025-10-06,Delivered,C017,New Traders,Distributor,Tezpur,Assam,North-East,Bikash Roy,Credit,RC-UV-02,SunGuard UV Sun - Grey,UV Sun Umbrella,108,580.0,0.1
SO000671,2025-10-06,Delivered,C017,New Traders,Distributor,Tezpur,Assam,North-East,Bikash Roy,Credit,RC-RC-03,Shield Raincoat - Grey,Raincoat,180,740.0,0.12
SO000672,2025-10-07,Delivered,C003,Brahmaputra Wholesale,Distributor,Tezpur,Assam,North-East,Bikash Roy,Credit,RC-3F-02,Breeze 3-Fold - Transparent,3-Fold Umbrella,216,305.0,0.1
SO000672,2025-10-07,Delivered,C003,Brahmaputra Wholesale,Distributor,Tezpur,Assam,North-East,Bikash Roy,Credit,RC-3F-06,Breeze 3-Fold - Floral Print,3-Fold Umbrella,72,260.0,0.08
SO000672,2025-10-07,Delivered,C003,Brahmaputra Wholesale,Distributor,Tezpur,Assam,North-East,Bikash Roy,Credit,RC-2F-02,Breeze 2-Fold - Red,2-Fold Umbrella,84,290.0,0.11
SO000672,2025-10-07,Delivered,C003,Brahmaputra Wholesale,Distributor,Tezpur,Assam,North-East,Bikash Roy,Credit,RC-RC-01,Shield Raincoat - Red,Raincoat,144,690.0,0.1
SO000672,2025-10-07,Delivered,C003,Brahmaputra Wholesale,Distributor,Tezpur,Assam,North-East,Bikash Roy,Credit,RC-RC-05,Shield Raincoat - Polka Dot,Raincoat,252,655.0,0.09
SO000673,2025-10-07,Delivered,C021,City Traders,Wholesaler,Bhubaneswar,Odisha,Other East,Rakesh Singh,Credit,RC-2F-03,Classic 2-Fold - Checks,2-Fold Umbrella,36,435.0,0.06
SO000673,2025-10-07,Delivered,C021,City Traders,Wholesaler,Bhubaneswar,Odisha,Other East,Rakesh Singh,Credit,RC-GF-01,Pro Golf - Floral Print,Golf Umbrella,36,745.0,0.04
SO000674,2025-10-07,Delivered,C039,Modern Stores,Distributor,Jalpaiguri,West Bengal,North Bengal,Rina Das,Credit,RC-UV-04,SunGuard UV Sun - Beige,UV Sun Umbrella,156,420.0,0.09
SO000674,2025-10-07,Delivered,C039,Modern Stores,Distributor,Jalpaiguri,West Bengal,North Bengal,Rina Das,Credit,RC-RC-01,Shield Raincoat - Red,Raincoat,108,690.0,0.12
SO000674,2025-10-07,Delivered,C039,Modern Stores,Distributor,Jalpaiguri,West Bengal,North Bengal,Rina Das,Credit,RC-GF-01,Pro Golf - Floral Print,Golf Umbrella,156,745.0,0.11
SO000674,2025-10-07,Delivered,C039,Modern Stores,Distributor,Jalpaiguri,West Bengal,North Bengal,Rina Das,Credit,RC-3F-06,Breeze 3-Fold - Floral Print,3-Fold Umbrella,204,260.0,0.12
SO000674,2025-10-07,Delivered,C039,Modern Stores,Distributor,Jalpaiguri,West Bengal,North Bengal,Rina Das,Credit,RC-3F-03,Storm 3-Fold - Floral Print,3-Fold Umbrella,84,275.0,0.11
SO000675,2025-10-08,Delivered,C004,Royal Trading Co.,Retailer,Agartala,Tripura,North-East,Bikash Roy,Credit,RC-KD-04,Kiddo Kids - Polka Dot,Kids Umbrella,48,235.0,0.01
SO000676,2025-10-09,Delivered,C047,Teesta Trading Co.,Retailer,Bhagalpur,Bihar,Other East,Rakesh Singh,Cash,RC-KD-03,Kiddo Kids - Sky Blue,Kids Umbrella,12,185.0,0.02
SO000676,2025-10-09,Delivered,C047,Teesta Trading Co.,Retailer,Bhagalpur,Bihar,Other East,Rakesh Singh,Cash,RC-LG-06,Heritage Long - Maroon,Long Umbrella,12,570.0,0.01
SO000677,2025-10-10,Delivered,C013,Hanuman Stores,Wholesaler,Bardhaman,West Bengal,South Bengal,Amit Sarkar,Credit,RC-2F-03,Classic 2-Fold - Checks,2-Fold Umbrella,36,435.0,0.05
SO000677,2025-10-10,Delivered,C013,Hanuman Stores,Wholesaler,Bardhaman,West Bengal,South Bengal,Amit Sarkar,Credit,RC-3F-04,Compact 3-Fold - Navy Blue,3-Fold Umbrella,72,345.0,0.04
SO000678,2025-10-11,Delivered,C038,Kalyani Distributors,Wholesaler,Agartala,Tripura,North-East,Bikash Roy,Credit,RC-3F-06,Breeze 3-Fold - Floral Print,3-Fold Umbrella,48,260.0,0.06
SO000678,2025-10-11,Delivered,C038,Kalyani Distributors,Wholesaler,Agartala,Tripura,North-East,Bikash Roy,Credit,RC-UV-04,SunGuard UV Sun - Beige,UV Sun Umbrella,60,420.0,0.05
SO000679,2025-10-11,Delivered,C039,Modern Stores,Distributor,Jalpaiguri,West Bengal,North Bengal,Rina Das,Credit,RC-3F-10,Compact 3-Fold - Red,3-Fold Umbrella,204,260.0,0.08
SO000679,2025-10-11,Delivered,C039,Modern Stores,Distributor,Jalpaiguri,West Bengal,North Bengal,Rina Das,Credit,RC-UV-04,SunGuard UV Sun - Beige,UV Sun Umbrella,48,420.0,0.12
SO000679,2025-10-11,Delivered,C039,Modern Stores,Distributor,Jalpaiguri,West Bengal,North Bengal,Rina Das,Credit,RC-3F-08,Compact 3-Fold - Checks,3-Fold Umbrella,192,295.0,0.11
SO000680,2025-10-11,Delivered,C051,Sai Traders,Retailer,Asansol,West Bengal,South Bengal,Amit Sarkar,Cash,RC-KD-01,Kiddo Kids - Cartoon Print,Kids Umbrella,12,220.0,0.02
SO000681,2025-10-13,Delivered,C054,Lokenath Agencies,Retailer,Kharagpur,West Bengal,South Bengal,Amit Sarkar,Credit,RC-UV-04,SunGuard UV Sun - Beige,UV Sun Umbrella,24,420.0,0.0
SO000681,2025-10-13,Delivered,C054,Lokenath Agencies,Retailer,Kharagpur,West Bengal,South Bengal,Amit Sarkar,Credit,RC-2F-03,Classic 2-Fold - Checks,2-Fold Umbrella,12,435.0,0.02
SO000681,2025-10-13,Delivered,C054,Lokenath Agencies,Retailer,Kharagpur,West Bengal,South Bengal,Amit Sarkar,Credit,RC-KD-04,Kiddo Kids - Polka Dot,Kids Umbrella,12,235.0,0.0
SO000682,2025-10-16,Delivered,C048,Purbanchal Agencies,Wholesaler,Tezpur,Assam,North-East,Bikash Roy,Credit,RC-2F-02,Breeze 2-Fold - Red,2-Fold Umbrella,84,290.0,0.03
SO000682,2025-10-16,Delivered,C048,Purbanchal Agencies,Wholesaler,Tezpur,Assam,North-East,Bikash Roy,Credit,RC-3F-07,Classic 3-Fold - Beige,3-Fold Umbrella,96,300.0,0.05
SO000682,2025-10-16,Delivered,C048,Purbanchal Agencies,Wholesaler,Tezpur,Assam,North-East,Bikash Roy,Credit,RC-RC-01,Shield Raincoat - Red,Raincoat,36,690.0,0.04
SO000682,2025-10-16,Delivered,C048,Purbanchal Agencies,Wholesaler,Tezpur,Assam,North-East,Bikash Roy,Credit,RC-2F-06,Breeze 2-Fold - Floral Print,2-Fold Umbrella,84,270.0,0.06
SO000683,2025-10-21,Delivered,C020,Sri Durga Trading Co.,Retailer,Malda,West Bengal,North Bengal,Rina Das,Credit,RC-3F-08,Compact 3-Fold - Checks,3-Fold Umbrella,12,295.0,0.01
SO000683,2025-10-21,Delivered,C020,Sri Durga Trading Co.,Retailer,Malda,West Bengal,North Bengal,Rina Das,Credit,RC-UV-04,SunGuard UV Sun - Beige,UV Sun Umbrella,12,420.0,0.02
SO000684,2025-10-23,Delivered,C051,Sai Traders,Retailer,Asansol,West Bengal,South Bengal,Amit Sarkar,Cash,RC-3F-03,Storm 3-Fold - Floral Print,3-Fold Umbrella,24,275.0,0.03
SO000684,2025-10-23,Delivered,C051,Sai Traders,Retailer,Asansol,West Bengal,South Bengal,Amit Sarkar,Cash,RC-UV-04,SunGuard UV Sun - Beige,UV Sun Umbrella,12,420.0,0.01
SO000685,2025-10-24,Delivered,C041,New Enterprises,Distributor,Agartala,Tripura,North-East,Bikash Roy,Credit,RC-RC-01,Shield Raincoat - Red,Raincoat,204,690.0,0.09
SO000685,2025-10-24,Delivered,C041,New Enterprises,Distributor,Agartala,Tripura,North-East,Bikash Roy,Credit,RC-3F-02,Breeze 3-Fold - Transparent,3-Fold Umbrella,204,305.0,0.12
SO000685,2025-10-24,Delivered,C041,New Enterprises,Distributor,Agartala,Tripura,North-East,Bikash Roy,Credit,RC-3F-03,Storm 3-Fold - Floral Print,3-Fold Umbrella,132,275.0,0.1
SO000686,2025-10-28,Delivered,C012,Sonali Marketing,Wholesaler,Ranchi,Jharkhand,Other East,Rakesh Singh,Credit,RC-UV-04,SunGuard UV Sun - Beige,UV Sun Umbrella,12,420.0,0.06
SO000686,2025-10-28,Delivered,C012,Sonali Marketing,Wholesaler,Ranchi,Jharkhand,Other East,Rakesh Singh,Credit,RC-3F-06,Breeze 3-Fold - Floral Print,3-Fold Umbrella,60,260.0,0.06
SO000687,2025-10-29,Delivered,C055,Sonali Traders,Retailer,Bardhaman,West Bengal,South Bengal,Amit Sarkar,Cash,RC-UV-04,SunGuard UV Sun - Beige,UV Sun Umbrella,36,420.0,0.0
SO000687,2025-10-29,Delivered,C055,Sonali Traders,Retailer,Bardhaman,West Bengal,South Bengal,Amit Sarkar,Cash,RC-UV-01,SunGuard UV Sun - Maroon,UV Sun Umbrella,36,375.0,0.01
SO000688,2025-10-30,Delivered,C052,Himalaya Traders,Wholesaler,Tezpur,Assam,North-East,Bikash Roy,Credit,RC-2F-01,Classic 2-Fold - Maroon,2-Fold Umbrella,36,310.0,0.07
SO000688,2025-10-30,Delivered,C052,Himalaya Traders,Wholesaler,Tezpur,Assam,North-East,Bikash Roy,Credit,RC-3F-02,Breeze 3-Fold - Transparent,3-Fold Umbrella,36,305.0,0.04
SO000688,2025-10-30,Delivered,C052,Himalaya Traders,Wholesaler,Tezpur,Assam,North-East,Bikash Roy,Credit,RC-3F-06,Breeze 3-Fold - Floral Print,3-Fold Umbrella,36,260.0,0.06
SO000689,2025-11-03,Delivered,C027,Kalyani General Store,Retailer,Asansol,West Bengal,South Bengal,Amit Sarkar,Cash,RC-RC-03,Shield Raincoat - Grey,Raincoat,12,740.0,0.03
SO000690,2025-11-04,Delivered,C007,Biswakarma Bazaar,Wholesaler,Malda,West Bengal,North Bengal,Rina Das,Credit,RC-3F-07,Classic 3-Fold - Beige,3-Fold Umbrella,48,300.0,0.05
SO000690,2025-11-04,Delivered,C007,Biswakarma Bazaar,Wholesaler,Malda,West Bengal,North Bengal,Rina Das,Credit,RC-UV-04,SunGuard UV Sun - Beige,UV Sun Umbrella,36,420.0,0.06
SO000690,2025-11-04,Delivered,C007,Biswakarma Bazaar,Wholesaler,Malda,West Bengal,North Bengal,Rina Das,Credit,RC-GF-01,Pro Golf - Floral Print,Golf Umbrella,12,745.0,0.06
SO000691,2025-11-04,Delivered,C044,Maa Tara Wholesale,Retailer,Itanagar,Arunachal Pradesh,North-East,Bikash Roy,Cash,RC-3F-09,Classic 3-Fold - Black,3-Fold Umbrella,12,205.0,0.01
SO000692,2025-11-05,Delivered,C013,Hanuman Stores,Wholesaler,Bardhaman,West Bengal,South Bengal,Amit Sarkar,Credit,RC-UV-01,SunGuard UV Sun - Maroon,UV Sun Umbrella,72,375.0,0.05
SO000692,2025-11-05,Delivered,C013,Hanuman Stores,Wholesaler,Bardhaman,West Bengal,South Bengal,Amit Sarkar,Credit,RC-GF-01,Pro Golf - Floral Print,Golf Umbrella,156,745.0,0.03
SO000692,2025-11-05,Delivered,C013,Hanuman Stores,Wholesaler,Bardhaman,West Bengal,South Bengal,Amit Sarkar,Credit,RC-KD-04,Kiddo Kids - Polka Dot,Kids Umbrella,132,235.0,0.07
SO000692,2025-11-05,Delivered,C013,Hanuman Stores,Wholesaler,Bardhaman,West Bengal,South Bengal,Amit Sarkar,Credit,RC-3F-02,Breeze 3-Fold - Transparent,3-Fold Umbrella,36,305.0,0.07
SO000693,2025-11-05,Delivered,C059,Sunrise Wholesale,Wholesaler,Durgapur,West Bengal,South Bengal,Amit Sarkar,Credit,RC-3F-01,Classic 3-Fold - Polka Dot,3-Fold Umbrella,60,330.0,0.06
SO000693,2025-11-05,Delivered,C059,Sunrise Wholesale,Wholesaler,Durgapur,West Bengal,South Bengal,Amit Sarkar,Credit,RC-3F-10,Compact 3-Fold - Red,3-Fold Umbrella,60,260.0,0.06
SO000694,2025-11-07,Delivered,C027,Kalyani General Store,Retailer,Asansol,West Bengal,South Bengal,Amit Sarkar,Cash,RC-KD-03,Kiddo Kids - Sky Blue,Kids Umbrella,12,185.0,0.0
SO000695,2025-11-08,Delivered,C030,Star Enterprises,Wholesaler,Shillong,Meghalaya,North-East,Bikash Roy,Credit,RC-3F-06,Breeze 3-Fold - Floral Print,3-Fold Umbrella,36,260.0,0.06
SO000695,2025-11-08,Delivered,C030,Star Enterprises,Wholesaler,Shillong,Meghalaya,North-East,Bikash Roy,Credit,RC-3F-03,Storm 3-Fold - Floral Print,3-Fold Umbrella,60,275.0,0.05
SO000696,2025-11-11,Delivered,C047,Teesta Trading Co.,Retailer,Bhagalpur,Bihar,Other East,Rakesh Singh,Cash,RC-2F-03,Classic 2-Fold - Checks,2-Fold Umbrella,12,435.0,0.01
SO000696,2025-11-11,Delivered,C047,Teesta Trading Co.,Retailer,Bhagalpur,Bihar,Other East,Rakesh Singh,Cash,RC-GF-01,Pro Golf - Floral Print,Golf Umbrella,24,745.0,0.01
SO000697,2025-11-12,Delivered,C028,Lokenath General Store,Retailer,Silchar,Assam,North-East,Bikash Roy,Cash,RC-2F-02,Breeze 2-Fold - Red,2-Fold Umbrella,36,290.0,0.01
SO000697,2025-11-12,Delivered,C028,Lokenath General Store,Retailer,Silchar,Assam,North-East,Bikash Roy,Cash,RC-KD-04,Kiddo Kids - Polka Dot,Kids Umbrella,24,235.0,0.0
SO000698,2025-11-12,Delivered,C041,New Enterprises,Distributor,Agartala,Tripura,North-East,Bikash Roy,Credit,RC-3F-03,Storm 3-Fold - Floral Print,3-Fold Umbrella,264,275.0,0.1
SO000698,2025-11-12,Delivered,C041,New Enterprises,Distributor,Agartala,Tripura,North-East,Bikash Roy,Credit,RC-3F-08,Compact 3-Fold - Checks,3-Fold Umbrella,156,295.0,0.08
SO000698,2025-11-12,Delivered,C041,New Enterprises,Distributor,Agartala,Tripura,North-East,Bikash Roy,Credit,RC-3F-05,Breeze 3-Fold - Grey,3-Fold Umbrella,264,255.0,0.1
SO000698,2025-11-12,Delivered,C041,New Enterprises,Distributor,Agartala,Tripura,North-East,Bikash Roy,Credit,RC-LG-02,Storm Long - Grey,Long Umbrella,72,385.0,0.11
SO000698,2025-11-12,Delivered,C041,New Enterprises,Distributor,Agartala,Tripura,North-East,Bikash Roy,Credit,RC-RC-01,Shield Raincoat - Red,Raincoat,216,690.0,0.11
SO000699,2025-11-13,Delivered,C011,Sri Durga Umbrella House,Retailer,Silchar,Assam,North-East,Bikash Roy,Cash,RC-3F-06,Breeze 3-Fold - Floral Print,3-Fold Umbrella,12,260.0,0.03
SO000699,2025-11-13,Delivered,C011,Sri Durga Umbrella House,Retailer,Silchar,Assam,North-East,Bikash Roy,Cash,RC-UV-01,SunGuard UV Sun - Maroon,UV Sun Umbrella,12,375.0,0.02
SO000700,2025-11-14,Delivered,C003,Brahmaputra Wholesale,Distributor,Tezpur,Assam,North-East,Bikash Roy,Credit,RC-KD-01,Kiddo Kids - Cartoon Print,Kids Umbrella,156,220.0,0.09
SO000700,2025-11-14,Delivered,C003,Brahmaputra Wholesale,Distributor,Tezpur,Assam,North-East,Bikash Roy,Credit,RC-3F-04,Compact 3-Fold - Navy Blue,3-Fold Umbrella,168,345.0,0.11
SO000700,2025-11-14,Delivered,C003,Brahmaputra Wholesale,Distributor,Tezpur,Assam,North-East,Bikash Roy,Credit,RC-3F-01,Classic 3-Fold - Polka Dot,3-Fold Umbrella,204,330.0,0.11
SO000701,2025-11-14,Delivered,C050,Biswakarma Traders,Retailer,Shillong,Meghalaya,North-East,Bikash Roy,Cash,RC-UV-02,SunGuard UV Sun - Grey,UV Sun Umbrella,24,580.0,0.03
SO000701,2025-11-14,Delivered,C050,Biswakarma Traders,Retailer,Shillong,Meghalaya,North-East,Bikash Roy,Cash,RC-UV-04,SunGuard UV Sun - Beige,UV Sun Umbrella,12,420.0,0.01
SO000702,2025-11-15,Delivered,C046,Sri Durga Traders,Distributor,Cooch Behar,West Bengal,North Bengal,Rina Das,Credit,RC-3F-07,Classic 3-Fold - Beige,3-Fold Umbrella,120,300.0,0.09
SO000702,2025-11-15,Delivered,C046,Sri Durga Traders,Distributor,Cooch Behar,West Bengal,North Bengal,Rina Das,Credit,RC-KD-01,Kiddo Kids - Cartoon Print,Kids Umbrella,72,220.0,0.09
SO000702,2025-11-15,Delivered,C046,Sri Durga Traders,Distributor,Cooch Behar,West Bengal,North Bengal,Rina Das,Credit,RC-2F-02,Breeze 2-Fold - Red,2-Fold Umbrella,72,290.0,0.12
SO000702,2025-11-15,Delivered,C046,Sri Durga Traders,Distributor,Cooch Behar,West Bengal,North Bengal,Rina Das,Credit,RC-3F-05,Breeze 3-Fold - Grey,3-Fold Umbrella,72,255.0,0.09
SO000702,2025-11-15,Delivered,C046,Sri Durga Traders,Distributor,Cooch Behar,West Bengal,North Bengal,Rina Das,Credit,RC-3F-02,Breeze 3-Fold - Transparent,3-Fold Umbrella,264,305.0,0.1
SO000702,2025-11-15,Delivered,C046,Sri Durga Traders,Distributor,Cooch Behar,West Bengal,North Bengal,Rina Das,Credit,RC-UV-03,SunGuard UV Sun - Checks,UV Sun Umbrella,216,445.0,0.11
SO000703,2025-11-20,Delivered,C006,Modern Stores,Wholesaler,Howrah,West Bengal,South Bengal,Amit Sarkar,Credit,RC-3F-04,Compact 3-Fold - Navy Blue,3-Fold Umbrella,132,345.0,0.05
SO000703,2025-11-20,Delivered,C006,Modern Stores,Wholesaler,Howrah,West Bengal,South Bengal,Amit Sarkar,Credit,RC-RC-05,Shield Raincoat - Polka Dot,Raincoat,96,655.0,0.04
SO000704,2025-11-20,Delivered,C042,Rainbow Bastralaya,Wholesaler,Purnia,Bihar,Other East,Rakesh Singh,Credit,RC-3F-04,Compact 3-Fold - Navy Blue,3-Fold Umbrella,84,345.0,0.03
SO000704,2025-11-20,Delivered,C042,Rainbow Bastralaya,Wholesaler,Purnia,Bihar,Other East,Rakesh Singh,Credit,RC-UV-01,SunGuard UV Sun - Maroon,UV Sun Umbrella,12,375.0,0.03
SO000705,2025-11-20,Delivered,C046,Sri Durga Traders,Distributor,Cooch Behar,West Bengal,North Bengal,Rina Das,Credit,RC-3F-10,Compact 3-Fold - Red,3-Fold Umbrella,144,260.0,0.1
SO000705,2025-11-20,Delivered,C046,Sri Durga Traders,Distributor,Cooch Behar,West Bengal,North Bengal,Rina Das,Credit,RC-LG-02,Storm Long - Grey,Long Umbrella,168,385.0,0.1
SO000705,2025-11-20,Delivered,C046,Sri Durga Traders,Distributor,Cooch Behar,West Bengal,North Bengal,Rina Das,Credit,RC-UV-03,SunGuard UV Sun - Checks,UV Sun Umbrella,120,445.0,0.09
SO000705,2025-11-20,Delivered,C046,Sri Durga Traders,Distributor,Cooch Behar,West Bengal,North Bengal,Rina Das,Credit,RC-UV-02,SunGuard UV Sun - Grey,UV Sun Umbrella,276,580.0,0.09
SO000706,2025-11-22,Delivered,C019,Ganga Wholesale,Retailer,Howrah,West Bengal,South Bengal,Amit Sarkar,Cash,RC-3F-06,Breeze 3-Fold - Floral Print,3-Fold Umbrella,12,260.0,0.02
SO000706,2025-11-22,Delivered,C019,Ganga Wholesale,Retailer,Howrah,West Bengal,South Bengal,Amit Sarkar,Cash,RC-LG-01,Auto-Open Long - Maroon,Long Umbrella,12,390.0,0.02
SO000707,2025-11-24,Delivered,C021,City Traders,Wholesaler,Bhubaneswar,Odisha,Other East,Rakesh Singh,Credit,RC-KD-01,Kiddo Kids - Cartoon Print,Kids Umbrella,24,220.0,0.04
SO000707,2025-11-24,Delivered,C021,City Traders,Wholesaler,Bhubaneswar,Odisha,Other East,Rakesh Singh,Credit,RC-3F-08,Compact 3-Fold - Checks,3-Fold Umbrella,36,295.0,0.06
SO000707,2025-11-24,Delivered,C021,City Traders,Wholesaler,Bhubaneswar,Odisha,Other East,Rakesh Singh,Credit,RC-UV-04,SunGuard UV Sun - Beige,UV Sun Umbrella,48,420.0,0.05
SO000707,2025-11-24,Delivered,C021,City Traders,Wholesaler,Bhubaneswar,Odisha,Other East,Rakesh Singh,Credit,RC-RC-01,Shield Raincoat - Red,Raincoat,48,690.0,0.06
SO000708,2025-11-24,Delivered,C038,Kalyani Distributors,Wholesaler,Agartala,Tripura,North-East,Bikash Roy,Credit,RC-3F-01,Classic 3-Fold - Polka Dot,3-Fold Umbrella,24,330.0,0.04
SO000708,2025-11-24,Delivered,C038,Kalyani Distributors,Wholesaler,Agartala,Tripura,North-East,Bikash Roy,Credit,RC-UV-04,SunGuard UV Sun - Beige,UV Sun Umbrella,36,420.0,0.05
SO000708,2025-11-24,Delivered,C038,Kalyani Distributors,Wholesaler,Agartala,Tripura,North-East,Bikash Roy,Credit,RC-RC-01,Shield Raincoat - Red,Raincoat,24,690.0,0.04
SO000709,2025-11-25,Delivered,C018,New Traders,Retailer,Itanagar,Arunachal Pradesh,North-East,Bikash Roy,Credit,RC-KD-01,Kiddo Kids - Cartoon Print,Kids Umbrella,12,220.0,0.0
SO000709,2025-11-25,Delivered,C018,New Traders,Retailer,Itanagar,Arunachal Pradesh,North-East,Bikash Roy,Credit,RC-GF-01,Pro Golf - Floral Print,Golf Umbrella,24,745.0,0.03
SO000709,2025-11-25,Delivered,C018,New Traders,Retailer,Itanagar,Arunachal Pradesh,North-East,Bikash Roy,Credit,RC-3F-07,Classic 3-Fold - Beige,3-Fold Umbrella,36,300.0,0.02
SO000710,2025-11-26,Delivered,C045,Krishna Umbrella House,Wholesaler,Kharagpur,West Bengal,South Bengal,Amit Sarkar,Credit,RC-GF-01,Pro Golf - Floral Print,Golf Umbrella,36,745.0,0.05
SO000710,2025-11-26,Delivered,C045,Krishna Umbrella House,Wholesaler,Kharagpur,West Bengal,South Bengal,Amit Sarkar,Credit,RC-3F-10,Compact 3-Fold - Red,3-Fold Umbrella,60,260.0,0.03
SO000711,2025-11-26,Delivered,C057,Janata & Sons,Wholesaler,Aizawl,Mizoram,North-East,Bikash Roy,Credit,RC-LG-02,Storm Long - Grey,Long Umbrella,24,385.0,0.03
SO000711,2025-11-26,Delivered,C057,Janata & Sons,Wholesaler,Aizawl,Mizoram,North-East,Bikash Roy,Credit,RC-UV-04,SunGuard UV Sun - Beige,UV Sun Umbrella,12,420.0,0.05
SO000711,2025-11-26,Delivered,C057,Janata & Sons,Wholesaler,Aizawl,Mizoram,North-East,Bikash Roy,Credit,RC-RC-02,Shield Raincoat - Bottle Green,Raincoat,36,690.0,0.05
SO000711,2025-11-26,Delivered,C057,Janata & Sons,Wholesaler,Aizawl,Mizoram,North-East,Bikash Roy,Credit,RC-LG-06,Heritage Long - Maroon,Long Umbrella,48,570.0,0.03
SO000712,2025-11-26,Delivered,C059,Sunrise Wholesale,Wholesaler,Durgapur,West Bengal,South Bengal,Amit Sarkar,Credit,RC-UV-04,SunGuard UV Sun - Beige,UV Sun Umbrella,36,420.0,0.07
SO000712,2025-11-26,Delivered,C059,Sunrise Wholesale,Wholesaler,Durgapur,West Bengal,South Bengal,Amit Sarkar,Credit,RC-UV-02,SunGuard UV Sun - Grey,UV Sun Umbrella,60,580.0,0.04
SO000712,2025-11-26,Delivered,C059,Sunrise Wholesale,Wholesaler,Durgapur,West Bengal,South Bengal,Amit Sarkar,Credit,RC-UV-05,SunGuard UV Sun - Transparent,UV Sun Umbrella,84,525.0,0.07
SO000713,2025-11-27,Delivered,C041,New Enterprises,Distributor,Agartala,Tripura,North-East,Bikash Roy,Credit,RC-3F-01,Classic 3-Fold - Polka Dot,3-Fold Umbrella,84,330.0,0.12
SO000713,2025-11-27,Delivered,C041,New Enterprises,Distributor,Agartala,Tripura,North-East,Bikash Roy,Credit,RC-UV-04,SunGuard UV Sun - Beige,UV Sun Umbrella,216,420.0,0.11
SO000713,2025-11-27,Delivered,C041,New Enterprises,Distributor,Agartala,Tripura,North-East,Bikash Roy,Credit,RC-2F-02,Breeze 2-Fold - Red,2-Fold Umbrella,84,290.0,0.11
SO000714,2025-11-27,Delivered,C055,Sonali Traders,Retailer,Bardhaman,West Bengal,South Bengal,Amit Sarkar,Cash,RC-UV-04,SunGuard UV Sun - Beige,UV Sun Umbrella,12,420.0,0.02
SO000714,2025-11-27,Delivered,C055,Sonali Traders,Retailer,Bardhaman,West Bengal,South Bengal,Amit Sarkar,Cash,RC-UV-02,SunGuard UV Sun - Grey,UV Sun Umbrella,36,580.0,0.01
SO000714,2025-11-27,Delivered,C055,Sonali Traders,Retailer,Bardhaman,West Bengal,South Bengal,Amit Sarkar,Cash,RC-3F-10,Compact 3-Fold - Red,3-Fold Umbrella,24,260.0,0.02
SO000715,2025-11-29,Delivered,C035,Ganga Traders,Retailer,Bardhaman,West Bengal,South Bengal,Amit Sarkar,Credit,RC-UV-04,SunGuard UV Sun - Beige,UV Sun Umbrella,24,420.0,0.02
SO000716,2025-11-29,Delivered,C057,Janata & Sons,Wholesaler,Aizawl,Mizoram,North-East,Bikash Roy,Credit,RC-UV-03,SunGuard UV Sun - Checks,UV Sun Umbrella,60,445.0,0.06
SO000716,2025-11-29,Delivered,C057,Janata & Sons,Wholesaler,Aizawl,Mizoram,North-East,Bikash Roy,Credit,RC-UV-04,SunGuard UV Sun - Beige,UV Sun Umbrella,12,420.0,0.07
SO000716,2025-11-29,Delivered,C057,Janata & Sons,Wholesaler,Aizawl,Mizoram,North-East,Bikash Roy,Credit,RC-RC-03,Shield Raincoat - Grey,Raincoat,12,740.0,0.06
SO000717,2025-12-01,Delivered,C007,Biswakarma Bazaar,Wholesaler,Malda,West Bengal,North Bengal,Rina Das,Credit,RC-3F-02,Breeze 3-Fold - Transparent,3-Fold Umbrella,48,305.0,0.06
SO000717,2025-12-01,Delivered,C007,Biswakarma Bazaar,Wholesaler,Malda,West Bengal,North Bengal,Rina Das,Credit,RC-UV-04,SunGuard UV Sun - Beige,UV Sun Umbrella,12,420.0,0.03
SO000717,2025-12-01,Delivered,C007,Biswakarma Bazaar,Wholesaler,Malda,West Bengal,North Bengal,Rina Das,Credit,RC-UV-01,SunGuard UV Sun - Maroon,UV Sun Umbrella,60,375.0,0.03
SO000717,2025-12-01,Delivered,C007,Biswakarma Bazaar,Wholesaler,Malda,West Bengal,North Bengal,Rina Das,Credit,RC-3F-08,Compact 3-Fold - Checks,3-Fold Umbrella,36,295.0,0.06
SO000718,2025-12-01,Delivered,C009,Brahmaputra General Store,Retailer,Guwahati,Assam,North-East,Bikash Roy,Cash,RC-LG-05,Storm Long - Checks,Long Umbrella,24,345.0,0.03
SO000718,2025-12-01,Delivered,C009,Brahmaputra General Store,Retailer,Guwahati,Assam,North-East,Bikash Roy,Cash,RC-UV-04,SunGuard UV Sun - Beige,UV Sun Umbrella,24,420.0,0.02
SO000719,2025-12-02,Delivered,C021,City Traders,Wholesaler,Bhubaneswar,Odisha,Other East,Rakesh Singh,Credit,RC-UV-04,SunGuard UV Sun - Beige,UV Sun Umbrella,72,420.0,0.06
SO000719,2025-12-02,Delivered,C021,City Traders,Wholesaler,Bhubaneswar,Odisha,Other East,Rakesh Singh,Credit,RC-LG-01,Auto-Open Long - Maroon,Long Umbrella,84,390.0,0.04
SO000720,2025-12-02,Delivered,C022,Sonali Stores,Retailer,Jamshedpur,Jharkhand,Other East,Rakesh Singh,Credit,RC-UV-01,SunGuard UV Sun - Maroon,UV Sun Umbrella,48,375.0,0.03
SO000720,2025-12-02,Delivered,C022,Sonali Stores,Retailer,Jamshedpur,Jharkhand,Other East,Rakesh Singh,Credit,RC-LG-06,Heritage Long - Maroon,Long Umbrella,36,570.0,0.03
SO000720,2025-12-02,Delivered,C022,Sonali Stores,Retailer,Jamshedpur,Jharkhand,Other East,Rakesh Singh,Credit,RC-3F-08,Compact 3-Fold - Checks,3-Fold Umbrella,48,295.0,0.03
SO000721,2025-12-04,Delivered,C006,Modern Stores,Wholesaler,Howrah,West Bengal,South Bengal,Amit Sarkar,Credit,RC-3F-01,Classic 3-Fold - Polka Dot,3-Fold Umbrella,120,330.0,0.06
SO000721,2025-12-04,Delivered,C006,Modern Stores,Wholesaler,Howrah,West Bengal,South Bengal,Amit Sarkar,Credit,RC-2F-01,Classic 2-Fold - Maroon,2-Fold Umbrella,60,310.0,0.06
SO000721,2025-12-04,Delivered,C006,Modern Stores,Wholesaler,Howrah,West Bengal,South Bengal,Amit Sarkar,Credit,RC-3F-06,Breeze 3-Fold - Floral Print,3-Fold Umbrella,48,260.0,0.03
SO000722,2025-12-04,Delivered,C009,Brahmaputra General Store,Retailer,Guwahati,Assam,North-East,Bikash Roy,Cash,RC-UV-01,SunGuard UV Sun - Maroon,UV Sun Umbrella,12,375.0,0.01
SO000722,2025-12-04,Delivered,C009,Brahmaputra General Store,Retailer,Guwahati,Assam,North-East,Bikash Roy,Cash,RC-KD-04,Kiddo Kids - Polka Dot,Kids Umbrella,12,235.0,0.0
SO000722,2025-12-04,Delivered,C009,Brahmaputra General Store,Retailer,Guwahati,Assam,North-East,Bikash Roy,Cash,RC-3F-03,Storm 3-Fold - Floral Print,3-Fold Umbrella,12,275.0,0.02
SO000723,2025-12-06,Delivered,C002,City Distributors,Retailer,Tezpur,Assam,North-East,Bikash Roy,Credit,RC-3F-10,Compact 3-Fold - Red,3-Fold Umbrella,12,260.0,0.01
SO000723,2025-12-06,Delivered,C002,City Distributors,Retailer,Tezpur,Assam,North-East,Bikash Roy,Credit,RC-3F-04,Compact 3-Fold - Navy Blue,3-Fold Umbrella,12,345.0,0.01
SO000723,2025-12-06,Delivered,C002,City Distributors,Retailer,Tezpur,Assam,North-East,Bikash Roy,Credit,RC-KD-03,Kiddo Kids - Sky Blue,Kids Umbrella,12,185.0,0.02
SO000724,2025-12-06,Delivered,C009,Brahmaputra General Store,Retailer,Guwahati,Assam,North-East,Bikash Roy,Cash,RC-2F-03,Classic 2-Fold - Checks,2-Fold Umbrella,24,435.0,0.0
SO000724,2025-12-06,Delivered,C009,Brahmaputra General Store,Retailer,Guwahati,Assam,North-East,Bikash Roy,Cash,RC-UV-03,SunGuard UV Sun - Checks,UV Sun Umbrella,12,445.0,0.03
SO000724,2025-12-06,Delivered,C009,Brahmaputra General Store,Retailer,Guwahati,Assam,North-East,Bikash Roy,Cash,RC-LG-05,Storm Long - Checks,Long Umbrella,24,345.0,0.01
SO000725,2025-12-08,Delivered,C017,New Traders,Distributor,Tezpur,Assam,North-East,Bikash Roy,Credit,RC-3F-01,Classic 3-Fold - Polka Dot,3-Fold Umbrella,72,330.0,0.12
SO000725,2025-12-08,Delivered,C017,New Traders,Distributor,Tezpur,Assam,North-East,Bikash Roy,Credit,RC-UV-02,SunGuard UV Sun - Grey,UV Sun Umbrella,96,580.0,0.11
SO000725,2025-12-08,Delivered,C017,New Traders,Distributor,Tezpur,Assam,North-East,Bikash Roy,Credit,RC-RC-01,Shield Raincoat - Red,Raincoat,204,690.0,0.1
SO000725,2025-12-08,Delivered,C017,New Traders,Distributor,Tezpur,Assam,North-East,Bikash Roy,Credit,RC-3F-03,Storm 3-Fold - Floral Print,3-Fold Umbrella,180,275.0,0.11
SO000726,2025-12-09,Delivered,C004,Royal Trading Co.,Retailer,Agartala,Tripura,North-East,Bikash Roy,Credit,RC-3F-06,Breeze 3-Fold - Floral Print,3-Fold Umbrella,12,260.0,0.01
SO000726,2025-12-09,Delivered,C004,Royal Trading Co.,Retailer,Agartala,Tripura,North-East,Bikash Roy,Credit,RC-UV-02,SunGuard UV Sun - Grey,UV Sun Umbrella,24,580.0,0.03
SO000727,2025-12-09,Delivered,C024,Rainbow Enterprises,Wholesaler,Dibrugarh,Assam,North-East,Bikash Roy,Credit,RC-KD-01,Kiddo Kids - Cartoon Print,Kids Umbrella,144,220.0,0.04
SO000727,2025-12-09,Delivered,C024,Rainbow Enterprises,Wholesaler,Dibrugarh,Assam,North-East,Bikash Roy,Credit,RC-3F-09,Classic 3-Fold - Black,3-Fold Umbrella,144,205.0,0.04
SO000727,2025-12-09,Delivered,C024,Rainbow Enterprises,Wholesaler,Dibrugarh,Assam,North-East,Bikash Roy,Credit,RC-RC-01,Shield Raincoat - Red,Raincoat,120,690.0,0.06
SO000728,2025-12-10,Delivered,C028,Lokenath General Store,Retailer,Silchar,Assam,North-East,Bikash Roy,Cash,RC-KD-01,Kiddo Kids - Cartoon Print,Kids Umbrella,24,220.0,0.01
SO000728,2025-12-10,Delivered,C028,Lokenath General Store,Retailer,Silchar,Assam,North-East,Bikash Roy,Cash,RC-RC-01,Shield Raincoat - Red,Raincoat,24,690.0,0.01
SO000729,2025-12-11,Delivered,C006,Modern Stores,Wholesaler,Howrah,West Bengal,South Bengal,Amit Sarkar,Credit,RC-3F-08,Compact 3-Fold - Checks,3-Fold Umbrella,84,295.0,0.03
SO000729,2025-12-11,Delivered,C006,Modern Stores,Wholesaler,Howrah,West Bengal,South Bengal,Amit Sarkar,Credit,RC-LG-02,Storm Long - Grey,Long Umbrella,84,385.0,0.06
SO000729,2025-12-11,Delivered,C006,Modern Stores,Wholesaler,Howrah,West Bengal,South Bengal,Amit Sarkar,Credit,RC-UV-04,SunGuard UV Sun - Beige,UV Sun Umbrella,96,420.0,0.03
SO000730,2025-12-11,Delivered,C027,Kalyani General Store,Retailer,Asansol,West Bengal,South Bengal,Amit Sarkar,Cash,RC-3F-05,Breeze 3-Fold - Grey,3-Fold Umbrella,12,255.0,0.03
SO000731,2025-12-15,Delivered,C041,New Enterprises,Distributor,Agartala,Tripura,North-East,Bikash Roy,Credit,RC-UV-01,SunGuard UV Sun - Maroon,UV Sun Umbrella,300,375.0,0.08
SO000731,2025-12-15,Delivered,C041,New Enterprises,Distributor,Agartala,Tripura,North-East,Bikash Roy,Credit,RC-3F-05,Breeze 3-Fold - Grey,3-Fold Umbrella,120,255.0,0.08
SO000731,2025-12-15,Delivered,C041,New Enterprises,Distributor,Agartala,Tripura,North-East,Bikash Roy,Credit,RC-2F-05,Breeze 2-Fold - Grey,2-Fold Umbrella,96,375.0,0.11
SO000731,2025-12-15,Delivered,C041,New Enterprises,Distributor,Agartala,Tripura,North-East,Bikash Roy,Credit,RC-3F-10,Compact 3-Fold - Red,3-Fold Umbrella,180,260.0,0.1
SO000731,2025-12-15,Delivered,C041,New Enterprises,Distributor,Agartala,Tripura,North-East,Bikash Roy,Credit,RC-GF-01,Pro Golf - Floral Print,Golf Umbrella,144,745.0,0.08
SO000731,2025-12-15,Delivered,C041,New Enterprises,Distributor,Agartala,Tripura,North-East,Bikash Roy,Credit,RC-RC-01,Shield Raincoat - Red,Raincoat,72,690.0,0.11
SO000732,2025-12-17,Delivered,C007,Biswakarma Bazaar,Wholesaler,Malda,West Bengal,North Bengal,Rina Das,Credit,RC-LG-05,Storm Long - Checks,Long Umbrella,24,345.0,0.05
SO000732,2025-12-17,Delivered,C007,Biswakarma Bazaar,Wholesaler,Malda,West Bengal,North Bengal,Rina Das,Credit,RC-UV-04,SunGuard UV Sun - Beige,UV Sun Umbrella,12,420.0,0.05
SO000732,2025-12-17,Delivered,C007,Biswakarma Bazaar,Wholesaler,Malda,West Bengal,North Bengal,Rina Das,Credit,RC-3F-04,Compact 3-Fold - Navy Blue,3-Fold Umbrella,36,345.0,0.07
SO000733,2025-12-17,Delivered,C038,Kalyani Distributors,Wholesaler,Agartala,Tripura,North-East,Bikash Roy,Credit,RC-UV-01,SunGuard UV Sun - Maroon,UV Sun Umbrella,12,375.0,0.03
SO000733,2025-12-17,Delivered,C038,Kalyani Distributors,Wholesaler,Agartala,Tripura,North-East,Bikash Roy,Credit,RC-2F-03,Classic 2-Fold - Checks,2-Fold Umbrella,72,435.0,0.05
SO000733,2025-12-17,Delivered,C038,Kalyani Distributors,Wholesaler,Agartala,Tripura,North-East,Bikash Roy,Credit,RC-3F-10,Compact 3-Fold - Red,3-Fold Umbrella,24,260.0,0.06
SO000733,2025-12-17,Delivered,C038,Kalyani Distributors,Wholesaler,Agartala,Tripura,North-East,Bikash Roy,Credit,RC-3F-06,Breeze 3-Fold - Floral Print,3-Fold Umbrella,12,260.0,0.04
SO000734,2025-12-17,Delivered,C059,Sunrise Wholesale,Wholesaler,Durgapur,West Bengal,South Bengal,Amit Sarkar,Credit,RC-LG-06,Heritage Long - Maroon,Long Umbrella,48,570.0,0.03
SO000734,2025-12-17,Delivered,C059,Sunrise Wholesale,Wholesaler,Durgapur,West Bengal,South Bengal,Amit Sarkar,Credit,RC-UV-04,SunGuard UV Sun - Beige,UV Sun Umbrella,36,420.0,0.06
SO000735,2025-12-18,Delivered,C041,New Enterprises,Distributor,Agartala,Tripura,North-East,Bikash Roy,Credit,RC-KD-04,Kiddo Kids - Polka Dot,Kids Umbrella,144,235.0,0.11
SO000735,2025-12-18,Delivered,C041,New Enterprises,Distributor,Agartala,Tripura,North-East,Bikash Roy,Credit,RC-UV-04,SunGuard UV Sun - Beige,UV Sun Umbrella,84,420.0,0.09
SO000735,2025-12-18,Delivered,C041,New Enterprises,Distributor,Agartala,Tripura,North-East,Bikash Roy,Credit,RC-UV-01,SunGuard UV Sun - Maroon,UV Sun Umbrella,300,375.0,0.08
SO000736,2025-12-19,Delivered,C011,Sri Durga Umbrella House,Retailer,Silchar,Assam,North-East,Bikash Roy,Cash,RC-RC-01,Shield Raincoat - Red,Raincoat,12,690.0,0.03
SO000736,2025-12-19,Delivered,C011,Sri Durga Umbrella House,Retailer,Silchar,Assam,North-East,Bikash Roy,Cash,RC-UV-04,SunGuard UV Sun - Beige,UV Sun Umbrella,12,420.0,0.0
SO000737,2025-12-22,Delivered,C046,Sri Durga Traders,Distributor,Cooch Behar,West Bengal,North Bengal,Rina Das,Credit,RC-RC-03,Shield Raincoat - Grey,Raincoat,168,740.0,0.11
SO000737,2025-12-22,Delivered,C046,Sri Durga Traders,Distributor,Cooch Behar,West Bengal,North Bengal,Rina Das,Credit,RC-3F-04,Compact 3-Fold - Navy Blue,3-Fold Umbrella,72,345.0,0.09
SO000737,2025-12-22,Delivered,C046,Sri Durga Traders,Distributor,Cooch Behar,West Bengal,North Bengal,Rina Das,Credit,RC-LG-01,Auto-Open Long - Maroon,Long Umbrella,84,390.0,0.12
SO000738,2025-12-23,Delivered,C008,Popular & Sons,Retailer,Durgapur,West Bengal,South Bengal,Amit Sarkar,Credit,RC-UV-05,SunGuard UV Sun - Transparent,UV Sun Umbrella,24,525.0,0.02
SO000738,2025-12-23,Delivered,C008,Popular & Sons,Retailer,Durgapur,West Bengal,South Bengal,Amit Sarkar,Credit,RC-3F-06,Breeze 3-Fold - Floral Print,3-Fold Umbrella,12,260.0,0.0
SO000739,2025-12-27,Delivered,C034,Sai Distributors,Wholesaler,Imphal,Manipur,North-East,Bikash Roy,Credit,RC-UV-04,SunGuard UV Sun - Beige,UV Sun Umbrella,36,420.0,0.03
SO000739,2025-12-27,Delivered,C034,Sai Distributors,Wholesaler,Imphal,Manipur,North-East,Bikash Roy,Credit,RC-3F-03,Storm 3-Fold - Floral Print,3-Fold Umbrella,72,275.0,0.04
SO000739,2025-12-27,Delivered,C034,Sai Distributors,Wholesaler,Imphal,Manipur,North-East,Bikash Roy,Credit,RC-3F-07,Classic 3-Fold - Beige,3-Fold Umbrella,24,300.0,0.03
SO000740,2025-12-31,Delivered,C040,Krishna Distributors,Retailer,Patna,Bihar,Other East,Rakesh Singh,Credit,RC-2F-06,Breeze 2-Fold - Floral Print,2-Fold Umbrella,36,270.0,0.01
SO000741,2025-12-31,Delivered,C041,New Enterprises,Distributor,Agartala,Tripura,North-East,Bikash Roy,Credit,RC-2F-01,Classic 2-Fold - Maroon,2-Fold Umbrella,132,310.0,0.09
SO000741,2025-12-31,Delivered,C041,New Enterprises,Distributor,Agartala,Tripura,North-East,Bikash Roy,Credit,RC-2F-03,Classic 2-Fold - Checks,2-Fold Umbrella,72,435.0,0.09
SO000741,2025-12-31,Delivered,C041,New Enterprises,Distributor,Agartala,Tripura,North-East,Bikash Roy,Credit,RC-3F-04,Compact 3-Fold - Navy Blue,3-Fold Umbrella,276,345.0,0.08
SO000741,2025-12-31,Delivered,C041,New Enterprises,Distributor,Agartala,Tripura,North-East,Bikash Roy,Credit,RC-KD-02,Kiddo Kids - Yellow,Kids Umbrella,180,210.0,0.11
SO000742,2026-01-02,Delivered,C005,Jai Hind Umbrella House,Retailer,Cuttack,Odisha,Other East,Rakesh Singh,Cash,RC-2F-03,Classic 2-Fold - Checks,2-Fold Umbrella,12,435.0,0.02
SO000742,2026-01-02,Delivered,C005,Jai Hind Umbrella House,Retailer,Cuttack,Odisha,Other East,Rakesh Singh,Cash,RC-LG-03,Storm Long - Bottle Green,Long Umbrella,12,430.0,0.02
SO000743,2026-01-02,Delivered,C044,Maa Tara Wholesale,Retailer,Itanagar,Arunachal Pradesh,North-East,Bikash Roy,Cash,RC-3F-04,Compact 3-Fold - Navy Blue,3-Fold Umbrella,24,345.0,0.02
SO000743,2026-01-02,Delivered,C044,Maa Tara Wholesale,Retailer,Itanagar,Arunachal Pradesh,North-East,Bikash Roy,Cash,RC-UV-02,SunGuard UV Sun - Grey,UV Sun Umbrella,12,580.0,0.02
SO000744,2026-01-03,Delivered,C048,Purbanchal Agencies,Wholesaler,Tezpur,Assam,North-East,Bikash Roy,Credit,RC-3F-08,Compact 3-Fold - Checks,3-Fold Umbrella,60,295.0,0.05
SO000744,2026-01-03,Delivered,C048,Purbanchal Agencies,Wholesaler,Tezpur,Assam,North-East,Bikash Roy,Credit,RC-RC-05,Shield Raincoat - Polka Dot,Raincoat,48,655.0,0.07
SO000745,2026-01-05,Delivered,C039,Modern Stores,Distributor,Jalpaiguri,West Bengal,North Bengal,Rina Das,Credit,RC-2F-05,Breeze 2-Fold - Grey,2-Fold Umbrella,60,375.0,0.1
SO000745,2026-01-05,Delivered,C039,Modern Stores,Distributor,Jalpaiguri,West Bengal,North Bengal,Rina Das,Credit,RC-UV-02,SunGuard UV Sun - Grey,UV Sun Umbrella,204,580.0,0.11
SO000745,2026-01-05,Delivered,C039,Modern Stores,Distributor,Jalpaiguri,West Bengal,North Bengal,Rina Das,Credit,RC-UV-05,SunGuard UV Sun - Transparent,UV Sun Umbrella,168,525.0,0.1
SO000746,2026-01-07,Delivered,C018,New Traders,Retailer,Itanagar,Arunachal Pradesh,North-East,Bikash Roy,Credit,RC-UV-04,SunGuard UV Sun - Beige,UV Sun Umbrella,36,420.0,0.0
SO000747,2026-01-08,Delivered,C012,Sonali Marketing,Wholesaler,Ranchi,Jharkhand,Other East,Rakesh Singh,Credit,RC-UV-04,SunGuard UV Sun - Beige,UV Sun Umbrella,60,420.0,0.06
SO000747,2026-01-08,Delivered,C012,Sonali Marketing,Wholesaler,Ranchi,Jharkhand,Other East,Rakesh Singh,Credit,RC-UV-01,SunGuard UV Sun - Maroon,UV Sun Umbrella,60,375.0,0.05
SO000747,2026-01-08,Delivered,C012,Sonali Marketing,Wholesaler,Ranchi,Jharkhand,Other East,Rakesh Singh,Credit,RC-RC-01,Shield Raincoat - Red,Raincoat,24,690.0,0.05
SO000747,2026-01-08,Delivered,C012,Sonali Marketing,Wholesaler,Ranchi,Jharkhand,Other East,Rakesh Singh,Credit,RC-KD-01,Kiddo Kids - Cartoon Print,Kids Umbrella,60,220.0,0.03
SO000748,2026-01-10,Delivered,C041,New Enterprises,Distributor,Agartala,Tripura,North-East,Bikash Roy,Credit,RC-KD-01,Kiddo Kids - Cartoon Print,Kids Umbrella,132,220.0,0.09
SO000748,2026-01-10,Delivered,C041,New Enterprises,Distributor,Agartala,Tripura,North-East,Bikash Roy,Credit,RC-UV-03,SunGuard UV Sun - Checks,UV Sun Umbrella,192,445.0,0.11
SO000748,2026-01-10,Delivered,C041,New Enterprises,Distributor,Agartala,Tripura,North-East,Bikash Roy,Credit,RC-3F-01,Classic 3-Fold - Polka Dot,3-Fold Umbrella,96,330.0,0.12
SO000748,2026-01-10,Delivered,C041,New Enterprises,Distributor,Agartala,Tripura,North-East,Bikash Roy,Credit,RC-RC-02,Shield Raincoat - Bottle Green,Raincoat,84,690.0,0.12
SO000748,2026-01-10,Delivered,C041,New Enterprises,Distributor,Agartala,Tripura,North-East,Bikash Roy,Credit,RC-3F-06,Breeze 3-Fold - Floral Print,3-Fold Umbrella,132,260.0,0.1
SO000748,2026-01-10,Delivered,C041,New Enterprises,Distributor,Agartala,Tripura,North-East,Bikash Roy,Credit,RC-UV-02,SunGuard UV Sun - Grey,UV Sun Umbrella,84,580.0,0.1
SO000749,2026-01-10,Delivered,C048,Purbanchal Agencies,Wholesaler,Tezpur,Assam,North-East,Bikash Roy,Credit,RC-2F-02,Breeze 2-Fold - Red,2-Fold Umbrella,24,290.0,0.07
SO000749,2026-01-10,Delivered,C048,Purbanchal Agencies,Wholesaler,Tezpur,Assam,North-East,Bikash Roy,Credit,RC-UV-04,SunGuard UV Sun - Beige,UV Sun Umbrella,48,420.0,0.04
SO000749,2026-01-10,Delivered,C048,Purbanchal Agencies,Wholesaler,Tezpur,Assam,North-East,Bikash Roy,Credit,RC-3F-09,Classic 3-Fold - Black,3-Fold Umbrella,72,205.0,0.04
SO000750,2026-01-12,Delivered,C040,Krishna Distributors,Retailer,Patna,Bihar,Other East,Rakesh Singh,Credit,RC-UV-04,SunGuard UV Sun - Beige,UV Sun Umbrella,24,420.0,0.0
SO000750,2026-01-12,Delivered,C040,Krishna Distributors,Retailer,Patna,Bihar,Other East,Rakesh Singh,Credit,RC-3F-04,Compact 3-Fold - Navy Blue,3-Fold Umbrella,24,345.0,0.02
SO000750,2026-01-12,Delivered,C040,Krishna Distributors,Retailer,Patna,Bihar,Other East,Rakesh Singh,Credit,RC-UV-01,SunGuard UV Sun - Maroon,UV Sun Umbrella,36,375.0,0.01
SO000751,2026-01-15,Delivered,C048,Purbanchal Agencies,Wholesaler,Tezpur,Assam,North-East,Bikash Roy,Credit,RC-UV-04,SunGuard UV Sun - Beige,UV Sun Umbrella,84,420.0,0.06
SO000751,2026-01-15,Delivered,C048,Purbanchal Agencies,Wholesaler,Tezpur,Assam,North-East,Bikash Roy,Credit,RC-3F-06,Breeze 3-Fold - Floral Print,3-Fold Umbrella,48,260.0,0.06
SO000751,2026-01-15,Delivered,C048,Purbanchal Agencies,Wholesaler,Tezpur,Assam,North-East,Bikash Roy,Credit,RC-3F-10,Compact 3-Fold - Red,3-Fold Umbrella,60,260.0,0.04
SO000752,2026-01-19,Delivered,C013,Hanuman Stores,Wholesaler,Bardhaman,West Bengal,South Bengal,Amit Sarkar,Credit,RC-UV-04,SunGuard UV Sun - Beige,UV Sun Umbrella,156,420.0,0.07
SO000752,2026-01-19,Delivered,C013,Hanuman Stores,Wholesaler,Bardhaman,West Bengal,South Bengal,Amit Sarkar,Credit,RC-KD-01,Kiddo Kids - Cartoon Print,Kids Umbrella,36,220.0,0.04
SO000752,2026-01-19,Delivered,C013,Hanuman Stores,Wholesaler,Bardhaman,West Bengal,South Bengal,Amit Sarkar,Credit,RC-2F-01,Classic 2-Fold - Maroon,2-Fold Umbrella,96,310.0,0.03
SO000753,2026-01-20,Delivered,C050,Biswakarma Traders,Retailer,Shillong,Meghalaya,North-East,Bikash Roy,Cash,RC-UV-04,SunGuard UV Sun - Beige,UV Sun Umbrella,36,420.0,0.03
SO000754,2026-01-21,Delivered,C038,Kalyani Distributors,Wholesaler,Agartala,Tripura,North-East,Bikash Roy,Credit,RC-UV-04,SunGuard UV Sun - Beige,UV Sun Umbrella,24,420.0,0.06
SO000754,2026-01-21,Delivered,C038,Kalyani Distributors,Wholesaler,Agartala,Tripura,North-East,Bikash Roy,Credit,RC-3F-06,Breeze 3-Fold - Floral Print,3-Fold Umbrella,24,260.0,0.05
SO000754,2026-01-21,Delivered,C038,Kalyani Distributors,Wholesaler,Agartala,Tripura,North-East,Bikash Roy,Credit,RC-3F-10,Compact 3-Fold - Red,3-Fold Umbrella,24,260.0,0.05
SO000754,2026-01-21,Delivered,C038,Kalyani Distributors,Wholesaler,Agartala,Tripura,North-East,Bikash Roy,Credit,RC-UV-01,SunGuard UV Sun - Maroon,UV Sun Umbrella,48,375.0,0.04
SO000755,2026-01-29,Delivered,C048,Purbanchal Agencies,Wholesaler,Tezpur,Assam,North-East,Bikash Roy,Credit,RC-3F-01,Classic 3-Fold - Polka Dot,3-Fold Umbrella,72,330.0,0.03
SO000755,2026-01-29,Delivered,C048,Purbanchal Agencies,Wholesaler,Tezpur,Assam,North-East,Bikash Roy,Credit,RC-UV-01,SunGuard UV Sun - Maroon,UV Sun Umbrella,84,375.0,0.06
SO000755,2026-01-29,Delivered,C048,Purbanchal Agencies,Wholesaler,Tezpur,Assam,North-East,Bikash Roy,Credit,RC-KD-02,Kiddo Kids - Yellow,Kids Umbrella,24,210.0,0.04
SO000756,2026-01-29,Delivered,C049,Biswakarma Traders,Retailer,Kolkata,West Bengal,South Bengal,Amit Sarkar,Credit,RC-UV-04,SunGuard UV Sun - Beige,UV Sun Umbrella,60,420.0,0.03
SO000756,2026-01-29,Delivered,C049,Biswakarma Traders,Retailer,Kolkata,West Bengal,South Bengal,Amit Sarkar,Credit,RC-RC-01,Shield Raincoat - Red,Raincoat,36,690.0,0.01
SO000756,2026-01-29,Delivered,C049,Biswakarma Traders,Retailer,Kolkata,West Bengal,South Bengal,Amit Sarkar,Credit,RC-3F-01,Classic 3-Fold - Polka Dot,3-Fold Umbrella,12,330.0,0.01
SO000757,2026-01-29,Delivered,C050,Biswakarma Traders,Retailer,Shillong,Meghalaya,North-East,Bikash Roy,Cash,RC-2F-02,Breeze 2-Fold - Red,2-Fold Umbrella,12,290.0,0.02
SO000757,2026-01-29,Delivered,C050,Biswakarma Traders,Retailer,Shillong,Meghalaya,North-East,Bikash Roy,Cash,RC-RC-01,Shield Raincoat - Red,Raincoat,12,690.0,0.01
SO000757,2026-01-29,Delivered,C050,Biswakarma Traders,Retailer,Shillong,Meghalaya,North-East,Bikash Roy,Cash,RC-UV-04,SunGuard UV Sun - Beige,UV Sun Umbrella,24,420.0,0.0
SO000758,2026-01-31,Delivered,C010,Ganga Bastralaya,Wholesaler,Jorhat,Assam,North-East,Bikash Roy,Credit,RC-UV-04,SunGuard UV Sun - Beige,UV Sun Umbrella,84,420.0,0.07
SO000758,2026-01-31,Delivered,C010,Ganga Bastralaya,Wholesaler,Jorhat,Assam,North-East,Bikash Roy,Credit,RC-KD-03,Kiddo Kids - Sky Blue,Kids Umbrella,84,185.0,0.04
SO000758,2026-01-31,Delivered,C010,Ganga Bastralaya,Wholesaler,Jorhat,Assam,North-East,Bikash Roy,Credit,RC-3F-10,Compact 3-Fold - Red,3-Fold Umbrella,72,260.0,0.05
SO000758,2026-01-31,Delivered,C010,Ganga Bastralaya,Wholesaler,Jorhat,Assam,North-East,Bikash Roy,Credit,RC-2F-04,Classic 2-Fold - Red,2-Fold Umbrella,24,310.0,0.04
SO000759,2026-02-02,Delivered,C029,City Stores,Retailer,Durgapur,West Bengal,South Bengal,Amit Sarkar,Cash,RC-3F-07,Classic 3-Fold - Beige,3-Fold Umbrella,24,300.0,0.02
SO000759,2026-02-02,Delivered,C029,City Stores,Retailer,Durgapur,West Bengal,South Bengal,Amit Sarkar,Cash,RC-UV-04,SunGuard UV Sun - Beige,UV Sun Umbrella,36,420.0,0.01
SO000759,2026-02-02,Delivered,C029,City Stores,Retailer,Durgapur,West Bengal,South Bengal,Amit Sarkar,Cash,RC-UV-01,SunGuard UV Sun - Maroon,UV Sun Umbrella,36,375.0,0.01
SO000760,2026-02-02,Delivered,C038,Kalyani Distributors,Wholesaler,Agartala,Tripura,North-East,Bikash Roy,Credit,RC-UV-05,SunGuard UV Sun - Transparent,UV Sun Umbrella,60,525.0,0.03
SO000760,2026-02-02,Delivered,C038,Kalyani Distributors,Wholesaler,Agartala,Tripura,North-East,Bikash Roy,Credit,RC-UV-04,SunGuard UV Sun - Beige,UV Sun Umbrella,48,420.0,0.05
SO000760,2026-02-02,Delivered,C038,Kalyani Distributors,Wholesaler,Agartala,Tripura,North-East,Bikash Roy,Credit,RC-2F-02,Breeze 2-Fold - Red,2-Fold Umbrella,84,290.0,0.03
SO000760,2026-02-02,Delivered,C038,Kalyani Distributors,Wholesaler,Agartala,Tripura,North-East,Bikash Roy,Credit,RC-2F-05,Breeze 2-Fold - Grey,2-Fold Umbrella,60,375.0,0.06
SO000761,2026-02-03,Delivered,C001,Laxmi Distributors,Retailer,Agartala,Tripura,North-East,Bikash Roy,Cash,RC-3F-07,Classic 3-Fold - Beige,3-Fold Umbrella,12,300.0,0.03
SO000761,2026-02-03,Delivered,C001,Laxmi Distributors,Retailer,Agartala,Tripura,North-East,Bikash Roy,Cash,RC-UV-04,SunGuard UV Sun - Beige,UV Sun Umbrella,12,420.0,0.02
SO000762,2026-02-03,Delivered,C018,New Traders,Retailer,Itanagar,Arunachal Pradesh,North-East,Bikash Roy,Credit,RC-2F-01,Classic 2-Fold - Maroon,2-Fold Umbrella,12,310.0,0.01
SO000763,2026-02-04,Delivered,C021,City Traders,Wholesaler,Bhubaneswar,Odisha,Other East,Rakesh Singh,Credit,RC-3F-08,Compact 3-Fold - Checks,3-Fold Umbrella,24,295.0,0.07
SO000763,2026-02-04,Delivered,C021,City Traders,Wholesaler,Bhubaneswar,Odisha,Other East,Rakesh Singh,Credit,RC-2F-03,Classic 2-Fold - Checks,2-Fold Umbrella,36,435.0,0.03
SO000763,2026-02-04,Delivered,C021,City Traders,Wholesaler,Bhubaneswar,Odisha,Other East,Rakesh Singh,Credit,RC-UV-02,SunGuard UV Sun - Grey,UV Sun Umbrella,84,580.0,0.04
SO000764,2026-02-04,Delivered,C032,Modern Bazaar,Retailer,Jamshedpur,Jharkhand,Other East,Rakesh Singh,Cash,RC-3F-04,Compact 3-Fold - Navy Blue,3-Fold Umbrella,12,345.0,0.01
SO000764,2026-02-04,Delivered,C032,Modern Bazaar,Retailer,Jamshedpur,Jharkhand,Other East,Rakesh Singh,Cash,RC-3F-09,Classic 3-Fold - Black,3-Fold Umbrella,24,205.0,0.01
SO000764,2026-02-04,Delivered,C032,Modern Bazaar,Retailer,Jamshedpur,Jharkhand,Other East,Rakesh Singh,Cash,RC-RC-01,Shield Raincoat - Red,Raincoat,24,690.0,0.02
SO000765,2026-02-05,Delivered,C060,Modern Marketing,Retailer,Durgapur,West Bengal,South Bengal,Amit Sarkar,Credit,RC-UV-03,SunGuard UV Sun - Checks,UV Sun Umbrella,12,445.0,0.0
SO000765,2026-02-05,Delivered,C060,Modern Marketing,Retailer,Durgapur,West Bengal,South Bengal,Amit Sarkar,Credit,RC-UV-01,SunGuard UV Sun - Maroon,UV Sun Umbrella,12,375.0,0.02
SO000765,2026-02-05,Delivered,C060,Modern Marketing,Retailer,Durgapur,West Bengal,South Bengal,Amit Sarkar,Credit,RC-3F-04,Compact 3-Fold - Navy Blue,3-Fold Umbrella,24,345.0,0.01
SO000766,2026-02-06,Delivered,C040,Krishna Distributors,Retailer,Patna,Bihar,Other East,Rakesh Singh,Credit,RC-UV-04,SunGuard UV Sun - Beige,UV Sun Umbrella,24,420.0,0.01
SO000767,2026-02-07,Delivered,C003,Brahmaputra Wholesale,Distributor,Tezpur,Assam,North-East,Bikash Roy,Credit,RC-UV-04,SunGuard UV Sun - Beige,UV Sun Umbrella,72,420.0,0.09
SO000767,2026-02-07,Delivered,C003,Brahmaputra Wholesale,Distributor,Tezpur,Assam,North-East,Bikash Roy,Credit,RC-KD-01,Kiddo Kids - Cartoon Print,Kids Umbrella,72,220.0,0.12
SO000767,2026-02-07,Delivered,C003,Brahmaputra Wholesale,Distributor,Tezpur,Assam,North-East,Bikash Roy,Credit,RC-RC-01,Shield Raincoat - Red,Raincoat,144,690.0,0.09
SO000768,2026-02-07,Delivered,C023,Krishna Emporium,Retailer,Shillong,Meghalaya,North-East,Bikash Roy,Credit,RC-3F-01,Classic 3-Fold - Polka Dot,3-Fold Umbrella,12,330.0,0.01
SO000769,2026-02-07,Delivered,C045,Krishna Umbrella House,Wholesaler,Kharagpur,West Bengal,South Bengal,Amit Sarkar,Credit,RC-UV-01,SunGuard UV Sun - Maroon,UV Sun Umbrella,36,375.0,0.05
SO000769,2026-02-07,Delivered,C045,Krishna Umbrella House,Wholesaler,Kharagpur,West Bengal,South Bengal,Amit Sarkar,Credit,RC-UV-04,SunGuard UV Sun - Beige,UV Sun Umbrella,12,420.0,0.03
SO000769,2026-02-07,Delivered,C045,Krishna Umbrella House,Wholesaler,Kharagpur,West Bengal,South Bengal,Amit Sarkar,Credit,RC-3F-04,Compact 3-Fold - Navy Blue,3-Fold Umbrella,60,345.0,0.06
SO000769,2026-02-07,Delivered,C045,Krishna Umbrella House,Wholesaler,Kharagpur,West Bengal,South Bengal,Amit Sarkar,Credit,RC-2F-03,Classic 2-Fold - Checks,2-Fold Umbrella,24,435.0,0.06
SO000770,2026-02-10,Delivered,C021,City Traders,Wholesaler,Bhubaneswar,Odisha,Other East,Rakesh Singh,Credit,RC-LG-03,Storm Long - Bottle Green,Long Umbrella,96,430.0,0.07
SO000770,2026-02-10,Delivered,C021,City Traders,Wholesaler,Bhubaneswar,Odisha,Other East,Rakesh Singh,Credit,RC-UV-01,SunGuard UV Sun - Maroon,UV Sun Umbrella,60,375.0,0.06
SO000771,2026-02-10,Delivered,C041,New Enterprises,Distributor,Agartala,Tripura,North-East,Bikash Roy,Credit,RC-UV-03,SunGuard UV Sun - Checks,UV Sun Umbrella,96,445.0,0.08
SO000771,2026-02-10,Delivered,C041,New Enterprises,Distributor,Agartala,Tripura,North-East,Bikash Roy,Credit,RC-UV-02,SunGuard UV Sun - Grey,UV Sun Umbrella,180,580.0,0.11
SO000771,2026-02-10,Delivered,C041,New Enterprises,Distributor,Agartala,Tripura,North-East,Bikash Roy,Credit,RC-2F-04,Classic 2-Fold - Red,2-Fold Umbrella,216,310.0,0.09
SO000771,2026-02-10,Delivered,C041,New Enterprises,Distributor,Agartala,Tripura,North-East,Bikash Roy,Credit,RC-UV-04,SunGuard UV Sun - Beige,UV Sun Umbrella,180,420.0,0.1
SO000772,2026-02-11,Delivered,C018,New Traders,Retailer,Itanagar,Arunachal Pradesh,North-East,Bikash Roy,Credit,RC-UV-04,SunGuard UV Sun - Beige,UV Sun Umbrella,12,420.0,0.01
SO000773,2026-02-11,Delivered,C024,Rainbow Enterprises,Wholesaler,Dibrugarh,Assam,North-East,Bikash Roy,Credit,RC-LG-05,Storm Long - Checks,Long Umbrella,72,345.0,0.05
SO000773,2026-02-11,Delivered,C024,Rainbow Enterprises,Wholesaler,Dibrugarh,Assam,North-East,Bikash Roy,Credit,RC-UV-04,SunGuard UV Sun - Beige,UV Sun Umbrella,120,420.0,0.04
SO000773,2026-02-11,Delivered,C024,Rainbow Enterprises,Wholesaler,Dibrugarh,Assam,North-East,Bikash Roy,Credit,RC-2F-03,Classic 2-Fold - Checks,2-Fold Umbrella,36,435.0,0.05
SO000774,2026-02-12,Delivered,C031,Purbanchal Umbrella House,Retailer,Imphal,Manipur,North-East,Bikash Roy,Credit,RC-3F-03,Storm 3-Fold - Floral Print,3-Fold Umbrella,72,275.0,0.01
SO000775,2026-02-12,Delivered,C033,Krishna Distributors,Retailer,Jalpaiguri,West Bengal,North Bengal,Rina Das,Credit,RC-UV-03,SunGuard UV Sun - Checks,UV Sun Umbrella,12,445.0,0.01
SO000775,2026-02-12,Delivered,C033,Krishna Distributors,Retailer,Jalpaiguri,West Bengal,North Bengal,Rina Das,Credit,RC-KD-04,Kiddo Kids - Polka Dot,Kids Umbrella,12,235.0,0.0
SO000775,2026-02-12,Delivered,C033,Krishna Distributors,Retailer,Jalpaiguri,West Bengal,North Bengal,Rina Das,Credit,RC-UV-01,SunGuard UV Sun - Maroon,UV Sun Umbrella,12,375.0,0.01
SO000776,2026-02-12,Delivered,C045,Krishna Umbrella House,Wholesaler,Kharagpur,West Bengal,South Bengal,Amit Sarkar,Credit,RC-2F-03,Classic 2-Fold - Checks,2-Fold Umbrella,24,435.0,0.05
SO000776,2026-02-12,Delivered,C045,Krishna Umbrella House,Wholesaler,Kharagpur,West Bengal,South Bengal,Amit Sarkar,Credit,RC-UV-05,SunGuard UV Sun - Transparent,UV Sun Umbrella,36,525.0,0.04
SO000776,2026-02-12,Delivered,C045,Krishna Umbrella House,Wholesaler,Kharagpur,West Bengal,South Bengal,Amit Sarkar,Credit,RC-3F-08,Compact 3-Fold - Checks,3-Fold Umbrella,12,295.0,0.05
SO000777,2026-02-12,Delivered,C046,Sri Durga Traders,Distributor,Cooch Behar,West Bengal,North Bengal,Rina Das,Credit,RC-UV-05,SunGuard UV Sun - Transparent,UV Sun Umbrella,276,525.0,0.08
SO000777,2026-02-12,Delivered,C046,Sri Durga Traders,Distributor,Cooch Behar,West Bengal,North Bengal,Rina Das,Credit,RC-3F-08,Compact 3-Fold - Checks,3-Fold Umbrella,72,295.0,0.09
SO000777,2026-02-12,Delivered,C046,Sri Durga Traders,Distributor,Cooch Behar,West Bengal,North Bengal,Rina Das,Credit,RC-UV-04,SunGuard UV Sun - Beige,UV Sun Umbrella,288,420.0,0.1
SO000777,2026-02-12,Delivered,C046,Sri Durga Traders,Distributor,Cooch Behar,West Bengal,North Bengal,Rina Das,Credit,RC-3F-03,Storm 3-Fold - Floral Print,3-Fold Umbrella,300,275.0,0.11
SO000778,2026-02-13,Delivered,C002,City Distributors,Retailer,Tezpur,Assam,North-East,Bikash Roy,Credit,RC-UV-02,SunGuard UV Sun - Grey,UV Sun Umbrella,12,580.0,0.01
SO000778,2026-02-13,Delivered,C002,City Distributors,Retailer,Tezpur,Assam,North-East,Bikash Roy,Credit,RC-UV-04,SunGuard UV Sun - Beige,UV Sun Umbrella,12,420.0,0.01
SO000778,2026-02-13,Delivered,C002,City Distributors,Retailer,Tezpur,Assam,North-East,Bikash Roy,Credit,RC-KD-01,Kiddo Kids - Cartoon Print,Kids Umbrella,12,220.0,0.02
SO000779,2026-02-13,Delivered,C037,Hanuman Marketing,Retailer,Dimapur,Nagaland,North-East,Bikash Roy,Credit,RC-2F-01,Classic 2-Fold - Maroon,2-Fold Umbrella,48,310.0,0.0
SO000779,2026-02-13,Delivered,C037,Hanuman Marketing,Retailer,Dimapur,Nagaland,North-East,Bikash Roy,Credit,RC-UV-03,SunGuard UV Sun - Checks,UV Sun Umbrella,48,445.0,0.03
SO000780,2026-02-13,Delivered,C048,Purbanchal Agencies,Wholesaler,Tezpur,Assam,North-East,Bikash Roy,Credit,RC-UV-04,SunGuard UV Sun - Beige,UV Sun Umbrella,48,420.0,0.06
SO000780,2026-02-13,Delivered,C048,Purbanchal Agencies,Wholesaler,Tezpur,Assam,North-East,Bikash Roy,Credit,RC-3F-08,Compact 3-Fold - Checks,3-Fold Umbrella,36,295.0,0.04
SO000781,2026-02-13,Delivered,C050,Biswakarma Traders,Retailer,Shillong,Meghalaya,North-East,Bikash Roy,Cash,RC-3F-01,Classic 3-Fold - Polka Dot,3-Fold Umbrella,24,330.0,0.01
SO000781,2026-02-13,Delivered,C050,Biswakarma Traders,Retailer,Shillong,Meghalaya,North-East,Bikash Roy,Cash,RC-2F-02,Breeze 2-Fold - Red,2-Fold Umbrella,36,290.0,0.02
SO000782,2026-02-14,Delivered,C005,Jai Hind Umbrella House,Retailer,Cuttack,Odisha,Other East,Rakesh Singh,Cash,RC-UV-04,SunGuard UV Sun - Beige,UV Sun Umbrella,12,420.0,0.01
SO000783,2026-02-14,Delivered,C034,Sai Distributors,Wholesaler,Imphal,Manipur,North-East,Bikash Roy,Credit,RC-3F-03,Storm 3-Fold - Floral Print,3-Fold Umbrella,72,275.0,0.06
SO000783,2026-02-14,Delivered,C034,Sai Distributors,Wholesaler,Imphal,Manipur,North-East,Bikash Roy,Credit,RC-UV-01,SunGuard UV Sun - Maroon,UV Sun Umbrella,36,375.0,0.04
SO000783,2026-02-14,Delivered,C034,Sai Distributors,Wholesaler,Imphal,Manipur,North-East,Bikash Roy,Credit,RC-UV-04,SunGuard UV Sun - Beige,UV Sun Umbrella,84,420.0,0.04
SO000783,2026-02-14,Delivered,C034,Sai Distributors,Wholesaler,Imphal,Manipur,North-East,Bikash Roy,Credit,RC-2F-02,Breeze 2-Fold - Red,2-Fold Umbrella,96,290.0,0.05
SO000784,2026-02-14,Delivered,C038,Kalyani Distributors,Wholesaler,Agartala,Tripura,North-East,Bikash Roy,Credit,RC-3F-01,Classic 3-Fold - Polka Dot,3-Fold Umbrella,72,330.0,0.06
SO000784,2026-02-14,Delivered,C038,Kalyani Distributors,Wholesaler,Agartala,Tripura,North-East,Bikash Roy,Credit,RC-UV-04,SunGuard UV Sun - Beige,UV Sun Umbrella,84,420.0,0.05
SO000785,2026-02-16,Delivered,C031,Purbanchal Umbrella House,Retailer,Imphal,Manipur,North-East,Bikash Roy,Credit,RC-UV-04,SunGuard UV Sun - Beige,UV Sun Umbrella,24,420.0,0.01
SO000785,2026-02-16,Delivered,C031,Purbanchal Umbrella House,Retailer,Imphal,Manipur,North-East,Bikash Roy,Credit,RC-LG-06,Heritage Long - Maroon,Long Umbrella,48,570.0,0.02
SO000785,2026-02-16,Delivered,C031,Purbanchal Umbrella House,Retailer,Imphal,Manipur,North-East,Bikash Roy,Credit,RC-3F-07,Classic 3-Fold - Beige,3-Fold Umbrella,24,300.0,0.02
SO000786,2026-02-17,Delivered,C034,Sai Distributors,Wholesaler,Imphal,Manipur,North-East,Bikash Roy,Credit,RC-UV-03,SunGuard UV Sun - Checks,UV Sun Umbrella,84,445.0,0.06
SO000786,2026-02-17,Delivered,C034,Sai Distributors,Wholesaler,Imphal,Manipur,North-East,Bikash Roy,Credit,RC-UV-01,SunGuard UV Sun - Maroon,UV Sun Umbrella,96,375.0,0.05
SO000786,2026-02-17,Delivered,C034,Sai Distributors,Wholesaler,Imphal,Manipur,North-East,Bikash Roy,Credit,RC-2F-02,Breeze 2-Fold - Red,2-Fold Umbrella,84,290.0,0.03
SO000786,2026-02-17,Delivered,C034,Sai Distributors,Wholesaler,Imphal,Manipur,North-East,Bikash Roy,Credit,RC-3F-03,Storm 3-Fold - Floral Print,3-Fold Umbrella,96,275.0,0.05
SO000787,2026-02-18,Delivered,C014,New Traders,Distributor,Imphal,Manipur,North-East,Bikash Roy,Credit,RC-UV-03,SunGuard UV Sun - Checks,UV Sun Umbrella,108,445.0,0.1
SO000787,2026-02-18,Delivered,C014,New Traders,Distributor,Imphal,Manipur,North-East,Bikash Roy,Credit,RC-UV-04,SunGuard UV Sun - Beige,UV Sun Umbrella,48,420.0,0.08
SO000787,2026-02-18,Delivered,C014,New Traders,Distributor,Imphal,Manipur,North-East,Bikash Roy,Credit,RC-KD-04,Kiddo Kids - Polka Dot,Kids Umbrella,60,235.0,0.08
SO000787,2026-02-18,Delivered,C014,New Traders,Distributor,Imphal,Manipur,North-East,Bikash Roy,Credit,RC-UV-01,SunGuard UV Sun - Maroon,UV Sun Umbrella,72,375.0,0.12
SO000787,2026-02-18,Delivered,C014,New Traders,Distributor,Imphal,Manipur,North-East,Bikash Roy,Credit,RC-KD-03,Kiddo Kids - Sky Blue,Kids Umbrella,60,185.0,0.11
SO000787,2026-02-18,Delivered,C014,New Traders,Distributor,Imphal,Manipur,North-East,Bikash Roy,Credit,RC-2F-04,Classic 2-Fold - Red,2-Fold Umbrella,168,310.0,0.09
SO000788,2026-02-18,Delivered,C024,Rainbow Enterprises,Wholesaler,Dibrugarh,Assam,North-East,Bikash Roy,Credit,RC-2F-01,Classic 2-Fold - Maroon,2-Fold Umbrella,120,310.0,0.04
SO000788,2026-02-18,Delivered,C024,Rainbow Enterprises,Wholesaler,Dibrugarh,Assam,North-East,Bikash Roy,Credit,RC-UV-04,SunGuard UV Sun - Beige,UV Sun Umbrella,144,420.0,0.04
SO000788,2026-02-18,Delivered,C024,Rainbow Enterprises,Wholesaler,Dibrugarh,Assam,North-East,Bikash Roy,Credit,RC-3F-01,Classic 3-Fold - Polka Dot,3-Fold Umbrella,156,330.0,0.04
SO000789,2026-02-18,Delivered,C028,Lokenath General Store,Retailer,Silchar,Assam,North-East,Bikash Roy,Cash,RC-RC-05,Shield Raincoat - Polka Dot,Raincoat,12,655.0,0.02
SO000790,2026-02-18,Delivered,C030,Star Enterprises,Wholesaler,Shillong,Meghalaya,North-East,Bikash Roy,Credit,RC-UV-03,SunGuard UV Sun - Checks,UV Sun Umbrella,36,445.0,0.05
SO000790,2026-02-18,Delivered,C030,Star Enterprises,Wholesaler,Shillong,Meghalaya,North-East,Bikash Roy,Credit,RC-3F-10,Compact 3-Fold - Red,3-Fold Umbrella,60,260.0,0.04
SO000791,2026-02-19,Delivered,C014,New Traders,Distributor,Imphal,Manipur,North-East,Bikash Roy,Credit,RC-UV-02,SunGuard UV Sun - Grey,UV Sun Umbrella,48,580.0,0.1
SO000791,2026-02-19,Delivered,C014,New Traders,Distributor,Imphal,Manipur,North-East,Bikash Roy,Credit,RC-3F-04,Compact 3-Fold - Navy Blue,3-Fold Umbrella,108,345.0,0.09
SO000791,2026-02-19,Delivered,C014,New Traders,Distributor,Imphal,Manipur,North-East,Bikash Roy,Credit,RC-3F-05,Breeze 3-Fold - Grey,3-Fold Umbrella,96,255.0,0.11
SO000792,2026-02-19,Delivered,C030,Star Enterprises,Wholesaler,Shillong,Meghalaya,North-East,Bikash Roy,Credit,RC-UV-03,SunGuard UV Sun - Checks,UV Sun Umbrella,48,445.0,0.03
SO000792,2026-02-19,Delivered,C030,Star Enterprises,Wholesaler,Shillong,Meghalaya,North-East,Bikash Roy,Credit,RC-KD-04,Kiddo Kids - Polka Dot,Kids Umbrella,12,235.0,0.04
SO000792,2026-02-19,Delivered,C030,Star Enterprises,Wholesaler,Shillong,Meghalaya,North-East,Bikash Roy,Credit,RC-LG-06,Heritage Long - Maroon,Long Umbrella,48,570.0,0.05
SO000792,2026-02-19,Delivered,C030,Star Enterprises,Wholesaler,Shillong,Meghalaya,North-East,Bikash Roy,Credit,RC-2F-06,Breeze 2-Fold - Floral Print,2-Fold Umbrella,60,270.0,0.07
SO000793,2026-02-20,Delivered,C029,City Stores,Retailer,Durgapur,West Bengal,South Bengal,Amit Sarkar,Cash,RC-UV-04,SunGuard UV Sun - Beige,UV Sun Umbrella,36,420.0,0.03
SO000794,2026-02-20,Delivered,C058,Lokenath General Store,Wholesaler,Howrah,West Bengal,South Bengal,Amit Sarkar,Credit,RC-UV-04,SunGuard UV Sun - Beige,UV Sun Umbrella,36,420.0,0.03
SO000794,2026-02-20,Delivered,C058,Lokenath General Store,Wholesaler,Howrah,West Bengal,South Bengal,Amit Sarkar,Credit,RC-UV-02,SunGuard UV Sun - Grey,UV Sun Umbrella,36,580.0,0.05
SO000794,2026-02-20,Delivered,C058,Lokenath General Store,Wholesaler,Howrah,West Bengal,South Bengal,Amit Sarkar,Credit,RC-UV-01,SunGuard UV Sun - Maroon,UV Sun Umbrella,72,375.0,0.05
SO000794,2026-02-20,Delivered,C058,Lokenath General Store,Wholesaler,Howrah,West Bengal,South Bengal,Amit Sarkar,Credit,RC-3F-04,Compact 3-Fold - Navy Blue,3-Fold Umbrella,60,345.0,0.05
SO000795,2026-02-21,Delivered,C008,Popular & Sons,Retailer,Durgapur,West Bengal,South Bengal,Amit Sarkar,Credit,RC-2F-04,Classic 2-Fold - Red,2-Fold Umbrella,12,310.0,0.03
SO000796,2026-02-21,Delivered,C041,New Enterprises,Distributor,Agartala,Tripura,North-East,Bikash Roy,Credit,RC-3F-02,Breeze 3-Fold - Transparent,3-Fold Umbrella,180,305.0,0.09
SO000796,2026-02-21,Delivered,C041,New Enterprises,Distributor,Agartala,Tripura,North-East,Bikash Roy,Credit,RC-RC-01,Shield Raincoat - Red,Raincoat,216,690.0,0.09
SO000796,2026-02-21,Delivered,C041,New Enterprises,Distributor,Agartala,Tripura,North-East,Bikash Roy,Credit,RC-2F-06,Breeze 2-Fold - Floral Print,2-Fold Umbrella,216,270.0,0.11
SO000796,2026-02-21,Delivered,C041,New Enterprises,Distributor,Agartala,Tripura,North-East,Bikash Roy,Credit,RC-UV-04,SunGuard UV Sun - Beige,UV Sun Umbrella,72,420.0,0.08
SO000796,2026-02-21,Delivered,C041,New Enterprises,Distributor,Agartala,Tripura,North-East,Bikash Roy,Credit,RC-2F-02,Breeze 2-Fold - Red,2-Fold Umbrella,132,290.0,0.09
SO000796,2026-02-21,Delivered,C041,New Enterprises,Distributor,Agartala,Tripura,North-East,Bikash Roy,Credit,RC-KD-01,Kiddo Kids - Cartoon Print,Kids Umbrella,156,220.0,0.09
SO000797,2026-02-23,Delivered,C010,Ganga Bastralaya,Wholesaler,Jorhat,Assam,North-East,Bikash Roy,Credit,RC-UV-01,SunGuard UV Sun - Maroon,UV Sun Umbrella,60,375.0,0.04
SO000797,2026-02-23,Delivered,C010,Ganga Bastralaya,Wholesaler,Jorhat,Assam,North-East,Bikash Roy,Credit,RC-UV-04,SunGuard UV Sun - Beige,UV Sun Umbrella,60,420.0,0.04
SO000797,2026-02-23,Delivered,C010,Ganga Bastralaya,Wholesaler,Jorhat,Assam,North-East,Bikash Roy,Credit,RC-3F-04,Compact 3-Fold - Navy Blue,3-Fold Umbrella,84,345.0,0.03
SO000798,2026-02-27,Delivered,C017,New Traders,Distributor,Tezpur,Assam,North-East,Bikash Roy,Credit,RC-UV-04,SunGuard UV Sun - Beige,UV Sun Umbrella,180,420.0,0.09
SO000798,2026-02-27,Delivered,C017,New Traders,Distributor,Tezpur,Assam,North-East,Bikash Roy,Credit,RC-2F-03,Classic 2-Fold - Checks,2-Fold Umbrella,132,435.0,0.09
SO000798,2026-02-27,Delivered,C017,New Traders,Distributor,Tezpur,Assam,North-East,Bikash Roy,Credit,RC-3F-05,Breeze 3-Fold - Grey,3-Fold Umbrella,108,255.0,0.09
SO000799,2026-02-27,Delivered,C037,Hanuman Marketing,Retailer,Dimapur,Nagaland,North-East,Bikash Roy,Credit,RC-UV-04,SunGuard UV Sun - Beige,UV Sun Umbrella,12,420.0,0.03
SO000800,2026-02-28,Delivered,C031,Purbanchal Umbrella House,Retailer,Imphal,Manipur,North-East,Bikash Roy,Credit,RC-UV-01,SunGuard UV Sun - Maroon,UV Sun Umbrella,72,375.0,0.02
SO000801,2026-03-02,Delivered,C001,Laxmi Distributors,Retailer,Agartala,Tripura,North-East,Bikash Roy,Cash,RC-UV-02,SunGuard UV Sun - Grey,UV Sun Umbrella,12,580.0,0.01
SO000802,2026-03-02,Delivered,C043,Modern Enterprises,Retailer,Aizawl,Mizoram,North-East,Bikash Roy,Cash,RC-UV-04,SunGuard UV Sun - Beige,UV Sun Umbrella,24,420.0,0.02
SO000802,2026-03-02,Delivered,C043,Modern Enterprises,Retailer,Aizawl,Mizoram,North-East,Bikash Roy,Cash,RC-UV-03,SunGuard UV Sun - Checks,UV Sun Umbrella,12,445.0,0.02
SO000802,2026-03-02,Delivered,C043,Modern Enterprises,Retailer,Aizawl,Mizoram,North-East,Bikash Roy,Cash,RC-3F-04,Compact 3-Fold - Navy Blue,3-Fold Umbrella,24,345.0,0.02
SO000803,2026-03-04,Delivered,C003,Brahmaputra Wholesale,Distributor,Tezpur,Assam,North-East,Bikash Roy,Credit,RC-LG-04,Storm Long - Beige,Long Umbrella,156,420.0,0.11
SO000803,2026-03-04,Delivered,C003,Brahmaputra Wholesale,Distributor,Tezpur,Assam,North-East,Bikash Roy,Credit,RC-3F-06,Breeze 3-Fold - Floral Print,3-Fold Umbrella,72,260.0,0.12
SO000803,2026-03-04,Delivered,C003,Brahmaputra Wholesale,Distributor,Tezpur,Assam,North-East,Bikash Roy,Credit,RC-UV-01,SunGuard UV Sun - Maroon,UV Sun Umbrella,228,375.0,0.12
SO000803,2026-03-04,Delivered,C003,Brahmaputra Wholesale,Distributor,Tezpur,Assam,North-East,Bikash Roy,Credit,RC-UV-03,SunGuard UV Sun - Checks,UV Sun Umbrella,180,445.0,0.1
SO000803,2026-03-04,Delivered,C003,Brahmaputra Wholesale,Distributor,Tezpur,Assam,North-East,Bikash Roy,Credit,RC-LG-01,Auto-Open Long - Maroon,Long Umbrella,156,390.0,0.1
SO000803,2026-03-04,Delivered,C003,Brahmaputra Wholesale,Distributor,Tezpur,Assam,North-East,Bikash Roy,Credit,RC-3F-10,Compact 3-Fold - Red,3-Fold Umbrella,216,260.0,0.08
SO000804,2026-03-04,Delivered,C030,Star Enterprises,Wholesaler,Shillong,Meghalaya,North-East,Bikash Roy,Credit,RC-3F-06,Breeze 3-Fold - Floral Print,3-Fold Umbrella,60,260.0,0.05
SO000804,2026-03-04,Delivered,C030,Star Enterprises,Wholesaler,Shillong,Meghalaya,North-East,Bikash Roy,Credit,RC-RC-03,Shield Raincoat - Grey,Raincoat,24,740.0,0.04
SO000804,2026-03-04,Delivered,C030,Star Enterprises,Wholesaler,Shillong,Meghalaya,North-East,Bikash Roy,Credit,RC-3F-07,Classic 3-Fold - Beige,3-Fold Umbrella,48,300.0,0.06
SO000804,2026-03-04,Delivered,C030,Star Enterprises,Wholesaler,Shillong,Meghalaya,North-East,Bikash Roy,Credit,RC-UV-04,SunGuard UV Sun - Beige,UV Sun Umbrella,72,420.0,0.04
SO000805,2026-03-04,Delivered,C036,Hanuman & Sons,Wholesaler,Asansol,West Bengal,South Bengal,Amit Sarkar,Credit,RC-RC-01,Shield Raincoat - Red,Raincoat,72,690.0,0.04
SO000805,2026-03-04,Delivered,C036,Hanuman & Sons,Wholesaler,Asansol,West Bengal,South Bengal,Amit Sarkar,Credit,RC-UV-02,SunGuard UV Sun - Grey,UV Sun Umbrella,36,580.0,0.04
SO000806,2026-03-04,Delivered,C049,Biswakarma Traders,Retailer,Kolkata,West Bengal,South Bengal,Amit Sarkar,Credit,RC-3F-06,Breeze 3-Fold - Floral Print,3-Fold Umbrella,12,260.0,0.03
SO000806,2026-03-04,Delivered,C049,Biswakarma Traders,Retailer,Kolkata,West Bengal,South Bengal,Amit Sarkar,Credit,RC-UV-04,SunGuard UV Sun - Beige,UV Sun Umbrella,36,420.0,0.01
SO000807,2026-03-05,Delivered,C035,Ganga Traders,Retailer,Bardhaman,West Bengal,South Bengal,Amit Sarkar,Credit,RC-UV-05,SunGuard UV Sun - Transparent,UV Sun Umbrella,12,525.0,0.02
SO000807,2026-03-05,Delivered,C035,Ganga Traders,Retailer,Bardhaman,West Bengal,South Bengal,Amit Sarkar,Credit,RC-LG-01,Auto-Open Long - Maroon,Long Umbrella,24,390.0,0.01
SO000807,2026-03-05,Delivered,C035,Ganga Traders,Retailer,Bardhaman,West Bengal,South Bengal,Amit Sarkar,Credit,RC-3F-05,Breeze 3-Fold - Grey,3-Fold Umbrella,12,255.0,0.0
SO000808,2026-03-05,Delivered,C038,Kalyani Distributors,Wholesaler,Agartala,Tripura,North-East,Bikash Roy,Credit,RC-2F-06,Breeze 2-Fold - Floral Print,2-Fold Umbrella,48,270.0,0.05
SO000808,2026-03-05,Delivered,C038,Kalyani Distributors,Wholesaler,Agartala,Tripura,North-East,Bikash Roy,Credit,RC-RC-02,Shield Raincoat - Bottle Green,Raincoat,60,690.0,0.07
SO000808,2026-03-05,Delivered,C038,Kalyani Distributors,Wholesaler,Agartala,Tripura,North-East,Bikash Roy,Credit,RC-UV-04,SunGuard UV Sun - Beige,UV Sun Umbrella,36,420.0,0.04
SO000808,2026-03-05,Delivered,C038,Kalyani Distributors,Wholesaler,Agartala,Tripura,North-East,Bikash Roy,Credit,RC-LG-05,Storm Long - Checks,Long Umbrella,60,345.0,0.05
SO000809,2026-03-05,Delivered,C041,New Enterprises,Distributor,Agartala,Tripura,North-East,Bikash Roy,Credit,RC-UV-05,SunGuard UV Sun - Transparent,UV Sun Umbrella,84,525.0,0.11
SO000809,2026-03-05,Delivered,C041,New Enterprises,Distributor,Agartala,Tripura,North-East,Bikash Roy,Credit,RC-UV-03,SunGuard UV Sun - Checks,UV Sun Umbrella,156,445.0,0.09
SO000809,2026-03-05,Delivered,C041,New Enterprises,Distributor,Agartala,Tripura,North-East,Bikash Roy,Credit,RC-UV-04,SunGuard UV Sun - Beige,UV Sun Umbrella,132,420.0,0.11
SO000810,2026-03-05,Delivered,C047,Teesta Trading Co.,Retailer,Bhagalpur,Bihar,Other East,Rakesh Singh,Cash,RC-LG-05,Storm Long - Checks,Long Umbrella,12,345.0,0.02
SO000811,2026-03-07,Delivered,C008,Popular & Sons,Retailer,Durgapur,West Bengal,South Bengal,Amit Sarkar,Credit,RC-UV-04,SunGuard UV Sun - Beige,UV Sun Umbrella,24,420.0,0.02
SO000811,2026-03-07,Delivered,C008,Popular & Sons,Retailer,Durgapur,West Bengal,South Bengal,Amit Sarkar,Credit,RC-2F-03,Classic 2-Fold - Checks,2-Fold Umbrella,36,435.0,0.01
SO000811,2026-03-07,Delivered,C008,Popular & Sons,Retailer,Durgapur,West Bengal,South Bengal,Amit Sarkar,Credit,RC-UV-01,SunGuard UV Sun - Maroon,UV Sun Umbrella,36,375.0,0.02
SO000812,2026-03-07,Delivered,C022,Sonali Stores,Retailer,Jamshedpur,Jharkhand,Other East,Rakesh Singh,Credit,RC-3F-07,Classic 3-Fold - Beige,3-Fold Umbrella,36,300.0,0.0
SO000812,2026-03-07,Delivered,C022,Sonali Stores,Retailer,Jamshedpur,Jharkhand,Other East,Rakesh Singh,Credit,RC-UV-04,SunGuard UV Sun - Beige,UV Sun Umbrella,12,420.0,0.01
SO000813,2026-03-07,Delivered,C056,Bharat Wholesale,Retailer,Siliguri,West Bengal,North Bengal,Rina Das,Cash,RC-UV-04,SunGuard UV Sun - Beige,UV Sun Umbrella,24,420.0,0.01
SO000813,2026-03-07,Delivered,C056,Bharat Wholesale,Retailer,Siliguri,West Bengal,North Bengal,Rina Das,Cash,RC-KD-01,Kiddo Kids - Cartoon Print,Kids Umbrella,24,220.0,0.02
SO000814,2026-03-09,Delivered,C002,City Distributors,Retailer,Tezpur,Assam,North-East,Bikash Roy,Credit,RC-3F-06,Breeze 3-Fold - Floral Print,3-Fold Umbrella,12,260.0,0.01
SO000814,2026-03-09,Delivered,C002,City Distributors,Retailer,Tezpur,Assam,North-East,Bikash Roy,Credit,RC-3F-07,Classic 3-Fold - Beige,3-Fold Umbrella,12,300.0,0.0
SO000815,2026-03-09,Delivered,C039,Modern Stores,Distributor,Jalpaiguri,West Bengal,North Bengal,Rina Das,Credit,RC-UV-01,SunGuard UV Sun - Maroon,UV Sun Umbrella,120,375.0,0.09
SO000815,2026-03-09,Delivered,C039,Modern Stores,Distributor,Jalpaiguri,West Bengal,North Bengal,Rina Das,Credit,RC-2F-03,Classic 2-Fold - Checks,2-Fold Umbrella,132,435.0,0.1
SO000815,2026-03-09,Delivered,C039,Modern Stores,Distributor,Jalpaiguri,West Bengal,North Bengal,Rina Das,Credit,RC-UV-03,SunGuard UV Sun - Checks,UV Sun Umbrella,180,445.0,0.09
SO000815,2026-03-09,Delivered,C039,Modern Stores,Distributor,Jalpaiguri,West Bengal,North Bengal,Rina Das,Credit,RC-UV-04,SunGuard UV Sun - Beige,UV Sun Umbrella,96,420.0,0.09
SO000815,2026-03-09,Delivered,C039,Modern Stores,Distributor,Jalpaiguri,West Bengal,North Bengal,Rina Das,Credit,RC-3F-01,Classic 3-Fold - Polka Dot,3-Fold Umbrella,180,330.0,0.09
SO000815,2026-03-09,Delivered,C039,Modern Stores,Distributor,Jalpaiguri,West Bengal,North Bengal,Rina Das,Credit,RC-RC-01,Shield Raincoat - Red,Raincoat,156,690.0,0.11
SO000816,2026-03-10,Delivered,C029,City Stores,Retailer,Durgapur,West Bengal,South Bengal,Amit Sarkar,Cash,RC-3F-08,Compact 3-Fold - Checks,3-Fold Umbrella,12,295.0,0.02
SO000816,2026-03-10,Delivered,C029,City Stores,Retailer,Durgapur,West Bengal,South Bengal,Amit Sarkar,Cash,RC-UV-04,SunGuard UV Sun - Beige,UV Sun Umbrella,36,420.0,0.01
SO000816,2026-03-10,Delivered,C029,City Stores,Retailer,Durgapur,West Bengal,South Bengal,Amit Sarkar,Cash,RC-LG-02,Storm Long - Grey,Long Umbrella,36,385.0,0.02
SO000817,2026-03-10,Delivered,C041,New Enterprises,Distributor,Agartala,Tripura,North-East,Bikash Roy,Credit,RC-3F-07,Classic 3-Fold - Beige,3-Fold Umbrella,96,300.0,0.09
SO000817,2026-03-10,Delivered,C041,New Enterprises,Distributor,Agartala,Tripura,North-East,Bikash Roy,Credit,RC-2F-06,Breeze 2-Fold - Floral Print,2-Fold Umbrella,264,270.0,0.1
SO000817,2026-03-10,Delivered,C041,New Enterprises,Distributor,Agartala,Tripura,North-East,Bikash Roy,Credit,RC-LG-05,Storm Long - Checks,Long Umbrella,204,345.0,0.11
SO000817,2026-03-10,Delivered,C041,New Enterprises,Distributor,Agartala,Tripura,North-East,Bikash Roy,Credit,RC-UV-04,SunGuard UV Sun - Beige,UV Sun Umbrella,96,420.0,0.09
SO000817,2026-03-10,Delivered,C041,New Enterprises,Distributor,Agartala,Tripura,North-East,Bikash Roy,Credit,RC-3F-01,Classic 3-Fold - Polka Dot,3-Fold Umbrella,180,330.0,0.09
SO000817,2026-03-10,Delivered,C041,New Enterprises,Distributor,Agartala,Tripura,North-East,Bikash Roy,Credit,RC-KD-04,Kiddo Kids - Polka Dot,Kids Umbrella,84,235.0,0.09
SO000818,2026-03-10,Delivered,C046,Sri Durga Traders,Distributor,Cooch Behar,West Bengal,North Bengal,Rina Das,Credit,RC-UV-02,SunGuard UV Sun - Grey,UV Sun Umbrella,216,580.0,0.1
SO000818,2026-03-10,Delivered,C046,Sri Durga Traders,Distributor,Cooch Behar,West Bengal,North Bengal,Rina Das,Credit,RC-LG-05,Storm Long - Checks,Long Umbrella,276,345.0,0.09
SO000818,2026-03-10,Delivered,C046,Sri Durga Traders,Distributor,Cooch Behar,West Bengal,North Bengal,Rina Das,Credit,RC-RC-01,Shield Raincoat - Red,Raincoat,72,690.0,0.09
SO000818,2026-03-10,Delivered,C046,Sri Durga Traders,Distributor,Cooch Behar,West Bengal,North Bengal,Rina Das,Credit,RC-UV-04,SunGuard UV Sun - Beige,UV Sun Umbrella,288,420.0,0.09
SO000818,2026-03-10,Delivered,C046,Sri Durga Traders,Distributor,Cooch Behar,West Bengal,North Bengal,Rina Das,Credit,RC-RC-02,Shield Raincoat - Bottle Green,Raincoat,84,690.0,0.08
SO000818,2026-03-10,Delivered,C046,Sri Durga Traders,Distributor,Cooch Behar,West Bengal,North Bengal,Rina Das,Credit,RC-UV-01,SunGuard UV Sun - Maroon,UV Sun Umbrella,276,375.0,0.1
SO000819,2026-03-11,Delivered,C021,City Traders,Wholesaler,Bhubaneswar,Odisha,Other East,Rakesh Singh,Credit,RC-UV-04,SunGuard UV Sun - Beige,UV Sun Umbrella,72,420.0,0.04
SO000819,2026-03-11,Delivered,C021,City Traders,Wholesaler,Bhubaneswar,Odisha,Other East,Rakesh Singh,Credit,RC-3F-08,Compact 3-Fold - Checks,3-Fold Umbrella,84,295.0,0.07
SO000820,2026-03-11,Delivered,C022,Sonali Stores,Retailer,Jamshedpur,Jharkhand,Other East,Rakesh Singh,Credit,RC-UV-05,SunGuard UV Sun - Transparent,UV Sun Umbrella,36,525.0,0.01
SO000821,2026-03-11,Delivered,C038,Kalyani Distributors,Wholesaler,Agartala,Tripura,North-East,Bikash Roy,Credit,RC-3F-04,Compact 3-Fold - Navy Blue,3-Fold Umbrella,12,345.0,0.05
SO000821,2026-03-11,Delivered,C038,Kalyani Distributors,Wholesaler,Agartala,Tripura,North-East,Bikash Roy,Credit,RC-UV-02,SunGuard UV Sun - Grey,UV Sun Umbrella,36,580.0,0.06
SO000822,2026-03-11,Delivered,C039,Modern Stores,Distributor,Jalpaiguri,West Bengal,North Bengal,Rina Das,Credit,RC-UV-03,SunGuard UV Sun - Checks,UV Sun Umbrella,204,445.0,0.08
SO000822,2026-03-11,Delivered,C039,Modern Stores,Distributor,Jalpaiguri,West Bengal,North Bengal,Rina Das,Credit,RC-RC-05,Shield Raincoat - Polka Dot,Raincoat,192,655.0,0.11
SO000822,2026-03-11,Delivered,C039,Modern Stores,Distributor,Jalpaiguri,West Bengal,North Bengal,Rina Das,Credit,RC-2F-01,Classic 2-Fold - Maroon,2-Fold Umbrella,84,310.0,0.08
SO000822,2026-03-11,Delivered,C039,Modern Stores,Distributor,Jalpaiguri,West Bengal,North Bengal,Rina Das,Credit,RC-3F-06,Breeze 3-Fold - Floral Print,3-Fold Umbrella,96,260.0,0.1
SO000823,2026-03-11,Delivered,C051,Sai Traders,Retailer,Asansol,West Bengal,South Bengal,Amit Sarkar,Cash,RC-3F-04,Compact 3-Fold - Navy Blue,3-Fold Umbrella,12,345.0,0.01
SO000823,2026-03-11,Delivered,C051,Sai Traders,Retailer,Asansol,West Bengal,South Bengal,Amit Sarkar,Cash,RC-RC-01,Shield Raincoat - Red,Raincoat,24,690.0,0.0
SO000823,2026-03-11,Delivered,C051,Sai Traders,Retailer,Asansol,West Bengal,South Bengal,Amit Sarkar,Cash,RC-3F-06,Breeze 3-Fold - Floral Print,3-Fold Umbrella,12,260.0,0.02
SO000824,2026-03-12,Delivered,C014,New Traders,Distributor,Imphal,Manipur,North-East,Bikash Roy,Credit,RC-2F-02,Breeze 2-Fold - Red,2-Fold Umbrella,180,290.0,0.09
SO000824,2026-03-12,Delivered,C014,New Traders,Distributor,Imphal,Manipur,North-East,Bikash Roy,Credit,RC-KD-04,Kiddo Kids - Polka Dot,Kids Umbrella,120,235.0,0.09
SO000824,2026-03-12,Delivered,C014,New Traders,Distributor,Imphal,Manipur,North-East,Bikash Roy,Credit,RC-UV-04,SunGuard UV Sun - Beige,UV Sun Umbrella,144,420.0,0.1
SO000824,2026-03-12,Delivered,C014,New Traders,Distributor,Imphal,Manipur,North-East,Bikash Roy,Credit,RC-RC-01,Shield Raincoat - Red,Raincoat,72,690.0,0.11
SO000825,2026-03-12,Delivered,C036,Hanuman & Sons,Wholesaler,Asansol,West Bengal,South Bengal,Amit Sarkar,Credit,RC-3F-07,Classic 3-Fold - Beige,3-Fold Umbrella,24,300.0,0.03
SO000825,2026-03-12,Delivered,C036,Hanuman & Sons,Wholesaler,Asansol,West Bengal,South Bengal,Amit Sarkar,Credit,RC-UV-05,SunGuard UV Sun - Transparent,UV Sun Umbrella,48,525.0,0.04
SO000826,2026-03-12,Delivered,C039,Modern Stores,Distributor,Jalpaiguri,West Bengal,North Bengal,Rina Das,Credit,RC-UV-01,SunGuard UV Sun - Maroon,UV Sun Umbrella,96,375.0,0.09
SO000826,2026-03-12,Delivered,C039,Modern Stores,Distributor,Jalpaiguri,West Bengal,North Bengal,Rina Das,Credit,RC-3F-02,Breeze 3-Fold - Transparent,3-Fold Umbrella,192,305.0,0.08
SO000826,2026-03-12,Delivered,C039,Modern Stores,Distributor,Jalpaiguri,West Bengal,North Bengal,Rina Das,Credit,RC-2F-02,Breeze 2-Fold - Red,2-Fold Umbrella,144,290.0,0.09
SO000826,2026-03-12,Delivered,C039,Modern Stores,Distributor,Jalpaiguri,West Bengal,North Bengal,Rina Das,Credit,RC-3F-03,Storm 3-Fold - Floral Print,3-Fold Umbrella,180,275.0,0.1
SO000827,2026-03-13,Delivered,C008,Popular & Sons,Retailer,Durgapur,West Bengal,South Bengal,Amit Sarkar,Credit,RC-UV-01,SunGuard UV Sun - Maroon,UV Sun Umbrella,24,375.0,0.0
SO000828,2026-03-13,Delivered,C014,New Traders,Distributor,Imphal,Manipur,North-East,Bikash Roy,Credit,RC-UV-05,SunGuard UV Sun - Transparent,UV Sun Umbrella,72,525.0,0.1
SO000828,2026-03-13,Delivered,C014,New Traders,Distributor,Imphal,Manipur,North-East,Bikash Roy,Credit,RC-2F-04,Classic 2-Fold - Red,2-Fold Umbrella,132,310.0,0.09
SO000828,2026-03-13,Delivered,C014,New Traders,Distributor,Imphal,Manipur,North-East,Bikash Roy,Credit,RC-3F-03,Storm 3-Fold - Floral Print,3-Fold Umbrella,144,275.0,0.11
SO000828,2026-03-13,Delivered,C014,New Traders,Distributor,Imphal,Manipur,North-East,Bikash Roy,Credit,RC-3F-06,Breeze 3-Fold - Floral Print,3-Fold Umbrella,96,260.0,0.11
SO000828,2026-03-13,Delivered,C014,New Traders,Distributor,Imphal,Manipur,North-East,Bikash Roy,Credit,RC-2F-06,Breeze 2-Fold - Floral Print,2-Fold Umbrella,60,270.0,0.08
SO000828,2026-03-13,Delivered,C014,New Traders,Distributor,Imphal,Manipur,North-East,Bikash Roy,Credit,RC-3F-08,Compact 3-Fold - Checks,3-Fold Umbrella,96,295.0,0.1
SO000829,2026-03-13,Delivered,C029,City Stores,Retailer,Durgapur,West Bengal,South Bengal,Amit Sarkar,Cash,RC-UV-04,SunGuard UV Sun - Beige,UV Sun Umbrella,36,420.0,0.0
SO000829,2026-03-13,Delivered,C029,City Stores,Retailer,Durgapur,West Bengal,South Bengal,Amit Sarkar,Cash,RC-UV-01,SunGuard UV Sun - Maroon,UV Sun Umbrella,24,375.0,0.0
SO000829,2026-03-13,Delivered,C029,City Stores,Retailer,Durgapur,West Bengal,South Bengal,Amit Sarkar,Cash,RC-2F-06,Breeze 2-Fold - Floral Print,2-Fold Umbrella,36,270.0,0.01
SO000830,2026-03-14,Delivered,C024,Rainbow Enterprises,Wholesaler,Dibrugarh,Assam,North-East,Bikash Roy,Credit,RC-UV-01,SunGuard UV Sun - Maroon,UV Sun Umbrella,72,375.0,0.03
SO000830,2026-03-14,Delivered,C024,Rainbow Enterprises,Wholesaler,Dibrugarh,Assam,North-East,Bikash Roy,Credit,RC-LG-06,Heritage Long - Maroon,Long Umbrella,36,570.0,0.05
SO000830,2026-03-14,Delivered,C024,Rainbow Enterprises,Wholesaler,Dibrugarh,Assam,North-East,Bikash Roy,Credit,RC-KD-04,Kiddo Kids - Polka Dot,Kids Umbrella,36,235.0,0.05
SO000831,2026-03-14,Delivered,C036,Hanuman & Sons,Wholesaler,Asansol,West Bengal,South Bengal,Amit Sarkar,Credit,RC-KD-01,Kiddo Kids - Cartoon Print,Kids Umbrella,48,220.0,0.06
SO000831,2026-03-14,Delivered,C036,Hanuman & Sons,Wholesaler,Asansol,West Bengal,South Bengal,Amit Sarkar,Credit,RC-LG-05,Storm Long - Checks,Long Umbrella,72,345.0,0.04
SO000831,2026-03-14,Delivered,C036,Hanuman & Sons,Wholesaler,Asansol,West Bengal,South Bengal,Amit Sarkar,Credit,RC-3F-02,Breeze 3-Fold - Transparent,3-Fold Umbrella,24,305.0,0.07
SO000832,2026-03-16,Delivered,C013,Hanuman Stores,Wholesaler,Bardhaman,West Bengal,South Bengal,Amit Sarkar,Credit,RC-3F-03,Storm 3-Fold - Floral Print,3-Fold Umbrella,36,275.0,0.04
SO000832,2026-03-16,Delivered,C013,Hanuman Stores,Wholesaler,Bardhaman,West Bengal,South Bengal,Amit Sarkar,Credit,RC-UV-04,SunGuard UV Sun - Beige,UV Sun Umbrella,96,420.0,0.03
SO000832,2026-03-16,Delivered,C013,Hanuman Stores,Wholesaler,Bardhaman,West Bengal,South Bengal,Amit Sarkar,Credit,RC-RC-03,Shield Raincoat - Grey,Raincoat,60,740.0,0.04
SO000832,2026-03-16,Delivered,C013,Hanuman Stores,Wholesaler,Bardhaman,West Bengal,South Bengal,Amit Sarkar,Credit,RC-UV-01,SunGuard UV Sun - Maroon,UV Sun Umbrella,156,375.0,0.07
SO000833,2026-03-16,Delivered,C025,Modern Stores,Retailer,Silchar,Assam,North-East,Bikash Roy,Credit,RC-RC-02,Shield Raincoat - Bottle Green,Raincoat,12,690.0,0.01
SO000834,2026-03-17,Pending,C003,Brahmaputra Wholesale,Distributor,Tezpur,Assam,North-East,Bikash Roy,Credit,RC-2F-02,Breeze 2-Fold - Red,2-Fold Umbrella,156,290.0,0.1
SO000834,2026-03-17,Pending,C003,Brahmaputra Wholesale,Distributor,Tezpur,Assam,North-East,Bikash Roy,Credit,RC-3F-02,Breeze 3-Fold - Transparent,3-Fold Umbrella,84,305.0,0.12
SO000834,2026-03-17,Pending,C003,Brahmaputra Wholesale,Distributor,Tezpur,Assam,North-East,Bikash Roy,Credit,RC-UV-05,SunGuard UV Sun - Transparent,UV Sun Umbrella,180,525.0,0.11
SO000835,2026-03-17,Delivered,C018,New Traders,Retailer,Itanagar,Arunachal Pradesh,North-East,Bikash Roy,Credit,RC-2F-03,Classic 2-Fold - Checks,2-Fold Umbrella,36,435.0,0.02
SO000835,2026-03-17,Delivered,C018,New Traders,Retailer,Itanagar,Arunachal Pradesh,North-East,Bikash Roy,Credit,RC-UV-04,SunGuard UV Sun - Beige,UV Sun Umbrella,24,420.0,0.02
SO000835,2026-03-17,Delivered,C018,New Traders,Retailer,Itanagar,Arunachal Pradesh,North-East,Bikash Roy,Credit,RC-2F-06,Breeze 2-Fold - Floral Print,2-Fold Umbrella,24,270.0,0.03
SO000836,2026-03-18,Delivered,C050,Biswakarma Traders,Retailer,Shillong,Meghalaya,North-East,Bikash Roy,Cash,RC-UV-01,SunGuard UV Sun - Maroon,UV Sun Umbrella,24,375.0,0.0
SO000836,2026-03-18,Delivered,C050,Biswakarma Traders,Retailer,Shillong,Meghalaya,North-East,Bikash Roy,Cash,RC-KD-01,Kiddo Kids - Cartoon Print,Kids Umbrella,12,220.0,0.0
SO000837,2026-03-19,Delivered,C046,Sri Durga Traders,Distributor,Cooch Behar,West Bengal,North Bengal,Rina Das,Credit,RC-UV-04,SunGuard UV Sun - Beige,UV Sun Umbrella,120,420.0,0.08
SO000837,2026-03-19,Delivered,C046,Sri Durga Traders,Distributor,Cooch Behar,West Bengal,North Bengal,Rina Das,Credit,RC-UV-03,SunGuard UV Sun - Checks,UV Sun Umbrella,168,445.0,0.09
SO000837,2026-03-19,Delivered,C046,Sri Durga Traders,Distributor,Cooch Behar,West Bengal,North Bengal,Rina Das,Credit,RC-3F-02,Breeze 3-Fold - Transparent,3-Fold Umbrella,72,305.0,0.11
SO000837,2026-03-19,Delivered,C046,Sri Durga Traders,Distributor,Cooch Behar,West Bengal,North Bengal,Rina Das,Credit,RC-3F-04,Compact 3-Fold - Navy Blue,3-Fold Umbrella,84,345.0,0.12
SO000837,2026-03-19,Delivered,C046,Sri Durga Traders,Distributor,Cooch Behar,West Bengal,North Bengal,Rina Das,Credit,RC-3F-10,Compact 3-Fold - Red,3-Fold Umbrella,180,260.0,0.1
SO000838,2026-03-21,Delivered,C021,City Traders,Wholesaler,Bhubaneswar,Odisha,Other East,Rakesh Singh,Credit,RC-UV-03,SunGuard UV Sun - Checks,UV Sun Umbrella,72,445.0,0.06
SO000838,2026-03-21,Delivered,C021,City Traders,Wholesaler,Bhubaneswar,Odisha,Other East,Rakesh Singh,Credit,RC-3F-06,Breeze 3-Fold - Floral Print,3-Fold Umbrella,72,260.0,0.04
SO000838,2026-03-21,Delivered,C021,City Traders,Wholesaler,Bhubaneswar,Odisha,Other East,Rakesh Singh,Credit,RC-UV-04,SunGuard UV Sun - Beige,UV Sun Umbrella,60,420.0,0.03
SO000839,2026-03-21,Delivered,C030,Star Enterprises,Wholesaler,Shillong,Meghalaya,North-East,Bikash Roy,Credit,RC-RC-01,Shield Raincoat - Red,Raincoat,48,690.0,0.05
SO000839,2026-03-21,Delivered,C030,Star Enterprises,Wholesaler,Shillong,Meghalaya,North-East,Bikash Roy,Credit,RC-UV-04,SunGuard UV Sun - Beige,UV Sun Umbrella,84,420.0,0.05
SO000839,2026-03-21,Delivered,C030,Star Enterprises,Wholesaler,Shillong,Meghalaya,North-East,Bikash Roy,Credit,RC-UV-05,SunGuard UV Sun - Transparent,UV Sun Umbrella,24,525.0,0.05
SO000840,2026-03-21,Delivered,C039,Modern Stores,Distributor,Jalpaiguri,West Bengal,North Bengal,Rina Das,Credit,RC-2F-01,Classic 2-Fold - Maroon,2-Fold Umbrella,108,310.0,0.11
SO000840,2026-03-21,Delivered,C039,Modern Stores,Distributor,Jalpaiguri,West Bengal,North Bengal,Rina Das,Credit,RC-LG-02,Storm Long - Grey,Long Umbrella,84,385.0,0.1
SO000840,2026-03-21,Delivered,C039,Modern Stores,Distributor,Jalpaiguri,West Bengal,North Bengal,Rina Das,Credit,RC-3F-08,Compact 3-Fold - Checks,3-Fold Umbrella,180,295.0,0.11
SO000841,2026-03-21,Delivered,C058,Lokenath General Store,Wholesaler,Howrah,West Bengal,South Bengal,Amit Sarkar,Credit,RC-3F-06,Breeze 3-Fold - Floral Print,3-Fold Umbrella,12,260.0,0.04
SO000841,2026-03-21,Delivered,C058,Lokenath General Store,Wholesaler,Howrah,West Bengal,South Bengal,Amit Sarkar,Credit,RC-UV-04,SunGuard UV Sun - Beige,UV Sun Umbrella,24,420.0,0.05
SO000841,2026-03-21,Delivered,C058,Lokenath General Store,Wholesaler,Howrah,West Bengal,South Bengal,Amit Sarkar,Credit,RC-KD-04,Kiddo Kids - Polka Dot,Kids Umbrella,12,235.0,0.06
SO000842,2026-03-23,Delivered,C004,Royal Trading Co.,Retailer,Agartala,Tripura,North-East,Bikash Roy,Credit,RC-UV-04,SunGuard UV Sun - Beige,UV Sun Umbrella,48,420.0,0.02
SO000842,2026-03-23,Delivered,C004,Royal Trading Co.,Retailer,Agartala,Tripura,North-East,Bikash Roy,Credit,RC-3F-03,Storm 3-Fold - Floral Print,3-Fold Umbrella,48,275.0,0.0
SO000843,2026-03-23,Delivered,C021,City Traders,Wholesaler,Bhubaneswar,Odisha,Other East,Rakesh Singh,Credit,RC-UV-04,SunGuard UV Sun - Beige,UV Sun Umbrella,48,420.0,0.05
SO000843,2026-03-23,Delivered,C021,City Traders,Wholesaler,Bhubaneswar,Odisha,Other East,Rakesh Singh,Credit,RC-3F-01,Classic 3-Fold - Polka Dot,3-Fold Umbrella,72,330.0,0.03
SO000844,2026-03-23,Delivered,C034,Sai Distributors,Wholesaler,Imphal,Manipur,North-East,Bikash Roy,Credit,RC-UV-04,SunGuard UV Sun - Beige,UV Sun Umbrella,72,420.0,0.06
SO000844,2026-03-23,Delivered,C034,Sai Distributors,Wholesaler,Imphal,Manipur,North-East,Bikash Roy,Credit,RC-RC-04,Shield Raincoat - Checks,Raincoat,48,435.0,0.04
SO000845,2026-03-23,Delivered,C037,Hanuman Marketing,Retailer,Dimapur,Nagaland,North-East,Bikash Roy,Credit,RC-UV-04,SunGuard UV Sun - Beige,UV Sun Umbrella,24,420.0,0.03
SO000845,2026-03-23,Delivered,C037,Hanuman Marketing,Retailer,Dimapur,Nagaland,North-East,Bikash Roy,Credit,RC-KD-01,Kiddo Kids - Cartoon Print,Kids Umbrella,48,220.0,0.03
SO000845,2026-03-23,Delivered,C037,Hanuman Marketing,Retailer,Dimapur,Nagaland,North-East,Bikash Roy,Credit,RC-UV-01,SunGuard UV Sun - Maroon,UV Sun Umbrella,48,375.0,0.0
SO000846,2026-03-24,Delivered,C034,Sai Distributors,Wholesaler,Imphal,Manipur,North-East,Bikash Roy,Credit,RC-2F-01,Classic 2-Fold - Maroon,2-Fold Umbrella,72,310.0,0.07
SO000846,2026-03-24,Delivered,C034,Sai Distributors,Wholesaler,Imphal,Manipur,North-East,Bikash Roy,Credit,RC-3F-01,Classic 3-Fold - Polka Dot,3-Fold Umbrella,48,330.0,0.04
SO000847,2026-03-24,Delivered,C046,Sri Durga Traders,Distributor,Cooch Behar,West Bengal,North Bengal,Rina Das,Credit,RC-UV-01,SunGuard UV Sun - Maroon,UV Sun Umbrella,276,375.0,0.09
SO000847,2026-03-24,Delivered,C046,Sri Durga Traders,Distributor,Cooch Behar,West Bengal,North Bengal,Rina Das,Credit,RC-UV-04,SunGuard UV Sun - Beige,UV Sun Umbrella,168,420.0,0.1
SO000847,2026-03-24,Delivered,C046,Sri Durga Traders,Distributor,Cooch Behar,West Bengal,North Bengal,Rina Das,Credit,RC-3F-08,Compact 3-Fold - Checks,3-Fold Umbrella,276,295.0,0.11
SO000847,2026-03-24,Delivered,C046,Sri Durga Traders,Distributor,Cooch Behar,West Bengal,North Bengal,Rina Das,Credit,RC-3F-04,Compact 3-Fold - Navy Blue,3-Fold Umbrella,108,345.0,0.1
SO000848,2026-03-25,Delivered,C013,Hanuman Stores,Wholesaler,Bardhaman,West Bengal,South Bengal,Amit Sarkar,Credit,RC-2F-01,Classic 2-Fold - Maroon,2-Fold Umbrella,36,310.0,0.05
SO000848,2026-03-25,Delivered,C013,Hanuman Stores,Wholesaler,Bardhaman,West Bengal,South Bengal,Amit Sarkar,Credit,RC-UV-01,SunGuard UV Sun - Maroon,UV Sun Umbrella,132,375.0,0.05
SO000849,2026-03-25,Delivered,C036,Hanuman & Sons,Wholesaler,Asansol,West Bengal,South Bengal,Amit Sarkar,Credit,RC-2F-01,Classic 2-Fold - Maroon,2-Fold Umbrella,48,310.0,0.03
SO000849,2026-03-25,Delivered,C036,Hanuman & Sons,Wholesaler,Asansol,West Bengal,South Bengal,Amit Sarkar,Credit,RC-UV-01,SunGuard UV Sun - Maroon,UV Sun Umbrella,48,375.0,0.04
SO000850,2026-03-26,Delivered,C024,Rainbow Enterprises,Wholesaler,Dibrugarh,Assam,North-East,Bikash Roy,Credit,RC-RC-02,Shield Raincoat - Bottle Green,Raincoat,120,690.0,0.04
SO000850,2026-03-26,Delivered,C024,Rainbow Enterprises,Wholesaler,Dibrugarh,Assam,North-East,Bikash Roy,Credit,RC-UV-01,SunGuard UV Sun - Maroon,UV Sun Umbrella,60,375.0,0.06
SO000851,2026-03-26,Delivered,C034,Sai Distributors,Wholesaler,Imphal,Manipur,North-East,Bikash Roy,Credit,RC-3F-01,Classic 3-Fold - Polka Dot,3-Fold Umbrella,36,330.0,0.06
SO000851,2026-03-26,Delivered,C034,Sai Distributors,Wholesaler,Imphal,Manipur,North-East,Bikash Roy,Credit,RC-LG-03,Storm Long - Bottle Green,Long Umbrella,48,430.0,0.05
SO000851,2026-03-26,Delivered,C034,Sai Distributors,Wholesaler,Imphal,Manipur,North-East,Bikash Roy,Credit,RC-KD-04,Kiddo Kids - Polka Dot,Kids Umbrella,48,235.0,0.04
SO000852,2026-03-27,In Transit,C048,Purbanchal Agencies,Wholesaler,Tezpur,Assam,North-East,Bikash Roy,Credit,RC-3F-01,Classic 3-Fold - Polka Dot,3-Fold Umbrella,84,330.0,0.04
SO000852,2026-03-27,In Transit,C048,Purbanchal Agencies,Wholesaler,Tezpur,Assam,North-East,Bikash Roy,Credit,RC-UV-04,SunGuard UV Sun - Beige,UV Sun Umbrella,36,420.0,0.07
SO000853,2026-03-27,Delivered,C057,Janata & Sons,Wholesaler,Aizawl,Mizoram,North-East,Bikash Roy,Credit,RC-RC-02,Shield Raincoat - Bottle Green,Raincoat,12,690.0,0.03
SO000853,2026-03-27,Delivered,C057,Janata & Sons,Wholesaler,Aizawl,Mizoram,North-East,Bikash Roy,Credit,RC-UV-04,SunGuard UV Sun - Beige,UV Sun Umbrella,60,420.0,0.05
SO000853,2026-03-27,Delivered,C057,Janata & Sons,Wholesaler,Aizawl,Mizoram,North-East,Bikash Roy,Credit,RC-LG-03,Storm Long - Bottle Green,Long Umbrella,12,430.0,0.07
SO000853,2026-03-27,Delivered,C057,Janata & Sons,Wholesaler,Aizawl,Mizoram,North-East,Bikash Roy,Credit,RC-LG-06,Heritage Long - Maroon,Long Umbrella,48,570.0,0.05
SO000854,2026-03-28,Delivered,C059,Sunrise Wholesale,Wholesaler,Durgapur,West Bengal,South Bengal,Amit Sarkar,Credit,RC-UV-04,SunGuard UV Sun - Beige,UV Sun Umbrella,36,420.0,0.06
SO000854,2026-03-28,Delivered,C059,Sunrise Wholesale,Wholesaler,Durgapur,West Bengal,South Bengal,Amit Sarkar,Credit,RC-KD-04,Kiddo Kids - Polka Dot,Kids Umbrella,36,235.0,0.04
SO000854,2026-03-28,Delivered,C059,Sunrise Wholesale,Wholesaler,Durgapur,West Bengal,South Bengal,Amit Sarkar,Credit,RC-2F-01,Classic 2-Fold - Maroon,2-Fold Umbrella,60,310.0,0.04
SO000855,2026-03-30,In Transit,C018,New Traders,Retailer,Itanagar,Arunachal Pradesh,North-East,Bikash Roy,Credit,RC-RC-01,Shield Raincoat - Red,Raincoat,24,690.0,0.0
SO000855,2026-03-30,In Transit,C018,New Traders,Retailer,Itanagar,Arunachal Pradesh,North-East,Bikash Roy,Credit,RC-RC-05,Shield Raincoat - Polka Dot,Raincoat,36,655.0,0.02
SO000856,2026-03-30,In Transit,C037,Hanuman Marketing,Retailer,Dimapur,Nagaland,North-East,Bikash Roy,Credit,RC-3F-08,Compact 3-Fold - Checks,3-Fold Umbrella,48,295.0,0.02
SO000857,2026-03-30,In Transit,C046,Sri Durga Traders,Distributor,Cooch Behar,West Bengal,North Bengal,Rina Das,Credit,RC-RC-03,Shield Raincoat - Grey,Raincoat,168,740.0,0.1
SO000857,2026-03-30,In Transit,C046,Sri Durga Traders,Distributor,Cooch Behar,West Bengal,North Bengal,Rina Das,Credit,RC-2F-02,Breeze 2-Fold - Red,2-Fold Umbrella,240,290.0,0.09
SO000857,2026-03-30,In Transit,C046,Sri Durga Traders,Distributor,Cooch Behar,West Bengal,North Bengal,Rina Das,Credit,RC-UV-04,SunGuard UV Sun - Beige,UV Sun Umbrella,264,420.0,0.1
SO000858,2026-03-31,Pending,C002,City Distributors,Retailer,Tezpur,Assam,North-East,Bikash Roy,Credit,RC-LG-06,Heritage Long - Maroon,Long Umbrella,12,570.0,0.03
SO000858,2026-03-31,Pending,C002,City Distributors,Retailer,Tezpur,Assam,North-East,Bikash Roy,Credit,RC-UV-04,SunGuard UV Sun - Beige,UV Sun Umbrella,12,420.0,0.01
