bill_no,bill_datetime,store,sku,qty,unit_mrp,discount_pct,net_amount,payment_mode,cashier_id
KOL-000001,2025-04-01 14:23:00,Kolkata Store,RC-2F-01,2,559.0,0.0,1118.0,UPI,KOL-C1
KOL-000002,2025-04-01 19:21:00,Kolkata Store,RC-3F-03,1,399.0,0.0,399.0,Cash,KOL-C2
KOL-000002,2025-04-01 19:21:00,Kolkata Store,RC-3F-04,1,439.0,0.0,439.0,Cash,KOL-C3
KOL-000003,2025-04-01 18:37:00,Kolkata Store,RC-LG-01,1,559.0,0.0,559.0,Cash,KOL-C1
KOL-000003,2025-04-01 18:37:00,Kolkata Store,RC-2F-01,1,559.0,0.0,559.0,Cash,KOL-C2
KOL-000004,2025-04-01 17:30:00,Kolkata Store,RC-2F-01,1,559.0,0.0,559.0,UPI,KOL-C1
KOL-000004,2025-04-01 17:30:00,Kolkata Store,RC-3F-03,1,399.0,0.0,399.0,UPI,KOL-C1
KOL-000005,2025-04-01 12:48:00,Kolkata Store,RC-LG-01,2,559.0,0.0,1118.0,Cash,KOL-C1
KOL-000006,2025-04-01 18:10:00,Kolkata Store,RC-3F-04,1,439.0,0.0,439.0,Cash,KOL-C1
KOL-000006,2025-04-01 18:10:00,Kolkata Store,RC-3F-02,1,549.0,0.0,549.0,Cash,KOL-C1
KOL-000007,2025-04-01 13:37:00,Kolkata Store,RC-3F-04,1,439.0,0.0,439.0,UPI,KOL-C2
KOL-000008,2025-04-02 10:57:00,Kolkata Store,RC-LG-02,1,649.0,0.0,649.0,Cash,KOL-C3
KOL-000009,2025-04-02 20:19:00,Kolkata Store,RC-3F-03,1,399.0,0.05,379.05,UPI,KOL-C3
KOL-000010,2025-04-02 15:11:00,Kolkata Store,RC-3F-02,2,549.0,0.0,1098.0,UPI,KOL-C2
KOL-000011,2025-04-02 15:12:00,Kolkata Store,RC-3F-04,1,439.0,0.0,439.0,UPI,KOL-C1
KOL-000012,2025-04-02 17:33:00,Kolkata Store,RC-3F-03,1,399.0,0.0,399.0,UPI,KOL-C1
KOL-000012,2025-04-02 17:33:00,Kolkata Store,RC-LG-01,1,559.0,0.0,559.0,UPI,KOL-C3
KOL-000013,2025-04-02 20:25:00,Kolkata Store,RC-3F-01,1,479.0,0.0,479.0,Card,KOL-C1
KOL-000014,2025-04-02 16:43:00,Kolkata Store,RC-2F-01,1,559.0,0.05,531.05,UPI,KOL-C1
KOL-000015,2025-04-03 10:16:00,Kolkata Store,RC-KD-01,1,409.0,0.0,409.0,Cash,KOL-C3
KOL-000016,2025-04-03 16:09:00,Kolkata Store,RC-3F-02,1,549.0,0.0,549.0,UPI,KOL-C2
KOL-000017,2025-04-03 13:23:00,Kolkata Store,RC-3F-03,2,399.0,0.0,798.0,UPI,KOL-C2
KOL-000018,2025-04-04 18:34:00,Kolkata Store,RC-2F-01,1,559.0,0.05,531.05,UPI,KOL-C2
KOL-000019,2025-04-04 15:15:00,Kolkata Store,RC-3F-03,1,399.0,0.0,399.0,UPI,KOL-C2
KOL-000020,2025-04-04 16:14:00,Kolkata Store,RC-2F-01,1,559.0,0.05,531.05,UPI,KOL-C3
KOL-000021,2025-04-04 20:57:00,Kolkata Store,RC-3F-01,1,479.0,0.0,479.0,UPI,KOL-C1
KOL-000022,2025-04-05 13:40:00,Kolkata Store,RC-3F-01,1,479.0,0.0,479.0,UPI,KOL-C3
KOL-000023,2025-04-05 18:23:00,Kolkata Store,RC-KD-01,1,409.0,0.0,409.0,UPI,KOL-C1
KOL-000024,2025-04-05 13:47:00,Kolkata Store,RC-3F-04,1,439.0,0.0,439.0,UPI,KOL-C2
KOL-000025,2025-04-05 13:57:00,Kolkata Store,RC-2F-01,1,559.0,0.0,559.0,UPI,KOL-C3
KOL-000026,2025-04-05 14:04:00,Kolkata Store,RC-KD-01,1,409.0,0.0,409.0,UPI,KOL-C1
KOL-000027,2025-04-05 16:39:00,Kolkata Store,RC-KD-01,1,409.0,0.0,409.0,UPI,KOL-C1
KOL-000028,2025-04-05 16:33:00,Kolkata Store,RC-3F-03,1,399.0,0.05,379.05,UPI,KOL-C1
KOL-000028,2025-04-05 16:33:00,Kolkata Store,RC-3F-01,1,479.0,0.05,455.05,UPI,KOL-C1
KOL-000029,2025-04-05 13:50:00,Kolkata Store,RC-3F-03,1,399.0,0.05,379.05,Cash,KOL-C3
KOL-000029,2025-04-05 13:50:00,Kolkata Store,RC-3F-04,1,439.0,0.05,417.05,Cash,KOL-C1
KOL-000030,2025-04-05 11:49:00,Kolkata Store,RC-3F-03,1,399.0,0.0,399.0,Cash,KOL-C3
KOL-000031,2025-04-05 18:00:00,Kolkata Store,RC-KD-01,1,409.0,0.0,409.0,UPI,KOL-C3
KOL-000032,2025-04-05 18:08:00,Kolkata Store,RC-3F-02,1,549.0,0.0,549.0,UPI,KOL-C3
KOL-000033,2025-04-05 19:44:00,Kolkata Store,RC-3F-02,1,549.0,0.0,549.0,Cash,KOL-C3
KOL-000033,2025-04-05 19:44:00,Kolkata Store,RC-2F-01,1,559.0,0.0,559.0,Cash,KOL-C3
KOL-000034,2025-04-05 12:09:00,Kolkata Store,RC-2F-01,1,559.0,0.0,559.0,Cash,KOL-C2
KOL-000034,2025-04-05 12:09:00,Kolkata Store,RC-LG-01,1,559.0,0.0,559.0,Cash,KOL-C3
KOL-000035,2025-04-05 12:01:00,Kolkata Store,RC-2F-01,1,559.0,0.0,559.0,Cash,KOL-C2
KOL-000036,2025-04-06 20:09:00,Kolkata Store,RC-3F-03,1,399.0,0.05,379.05,UPI,KOL-C3
KOL-000037,2025-04-06 10:13:00,Kolkata Store,RC-3F-03,1,399.0,0.05,379.05,Cash,KOL-C1
KOL-000038,2025-04-06 19:06:00,Kolkata Store,RC-3F-03,2,399.0,0.05,758.1,Cash,KOL-C3
KOL-000038,2025-04-06 19:06:00,Kolkata Store,RC-3F-01,1,479.0,0.05,455.05,Cash,KOL-C3
KOL-000038,2025-04-06 19:06:00,Kolkata Store,RC-3F-04,1,439.0,0.05,417.05,Cash,KOL-C1
KOL-000039,2025-04-06 20:51:00,Kolkata Store,RC-2F-01,2,559.0,0.0,1118.0,Cash,KOL-C1
KOL-000040,2025-04-06 18:21:00,Kolkata Store,RC-3F-03,1,399.0,0.05,379.05,Cash,KOL-C2
KOL-000040,2025-04-06 18:21:00,Kolkata Store,RC-2F-01,1,559.0,0.05,531.05,Cash,KOL-C2
KOL-000040,2025-04-06 18:21:00,Kolkata Store,RC-KD-01,2,409.0,0.05,777.1,Cash,KOL-C3
KOL-000041,2025-04-06 13:37:00,Kolkata Store,RC-KD-01,1,409.0,0.0,409.0,UPI,KOL-C3
KOL-000041,2025-04-06 13:37:00,Kolkata Store,RC-3F-04,1,439.0,0.0,439.0,UPI,KOL-C1
KOL-000042,2025-04-07 16:17:00,Kolkata Store,RC-LG-01,1,559.0,0.0,559.0,Cash,KOL-C3
KOL-000043,2025-04-07 13:28:00,Kolkata Store,RC-3F-04,1,439.0,0.0,439.0,Cash,KOL-C1
KOL-000043,2025-04-07 13:28:00,Kolkata Store,RC-LG-01,1,559.0,0.0,559.0,Cash,KOL-C2
KOL-000043,2025-04-07 13:28:00,Kolkata Store,RC-3F-03,1,399.0,0.0,399.0,Cash,KOL-C2
KOL-000044,2025-04-07 17:33:00,Kolkata Store,RC-3F-03,1,399.0,0.0,399.0,Cash,KOL-C1
KOL-000044,2025-04-07 17:33:00,Kolkata Store,RC-2F-01,1,559.0,0.0,559.0,Cash,KOL-C2
KOL-000045,2025-04-07 16:14:00,Kolkata Store,RC-LG-01,1,559.0,0.0,559.0,UPI,KOL-C3
KOL-000045,2025-04-07 16:14:00,Kolkata Store,RC-2F-01,1,559.0,0.0,559.0,UPI,KOL-C2
KOL-000046,2025-04-07 11:06:00,Kolkata Store,RC-2F-01,1,559.0,0.0,559.0,UPI,KOL-C1
KOL-000047,2025-04-07 11:48:00,Kolkata Store,RC-2F-01,1,559.0,0.0,559.0,UPI,KOL-C2
KOL-000048,2025-04-08 19:01:00,Kolkata Store,RC-3F-03,1,399.0,0.05,379.05,Cash,KOL-C1
KOL-000049,2025-04-08 14:07:00,Kolkata Store,RC-3F-01,1,479.0,0.05,455.05,Cash,KOL-C2
KOL-000049,2025-04-08 14:07:00,Kolkata Store,RC-3F-03,1,399.0,0.05,379.05,Cash,KOL-C1
KOL-000050,2025-04-08 18:56:00,Kolkata Store,RC-3F-04,1,439.0,0.0,439.0,UPI,KOL-C3
KOL-000050,2025-04-08 18:56:00,Kolkata Store,RC-2F-01,1,559.0,0.0,559.0,UPI,KOL-C1
KOL-000051,2025-04-08 19:03:00,Kolkata Store,RC-2F-01,1,559.0,0.0,559.0,UPI,KOL-C3
KOL-000052,2025-04-08 17:44:00,Kolkata Store,RC-3F-03,1,399.0,0.05,379.05,Cash,KOL-C2
KOL-000053,2025-04-08 16:21:00,Kolkata Store,RC-3F-03,1,399.0,0.0,399.0,Cash,KOL-C3
KOL-000054,2025-04-08 13:22:00,Kolkata Store,RC-2F-01,2,559.0,0.0,1118.0,Cash,KOL-C2
KOL-000055,2025-04-08 15:44:00,Kolkata Store,RC-3F-03,1,399.0,0.0,399.0,Cash,KOL-C2
KOL-000056,2025-04-08 13:02:00,Kolkata Store,RC-3F-03,1,399.0,0.0,399.0,UPI,KOL-C1
KOL-000056,2025-04-08 13:02:00,Kolkata Store,RC-KD-01,1,409.0,0.0,409.0,UPI,KOL-C3
KOL-000057,2025-04-08 14:11:00,Kolkata Store,RC-2F-01,1,559.0,0.0,559.0,Cash,KOL-C2
KOL-000057,2025-04-08 14:11:00,Kolkata Store,RC-3F-03,1,399.0,0.0,399.0,Cash,KOL-C1
KOL-000057,2025-04-08 14:11:00,Kolkata Store,RC-3F-04,1,439.0,0.0,439.0,Cash,KOL-C2
KOL-000058,2025-04-09 15:37:00,Kolkata Store,RC-KD-01,1,409.0,0.0,409.0,Cash,KOL-C2
KOL-000059,2025-04-09 14:15:00,Kolkata Store,RC-3F-02,1,549.0,0.0,549.0,UPI,KOL-C3
KOL-000059,2025-04-09 14:15:00,Kolkata Store,RC-2F-02,1,609.0,0.0,609.0,UPI,KOL-C1
KOL-000060,2025-04-09 17:08:00,Kolkata Store,RC-LG-01,1,559.0,0.05,531.05,UPI,KOL-C2
KOL-000061,2025-04-09 20:15:00,Kolkata Store,RC-KD-01,1,409.0,0.0,409.0,Cash,KOL-C1
KOL-000062,2025-04-09 13:35:00,Kolkata Store,RC-2F-01,2,559.0,0.0,1118.0,UPI,KOL-C1
KOL-000063,2025-04-09 12:32:00,Kolkata Store,RC-LG-02,1,649.0,0.0,649.0,UPI,KOL-C3
KOL-000064,2025-04-10 16:54:00,Kolkata Store,RC-3F-04,1,439.0,0.0,439.0,UPI,KOL-C3
KOL-000065,2025-04-10 17:17:00,Kolkata Store,RC-3F-01,1,479.0,0.0,479.0,UPI,KOL-C2
KOL-000066,2025-04-10 20:13:00,Kolkata Store,RC-2F-01,1,559.0,0.05,531.05,UPI,KOL-C3
KOL-000067,2025-04-10 16:07:00,Kolkata Store,RC-3F-03,1,399.0,0.0,399.0,Cash,KOL-C1
KOL-000067,2025-04-10 16:07:00,Kolkata Store,RC-3F-01,1,479.0,0.0,479.0,Cash,KOL-C1
KOL-000068,2025-04-11 10:56:00,Kolkata Store,RC-3F-04,1,439.0,0.05,417.05,UPI,KOL-C2
KOL-000068,2025-04-11 10:56:00,Kolkata Store,RC-2F-01,1,559.0,0.05,531.05,UPI,KOL-C3
KOL-000069,2025-04-11 12:25:00,Kolkata Store,RC-2F-01,2,559.0,0.0,1118.0,UPI,KOL-C2
KOL-000070,2025-04-11 18:04:00,Kolkata Store,RC-3F-03,1,399.0,0.0,399.0,Cash,KOL-C2
KOL-000071,2025-04-11 17:32:00,Kolkata Store,RC-3F-01,1,479.0,0.0,479.0,Cash,KOL-C3
KOL-000071,2025-04-11 17:32:00,Kolkata Store,RC-3F-03,1,399.0,0.0,399.0,Cash,KOL-C2
KOL-000072,2025-04-11 17:13:00,Kolkata Store,RC-KD-01,1,409.0,0.0,409.0,UPI,KOL-C1
KOL-000073,2025-04-11 20:22:00,Kolkata Store,RC-KD-01,1,409.0,0.0,409.0,UPI,KOL-C3
KOL-000074,2025-04-11 11:52:00,Kolkata Store,RC-3F-03,1,399.0,0.0,399.0,UPI,KOL-C1
KOL-000075,2025-04-11 15:49:00,Kolkata Store,RC-2F-01,1,559.0,0.05,531.05,UPI,KOL-C1
KOL-000075,2025-04-11 15:49:00,Kolkata Store,RC-3F-01,2,479.0,0.05,910.1,UPI,KOL-C1
KOL-000076,2025-04-11 15:58:00,Kolkata Store,RC-2F-01,1,559.0,0.05,531.05,Cash,KOL-C2
KOL-000077,2025-04-12 18:12:00,Kolkata Store,RC-3F-03,1,399.0,0.0,399.0,Cash,KOL-C2
KOL-000077,2025-04-12 18:12:00,Kolkata Store,RC-LG-01,1,559.0,0.0,559.0,Cash,KOL-C3
KOL-000078,2025-04-12 20:09:00,Kolkata Store,RC-3F-03,1,399.0,0.0,399.0,UPI,KOL-C2
KOL-000079,2025-04-12 15:41:00,Kolkata Store,RC-3F-01,1,479.0,0.0,479.0,UPI,KOL-C3
KOL-000080,2025-04-13 17:40:00,Kolkata Store,RC-KD-01,1,409.0,0.0,409.0,Cash,KOL-C2
KOL-000081,2025-04-13 18:54:00,Kolkata Store,RC-LG-01,2,559.0,0.0,1118.0,UPI,KOL-C1
KOL-000081,2025-04-13 18:54:00,Kolkata Store,RC-KD-01,1,409.0,0.0,409.0,UPI,KOL-C2
KOL-000082,2025-04-13 17:07:00,Kolkata Store,RC-3F-01,1,479.0,0.05,455.05,Card,KOL-C2
KOL-000082,2025-04-13 17:07:00,Kolkata Store,RC-2F-01,1,559.0,0.05,531.05,Card,KOL-C3
KOL-000082,2025-04-13 17:07:00,Kolkata Store,RC-3F-02,2,549.0,0.05,1043.1,Card,KOL-C3
KOL-000083,2025-04-13 19:47:00,Kolkata Store,RC-3F-03,1,399.0,0.0,399.0,Cash,KOL-C1
KOL-000084,2025-04-13 19:24:00,Kolkata Store,RC-3F-03,1,399.0,0.05,379.05,UPI,KOL-C2
KOL-000085,2025-04-13 20:48:00,Kolkata Store,RC-KD-01,1,409.0,0.0,409.0,UPI,KOL-C3
KOL-000086,2025-04-13 18:42:00,Kolkata Store,RC-3F-03,1,399.0,0.0,399.0,Cash,KOL-C3
KOL-000087,2025-04-13 16:58:00,Kolkata Store,RC-3F-01,1,479.0,0.0,479.0,UPI,KOL-C3
KOL-000088,2025-04-14 18:14:00,Kolkata Store,RC-KD-01,1,409.0,0.0,409.0,UPI,KOL-C2
KOL-000089,2025-04-14 13:59:00,Kolkata Store,RC-3F-03,1,399.0,0.0,399.0,UPI,KOL-C1
KOL-000090,2025-04-14 15:13:00,Kolkata Store,RC-LG-01,1,559.0,0.0,559.0,UPI,KOL-C2
KOL-000090,2025-04-14 15:13:00,Kolkata Store,RC-3F-04,1,439.0,0.0,439.0,UPI,KOL-C2
KOL-000091,2025-04-14 14:27:00,Kolkata Store,RC-2F-01,1,559.0,0.0,559.0,UPI,KOL-C1
KOL-000092,2025-04-14 18:30:00,Kolkata Store,RC-LG-02,1,649.0,0.05,616.55,Cash,KOL-C3
KOL-000092,2025-04-14 18:30:00,Kolkata Store,RC-KD-01,1,409.0,0.05,388.55,Cash,KOL-C2
KOL-000093,2025-04-15 18:15:00,Kolkata Store,RC-3F-04,1,439.0,0.0,439.0,UPI,KOL-C1
KOL-000094,2025-04-15 13:57:00,Kolkata Store,RC-3F-04,1,439.0,0.0,439.0,UPI,KOL-C3
KOL-000094,2025-04-15 13:57:00,Kolkata Store,RC-3F-03,1,399.0,0.0,399.0,UPI,KOL-C2
KOL-000095,2025-04-15 18:13:00,Kolkata Store,RC-LG-01,1,559.0,0.0,559.0,UPI,KOL-C2
KOL-000096,2025-04-15 17:42:00,Kolkata Store,RC-KD-01,1,409.0,0.0,409.0,UPI,KOL-C3
KOL-000097,2025-04-15 15:55:00,Kolkata Store,RC-3F-03,1,399.0,0.0,399.0,UPI,KOL-C3
KOL-000098,2025-04-15 14:50:00,Kolkata Store,RC-3F-04,1,439.0,0.0,439.0,UPI,KOL-C2
KOL-000099,2025-04-15 18:05:00,Kolkata Store,RC-3F-01,2,479.0,0.0,958.0,Cash,KOL-C3
KOL-000099,2025-04-15 18:05:00,Kolkata Store,RC-2F-01,1,559.0,0.0,559.0,Cash,KOL-C1
KOL-000100,2025-04-16 12:18:00,Kolkata Store,RC-3F-03,1,399.0,0.0,399.0,Cash,KOL-C3
KOL-000100,2025-04-16 12:18:00,Kolkata Store,RC-3F-04,1,439.0,0.0,439.0,Cash,KOL-C1
KOL-000101,2025-04-16 14:48:00,Kolkata Store,RC-3F-03,1,399.0,0.0,399.0,UPI,KOL-C2
KOL-000102,2025-04-16 14:59:00,Kolkata Store,RC-2F-01,1,559.0,0.0,559.0,UPI,KOL-C2
KOL-000103,2025-04-17 13:01:00,Kolkata Store,RC-3F-04,1,439.0,0.0,439.0,Cash,KOL-C3
KOL-000103,2025-04-17 13:01:00,Kolkata Store,RC-KD-01,1,409.0,0.0,409.0,Cash,KOL-C1
KOL-000104,2025-04-17 16:47:00,Kolkata Store,RC-3F-03,2,399.0,0.0,798.0,Card,KOL-C1
KOL-000104,2025-04-17 16:47:00,Kolkata Store,RC-3F-02,1,549.0,0.0,549.0,Card,KOL-C2
KOL-000105,2025-04-17 16:52:00,Kolkata Store,RC-LG-01,1,559.0,0.0,559.0,UPI,KOL-C3
KOL-000106,2025-04-17 17:08:00,Kolkata Store,RC-2F-01,1,559.0,0.0,559.0,UPI,KOL-C3
KOL-000106,2025-04-17 17:08:00,Kolkata Store,RC-3F-03,1,399.0,0.0,399.0,UPI,KOL-C1
KOL-000106,2025-04-17 17:08:00,Kolkata Store,RC-3F-04,1,439.0,0.0,439.0,UPI,KOL-C1
KOL-000107,2025-04-17 18:54:00,Kolkata Store,RC-KD-01,2,409.0,0.05,777.1,UPI,KOL-C1
KOL-000108,2025-04-18 20:47:00,Kolkata Store,RC-3F-03,1,399.0,0.0,399.0,UPI,KOL-C2
KOL-000109,2025-04-18 19:43:00,Kolkata Store,RC-KD-01,1,409.0,0.0,409.0,Cash,KOL-C2
KOL-000109,2025-04-18 19:43:00,Kolkata Store,RC-3F-04,1,439.0,0.0,439.0,Cash,KOL-C3
KOL-000110,2025-04-18 15:22:00,Kolkata Store,RC-KD-01,1,409.0,0.0,409.0,UPI,KOL-C2
KOL-000110,2025-04-18 15:22:00,Kolkata Store,RC-3F-03,1,399.0,0.0,399.0,UPI,KOL-C3
KOL-000111,2025-04-18 18:11:00,Kolkata Store,RC-KD-01,1,409.0,0.0,409.0,Cash,KOL-C1
KOL-000112,2025-04-18 18:03:00,Kolkata Store,RC-3F-03,1,399.0,0.0,399.0,UPI,KOL-C3
KOL-000112,2025-04-18 18:03:00,Kolkata Store,RC-KD-01,1,409.0,0.0,409.0,UPI,KOL-C1
KOL-000112,2025-04-18 18:03:00,Kolkata Store,RC-3F-01,1,479.0,0.0,479.0,UPI,KOL-C2
KOL-000113,2025-04-19 20:07:00,Kolkata Store,RC-3F-04,1,439.0,0.0,439.0,UPI,KOL-C1
KOL-000114,2025-04-19 16:47:00,Kolkata Store,RC-3F-03,1,399.0,0.0,399.0,Cash,KOL-C2
KOL-000115,2025-04-19 15:54:00,Kolkata Store,RC-3F-02,1,549.0,0.0,549.0,UPI,KOL-C1
KOL-000116,2025-04-19 20:14:00,Kolkata Store,RC-2F-01,1,559.0,0.0,559.0,Card,KOL-C2
KOL-000116,2025-04-19 20:14:00,Kolkata Store,RC-3F-03,1,399.0,0.0,399.0,Card,KOL-C1
KOL-000117,2025-04-20 13:22:00,Kolkata Store,RC-UV-01,1,739.0,0.0,739.0,UPI,KOL-C2
KOL-000118,2025-04-20 11:12:00,Kolkata Store,RC-3F-03,1,399.0,0.0,399.0,Cash,KOL-C2
KOL-000118,2025-04-20 11:12:00,Kolkata Store,RC-UV-01,2,739.0,0.0,1478.0,Cash,KOL-C1
KOL-000118,2025-04-20 11:12:00,Kolkata Store,RC-3F-04,1,439.0,0.0,439.0,Cash,KOL-C1
KOL-000119,2025-04-20 18:57:00,Kolkata Store,RC-3F-03,1,399.0,0.0,399.0,UPI,KOL-C3
KOL-000120,2025-04-20 19:30:00,Kolkata Store,RC-2F-01,1,559.0,0.0,559.0,UPI,KOL-C1
KOL-000121,2025-04-20 19:02:00,Kolkata Store,RC-3F-03,1,399.0,0.05,379.05,Cash,KOL-C2
KOL-000122,2025-04-20 13:40:00,Kolkata Store,RC-3F-03,1,399.0,0.05,379.05,UPI,KOL-C2
KOL-000122,2025-04-20 13:40:00,Kolkata Store,RC-2F-01,1,559.0,0.05,531.05,UPI,KOL-C1
KOL-000123,2025-04-20 19:54:00,Kolkata Store,RC-3F-01,1,479.0,0.0,479.0,Cash,KOL-C1
KOL-000124,2025-04-21 15:06:00,Kolkata Store,RC-3F-03,1,399.0,0.0,399.0,Card,KOL-C2
KOL-000124,2025-04-21 15:06:00,Kolkata Store,RC-KD-01,1,409.0,0.0,409.0,Card,KOL-C2
KOL-000125,2025-04-21 20:14:00,Kolkata Store,RC-KD-01,1,409.0,0.05,388.55,UPI,KOL-C1
KOL-000125,2025-04-21 20:14:00,Kolkata Store,RC-3F-04,1,439.0,0.05,417.05,UPI,KOL-C3
KOL-000126,2025-04-21 18:15:00,Kolkata Store,RC-3F-04,1,439.0,0.0,439.0,UPI,KOL-C1
KOL-000127,2025-04-21 18:37:00,Kolkata Store,RC-2F-01,2,559.0,0.0,1118.0,Cash,KOL-C2
KOL-000127,2025-04-21 18:37:00,Kolkata Store,RC-3F-03,1,399.0,0.0,399.0,Cash,KOL-C2
KOL-000128,2025-04-21 18:36:00,Kolkata Store,RC-LG-01,1,559.0,0.05,531.05,UPI,KOL-C2
KOL-000129,2025-04-21 19:43:00,Kolkata Store,RC-3F-01,1,479.0,0.05,455.05,UPI,KOL-C2
KOL-000130,2025-04-22 18:41:00,Kolkata Store,RC-3F-04,2,439.0,0.0,878.0,UPI,KOL-C2
KOL-000131,2025-04-22 18:18:00,Kolkata Store,RC-KD-01,1,409.0,0.05,388.55,UPI,KOL-C3
KOL-000132,2025-04-22 19:23:00,Kolkata Store,RC-3F-04,1,439.0,0.0,439.0,UPI,KOL-C2
KOL-000132,2025-04-22 19:23:00,Kolkata Store,RC-2F-01,1,559.0,0.0,559.0,UPI,KOL-C2
KOL-000133,2025-04-22 15:07:00,Kolkata Store,RC-LG-01,1,559.0,0.05,531.05,Cash,KOL-C2
KOL-000134,2025-04-22 10:40:00,Kolkata Store,RC-3F-02,1,549.0,0.0,549.0,Cash,KOL-C1
KOL-000135,2025-04-23 16:00:00,Kolkata Store,RC-3F-03,1,399.0,0.0,399.0,UPI,KOL-C3
KOL-000136,2025-04-23 18:10:00,Kolkata Store,RC-3F-03,1,399.0,0.05,379.05,Cash,KOL-C3
KOL-000136,2025-04-23 18:10:00,Kolkata Store,RC-3F-01,1,479.0,0.05,455.05,Cash,KOL-C3
KOL-000136,2025-04-23 18:10:00,Kolkata Store,RC-2F-01,1,559.0,0.05,531.05,Cash,KOL-C2
KOL-000137,2025-04-23 17:41:00,Kolkata Store,RC-3F-03,1,399.0,0.0,399.0,Cash,KOL-C3
KOL-000137,2025-04-23 17:41:00,Kolkata Store,RC-2F-01,2,559.0,0.0,1118.0,Cash,KOL-C1
KOL-000137,2025-04-23 17:41:00,Kolkata Store,RC-3F-02,1,549.0,0.0,549.0,Cash,KOL-C3
KOL-000138,2025-04-23 20:16:00,Kolkata Store,RC-2F-01,1,559.0,0.0,559.0,Cash,KOL-C2
KOL-000138,2025-04-23 20:16:00,Kolkata Store,RC-3F-03,1,399.0,0.0,399.0,Cash,KOL-C3
KOL-000139,2025-04-23 17:21:00,Kolkata Store,RC-KD-01,1,409.0,0.0,409.0,UPI,KOL-C1
KOL-000140,2025-04-23 13:36:00,Kolkata Store,RC-3F-02,1,549.0,0.0,549.0,UPI,KOL-C1
KOL-000141,2025-04-24 17:25:00,Kolkata Store,RC-3F-04,1,439.0,0.0,439.0,UPI,KOL-C3
KOL-000141,2025-04-24 17:25:00,Kolkata Store,RC-2F-01,1,559.0,0.0,559.0,UPI,KOL-C1
KOL-000142,2025-04-24 18:19:00,Kolkata Store,RC-3F-03,1,399.0,0.0,399.0,UPI,KOL-C1
KOL-000142,2025-04-24 18:19:00,Kolkata Store,RC-2F-01,1,559.0,0.0,559.0,UPI,KOL-C3
KOL-000142,2025-04-24 18:19:00,Kolkata Store,RC-3F-04,2,439.0,0.0,878.0,UPI,KOL-C3
KOL-000143,2025-04-24 18:16:00,Kolkata Store,RC-KD-01,1,409.0,0.0,409.0,UPI,KOL-C2
KOL-000144,2025-04-24 11:29:00,Kolkata Store,RC-3F-03,1,399.0,0.0,399.0,UPI,KOL-C2
KOL-000145,2025-04-24 20:58:00,Kolkata Store,RC-3F-01,1,479.0,0.05,455.05,UPI,KOL-C1
KOL-000146,2025-04-25 15:59:00,Kolkata Store,RC-2F-01,1,559.0,0.0,559.0,UPI,KOL-C3
KOL-000147,2025-04-25 15:09:00,Kolkata Store,RC-GF-01,1,1659.0,0.0,1659.0,UPI,KOL-C2
KOL-000148,2025-04-25 18:12:00,Kolkata Store,RC-3F-03,1,399.0,0.0,399.0,Cash,KOL-C3
KOL-000148,2025-04-25 18:12:00,Kolkata Store,RC-2F-01,1,559.0,0.0,559.0,Cash,KOL-C2
KOL-000149,2025-04-25 14:51:00,Kolkata Store,RC-2F-01,1,559.0,0.0,559.0,UPI,KOL-C2
KOL-000149,2025-04-25 14:51:00,Kolkata Store,RC-3F-03,2,399.0,0.0,798.0,UPI,KOL-C1
KOL-000150,2025-04-25 19:34:00,Kolkata Store,RC-3F-03,1,399.0,0.0,399.0,Cash,KOL-C2
KOL-000151,2025-04-25 18:35:00,Kolkata Store,RC-3F-03,2,399.0,0.0,798.0,Cash,KOL-C2
KOL-000152,2025-04-25 20:34:00,Kolkata Store,RC-3F-01,1,479.0,0.0,479.0,UPI,KOL-C3
KOL-000153,2025-04-25 17:29:00,Kolkata Store,RC-LG-02,1,649.0,0.0,649.0,Cash,KOL-C1
KOL-000154,2025-04-26 17:34:00,Kolkata Store,RC-3F-04,1,439.0,0.0,439.0,Cash,KOL-C2
KOL-000155,2025-04-26 19:18:00,Kolkata Store,RC-3F-04,1,439.0,0.0,439.0,Cash,KOL-C2
KOL-000156,2025-04-26 18:55:00,Kolkata Store,RC-LG-01,2,559.0,0.0,1118.0,UPI,KOL-C3
KOL-000156,2025-04-26 18:55:00,Kolkata Store,RC-KD-01,1,409.0,0.0,409.0,UPI,KOL-C1
KOL-000157,2025-04-26 15:00:00,Kolkata Store,RC-3F-03,1,399.0,0.0,399.0,UPI,KOL-C2
KOL-000157,2025-04-26 15:00:00,Kolkata Store,RC-3F-04,1,439.0,0.0,439.0,UPI,KOL-C3
KOL-000158,2025-04-26 14:25:00,Kolkata Store,RC-3F-03,1,399.0,0.0,399.0,Cash,KOL-C2
KOL-000159,2025-04-26 18:43:00,Kolkata Store,RC-2F-01,1,559.0,0.05,531.05,Card,KOL-C2
KOL-000159,2025-04-26 18:43:00,Kolkata Store,RC-LG-01,2,559.0,0.05,1062.1,Card,KOL-C1
KOL-000160,2025-04-26 20:15:00,Kolkata Store,RC-KD-01,1,409.0,0.05,388.55,UPI,KOL-C1
KOL-000160,2025-04-26 20:15:00,Kolkata Store,RC-3F-04,1,439.0,0.05,417.05,UPI,KOL-C3
KOL-000161,2025-04-26 14:00:00,Kolkata Store,RC-3F-03,1,399.0,0.05,379.05,UPI,KOL-C3
KOL-000162,2025-04-26 19:48:00,Kolkata Store,RC-3F-04,1,439.0,0.0,439.0,UPI,KOL-C2
KOL-000163,2025-04-26 12:21:00,Kolkata Store,RC-3F-03,1,399.0,0.05,379.05,UPI,KOL-C3
KOL-000164,2025-04-26 16:02:00,Kolkata Store,RC-LG-01,1,559.0,0.0,559.0,UPI,KOL-C2
KOL-000164,2025-04-26 16:02:00,Kolkata Store,RC-3F-04,1,439.0,0.0,439.0,UPI,KOL-C2
KOL-000164,2025-04-26 16:02:00,Kolkata Store,RC-2F-01,1,559.0,0.0,559.0,UPI,KOL-C2
KOL-000165,2025-04-26 16:17:00,Kolkata Store,RC-KD-01,1,409.0,0.0,409.0,Cash,KOL-C2
KOL-000166,2025-04-26 13:09:00,Kolkata Store,RC-3F-03,1,399.0,0.05,379.05,Card,KOL-C2
KOL-000166,2025-04-26 13:09:00,Kolkata Store,RC-3F-02,1,549.0,0.05,521.55,Card,KOL-C1
KOL-000167,2025-04-26 20:46:00,Kolkata Store,RC-2F-01,1,559.0,0.0,559.0,UPI,KOL-C3
KOL-000168,2025-04-26 18:32:00,Kolkata Store,RC-3F-03,2,399.0,0.05,758.1,Card,KOL-C1
KOL-000169,2025-04-26 19:25:00,Kolkata Store,RC-2F-01,1,559.0,0.0,559.0,Cash,KOL-C2
KOL-000170,2025-04-27 12:28:00,Kolkata Store,RC-2F-01,1,559.0,0.0,559.0,Card,KOL-C1
KOL-000171,2025-04-27 18:57:00,Kolkata Store,RC-LG-01,1,559.0,0.0,559.0,Cash,KOL-C2
KOL-000171,2025-04-27 18:57:00,Kolkata Store,RC-3F-03,2,399.0,0.0,798.0,Cash,KOL-C2
KOL-000172,2025-04-27 10:43:00,Kolkata Store,RC-2F-01,1,559.0,0.05,531.05,UPI,KOL-C3
KOL-000172,2025-04-27 10:43:00,Kolkata Store,RC-3F-04,1,439.0,0.05,417.05,UPI,KOL-C2
KOL-000173,2025-04-27 11:49:00,Kolkata Store,RC-3F-03,1,399.0,0.05,379.05,UPI,KOL-C2
KOL-000173,2025-04-27 11:49:00,Kolkata Store,RC-3F-04,1,439.0,0.05,417.05,UPI,KOL-C2
KOL-000173,2025-04-27 11:49:00,Kolkata Store,RC-LG-01,1,559.0,0.05,531.05,UPI,KOL-C3
KOL-000174,2025-04-28 13:00:00,Kolkata Store,RC-UV-01,1,739.0,0.0,739.0,Cash,KOL-C2
KOL-000175,2025-04-28 20:03:00,Kolkata Store,RC-3F-01,1,479.0,0.0,479.0,UPI,KOL-C2
KOL-000176,2025-04-28 20:24:00,Kolkata Store,RC-UV-01,1,739.0,0.05,702.05,Cash,KOL-C1
KOL-000177,2025-04-28 19:06:00,Kolkata Store,RC-2F-01,1,559.0,0.0,559.0,Cash,KOL-C3
KOL-000178,2025-04-28 14:08:00,Kolkata Store,RC-3F-03,1,399.0,0.0,399.0,UPI,KOL-C2
KOL-000179,2025-04-28 14:00:00,Kolkata Store,RC-3F-02,1,549.0,0.05,521.55,Cash,KOL-C2
KOL-000179,2025-04-28 14:00:00,Kolkata Store,RC-3F-03,1,399.0,0.05,379.05,Cash,KOL-C3
KOL-000180,2025-04-28 17:14:00,Kolkata Store,RC-3F-03,1,399.0,0.05,379.05,UPI,KOL-C3
KOL-000181,2025-04-28 15:09:00,Kolkata Store,RC-3F-03,1,399.0,0.0,399.0,UPI,KOL-C2
KOL-000182,2025-04-29 20:20:00,Kolkata Store,RC-UV-01,1,739.0,0.0,739.0,Cash,KOL-C2
KOL-000183,2025-04-29 19:04:00,Kolkata Store,RC-3F-03,1,399.0,0.05,379.05,UPI,KOL-C2
KOL-000183,2025-04-29 19:04:00,Kolkata Store,RC-2F-01,1,559.0,0.05,531.05,UPI,KOL-C2
KOL-000183,2025-04-29 19:04:00,Kolkata Store,RC-KD-01,1,409.0,0.05,388.55,UPI,KOL-C1
KOL-000184,2025-04-29 18:08:00,Kolkata Store,RC-KD-01,2,409.0,0.0,818.0,Cash,KOL-C3
KOL-000185,2025-04-29 14:46:00,Kolkata Store,RC-2F-01,1,559.0,0.0,559.0,UPI,KOL-C2
KOL-000186,2025-04-29 20:54:00,Kolkata Store,RC-LG-01,1,559.0,0.05,531.05,UPI,KOL-C2
KOL-000186,2025-04-29 20:54:00,Kolkata Store,RC-2F-01,1,559.0,0.05,531.05,UPI,KOL-C3
KOL-000186,2025-04-29 20:54:00,Kolkata Store,RC-3F-01,1,479.0,0.05,455.05,UPI,KOL-C1
KOL-000187,2025-04-29 10:40:00,Kolkata Store,RC-2F-01,1,559.0,0.0,559.0,Cash,KOL-C2
KOL-000187,2025-04-29 10:40:00,Kolkata Store,RC-3F-03,2,399.0,0.0,798.0,Cash,KOL-C2
KOL-000188,2025-04-29 18:27:00,Kolkata Store,RC-KD-01,1,409.0,0.05,388.55,UPI,KOL-C3
KOL-000189,2025-04-29 10:20:00,Kolkata Store,RC-GF-01,1,1659.0,0.0,1659.0,Cash,KOL-C1
KOL-000189,2025-04-29 10:20:00,Kolkata Store,RC-3F-03,1,399.0,0.0,399.0,Cash,KOL-C3
KOL-000190,2025-04-30 14:26:00,Kolkata Store,RC-KD-01,1,409.0,0.05,388.55,UPI,KOL-C2
KOL-000191,2025-04-30 18:07:00,Kolkata Store,RC-2F-01,1,559.0,0.0,559.0,UPI,KOL-C3
KOL-000191,2025-04-30 18:07:00,Kolkata Store,RC-3F-03,2,399.0,0.0,798.0,UPI,KOL-C3
KOL-000191,2025-04-30 18:07:00,Kolkata Store,RC-LG-01,1,559.0,0.0,559.0,UPI,KOL-C3
KOL-000192,2025-04-30 10:57:00,Kolkata Store,RC-2F-01,1,559.0,0.0,559.0,UPI,KOL-C1
KOL-000193,2025-04-30 16:13:00,Kolkata Store,RC-LG-01,2,559.0,0.0,1118.0,UPI,KOL-C1
KOL-000194,2025-04-30 15:30:00,Kolkata Store,RC-3F-03,1,399.0,0.0,399.0,UPI,KOL-C1
KOL-000194,2025-04-30 15:30:00,Kolkata Store,RC-3F-01,1,479.0,0.0,479.0,UPI,KOL-C1
KOL-000195,2025-04-30 16:55:00,Kolkata Store,RC-LG-01,1,559.0,0.05,531.05,Card,KOL-C1
KOL-000196,2025-04-30 17:27:00,Kolkata Store,RC-LG-01,1,559.0,0.05,531.05,UPI,KOL-C2
KOL-000197,2025-05-01 13:56:00,Kolkata Store,RC-LG-01,1,559.0,0.0,559.0,Cash,KOL-C2
KOL-000198,2025-05-01 12:20:00,Kolkata Store,RC-2F-01,1,559.0,0.0,559.0,UPI,KOL-C1
KOL-000199,2025-05-01 16:19:00,Kolkata Store,RC-3F-04,1,439.0,0.05,417.05,Cash,KOL-C1
KOL-000199,2025-05-01 16:19:00,Kolkata Store,RC-3F-01,1,479.0,0.05,455.05,Cash,KOL-C1
KOL-000199,2025-05-01 16:19:00,Kolkata Store,RC-KD-01,1,409.0,0.05,388.55,Cash,KOL-C1
KOL-000200,2025-05-01 18:56:00,Kolkata Store,RC-3F-03,1,399.0,0.0,399.0,UPI,KOL-C2
KOL-000200,2025-05-01 18:56:00,Kolkata Store,RC-2F-01,1,559.0,0.0,559.0,UPI,KOL-C1
KOL-000201,2025-05-01 14:05:00,Kolkata Store,RC-3F-04,1,439.0,0.0,439.0,UPI,KOL-C1
KOL-000202,2025-05-01 19:32:00,Kolkata Store,RC-3F-03,1,399.0,0.05,379.05,UPI,KOL-C2
KOL-000203,2025-05-01 16:17:00,Kolkata Store,RC-2F-01,1,559.0,0.0,559.0,Card,KOL-C1
KOL-000203,2025-05-01 16:17:00,Kolkata Store,RC-3F-03,1,399.0,0.0,399.0,Card,KOL-C3
KOL-000203,2025-05-01 16:17:00,Kolkata Store,RC-LG-01,1,559.0,0.0,559.0,Card,KOL-C1
KOL-000204,2025-05-01 12:14:00,Kolkata Store,RC-KD-01,1,409.0,0.0,409.0,UPI,KOL-C3
KOL-000205,2025-05-01 20:05:00,Kolkata Store,RC-2F-01,1,559.0,0.0,559.0,UPI,KOL-C2
KOL-000205,2025-05-01 20:05:00,Kolkata Store,RC-3F-02,1,549.0,0.0,549.0,UPI,KOL-C2
KOL-000206,2025-05-01 16:21:00,Kolkata Store,RC-3F-04,1,439.0,0.0,439.0,UPI,KOL-C2
KOL-000207,2025-05-01 20:39:00,Kolkata Store,RC-KD-01,1,409.0,0.0,409.0,Card,KOL-C1
KOL-000207,2025-05-01 20:39:00,Kolkata Store,RC-3F-01,1,479.0,0.0,479.0,Card,KOL-C1
KOL-000207,2025-05-01 20:39:00,Kolkata Store,RC-3F-02,1,549.0,0.0,549.0,Card,KOL-C2
KOL-000208,2025-05-01 20:43:00,Kolkata Store,RC-KD-01,1,409.0,0.0,409.0,UPI,KOL-C2
KOL-000209,2025-05-01 19:30:00,Kolkata Store,RC-3F-01,1,479.0,0.05,455.05,UPI,KOL-C2
KOL-000210,2025-05-01 16:11:00,Kolkata Store,RC-3F-03,1,399.0,0.0,399.0,Cash,KOL-C1
KOL-000211,2025-05-01 15:28:00,Kolkata Store,RC-KD-01,1,409.0,0.0,409.0,Cash,KOL-C1
KOL-000212,2025-05-02 16:27:00,Kolkata Store,RC-3F-03,1,399.0,0.05,379.05,UPI,KOL-C3
KOL-000212,2025-05-02 16:27:00,Kolkata Store,RC-3F-04,1,439.0,0.05,417.05,UPI,KOL-C3
KOL-000212,2025-05-02 16:27:00,Kolkata Store,RC-3F-01,1,479.0,0.05,455.05,UPI,KOL-C1
KOL-000213,2025-05-02 16:46:00,Kolkata Store,RC-3F-03,2,399.0,0.0,798.0,UPI,KOL-C1
KOL-000214,2025-05-02 14:13:00,Kolkata Store,RC-3F-04,2,439.0,0.05,834.1,Cash,KOL-C2
KOL-000215,2025-05-02 11:50:00,Kolkata Store,RC-2F-02,1,609.0,0.0,609.0,UPI,KOL-C3
KOL-000216,2025-05-03 18:58:00,Kolkata Store,RC-LG-01,1,559.0,0.05,531.05,Card,KOL-C3
KOL-000216,2025-05-03 18:58:00,Kolkata Store,RC-3F-03,1,399.0,0.05,379.05,Card,KOL-C3
KOL-000217,2025-05-03 19:51:00,Kolkata Store,RC-3F-03,1,399.0,0.0,399.0,Cash,KOL-C3
KOL-000218,2025-05-03 18:40:00,Kolkata Store,RC-KD-01,1,409.0,0.0,409.0,UPI,KOL-C1
KOL-000219,2025-05-03 13:56:00,Kolkata Store,RC-3F-04,1,439.0,0.0,439.0,UPI,KOL-C1
KOL-000219,2025-05-03 13:56:00,Kolkata Store,RC-KD-01,1,409.0,0.0,409.0,UPI,KOL-C3
KOL-000219,2025-05-03 13:56:00,Kolkata Store,RC-2F-01,1,559.0,0.0,559.0,UPI,KOL-C3
KOL-000220,2025-05-03 18:00:00,Kolkata Store,RC-3F-03,1,399.0,0.0,399.0,UPI,KOL-C3
KOL-000221,2025-05-03 18:22:00,Kolkata Store,RC-KD-01,1,409.0,0.0,409.0,UPI,KOL-C2
KOL-000222,2025-05-03 13:46:00,Kolkata Store,RC-KD-01,1,409.0,0.0,409.0,UPI,KOL-C2
KOL-000223,2025-05-03 13:42:00,Kolkata Store,RC-3F-03,1,399.0,0.0,399.0,UPI,KOL-C1
KOL-000224,2025-05-03 17:25:00,Kolkata Store,RC-3F-01,1,479.0,0.0,479.0,Cash,KOL-C2
KOL-000225,2025-05-03 15:59:00,Kolkata Store,RC-KD-01,1,409.0,0.0,409.0,UPI,KOL-C3
KOL-000225,2025-05-03 15:59:00,Kolkata Store,RC-3F-04,1,439.0,0.0,439.0,UPI,KOL-C1
KOL-000226,2025-05-03 19:51:00,Kolkata Store,RC-KD-01,1,409.0,0.0,409.0,UPI,KOL-C3
KOL-000226,2025-05-03 19:51:00,Kolkata Store,RC-3F-01,1,479.0,0.0,479.0,UPI,KOL-C3
KOL-000227,2025-05-03 20:03:00,Kolkata Store,RC-KD-01,1,409.0,0.0,409.0,UPI,KOL-C2
KOL-000227,2025-05-03 20:03:00,Kolkata Store,RC-3F-03,1,399.0,0.0,399.0,UPI,KOL-C3
KOL-000228,2025-05-03 11:29:00,Kolkata Store,RC-2F-01,1,559.0,0.05,531.05,UPI,KOL-C3
KOL-000229,2025-05-03 15:41:00,Kolkata Store,RC-2F-01,1,559.0,0.0,559.0,Cash,KOL-C3
KOL-000230,2025-05-03 11:04:00,Kolkata Store,RC-3F-04,1,439.0,0.05,417.05,UPI,KOL-C2
KOL-000230,2025-05-03 11:04:00,Kolkata Store,RC-3F-03,1,399.0,0.05,379.05,UPI,KOL-C1
KOL-000231,2025-05-03 18:53:00,Kolkata Store,RC-3F-03,1,399.0,0.0,399.0,UPI,KOL-C3
KOL-000232,2025-05-03 13:27:00,Kolkata Store,RC-3F-03,1,399.0,0.0,399.0,UPI,KOL-C2
KOL-000233,2025-05-04 12:51:00,Kolkata Store,RC-3F-03,1,399.0,0.05,379.05,UPI,KOL-C2
KOL-000234,2025-05-04 18:27:00,Kolkata Store,RC-3F-03,1,399.0,0.0,399.0,Cash,KOL-C3
KOL-000234,2025-05-04 18:27:00,Kolkata Store,RC-LG-01,2,559.0,0.0,1118.0,Cash,KOL-C3
KOL-000235,2025-05-04 19:21:00,Kolkata Store,RC-2F-01,1,559.0,0.05,531.05,Card,KOL-C2
KOL-000236,2025-05-04 15:41:00,Kolkata Store,RC-3F-03,1,399.0,0.0,399.0,UPI,KOL-C1
KOL-000237,2025-05-04 18:43:00,Kolkata Store,RC-3F-04,2,439.0,0.05,834.1,UPI,KOL-C2
KOL-000237,2025-05-04 18:43:00,Kolkata Store,RC-3F-03,1,399.0,0.05,379.05,UPI,KOL-C1
KOL-000238,2025-05-04 18:19:00,Kolkata Store,RC-KD-01,2,409.0,0.0,818.0,Cash,KOL-C1
KOL-000239,2025-05-04 12:06:00,Kolkata Store,RC-3F-03,1,399.0,0.0,399.0,UPI,KOL-C1
KOL-000240,2025-05-04 11:02:00,Kolkata Store,RC-2F-01,1,559.0,0.0,559.0,UPI,KOL-C2
KOL-000241,2025-05-04 19:36:00,Kolkata Store,RC-2F-01,1,559.0,0.0,559.0,UPI,KOL-C1
KOL-000242,2025-05-04 16:37:00,Kolkata Store,RC-3F-03,1,399.0,0.0,399.0,UPI,KOL-C3
KOL-000242,2025-05-04 16:37:00,Kolkata Store,RC-3F-04,1,439.0,0.0,439.0,UPI,KOL-C1
KOL-000242,2025-05-04 16:37:00,Kolkata Store,RC-3F-01,1,479.0,0.0,479.0,UPI,KOL-C3
KOL-000243,2025-05-04 13:47:00,Kolkata Store,RC-2F-01,1,559.0,0.0,559.0,Card,KOL-C2
KOL-000244,2025-05-04 20:22:00,Kolkata Store,RC-3F-03,1,399.0,0.0,399.0,UPI,KOL-C1
KOL-000245,2025-05-04 20:57:00,Kolkata Store,RC-LG-02,1,649.0,0.0,649.0,UPI,KOL-C3
KOL-000246,2025-05-04 10:42:00,Kolkata Store,RC-2F-01,2,559.0,0.0,1118.0,Cash,KOL-C2
KOL-000247,2025-05-04 19:15:00,Kolkata Store,RC-3F-03,1,399.0,0.05,379.05,UPI,KOL-C3
KOL-000248,2025-05-04 13:51:00,Kolkata Store,RC-KD-01,1,409.0,0.05,388.55,Card,KOL-C1
KOL-000249,2025-05-04 15:43:00,Kolkata Store,RC-3F-03,1,399.0,0.0,399.0,UPI,KOL-C3
KOL-000249,2025-05-04 15:43:00,Kolkata Store,RC-KD-01,1,409.0,0.0,409.0,UPI,KOL-C1
KOL-000250,2025-05-04 14:11:00,Kolkata Store,RC-3F-04,2,439.0,0.0,878.0,UPI,KOL-C1
KOL-000251,2025-05-05 15:17:00,Kolkata Store,RC-3F-02,1,549.0,0.0,549.0,UPI,KOL-C2
KOL-000251,2025-05-05 15:17:00,Kolkata Store,RC-KD-01,1,409.0,0.0,409.0,UPI,KOL-C1
KOL-000252,2025-05-05 18:25:00,Kolkata Store,RC-3F-04,1,439.0,0.0,439.0,UPI,KOL-C1
KOL-000252,2025-05-05 18:25:00,Kolkata Store,RC-2F-01,1,559.0,0.0,559.0,UPI,KOL-C2
KOL-000252,2025-05-05 18:25:00,Kolkata Store,RC-KD-01,2,409.0,0.0,818.0,UPI,KOL-C1
KOL-000253,2025-05-05 19:53:00,Kolkata Store,RC-KD-01,2,409.0,0.05,777.1,UPI,KOL-C3
KOL-000253,2025-05-05 19:53:00,Kolkata Store,RC-3F-03,1,399.0,0.05,379.05,UPI,KOL-C2
KOL-000254,2025-05-05 12:36:00,Kolkata Store,RC-3F-04,1,439.0,0.05,417.05,Cash,KOL-C1
KOL-000255,2025-05-05 11:03:00,Kolkata Store,RC-2F-01,1,559.0,0.05,531.05,UPI,KOL-C1
KOL-000255,2025-05-05 11:03:00,Kolkata Store,RC-3F-02,1,549.0,0.05,521.55,UPI,KOL-C2
KOL-000256,2025-05-05 17:22:00,Kolkata Store,RC-3F-03,1,399.0,0.0,399.0,Cash,KOL-C2
KOL-000257,2025-05-05 18:07:00,Kolkata Store,RC-2F-01,1,559.0,0.0,559.0,UPI,KOL-C1
KOL-000258,2025-05-05 20:11:00,Kolkata Store,RC-3F-03,1,399.0,0.0,399.0,Cash,KOL-C3
KOL-000259,2025-05-06 17:36:00,Kolkata Store,RC-3F-03,1,399.0,0.05,379.05,Cash,KOL-C1
KOL-000260,2025-05-06 13:33:00,Kolkata Store,RC-3F-03,1,399.0,0.0,399.0,Cash,KOL-C2
KOL-000261,2025-05-06 19:38:00,Kolkata Store,RC-KD-01,1,409.0,0.0,409.0,UPI,KOL-C2
KOL-000262,2025-05-06 19:31:00,Kolkata Store,RC-3F-04,1,439.0,0.0,439.0,UPI,KOL-C2
KOL-000263,2025-05-06 17:05:00,Kolkata Store,RC-3F-02,1,549.0,0.0,549.0,UPI,KOL-C1
KOL-000263,2025-05-06 17:05:00,Kolkata Store,RC-LG-01,1,559.0,0.0,559.0,UPI,KOL-C1
KOL-000264,2025-05-06 16:12:00,Kolkata Store,RC-3F-03,1,399.0,0.0,399.0,UPI,KOL-C2
KOL-000265,2025-05-06 14:17:00,Kolkata Store,RC-2F-01,1,559.0,0.05,531.05,UPI,KOL-C1
KOL-000265,2025-05-06 14:17:00,Kolkata Store,RC-3F-04,1,439.0,0.05,417.05,UPI,KOL-C1
KOL-000266,2025-05-07 11:26:00,Kolkata Store,RC-3F-02,1,549.0,0.0,549.0,Cash,KOL-C3
KOL-000267,2025-05-07 15:07:00,Kolkata Store,RC-3F-03,1,399.0,0.0,399.0,UPI,KOL-C1
KOL-000268,2025-05-07 12:53:00,Kolkata Store,RC-3F-04,1,439.0,0.05,417.05,Cash,KOL-C3
KOL-000268,2025-05-07 12:53:00,Kolkata Store,RC-2F-01,1,559.0,0.05,531.05,Cash,KOL-C1
KOL-000269,2025-05-07 13:42:00,Kolkata Store,RC-LG-02,1,649.0,0.05,616.55,Cash,KOL-C3
KOL-000270,2025-05-07 13:52:00,Kolkata Store,RC-3F-03,1,399.0,0.05,379.05,UPI,KOL-C1
KOL-000271,2025-05-07 10:46:00,Kolkata Store,RC-2F-01,1,559.0,0.05,531.05,UPI,KOL-C1
KOL-000272,2025-05-07 13:51:00,Kolkata Store,RC-3F-04,1,439.0,0.05,417.05,UPI,KOL-C3
KOL-000273,2025-05-07 16:16:00,Kolkata Store,RC-3F-03,1,399.0,0.05,379.05,Card,KOL-C1
KOL-000273,2025-05-07 16:16:00,Kolkata Store,RC-3F-04,1,439.0,0.05,417.05,Card,KOL-C1
KOL-000274,2025-05-07 15:28:00,Kolkata Store,RC-3F-03,1,399.0,0.0,399.0,Cash,KOL-C3
KOL-000274,2025-05-07 15:28:00,Kolkata Store,RC-2F-01,1,559.0,0.0,559.0,Cash,KOL-C2
KOL-000275,2025-05-07 19:04:00,Kolkata Store,RC-KD-01,1,409.0,0.0,409.0,UPI,KOL-C3
KOL-000275,2025-05-07 19:04:00,Kolkata Store,RC-3F-02,1,549.0,0.0,549.0,UPI,KOL-C3
KOL-000275,2025-05-07 19:04:00,Kolkata Store,RC-3F-04,1,439.0,0.0,439.0,UPI,KOL-C1
KOL-000276,2025-05-08 19:54:00,Kolkata Store,RC-3F-01,1,479.0,0.0,479.0,Cash,KOL-C1
KOL-000277,2025-05-08 17:55:00,Kolkata Store,RC-3F-02,1,549.0,0.0,549.0,UPI,KOL-C3
KOL-000277,2025-05-08 17:55:00,Kolkata Store,RC-3F-03,1,399.0,0.0,399.0,UPI,KOL-C1
KOL-000278,2025-05-08 20:06:00,Kolkata Store,RC-3F-03,2,399.0,0.05,758.1,Cash,KOL-C2
KOL-000279,2025-05-08 12:55:00,Kolkata Store,RC-LG-02,2,649.0,0.0,1298.0,Cash,KOL-C2
KOL-000280,2025-05-08 13:17:00,Kolkata Store,RC-LG-01,1,559.0,0.0,559.0,Cash,KOL-C1
KOL-000281,2025-05-08 13:39:00,Kolkata Store,RC-KD-01,1,409.0,0.05,388.55,Cash,KOL-C3
KOL-000282,2025-05-08 17:47:00,Kolkata Store,RC-3F-04,1,439.0,0.05,417.05,Cash,KOL-C2
KOL-000283,2025-05-08 12:37:00,Kolkata Store,RC-3F-03,1,399.0,0.05,379.05,UPI,KOL-C3
KOL-000283,2025-05-08 12:37:00,Kolkata Store,RC-3F-04,1,439.0,0.05,417.05,UPI,KOL-C1
KOL-000283,2025-05-08 12:37:00,Kolkata Store,RC-2F-01,1,559.0,0.05,531.05,UPI,KOL-C2
KOL-000284,2025-05-09 20:18:00,Kolkata Store,RC-2F-01,2,559.0,0.05,1062.1,Cash,KOL-C2
KOL-000285,2025-05-09 18:05:00,Kolkata Store,RC-3F-03,1,399.0,0.0,399.0,UPI,KOL-C2
KOL-000285,2025-05-09 18:05:00,Kolkata Store,RC-KD-01,1,409.0,0.0,409.0,UPI,KOL-C1
KOL-000286,2025-05-09 19:03:00,Kolkata Store,RC-KD-01,1,409.0,0.05,388.55,UPI,KOL-C2
KOL-000287,2025-05-09 16:11:00,Kolkata Store,RC-3F-04,1,439.0,0.0,439.0,UPI,KOL-C1
KOL-000287,2025-05-09 16:11:00,Kolkata Store,RC-UV-01,1,739.0,0.0,739.0,UPI,KOL-C2
KOL-000288,2025-05-09 18:45:00,Kolkata Store,RC-3F-03,2,399.0,0.05,758.1,Cash,KOL-C1
KOL-000288,2025-05-09 18:45:00,Kolkata Store,RC-KD-01,1,409.0,0.05,388.55,Cash,KOL-C2
KOL-000288,2025-05-09 18:45:00,Kolkata Store,RC-LG-02,1,649.0,0.05,616.55,Cash,KOL-C2
KOL-000289,2025-05-09 19:29:00,Kolkata Store,RC-LG-01,1,559.0,0.0,559.0,UPI,KOL-C1
KOL-000290,2025-05-09 17:55:00,Kolkata Store,RC-3F-02,1,549.0,0.0,549.0,Cash,KOL-C1
KOL-000290,2025-05-09 17:55:00,Kolkata Store,RC-2F-01,1,559.0,0.0,559.0,Cash,KOL-C3
KOL-000290,2025-05-09 17:55:00,Kolkata Store,RC-3F-04,1,439.0,0.0,439.0,Cash,KOL-C3
KOL-000291,2025-05-09 20:00:00,Kolkata Store,RC-2F-01,1,559.0,0.0,559.0,Cash,KOL-C1
KOL-000292,2025-05-09 15:25:00,Kolkata Store,RC-2F-01,1,559.0,0.0,559.0,UPI,KOL-C3
KOL-000293,2025-05-09 10:25:00,Kolkata Store,RC-3F-04,1,439.0,0.0,439.0,UPI,KOL-C3
KOL-000294,2025-05-09 13:56:00,Kolkata Store,RC-3F-01,1,479.0,0.0,479.0,Cash,KOL-C3
KOL-000295,2025-05-09 13:09:00,Kolkata Store,RC-2F-01,1,559.0,0.0,559.0,UPI,KOL-C3
KOL-000295,2025-05-09 13:09:00,Kolkata Store,RC-3F-01,1,479.0,0.0,479.0,UPI,KOL-C3
KOL-000296,2025-05-10 17:19:00,Kolkata Store,RC-3F-03,1,399.0,0.0,399.0,Cash,KOL-C2
KOL-000297,2025-05-10 12:36:00,Kolkata Store,RC-3F-04,2,439.0,0.0,878.0,Card,KOL-C2
KOL-000297,2025-05-10 12:36:00,Kolkata Store,RC-3F-03,1,399.0,0.0,399.0,Card,KOL-C2
KOL-000297,2025-05-10 12:36:00,Kolkata Store,RC-3F-02,1,549.0,0.0,549.0,Card,KOL-C3
KOL-000298,2025-05-10 20:15:00,Kolkata Store,RC-3F-01,1,479.0,0.05,455.05,UPI,KOL-C3
KOL-000298,2025-05-10 20:15:00,Kolkata Store,RC-2F-01,1,559.0,0.05,531.05,UPI,KOL-C1
KOL-000298,2025-05-10 20:15:00,Kolkata Store,RC-3F-03,1,399.0,0.05,379.05,UPI,KOL-C3
KOL-000299,2025-05-10 17:12:00,Kolkata Store,RC-2F-01,1,559.0,0.05,531.05,UPI,KOL-C3
KOL-000300,2025-05-10 15:42:00,Kolkata Store,RC-3F-04,1,439.0,0.0,439.0,UPI,KOL-C1
KOL-000301,2025-05-10 14:48:00,Kolkata Store,RC-2F-01,1,559.0,0.0,559.0,UPI,KOL-C1
KOL-000302,2025-05-10 12:27:00,Kolkata Store,RC-3F-03,1,399.0,0.05,379.05,UPI,KOL-C2
KOL-000302,2025-05-10 12:27:00,Kolkata Store,RC-3F-02,1,549.0,0.05,521.55,UPI,KOL-C2
KOL-000303,2025-05-10 15:12:00,Kolkata Store,RC-3F-04,1,439.0,0.05,417.05,Card,KOL-C2
KOL-000303,2025-05-10 15:12:00,Kolkata Store,RC-LG-02,1,649.0,0.05,616.55,Card,KOL-C3
KOL-000304,2025-05-11 15:08:00,Kolkata Store,RC-LG-02,1,649.0,0.05,616.55,UPI,KOL-C1
KOL-000305,2025-05-11 18:12:00,Kolkata Store,RC-3F-04,1,439.0,0.05,417.05,UPI,KOL-C2
KOL-000306,2025-05-11 18:09:00,Kolkata Store,RC-3F-01,1,479.0,0.0,479.0,UPI,KOL-C2
KOL-000307,2025-05-11 13:06:00,Kolkata Store,RC-2F-01,1,559.0,0.05,531.05,Cash,KOL-C1
KOL-000308,2025-05-11 19:05:00,Kolkata Store,RC-2F-01,1,559.0,0.0,559.0,UPI,KOL-C1
KOL-000308,2025-05-11 19:05:00,Kolkata Store,RC-KD-01,1,409.0,0.0,409.0,UPI,KOL-C3
KOL-000309,2025-05-11 18:07:00,Kolkata Store,RC-3F-03,1,399.0,0.0,399.0,UPI,KOL-C3
KOL-000309,2025-05-11 18:07:00,Kolkata Store,RC-3F-02,1,549.0,0.0,549.0,UPI,KOL-C1
KOL-000310,2025-05-11 20:00:00,Kolkata Store,RC-3F-04,1,439.0,0.0,439.0,UPI,KOL-C3
KOL-000311,2025-05-11 13:13:00,Kolkata Store,RC-3F-03,1,399.0,0.0,399.0,UPI,KOL-C3
KOL-000312,2025-05-11 18:05:00,Kolkata Store,RC-3F-04,1,439.0,0.05,417.05,UPI,KOL-C2
KOL-000312,2025-05-11 18:05:00,Kolkata Store,RC-LG-01,1,559.0,0.05,531.05,UPI,KOL-C2
KOL-000313,2025-05-11 17:23:00,Kolkata Store,RC-3F-03,1,399.0,0.0,399.0,UPI,KOL-C1
KOL-000314,2025-05-11 18:47:00,Kolkata Store,RC-UV-01,1,739.0,0.0,739.0,Cash,KOL-C1
KOL-000314,2025-05-11 18:47:00,Kolkata Store,RC-LG-01,1,559.0,0.0,559.0,Cash,KOL-C1
KOL-000314,2025-05-11 18:47:00,Kolkata Store,RC-KD-01,1,409.0,0.0,409.0,Cash,KOL-C1
KOL-000315,2025-05-12 19:04:00,Kolkata Store,RC-2F-01,2,559.0,0.05,1062.1,Cash,KOL-C2
KOL-000316,2025-05-12 19:05:00,Kolkata Store,RC-3F-03,1,399.0,0.0,399.0,UPI,KOL-C1
KOL-000317,2025-05-12 17:49:00,Kolkata Store,RC-3F-03,1,399.0,0.0,399.0,Card,KOL-C2
KOL-000318,2025-05-12 15:20:00,Kolkata Store,RC-KD-01,2,409.0,0.05,777.1,UPI,KOL-C2
KOL-000319,2025-05-12 16:11:00,Kolkata Store,RC-3F-04,1,439.0,0.05,417.05,Cash,KOL-C2
KOL-000320,2025-05-12 17:40:00,Kolkata Store,RC-KD-01,1,409.0,0.0,409.0,UPI,KOL-C2
KOL-000321,2025-05-12 19:57:00,Kolkata Store,RC-2F-01,1,559.0,0.0,559.0,UPI,KOL-C1
KOL-000321,2025-05-12 19:57:00,Kolkata Store,RC-KD-01,1,409.0,0.0,409.0,UPI,KOL-C2
KOL-000322,2025-05-12 16:14:00,Kolkata Store,RC-3F-03,1,399.0,0.05,379.05,Card,KOL-C1
KOL-000323,2025-05-12 17:47:00,Kolkata Store,RC-2F-01,1,559.0,0.0,559.0,UPI,KOL-C1
KOL-000324,2025-05-12 19:20:00,Kolkata Store,RC-KD-01,1,409.0,0.0,409.0,UPI,KOL-C3
KOL-000325,2025-05-12 11:54:00,Kolkata Store,RC-3F-03,1,399.0,0.0,399.0,UPI,KOL-C3
KOL-000325,2025-05-12 11:54:00,Kolkata Store,RC-3F-01,1,479.0,0.0,479.0,UPI,KOL-C1
KOL-000326,2025-05-13 17:30:00,Kolkata Store,RC-2F-01,1,559.0,0.05,531.05,UPI,KOL-C3
KOL-000327,2025-05-13 16:27:00,Kolkata Store,RC-LG-02,1,649.0,0.0,649.0,UPI,KOL-C1
KOL-000328,2025-05-13 17:59:00,Kolkata Store,RC-3F-03,1,399.0,0.0,399.0,UPI,KOL-C1
KOL-000329,2025-05-13 15:56:00,Kolkata Store,RC-3F-03,2,399.0,0.0,798.0,Cash,KOL-C2
KOL-000330,2025-05-13 16:49:00,Kolkata Store,RC-UV-01,1,739.0,0.0,739.0,UPI,KOL-C2
KOL-000330,2025-05-13 16:49:00,Kolkata Store,RC-3F-04,1,439.0,0.0,439.0,UPI,KOL-C2
KOL-000330,2025-05-13 16:49:00,Kolkata Store,RC-KD-01,1,409.0,0.0,409.0,UPI,KOL-C3
KOL-000331,2025-05-13 10:58:00,Kolkata Store,RC-2F-01,1,559.0,0.0,559.0,UPI,KOL-C1
KOL-000331,2025-05-13 10:58:00,Kolkata Store,RC-3F-04,1,439.0,0.0,439.0,UPI,KOL-C2
KOL-000332,2025-05-13 14:58:00,Kolkata Store,RC-3F-03,2,399.0,0.0,798.0,Card,KOL-C2
KOL-000333,2025-05-13 17:07:00,Kolkata Store,RC-3F-04,1,439.0,0.05,417.05,Cash,KOL-C1
KOL-000334,2025-05-13 17:17:00,Kolkata Store,RC-3F-03,1,399.0,0.0,399.0,Cash,KOL-C1
KOL-000334,2025-05-13 17:17:00,Kolkata Store,RC-2F-01,1,559.0,0.0,559.0,Cash,KOL-C2
KOL-000335,2025-05-13 20:51:00,Kolkata Store,RC-3F-01,1,479.0,0.0,479.0,Cash,KOL-C1
KOL-000336,2025-05-13 18:14:00,Kolkata Store,RC-2F-01,1,559.0,0.05,531.05,Cash,KOL-C3
KOL-000337,2025-05-13 14:19:00,Kolkata Store,RC-LG-01,1,559.0,0.0,559.0,Cash,KOL-C2
KOL-000338,2025-05-13 11:31:00,Kolkata Store,RC-KD-01,1,409.0,0.0,409.0,Cash,KOL-C2
KOL-000338,2025-05-13 11:31:00,Kolkata Store,RC-3F-03,2,399.0,0.0,798.0,Cash,KOL-C1
KOL-000339,2025-05-13 15:49:00,Kolkata Store,RC-KD-01,1,409.0,0.0,409.0,UPI,KOL-C3
KOL-000339,2025-05-13 15:49:00,Kolkata Store,RC-LG-01,1,559.0,0.0,559.0,UPI,KOL-C2
KOL-000340,2025-05-13 19:24:00,Kolkata Store,RC-3F-03,1,399.0,0.05,379.05,UPI,KOL-C1
KOL-000341,2025-05-13 18:16:00,Kolkata Store,RC-2F-01,1,559.0,0.05,531.05,UPI,KOL-C3
KOL-000342,2025-05-13 12:41:00,Kolkata Store,RC-3F-03,1,399.0,0.0,399.0,UPI,KOL-C1
KOL-000343,2025-05-13 15:18:00,Kolkata Store,RC-3F-03,1,399.0,0.0,399.0,Cash,KOL-C2
KOL-000343,2025-05-13 15:18:00,Kolkata Store,RC-LG-01,1,559.0,0.0,559.0,Cash,KOL-C2
KOL-000344,2025-05-13 18:39:00,Kolkata Store,RC-RC-01,1,1509.0,0.05,1433.55,UPI,KOL-C2
KOL-000345,2025-05-13 14:23:00,Kolkata Store,RC-3F-04,1,439.0,0.0,439.0,UPI,KOL-C3
KOL-000346,2025-05-13 19:59:00,Kolkata Store,RC-3F-03,1,399.0,0.0,399.0,Card,KOL-C2
KOL-000347,2025-05-14 10:14:00,Kolkata Store,RC-KD-01,1,409.0,0.0,409.0,Cash,KOL-C1
KOL-000347,2025-05-14 10:14:00,Kolkata Store,RC-3F-03,1,399.0,0.0,399.0,Cash,KOL-C2
KOL-000348,2025-05-14 20:37:00,Kolkata Store,RC-3F-03,1,399.0,0.0,399.0,Cash,KOL-C3
KOL-000349,2025-05-14 11:38:00,Kolkata Store,RC-3F-04,1,439.0,0.05,417.05,UPI,KOL-C2
KOL-000350,2025-05-14 14:34:00,Kolkata Store,RC-3F-03,1,399.0,0.0,399.0,UPI,KOL-C2
KOL-000351,2025-05-14 20:01:00,Kolkata Store,RC-3F-04,1,439.0,0.0,439.0,Cash,KOL-C2
KOL-000352,2025-05-14 20:22:00,Kolkata Store,RC-3F-03,2,399.0,0.05,758.1,Cash,KOL-C1
KOL-000352,2025-05-14 20:22:00,Kolkata Store,RC-3F-01,1,479.0,0.05,455.05,Cash,KOL-C2
KOL-000353,2025-05-14 16:33:00,Kolkata Store,RC-3F-01,1,479.0,0.0,479.0,UPI,KOL-C2
KOL-000353,2025-05-14 16:33:00,Kolkata Store,RC-KD-01,1,409.0,0.0,409.0,UPI,KOL-C1
KOL-000353,2025-05-14 16:33:00,Kolkata Store,RC-3F-04,1,439.0,0.0,439.0,UPI,KOL-C2
KOL-000354,2025-05-14 19:19:00,Kolkata Store,RC-3F-03,1,399.0,0.05,379.05,UPI,KOL-C3
KOL-000355,2025-05-14 17:17:00,Kolkata Store,RC-3F-04,1,439.0,0.0,439.0,UPI,KOL-C3
KOL-000356,2025-05-14 13:57:00,Kolkata Store,RC-GF-01,1,1659.0,0.0,1659.0,Cash,KOL-C3
KOL-000357,2025-05-14 16:01:00,Kolkata Store,RC-3F-03,1,399.0,0.0,399.0,Card,KOL-C2
KOL-000358,2025-05-14 20:11:00,Kolkata Store,RC-3F-03,1,399.0,0.0,399.0,UPI,KOL-C2
KOL-000358,2025-05-14 20:11:00,Kolkata Store,RC-3F-01,1,479.0,0.0,479.0,UPI,KOL-C2
KOL-000359,2025-05-14 16:37:00,Kolkata Store,RC-3F-03,1,399.0,0.0,399.0,UPI,KOL-C3
KOL-000360,2025-05-15 14:10:00,Kolkata Store,RC-3F-01,1,479.0,0.0,479.0,UPI,KOL-C3
KOL-000360,2025-05-15 14:10:00,Kolkata Store,RC-3F-04,1,439.0,0.0,439.0,UPI,KOL-C2
KOL-000361,2025-05-15 20:18:00,Kolkata Store,RC-3F-03,1,399.0,0.0,399.0,Cash,KOL-C1
KOL-000362,2025-05-15 20:06:00,Kolkata Store,RC-2F-01,1,559.0,0.0,559.0,UPI,KOL-C2
KOL-000362,2025-05-15 20:06:00,Kolkata Store,RC-3F-04,1,439.0,0.0,439.0,UPI,KOL-C1
KOL-000362,2025-05-15 20:06:00,Kolkata Store,RC-3F-01,1,479.0,0.0,479.0,UPI,KOL-C1
KOL-000363,2025-05-15 13:25:00,Kolkata Store,RC-2F-01,1,559.0,0.0,559.0,UPI,KOL-C2
KOL-000364,2025-05-15 19:03:00,Kolkata Store,RC-3F-02,1,549.0,0.05,521.55,UPI,KOL-C3
KOL-000364,2025-05-15 19:03:00,Kolkata Store,RC-LG-01,1,559.0,0.05,531.05,UPI,KOL-C3
KOL-000365,2025-05-15 14:14:00,Kolkata Store,RC-3F-03,1,399.0,0.05,379.05,Cash,KOL-C1
KOL-000366,2025-05-15 13:58:00,Kolkata Store,RC-2F-01,1,559.0,0.0,559.0,Cash,KOL-C3
KOL-000366,2025-05-15 13:58:00,Kolkata Store,RC-3F-04,1,439.0,0.0,439.0,Cash,KOL-C1
KOL-000367,2025-05-15 18:13:00,Kolkata Store,RC-3F-04,1,439.0,0.0,439.0,UPI,KOL-C3
KOL-000368,2025-05-15 12:29:00,Kolkata Store,RC-3F-04,1,439.0,0.0,439.0,UPI,KOL-C2
KOL-000369,2025-05-15 16:44:00,Kolkata Store,RC-2F-01,1,559.0,0.0,559.0,Cash,KOL-C3
KOL-000370,2025-05-16 18:49:00,Kolkata Store,RC-2F-01,1,559.0,0.0,559.0,Cash,KOL-C2
KOL-000370,2025-05-16 18:49:00,Kolkata Store,RC-3F-01,1,479.0,0.0,479.0,Cash,KOL-C2
KOL-000371,2025-05-16 15:58:00,Kolkata Store,RC-KD-01,2,409.0,0.0,818.0,UPI,KOL-C1
KOL-000371,2025-05-16 15:58:00,Kolkata Store,RC-3F-01,1,479.0,0.0,479.0,UPI,KOL-C1
KOL-000372,2025-05-16 20:44:00,Kolkata Store,RC-2F-01,1,559.0,0.0,559.0,Card,KOL-C2
KOL-000373,2025-05-16 20:51:00,Kolkata Store,RC-3F-03,2,399.0,0.05,758.1,UPI,KOL-C2
KOL-000373,2025-05-16 20:51:00,Kolkata Store,RC-LG-01,1,559.0,0.05,531.05,UPI,KOL-C3
KOL-000374,2025-05-16 18:56:00,Kolkata Store,RC-3F-03,1,399.0,0.0,399.0,UPI,KOL-C1
KOL-000375,2025-05-16 12:25:00,Kolkata Store,RC-RC-01,1,1509.0,0.0,1509.0,Cash,KOL-C3
KOL-000375,2025-05-16 12:25:00,Kolkata Store,RC-2F-01,1,559.0,0.0,559.0,Cash,KOL-C2
KOL-000376,2025-05-16 15:58:00,Kolkata Store,RC-3F-03,2,399.0,0.0,798.0,UPI,KOL-C1
KOL-000377,2025-05-16 19:42:00,Kolkata Store,RC-3F-03,1,399.0,0.0,399.0,Cash,KOL-C2
KOL-000378,2025-05-16 18:17:00,Kolkata Store,RC-3F-03,1,399.0,0.0,399.0,UPI,KOL-C3
KOL-000378,2025-05-16 18:17:00,Kolkata Store,RC-3F-02,1,549.0,0.0,549.0,UPI,KOL-C3
KOL-000379,2025-05-16 18:41:00,Kolkata Store,RC-3F-03,1,399.0,0.0,399.0,UPI,KOL-C2
KOL-000379,2025-05-16 18:41:00,Kolkata Store,RC-2F-01,1,559.0,0.0,559.0,UPI,KOL-C2
KOL-000380,2025-05-16 17:41:00,Kolkata Store,RC-3F-03,1,399.0,0.0,399.0,UPI,KOL-C1
KOL-000381,2025-05-16 20:37:00,Kolkata Store,RC-KD-01,1,409.0,0.0,409.0,Cash,KOL-C2
KOL-000382,2025-05-16 19:30:00,Kolkata Store,RC-2F-01,1,559.0,0.05,531.05,Cash,KOL-C1
KOL-000382,2025-05-16 19:30:00,Kolkata Store,RC-3F-04,2,439.0,0.05,834.1,Cash,KOL-C1
KOL-000383,2025-05-17 20:55:00,Kolkata Store,RC-3F-04,1,439.0,0.0,439.0,UPI,KOL-C1
KOL-000384,2025-05-17 13:38:00,Kolkata Store,RC-2F-01,1,559.0,0.0,559.0,UPI,KOL-C1
KOL-000385,2025-05-17 20:23:00,Kolkata Store,RC-3F-03,1,399.0,0.0,399.0,Card,KOL-C1
KOL-000386,2025-05-17 16:22:00,Kolkata Store,RC-3F-01,1,479.0,0.0,479.0,Card,KOL-C2
KOL-000387,2025-05-17 19:52:00,Kolkata Store,RC-3F-03,1,399.0,0.05,379.05,UPI,KOL-C1
KOL-000388,2025-05-17 19:41:00,Kolkata Store,RC-2F-01,1,559.0,0.0,559.0,UPI,KOL-C2
KOL-000389,2025-05-17 14:27:00,Kolkata Store,RC-3F-03,1,399.0,0.0,399.0,UPI,KOL-C3
KOL-000390,2025-05-17 15:55:00,Kolkata Store,RC-3F-02,1,549.0,0.05,521.55,UPI,KOL-C1
KOL-000391,2025-05-17 10:58:00,Kolkata Store,RC-3F-04,1,439.0,0.0,439.0,UPI,KOL-C1
KOL-000391,2025-05-17 10:58:00,Kolkata Store,RC-2F-01,1,559.0,0.0,559.0,UPI,KOL-C1
KOL-000392,2025-05-17 10:26:00,Kolkata Store,RC-3F-03,1,399.0,0.05,379.05,UPI,KOL-C2
KOL-000393,2025-05-18 12:45:00,Kolkata Store,RC-3F-03,2,399.0,0.0,798.0,Cash,KOL-C2
KOL-000394,2025-05-18 17:06:00,Kolkata Store,RC-3F-04,1,439.0,0.0,439.0,UPI,KOL-C3
KOL-000394,2025-05-18 17:06:00,Kolkata Store,RC-2F-01,1,559.0,0.0,559.0,UPI,KOL-C2
KOL-000394,2025-05-18 17:06:00,Kolkata Store,RC-3F-03,1,399.0,0.0,399.0,UPI,KOL-C1
KOL-000395,2025-05-18 14:42:00,Kolkata Store,RC-3F-04,1,439.0,0.0,439.0,Cash,KOL-C2
KOL-000396,2025-05-18 19:21:00,Kolkata Store,RC-3F-03,1,399.0,0.0,399.0,UPI,KOL-C1
KOL-000397,2025-05-18 18:53:00,Kolkata Store,RC-3F-03,1,399.0,0.0,399.0,Cash,KOL-C1
KOL-000398,2025-05-18 20:42:00,Kolkata Store,RC-3F-03,1,399.0,0.0,399.0,UPI,KOL-C3
KOL-000399,2025-05-19 20:16:00,Kolkata Store,RC-3F-03,1,399.0,0.0,399.0,Cash,KOL-C1
KOL-000400,2025-05-19 16:35:00,Kolkata Store,RC-3F-03,1,399.0,0.0,399.0,Cash,KOL-C3
KOL-000400,2025-05-19 16:35:00,Kolkata Store,RC-3F-02,1,549.0,0.0,549.0,Cash,KOL-C1
KOL-000401,2025-05-19 13:59:00,Kolkata Store,RC-KD-01,1,409.0,0.0,409.0,Card,KOL-C3
KOL-000401,2025-05-19 13:59:00,Kolkata Store,RC-3F-03,2,399.0,0.0,798.0,Card,KOL-C2
KOL-000402,2025-05-19 10:32:00,Kolkata Store,RC-LG-01,1,559.0,0.05,531.05,UPI,KOL-C2
KOL-000403,2025-05-19 20:45:00,Kolkata Store,RC-KD-01,1,409.0,0.0,409.0,UPI,KOL-C1
KOL-000404,2025-05-19 13:26:00,Kolkata Store,RC-3F-01,2,479.0,0.0,958.0,UPI,KOL-C3
KOL-000405,2025-05-19 19:38:00,Kolkata Store,RC-3F-03,1,399.0,0.0,399.0,UPI,KOL-C3
KOL-000406,2025-05-19 18:16:00,Kolkata Store,RC-3F-02,1,549.0,0.0,549.0,Cash,KOL-C2
KOL-000407,2025-05-19 19:56:00,Kolkata Store,RC-2F-01,1,559.0,0.0,559.0,UPI,KOL-C3
KOL-000408,2025-05-19 20:19:00,Kolkata Store,RC-3F-01,1,479.0,0.0,479.0,Cash,KOL-C2
KOL-000409,2025-05-19 11:07:00,Kolkata Store,RC-3F-03,1,399.0,0.05,379.05,UPI,KOL-C2
KOL-000409,2025-05-19 11:07:00,Kolkata Store,RC-KD-01,1,409.0,0.05,388.55,UPI,KOL-C3
KOL-000410,2025-05-19 16:39:00,Kolkata Store,RC-2F-01,1,559.0,0.05,531.05,Cash,KOL-C3
KOL-000411,2025-05-19 17:21:00,Kolkata Store,RC-2F-01,1,559.0,0.0,559.0,Cash,KOL-C3
KOL-000411,2025-05-19 17:21:00,Kolkata Store,RC-3F-02,1,549.0,0.0,549.0,Cash,KOL-C1
KOL-000411,2025-05-19 17:21:00,Kolkata Store,RC-KD-01,1,409.0,0.0,409.0,Cash,KOL-C2
KOL-000412,2025-05-19 15:24:00,Kolkata Store,RC-3F-01,1,479.0,0.0,479.0,UPI,KOL-C2
KOL-000413,2025-05-20 10:50:00,Kolkata Store,RC-3F-03,1,399.0,0.0,399.0,UPI,KOL-C2
KOL-000414,2025-05-20 17:08:00,Kolkata Store,RC-3F-03,1,399.0,0.0,399.0,Cash,KOL-C1
KOL-000414,2025-05-20 17:08:00,Kolkata Store,RC-2F-01,1,559.0,0.0,559.0,Cash,KOL-C3
KOL-000415,2025-05-20 13:15:00,Kolkata Store,RC-3F-04,1,439.0,0.05,417.05,UPI,KOL-C3
KOL-000416,2025-05-20 20:39:00,Kolkata Store,RC-3F-03,1,399.0,0.0,399.0,UPI,KOL-C1
KOL-000416,2025-05-20 20:39:00,Kolkata Store,RC-KD-01,1,409.0,0.0,409.0,UPI,KOL-C2
KOL-000417,2025-05-20 16:22:00,Kolkata Store,RC-3F-01,1,479.0,0.05,455.05,Cash,KOL-C3
KOL-000418,2025-05-20 18:00:00,Kolkata Store,RC-3F-03,1,399.0,0.05,379.05,Cash,KOL-C1
KOL-000419,2025-05-20 18:36:00,Kolkata Store,RC-2F-01,1,559.0,0.0,559.0,Cash,KOL-C3
KOL-000419,2025-05-20 18:36:00,Kolkata Store,RC-3F-04,1,439.0,0.0,439.0,Cash,KOL-C3
KOL-000420,2025-05-21 10:17:00,Kolkata Store,RC-2F-01,2,559.0,0.0,1118.0,UPI,KOL-C2
KOL-000420,2025-05-21 10:17:00,Kolkata Store,RC-LG-02,1,649.0,0.0,649.0,UPI,KOL-C3
KOL-000420,2025-05-21 10:17:00,Kolkata Store,RC-3F-03,1,399.0,0.0,399.0,UPI,KOL-C1
KOL-000421,2025-05-21 19:25:00,Kolkata Store,RC-3F-04,1,439.0,0.05,417.05,Card,KOL-C1
KOL-000422,2025-05-21 17:02:00,Kolkata Store,RC-3F-02,2,549.0,0.05,1043.1,Cash,KOL-C2
KOL-000423,2025-05-21 15:41:00,Kolkata Store,RC-3F-04,1,439.0,0.0,439.0,UPI,KOL-C2
KOL-000424,2025-05-21 17:48:00,Kolkata Store,RC-3F-04,1,439.0,0.0,439.0,UPI,KOL-C3
KOL-000425,2025-05-21 13:19:00,Kolkata Store,RC-3F-01,1,479.0,0.0,479.0,UPI,KOL-C3
KOL-000425,2025-05-21 13:19:00,Kolkata Store,RC-3F-03,1,399.0,0.0,399.0,UPI,KOL-C1
KOL-000426,2025-05-21 20:10:00,Kolkata Store,RC-3F-04,1,439.0,0.05,417.05,Card,KOL-C2
KOL-000427,2025-05-21 20:34:00,Kolkata Store,RC-KD-01,1,409.0,0.05,388.55,Cash,KOL-C2
KOL-000428,2025-05-22 19:51:00,Kolkata Store,RC-3F-02,1,549.0,0.05,521.55,Cash,KOL-C2
KOL-000429,2025-05-22 19:48:00,Kolkata Store,RC-3F-04,1,439.0,0.0,439.0,Cash,KOL-C2
KOL-000430,2025-05-22 19:16:00,Kolkata Store,RC-3F-03,2,399.0,0.0,798.0,Cash,KOL-C3
KOL-000430,2025-05-22 19:16:00,Kolkata Store,RC-2F-01,1,559.0,0.0,559.0,Cash,KOL-C3
KOL-000431,2025-05-22 19:18:00,Kolkata Store,RC-3F-03,1,399.0,0.0,399.0,Cash,KOL-C3
KOL-000432,2025-05-22 17:24:00,Kolkata Store,RC-3F-04,1,439.0,0.0,439.0,UPI,KOL-C3
KOL-000433,2025-05-22 11:13:00,Kolkata Store,RC-3F-03,1,399.0,0.0,399.0,Card,KOL-C3
KOL-000434,2025-05-22 20:54:00,Kolkata Store,RC-3F-03,1,399.0,0.0,399.0,Cash,KOL-C1
KOL-000435,2025-05-22 11:23:00,Kolkata Store,RC-KD-01,1,409.0,0.0,409.0,Cash,KOL-C1
KOL-000436,2025-05-23 15:36:00,Kolkata Store,RC-3F-02,1,549.0,0.0,549.0,Cash,KOL-C3
KOL-000436,2025-05-23 15:36:00,Kolkata Store,RC-3F-03,1,399.0,0.0,399.0,Cash,KOL-C1
KOL-000437,2025-05-23 16:46:00,Kolkata Store,RC-LG-01,1,559.0,0.0,559.0,UPI,KOL-C3
KOL-000438,2025-05-23 20:02:00,Kolkata Store,RC-2F-01,1,559.0,0.0,559.0,UPI,KOL-C2
KOL-000439,2025-05-23 18:04:00,Kolkata Store,RC-3F-03,1,399.0,0.0,399.0,Card,KOL-C2
KOL-000439,2025-05-23 18:04:00,Kolkata Store,RC-KD-01,1,409.0,0.0,409.0,Card,KOL-C1
KOL-000440,2025-05-23 17:37:00,Kolkata Store,RC-2F-01,1,559.0,0.05,531.05,Card,KOL-C1
KOL-000440,2025-05-23 17:37:00,Kolkata Store,RC-KD-01,1,409.0,0.05,388.55,Card,KOL-C2
KOL-000441,2025-05-23 20:15:00,Kolkata Store,RC-2F-01,1,559.0,0.05,531.05,UPI,KOL-C3
KOL-000442,2025-05-23 10:44:00,Kolkata Store,RC-3F-01,1,479.0,0.0,479.0,Cash,KOL-C2
KOL-000443,2025-05-23 18:49:00,Kolkata Store,RC-2F-01,1,559.0,0.05,531.05,UPI,KOL-C2
KOL-000444,2025-05-23 18:14:00,Kolkata Store,RC-LG-01,1,559.0,0.0,559.0,UPI,KOL-C1
KOL-000445,2025-05-23 19:10:00,Kolkata Store,RC-KD-01,1,409.0,0.0,409.0,Cash,KOL-C1
KOL-000446,2025-05-23 12:59:00,Kolkata Store,RC-LG-01,1,559.0,0.0,559.0,Cash,KOL-C2
KOL-000446,2025-05-23 12:59:00,Kolkata Store,RC-3F-03,1,399.0,0.0,399.0,Cash,KOL-C3
KOL-000447,2025-05-23 11:38:00,Kolkata Store,RC-3F-02,2,549.0,0.05,1043.1,Cash,KOL-C1
KOL-000448,2025-05-23 17:37:00,Kolkata Store,RC-LG-01,1,559.0,0.0,559.0,UPI,KOL-C1
KOL-000448,2025-05-23 17:37:00,Kolkata Store,RC-3F-03,1,399.0,0.0,399.0,UPI,KOL-C1
KOL-000449,2025-05-23 15:28:00,Kolkata Store,RC-3F-03,2,399.0,0.0,798.0,UPI,KOL-C1
KOL-000450,2025-05-23 14:13:00,Kolkata Store,RC-3F-03,1,399.0,0.0,399.0,UPI,KOL-C2
KOL-000451,2025-05-23 20:28:00,Kolkata Store,RC-3F-03,1,399.0,0.0,399.0,UPI,KOL-C2
KOL-000451,2025-05-23 20:28:00,Kolkata Store,RC-LG-01,2,559.0,0.0,1118.0,UPI,KOL-C1
KOL-000452,2025-05-23 15:40:00,Kolkata Store,RC-3F-02,1,549.0,0.0,549.0,Cash,KOL-C1
KOL-000453,2025-05-23 16:14:00,Kolkata Store,RC-LG-01,1,559.0,0.0,559.0,UPI,KOL-C1
KOL-000454,2025-05-23 13:33:00,Kolkata Store,RC-LG-01,1,559.0,0.0,559.0,UPI,KOL-C1
KOL-000455,2025-05-23 19:31:00,Kolkata Store,RC-3F-03,1,399.0,0.05,379.05,Cash,KOL-C2
KOL-000455,2025-05-23 19:31:00,Kolkata Store,RC-KD-01,1,409.0,0.05,388.55,Cash,KOL-C3
KOL-000455,2025-05-23 19:31:00,Kolkata Store,RC-3F-01,1,479.0,0.05,455.05,Cash,KOL-C3
KOL-000456,2025-05-24 19:04:00,Kolkata Store,RC-3F-01,1,479.0,0.0,479.0,Cash,KOL-C1
KOL-000457,2025-05-24 14:00:00,Kolkata Store,RC-LG-01,1,559.0,0.0,559.0,UPI,KOL-C1
KOL-000457,2025-05-24 14:00:00,Kolkata Store,RC-2F-01,1,559.0,0.0,559.0,UPI,KOL-C2
KOL-000458,2025-05-24 13:58:00,Kolkata Store,RC-3F-02,1,549.0,0.0,549.0,Cash,KOL-C1
KOL-000459,2025-05-24 11:11:00,Kolkata Store,RC-KD-01,1,409.0,0.0,409.0,UPI,KOL-C3
KOL-000460,2025-05-24 20:02:00,Kolkata Store,RC-LG-02,1,649.0,0.05,616.55,UPI,KOL-C2
KOL-000460,2025-05-24 20:02:00,Kolkata Store,RC-3F-03,1,399.0,0.05,379.05,UPI,KOL-C2
KOL-000461,2025-05-24 12:39:00,Kolkata Store,RC-3F-03,1,399.0,0.0,399.0,UPI,KOL-C1
KOL-000461,2025-05-24 12:39:00,Kolkata Store,RC-3F-02,1,549.0,0.0,549.0,UPI,KOL-C3
KOL-000462,2025-05-24 18:28:00,Kolkata Store,RC-2F-01,1,559.0,0.0,559.0,UPI,KOL-C1
KOL-000462,2025-05-24 18:28:00,Kolkata Store,RC-KD-01,2,409.0,0.0,818.0,UPI,KOL-C2
KOL-000463,2025-05-24 19:50:00,Kolkata Store,RC-3F-02,1,549.0,0.0,549.0,UPI,KOL-C2
KOL-000464,2025-05-24 14:43:00,Kolkata Store,RC-2F-01,1,559.0,0.0,559.0,UPI,KOL-C3
KOL-000464,2025-05-24 14:43:00,Kolkata Store,RC-3F-04,1,439.0,0.0,439.0,UPI,KOL-C3
KOL-000465,2025-05-24 10:29:00,Kolkata Store,RC-3F-03,1,399.0,0.05,379.05,Cash,KOL-C3
KOL-000466,2025-05-24 17:35:00,Kolkata Store,RC-3F-03,1,399.0,0.0,399.0,UPI,KOL-C1
KOL-000467,2025-05-24 10:56:00,Kolkata Store,RC-2F-01,1,559.0,0.05,531.05,Cash,KOL-C3
KOL-000468,2025-05-24 19:15:00,Kolkata Store,RC-3F-03,1,399.0,0.05,379.05,Card,KOL-C3
KOL-000468,2025-05-24 19:15:00,Kolkata Store,RC-2F-01,1,559.0,0.05,531.05,Card,KOL-C3
KOL-000468,2025-05-24 19:15:00,Kolkata Store,RC-3F-04,1,439.0,0.05,417.05,Card,KOL-C3
KOL-000469,2025-05-24 18:07:00,Kolkata Store,RC-2F-01,1,559.0,0.0,559.0,Card,KOL-C2
KOL-000469,2025-05-24 18:07:00,Kolkata Store,RC-3F-03,1,399.0,0.0,399.0,Card,KOL-C2
KOL-000470,2025-05-24 17:22:00,Kolkata Store,RC-3F-03,1,399.0,0.0,399.0,UPI,KOL-C3
KOL-000471,2025-05-24 18:13:00,Kolkata Store,RC-2F-01,2,559.0,0.0,1118.0,UPI,KOL-C3
KOL-000472,2025-05-25 12:17:00,Kolkata Store,RC-3F-03,1,399.0,0.05,379.05,UPI,KOL-C3
KOL-000473,2025-05-25 12:10:00,Kolkata Store,RC-LG-01,1,559.0,0.0,559.0,Cash,KOL-C2
KOL-000474,2025-05-25 19:19:00,Kolkata Store,RC-LG-01,1,559.0,0.05,531.05,Cash,KOL-C2
KOL-000475,2025-05-25 20:27:00,Kolkata Store,RC-2F-01,1,559.0,0.0,559.0,Cash,KOL-C1
KOL-000476,2025-05-25 20:40:00,Kolkata Store,RC-KD-01,2,409.0,0.05,777.1,UPI,KOL-C2
KOL-000477,2025-05-25 19:02:00,Kolkata Store,RC-3F-01,2,479.0,0.0,958.0,UPI,KOL-C3
KOL-000478,2025-05-25 20:17:00,Kolkata Store,RC-3F-03,1,399.0,0.05,379.05,UPI,KOL-C2
KOL-000479,2025-05-25 15:35:00,Kolkata Store,RC-LG-02,1,649.0,0.0,649.0,UPI,KOL-C1
KOL-000479,2025-05-25 15:35:00,Kolkata Store,RC-3F-03,1,399.0,0.0,399.0,UPI,KOL-C3
KOL-000479,2025-05-25 15:35:00,Kolkata Store,RC-LG-01,1,559.0,0.0,559.0,UPI,KOL-C3
KOL-000480,2025-05-25 17:26:00,Kolkata Store,RC-3F-04,2,439.0,0.0,878.0,Cash,KOL-C2
KOL-000481,2025-05-26 18:41:00,Kolkata Store,RC-LG-01,1,559.0,0.0,559.0,Card,KOL-C1
KOL-000482,2025-05-26 16:07:00,Kolkata Store,RC-2F-01,1,559.0,0.0,559.0,Cash,KOL-C3
KOL-000482,2025-05-26 16:07:00,Kolkata Store,RC-KD-01,1,409.0,0.0,409.0,Cash,KOL-C1
KOL-000483,2025-05-26 11:36:00,Kolkata Store,RC-LG-02,1,649.0,0.0,649.0,UPI,KOL-C2
KOL-000483,2025-05-26 11:36:00,Kolkata Store,RC-KD-01,1,409.0,0.0,409.0,UPI,KOL-C2
KOL-000484,2025-05-26 18:59:00,Kolkata Store,RC-2F-01,1,559.0,0.0,559.0,UPI,KOL-C3
KOL-000485,2025-05-26 17:22:00,Kolkata Store,RC-3F-01,1,479.0,0.0,479.0,UPI,KOL-C1
KOL-000486,2025-05-26 12:55:00,Kolkata Store,RC-2F-01,1,559.0,0.0,559.0,UPI,KOL-C1
KOL-000487,2025-05-26 19:31:00,Kolkata Store,RC-2F-01,1,559.0,0.05,531.05,UPI,KOL-C1
KOL-000488,2025-05-27 14:21:00,Kolkata Store,RC-3F-03,1,399.0,0.0,399.0,Cash,KOL-C2
KOL-000489,2025-05-27 18:42:00,Kolkata Store,RC-KD-01,1,409.0,0.05,388.55,UPI,KOL-C2
KOL-000489,2025-05-27 18:42:00,Kolkata Store,RC-3F-03,1,399.0,0.05,379.05,UPI,KOL-C2
KOL-000489,2025-05-27 18:42:00,Kolkata Store,RC-3F-04,1,439.0,0.05,417.05,UPI,KOL-C1
KOL-000490,2025-05-27 19:00:00,Kolkata Store,RC-3F-03,1,399.0,0.0,399.0,Card,KOL-C1
KOL-000491,2025-05-27 20:23:00,Kolkata Store,RC-3F-04,1,439.0,0.0,439.0,Cash,KOL-C3
KOL-000492,2025-05-27 14:56:00,Kolkata Store,RC-3F-03,1,399.0,0.05,379.05,Cash,KOL-C3
KOL-000493,2025-05-27 18:12:00,Kolkata Store,RC-3F-02,1,549.0,0.05,521.55,UPI,KOL-C3
KOL-000494,2025-05-27 18:54:00,Kolkata Store,RC-KD-01,1,409.0,0.0,409.0,Cash,KOL-C2
KOL-000495,2025-05-28 17:17:00,Kolkata Store,RC-2F-01,1,559.0,0.0,559.0,UPI,KOL-C2
KOL-000495,2025-05-28 17:17:00,Kolkata Store,RC-3F-01,1,479.0,0.0,479.0,UPI,KOL-C1
KOL-000496,2025-05-28 19:22:00,Kolkata Store,RC-3F-01,1,479.0,0.0,479.0,UPI,KOL-C3
KOL-000496,2025-05-28 19:22:00,Kolkata Store,RC-3F-03,2,399.0,0.0,798.0,UPI,KOL-C2
KOL-000496,2025-05-28 19:22:00,Kolkata Store,RC-KD-01,1,409.0,0.0,409.0,UPI,KOL-C2
KOL-000497,2025-05-28 18:27:00,Kolkata Store,RC-KD-01,1,409.0,0.0,409.0,Card,KOL-C2
KOL-000497,2025-05-28 18:27:00,Kolkata Store,RC-3F-03,2,399.0,0.0,798.0,Card,KOL-C1
KOL-000498,2025-05-28 19:42:00,Kolkata Store,RC-3F-03,1,399.0,0.0,399.0,Card,KOL-C2
KOL-000499,2025-05-28 17:36:00,Kolkata Store,RC-2F-01,1,559.0,0.0,559.0,UPI,KOL-C1
KOL-000500,2025-05-28 15:44:00,Kolkata Store,RC-3F-03,2,399.0,0.05,758.1,UPI,KOL-C2
KOL-000501,2025-05-28 19:54:00,Kolkata Store,RC-2F-01,1,559.0,0.05,531.05,UPI,KOL-C3
KOL-000501,2025-05-28 19:54:00,Kolkata Store,RC-3F-02,2,549.0,0.05,1043.1,UPI,KOL-C1
KOL-000502,2025-05-28 13:08:00,Kolkata Store,RC-LG-01,1,559.0,0.0,559.0,Cash,KOL-C2
KOL-000503,2025-05-28 18:40:00,Kolkata Store,RC-LG-02,2,649.0,0.0,1298.0,Card,KOL-C1
KOL-000503,2025-05-28 18:40:00,Kolkata Store,RC-3F-04,1,439.0,0.0,439.0,Card,KOL-C1
KOL-000504,2025-05-28 16:23:00,Kolkata Store,RC-3F-03,1,399.0,0.05,379.05,UPI,KOL-C1
KOL-000504,2025-05-28 16:23:00,Kolkata Store,RC-3F-01,1,479.0,0.05,455.05,UPI,KOL-C1
KOL-000505,2025-05-28 18:45:00,Kolkata Store,RC-3F-02,2,549.0,0.0,1098.0,UPI,KOL-C1
KOL-000506,2025-05-28 10:26:00,Kolkata Store,RC-3F-03,1,399.0,0.05,379.05,UPI,KOL-C2
KOL-000506,2025-05-28 10:26:00,Kolkata Store,RC-LG-01,1,559.0,0.05,531.05,UPI,KOL-C3
KOL-000507,2025-05-29 15:07:00,Kolkata Store,RC-3F-04,1,439.0,0.0,439.0,Cash,KOL-C1
KOL-000507,2025-05-29 15:07:00,Kolkata Store,RC-3F-01,1,479.0,0.0,479.0,Cash,KOL-C3
KOL-000507,2025-05-29 15:07:00,Kolkata Store,RC-3F-03,2,399.0,0.0,798.0,Cash,KOL-C2
KOL-000508,2025-05-29 13:00:00,Kolkata Store,RC-2F-01,1,559.0,0.0,559.0,Cash,KOL-C1
KOL-000508,2025-05-29 13:00:00,Kolkata Store,RC-3F-03,2,399.0,0.0,798.0,Cash,KOL-C1
KOL-000509,2025-05-29 19:24:00,Kolkata Store,RC-LG-01,1,559.0,0.0,559.0,UPI,KOL-C2
KOL-000510,2025-05-29 16:48:00,Kolkata Store,RC-2F-01,1,559.0,0.05,531.05,UPI,KOL-C3
KOL-000510,2025-05-29 16:48:00,Kolkata Store,RC-3F-03,1,399.0,0.05,379.05,UPI,KOL-C3
KOL-000510,2025-05-29 16:48:00,Kolkata Store,RC-3F-04,1,439.0,0.05,417.05,UPI,KOL-C3
KOL-000511,2025-05-29 20:42:00,Kolkata Store,RC-3F-04,1,439.0,0.0,439.0,UPI,KOL-C1
KOL-000511,2025-05-29 20:42:00,Kolkata Store,RC-3F-03,1,399.0,0.0,399.0,UPI,KOL-C2
KOL-000511,2025-05-29 20:42:00,Kolkata Store,RC-LG-01,1,559.0,0.0,559.0,UPI,KOL-C2
KOL-000512,2025-05-29 19:26:00,Kolkata Store,RC-3F-03,1,399.0,0.0,399.0,Cash,KOL-C3
KOL-000512,2025-05-29 19:26:00,Kolkata Store,RC-KD-01,1,409.0,0.0,409.0,Cash,KOL-C1
KOL-000512,2025-05-29 19:26:00,Kolkata Store,RC-LG-01,1,559.0,0.0,559.0,Cash,KOL-C3
KOL-000513,2025-05-29 19:49:00,Kolkata Store,RC-3F-03,1,399.0,0.05,379.05,UPI,KOL-C2
KOL-000514,2025-05-29 18:28:00,Kolkata Store,RC-2F-01,1,559.0,0.0,559.0,Cash,KOL-C1
KOL-000515,2025-05-29 12:10:00,Kolkata Store,RC-3F-03,1,399.0,0.0,399.0,UPI,KOL-C2
KOL-000516,2025-05-29 17:44:00,Kolkata Store,RC-LG-01,1,559.0,0.0,559.0,UPI,KOL-C1
KOL-000517,2025-05-30 16:46:00,Kolkata Store,RC-3F-03,2,399.0,0.0,798.0,UPI,KOL-C1
KOL-000518,2025-05-30 14:53:00,Kolkata Store,RC-3F-03,1,399.0,0.0,399.0,UPI,KOL-C1
KOL-000518,2025-05-30 14:53:00,Kolkata Store,RC-3F-04,1,439.0,0.0,439.0,UPI,KOL-C3
KOL-000519,2025-05-30 10:16:00,Kolkata Store,RC-LG-01,1,559.0,0.0,559.0,Cash,KOL-C2
KOL-000520,2025-05-30 12:30:00,Kolkata Store,RC-3F-03,2,399.0,0.0,798.0,Cash,KOL-C1
KOL-000521,2025-05-30 17:30:00,Kolkata Store,RC-3F-03,1,399.0,0.0,399.0,Cash,KOL-C1
KOL-000522,2025-05-30 14:11:00,Kolkata Store,RC-3F-02,1,549.0,0.0,549.0,Cash,KOL-C3
KOL-000522,2025-05-30 14:11:00,Kolkata Store,RC-KD-01,1,409.0,0.0,409.0,Cash,KOL-C1
KOL-000523,2025-05-30 14:21:00,Kolkata Store,RC-KD-01,1,409.0,0.0,409.0,UPI,KOL-C3
KOL-000524,2025-05-30 18:35:00,Kolkata Store,RC-3F-04,1,439.0,0.0,439.0,UPI,KOL-C1
KOL-000525,2025-05-31 20:04:00,Kolkata Store,RC-3F-03,1,399.0,0.0,399.0,Cash,KOL-C2
KOL-000526,2025-05-31 18:46:00,Kolkata Store,RC-3F-03,2,399.0,0.05,758.1,UPI,KOL-C1
KOL-000527,2025-05-31 14:39:00,Kolkata Store,RC-3F-04,2,439.0,0.0,878.0,UPI,KOL-C2
KOL-000528,2025-05-31 14:37:00,Kolkata Store,RC-3F-02,1,549.0,0.05,521.55,UPI,KOL-C2
KOL-000528,2025-05-31 14:37:00,Kolkata Store,RC-3F-04,1,439.0,0.05,417.05,UPI,KOL-C1
KOL-000529,2025-05-31 15:01:00,Kolkata Store,RC-3F-03,2,399.0,0.0,798.0,Cash,KOL-C2
KOL-000530,2025-05-31 18:38:00,Kolkata Store,RC-KD-01,2,409.0,0.0,818.0,UPI,KOL-C1
KOL-000531,2025-05-31 16:12:00,Kolkata Store,RC-KD-01,1,409.0,0.0,409.0,UPI,KOL-C3
KOL-000532,2025-05-31 19:39:00,Kolkata Store,RC-3F-03,1,399.0,0.0,399.0,Card,KOL-C1
KOL-000532,2025-05-31 19:39:00,Kolkata Store,RC-3F-04,2,439.0,0.0,878.0,Card,KOL-C1
KOL-000532,2025-05-31 19:39:00,Kolkata Store,RC-3F-01,1,479.0,0.0,479.0,Card,KOL-C3
KOL-000533,2025-05-31 17:54:00,Kolkata Store,RC-KD-01,2,409.0,0.0,818.0,UPI,KOL-C1
KOL-000534,2025-05-31 20:04:00,Kolkata Store,RC-LG-01,1,559.0,0.0,559.0,Cash,KOL-C2
KOL-000535,2025-05-31 17:50:00,Kolkata Store,RC-3F-02,1,549.0,0.05,521.55,Cash,KOL-C2
KOL-000536,2025-05-31 16:46:00,Kolkata Store,RC-2F-01,1,559.0,0.05,531.05,UPI,KOL-C2
KOL-000537,2025-06-01 20:28:00,Kolkata Store,RC-3F-02,1,549.0,0.05,521.55,Card,KOL-C1
KOL-000538,2025-06-01 20:03:00,Kolkata Store,RC-LG-02,1,649.0,0.0,649.0,UPI,KOL-C2
KOL-000539,2025-06-01 13:10:00,Kolkata Store,RC-3F-04,1,439.0,0.05,417.05,Cash,KOL-C2
KOL-000540,2025-06-01 12:21:00,Kolkata Store,RC-3F-03,1,399.0,0.0,399.0,UPI,KOL-C3
KOL-000541,2025-06-01 14:13:00,Kolkata Store,RC-2F-01,2,559.0,0.0,1118.0,Card,KOL-C1
KOL-000541,2025-06-01 14:13:00,Kolkata Store,RC-3F-03,2,399.0,0.0,798.0,Card,KOL-C2
KOL-000542,2025-06-01 19:44:00,Kolkata Store,RC-3F-02,1,549.0,0.0,549.0,UPI,KOL-C3
KOL-000543,2025-06-01 13:28:00,Kolkata Store,RC-3F-02,1,549.0,0.05,521.55,Cash,KOL-C3
KOL-000544,2025-06-01 19:36:00,Kolkata Store,RC-3F-03,1,399.0,0.05,379.05,UPI,KOL-C3
KOL-000545,2025-06-01 17:09:00,Kolkata Store,RC-3F-02,1,549.0,0.0,549.0,UPI,KOL-C1
KOL-000545,2025-06-01 17:09:00,Kolkata Store,RC-KD-01,1,409.0,0.0,409.0,UPI,KOL-C1
KOL-000546,2025-06-01 16:00:00,Kolkata Store,RC-3F-03,1,399.0,0.0,399.0,UPI,KOL-C3
KOL-000546,2025-06-01 16:00:00,Kolkata Store,RC-2F-01,1,559.0,0.0,559.0,UPI,KOL-C3
KOL-000546,2025-06-01 16:00:00,Kolkata Store,RC-2F-02,1,609.0,0.0,609.0,UPI,KOL-C3
KOL-000547,2025-06-01 19:36:00,Kolkata Store,RC-2F-01,2,559.0,0.0,1118.0,Cash,KOL-C2
KOL-000547,2025-06-01 19:36:00,Kolkata Store,RC-3F-02,1,549.0,0.0,549.0,Cash,KOL-C2
KOL-000548,2025-06-01 14:37:00,Kolkata Store,RC-3F-02,1,549.0,0.0,549.0,UPI,KOL-C1
KOL-000549,2025-06-01 17:08:00,Kolkata Store,RC-KD-01,1,409.0,0.0,409.0,Cash,KOL-C1
KOL-000550,2025-06-01 17:21:00,Kolkata Store,RC-KD-01,1,409.0,0.05,388.55,UPI,KOL-C2
KOL-000551,2025-06-01 11:21:00,Kolkata Store,RC-2F-01,1,559.0,0.0,559.0,UPI,KOL-C1
KOL-000552,2025-06-01 11:08:00,Kolkata Store,RC-3F-03,1,399.0,0.0,399.0,Card,KOL-C1
KOL-000553,2025-06-01 14:25:00,Kolkata Store,RC-3F-03,1,399.0,0.0,399.0,UPI,KOL-C2
KOL-000553,2025-06-01 14:25:00,Kolkata Store,RC-3F-01,1,479.0,0.0,479.0,UPI,KOL-C3
KOL-000554,2025-06-01 14:32:00,Kolkata Store,RC-3F-03,1,399.0,0.0,399.0,Cash,KOL-C1
KOL-000555,2025-06-02 17:00:00,Kolkata Store,RC-3F-03,1,399.0,0.05,379.05,UPI,KOL-C1
KOL-000556,2025-06-02 11:18:00,Kolkata Store,RC-3F-04,1,439.0,0.0,439.0,Cash,KOL-C3
KOL-000557,2025-06-02 13:20:00,Kolkata Store,RC-2F-01,2,559.0,0.0,1118.0,UPI,KOL-C1
KOL-000558,2025-06-02 19:08:00,Kolkata Store,RC-LG-01,1,559.0,0.0,559.0,UPI,KOL-C2
KOL-000559,2025-06-02 20:50:00,Kolkata Store,RC-3F-03,1,399.0,0.05,379.05,Cash,KOL-C2
KOL-000560,2025-06-02 17:16:00,Kolkata Store,RC-3F-04,1,439.0,0.05,417.05,UPI,KOL-C2
KOL-000561,2025-06-02 13:20:00,Kolkata Store,RC-3F-03,1,399.0,0.0,399.0,UPI,KOL-C1
KOL-000561,2025-06-02 13:20:00,Kolkata Store,RC-2F-01,1,559.0,0.0,559.0,UPI,KOL-C1
KOL-000562,2025-06-02 20:27:00,Kolkata Store,RC-3F-03,1,399.0,0.0,399.0,UPI,KOL-C3
KOL-000563,2025-06-02 18:27:00,Kolkata Store,RC-2F-01,1,559.0,0.0,559.0,UPI,KOL-C3
KOL-000564,2025-06-02 13:03:00,Kolkata Store,RC-3F-03,2,399.0,0.05,758.1,UPI,KOL-C3
KOL-000565,2025-06-02 16:16:00,Kolkata Store,RC-3F-01,2,479.0,0.05,910.1,Cash,KOL-C3
KOL-000566,2025-06-02 13:51:00,Kolkata Store,RC-KD-01,1,409.0,0.0,409.0,UPI,KOL-C2
KOL-000567,2025-06-02 19:17:00,Kolkata Store,RC-3F-01,2,479.0,0.0,958.0,UPI,KOL-C2
KOL-000567,2025-06-02 19:17:00,Kolkata Store,RC-3F-03,1,399.0,0.0,399.0,UPI,KOL-C1
KOL-000568,2025-06-02 15:17:00,Kolkata Store,RC-3F-03,1,399.0,0.05,379.05,Cash,KOL-C3
KOL-000569,2025-06-02 11:34:00,Kolkata Store,RC-3F-03,1,399.0,0.05,379.05,UPI,KOL-C1
KOL-000570,2025-06-02 13:50:00,Kolkata Store,RC-LG-02,1,649.0,0.05,616.55,UPI,KOL-C3
KOL-000571,2025-06-02 17:35:00,Kolkata Store,RC-3F-02,1,549.0,0.0,549.0,UPI,KOL-C2
KOL-000572,2025-06-02 19:39:00,Kolkata Store,RC-3F-01,1,479.0,0.05,455.05,Cash,KOL-C3
KOL-000573,2025-06-02 19:26:00,Kolkata Store,RC-2F-01,1,559.0,0.05,531.05,UPI,KOL-C2
KOL-000573,2025-06-02 19:26:00,Kolkata Store,RC-3F-03,1,399.0,0.05,379.05,UPI,KOL-C2
KOL-000573,2025-06-02 19:26:00,Kolkata Store,RC-LG-02,1,649.0,0.05,616.55,UPI,KOL-C3
KOL-000574,2025-06-02 19:18:00,Kolkata Store,RC-2F-01,1,559.0,0.0,559.0,Cash,KOL-C3
KOL-000575,2025-06-02 14:18:00,Kolkata Store,RC-3F-03,1,399.0,0.05,379.05,Cash,KOL-C2
KOL-000575,2025-06-02 14:18:00,Kolkata Store,RC-KD-01,1,409.0,0.05,388.55,Cash,KOL-C2
KOL-000576,2025-06-02 19:59:00,Kolkata Store,RC-LG-01,1,559.0,0.05,531.05,UPI,KOL-C1
KOL-000576,2025-06-02 19:59:00,Kolkata Store,RC-2F-01,1,559.0,0.05,531.05,UPI,KOL-C1
KOL-000577,2025-06-02 10:09:00,Kolkata Store,RC-2F-01,1,559.0,0.0,559.0,UPI,KOL-C1
KOL-000578,2025-06-02 16:44:00,Kolkata Store,RC-3F-03,1,399.0,0.05,379.05,UPI,KOL-C1
KOL-000578,2025-06-02 16:44:00,Kolkata Store,RC-3F-04,1,439.0,0.05,417.05,UPI,KOL-C3
KOL-000579,2025-06-03 19:10:00,Kolkata Store,RC-3F-03,1,399.0,0.05,379.05,Cash,KOL-C1
KOL-000579,2025-06-03 19:10:00,Kolkata Store,RC-3F-04,1,439.0,0.05,417.05,Cash,KOL-C3
KOL-000580,2025-06-03 14:14:00,Kolkata Store,RC-2F-01,1,559.0,0.0,559.0,Cash,KOL-C2
KOL-000580,2025-06-03 14:14:00,Kolkata Store,RC-KD-01,1,409.0,0.0,409.0,Cash,KOL-C3
KOL-000581,2025-06-03 18:34:00,Kolkata Store,RC-LG-01,1,559.0,0.0,559.0,Cash,KOL-C3
KOL-000581,2025-06-03 18:34:00,Kolkata Store,RC-2F-01,2,559.0,0.0,1118.0,Cash,KOL-C2
KOL-000582,2025-06-03 12:47:00,Kolkata Store,RC-KD-01,1,409.0,0.0,409.0,UPI,KOL-C3
KOL-000582,2025-06-03 12:47:00,Kolkata Store,RC-3F-04,2,439.0,0.0,878.0,UPI,KOL-C3
KOL-000583,2025-06-03 18:24:00,Kolkata Store,RC-LG-01,1,559.0,0.0,559.0,UPI,KOL-C2
KOL-000583,2025-06-03 18:24:00,Kolkata Store,RC-3F-04,1,439.0,0.0,439.0,UPI,KOL-C2
KOL-000584,2025-06-03 10:06:00,Kolkata Store,RC-3F-04,1,439.0,0.0,439.0,UPI,KOL-C2
KOL-000585,2025-06-03 20:30:00,Kolkata Store,RC-3F-01,1,479.0,0.0,479.0,Cash,KOL-C2
KOL-000585,2025-06-03 20:30:00,Kolkata Store,RC-3F-03,1,399.0,0.0,399.0,Cash,KOL-C1
KOL-000586,2025-06-03 20:59:00,Kolkata Store,RC-3F-03,1,399.0,0.0,399.0,Cash,KOL-C3
KOL-000587,2025-06-03 18:58:00,Kolkata Store,RC-3F-04,1,439.0,0.0,439.0,UPI,KOL-C1
KOL-000588,2025-06-03 14:05:00,Kolkata Store,RC-3F-04,1,439.0,0.0,439.0,Cash,KOL-C2
KOL-000589,2025-06-04 12:00:00,Kolkata Store,RC-3F-03,1,399.0,0.0,399.0,UPI,KOL-C2
KOL-000590,2025-06-04 18:45:00,Kolkata Store,RC-3F-04,1,439.0,0.0,439.0,Cash,KOL-C2
KOL-000591,2025-06-04 12:08:00,Kolkata Store,RC-2F-01,1,559.0,0.0,559.0,Cash,KOL-C2
KOL-000592,2025-06-04 20:37:00,Kolkata Store,RC-3F-03,1,399.0,0.05,379.05,Cash,KOL-C3
KOL-000593,2025-06-04 19:37:00,Kolkata Store,RC-3F-03,1,399.0,0.0,399.0,UPI,KOL-C1
KOL-000594,2025-06-04 16:42:00,Kolkata Store,RC-LG-01,1,559.0,0.0,559.0,UPI,KOL-C2
KOL-000595,2025-06-04 11:18:00,Kolkata Store,RC-3F-02,1,549.0,0.0,549.0,UPI,KOL-C1
KOL-000596,2025-06-04 18:47:00,Kolkata Store,RC-LG-01,1,559.0,0.0,559.0,UPI,KOL-C2
KOL-000597,2025-06-04 18:10:00,Kolkata Store,RC-3F-03,1,399.0,0.0,399.0,UPI,KOL-C3
KOL-000598,2025-06-04 15:01:00,Kolkata Store,RC-3F-01,1,479.0,0.0,479.0,Card,KOL-C1
KOL-000598,2025-06-04 15:01:00,Kolkata Store,RC-3F-03,1,399.0,0.0,399.0,Card,KOL-C1
KOL-000599,2025-06-04 19:50:00,Kolkata Store,RC-3F-04,2,439.0,0.0,878.0,UPI,KOL-C3
KOL-000600,2025-06-04 19:14:00,Kolkata Store,RC-KD-01,1,409.0,0.0,409.0,Cash,KOL-C1
KOL-000601,2025-06-04 12:03:00,Kolkata Store,RC-3F-03,1,399.0,0.0,399.0,UPI,KOL-C3
KOL-000602,2025-06-04 19:59:00,Kolkata Store,RC-KD-01,1,409.0,0.0,409.0,Cash,KOL-C1
KOL-000602,2025-06-04 19:59:00,Kolkata Store,RC-2F-01,2,559.0,0.0,1118.0,Cash,KOL-C1
KOL-000603,2025-06-04 12:44:00,Kolkata Store,RC-3F-03,1,399.0,0.0,399.0,Cash,KOL-C3
KOL-000604,2025-06-04 19:41:00,Kolkata Store,RC-3F-03,1,399.0,0.05,379.05,UPI,KOL-C1
KOL-000604,2025-06-04 19:41:00,Kolkata Store,RC-2F-01,1,559.0,0.05,531.05,UPI,KOL-C1
KOL-000605,2025-06-04 14:19:00,Kolkata Store,RC-3F-03,2,399.0,0.0,798.0,UPI,KOL-C2
KOL-000606,2025-06-04 14:57:00,Kolkata Store,RC-LG-01,1,559.0,0.05,531.05,UPI,KOL-C3
KOL-000606,2025-06-04 14:57:00,Kolkata Store,RC-3F-03,1,399.0,0.05,379.05,UPI,KOL-C2
KOL-000607,2025-06-04 12:02:00,Kolkata Store,RC-KD-01,2,409.0,0.0,818.0,UPI,KOL-C2
KOL-000607,2025-06-04 12:02:00,Kolkata Store,RC-LG-01,1,559.0,0.0,559.0,UPI,KOL-C1
KOL-000607,2025-06-04 12:02:00,Kolkata Store,RC-3F-03,1,399.0,0.0,399.0,UPI,KOL-C3
KOL-000608,2025-06-04 18:45:00,Kolkata Store,RC-KD-01,1,409.0,0.0,409.0,UPI,KOL-C3
KOL-000609,2025-06-05 15:44:00,Kolkata Store,RC-UV-01,2,739.0,0.0,1478.0,UPI,KOL-C2
KOL-000610,2025-06-05 15:23:00,Kolkata Store,RC-3F-01,1,479.0,0.0,479.0,UPI,KOL-C2
KOL-000610,2025-06-05 15:23:00,Kolkata Store,RC-2F-01,1,559.0,0.0,559.0,UPI,KOL-C2
KOL-000611,2025-06-05 16:32:00,Kolkata Store,RC-3F-02,1,549.0,0.05,521.55,Cash,KOL-C3
KOL-000612,2025-06-05 10:54:00,Kolkata Store,RC-3F-04,1,439.0,0.0,439.0,UPI,KOL-C3
KOL-000613,2025-06-05 20:26:00,Kolkata Store,RC-3F-02,2,549.0,0.0,1098.0,UPI,KOL-C1
KOL-000613,2025-06-05 20:26:00,Kolkata Store,RC-KD-01,1,409.0,0.0,409.0,UPI,KOL-C3
KOL-000614,2025-06-05 19:28:00,Kolkata Store,RC-3F-02,2,549.0,0.0,1098.0,UPI,KOL-C3
KOL-000614,2025-06-05 19:28:00,Kolkata Store,RC-3F-03,1,399.0,0.0,399.0,UPI,KOL-C3
KOL-000615,2025-06-05 19:40:00,Kolkata Store,RC-LG-01,1,559.0,0.0,559.0,UPI,KOL-C3
KOL-000616,2025-06-05 14:18:00,Kolkata Store,RC-3F-02,1,549.0,0.0,549.0,UPI,KOL-C1
KOL-000617,2025-06-05 17:22:00,Kolkata Store,RC-3F-03,1,399.0,0.05,379.05,UPI,KOL-C1
KOL-000618,2025-06-05 20:47:00,Kolkata Store,RC-LG-01,1,559.0,0.0,559.0,Cash,KOL-C1
KOL-000618,2025-06-05 20:47:00,Kolkata Store,RC-2F-01,1,559.0,0.0,559.0,Cash,KOL-C2
KOL-000619,2025-06-06 20:05:00,Kolkata Store,RC-3F-03,2,399.0,0.0,798.0,UPI,KOL-C2
KOL-000619,2025-06-06 20:05:00,Kolkata Store,RC-2F-01,1,559.0,0.0,559.0,UPI,KOL-C1
KOL-000619,2025-06-06 20:05:00,Kolkata Store,RC-3F-04,1,439.0,0.0,439.0,UPI,KOL-C1
KOL-000620,2025-06-06 10:45:00,Kolkata Store,RC-3F-03,1,399.0,0.05,379.05,Cash,KOL-C3
KOL-000621,2025-06-06 19:52:00,Kolkata Store,RC-3F-03,2,399.0,0.05,758.1,Cash,KOL-C1
KOL-000622,2025-06-06 15:01:00,Kolkata Store,RC-3F-03,1,399.0,0.0,399.0,UPI,KOL-C2
KOL-000622,2025-06-06 15:01:00,Kolkata Store,RC-2F-01,1,559.0,0.0,559.0,UPI,KOL-C2
KOL-000622,2025-06-06 15:01:00,Kolkata Store,RC-GF-01,1,1659.0,0.0,1659.0,UPI,KOL-C2
KOL-000623,2025-06-06 20:25:00,Kolkata Store,RC-2F-01,1,559.0,0.0,559.0,Cash,KOL-C2
KOL-000624,2025-06-06 17:42:00,Kolkata Store,RC-KD-01,1,409.0,0.05,388.55,Card,KOL-C3
KOL-000625,2025-06-06 17:30:00,Kolkata Store,RC-3F-03,1,399.0,0.0,399.0,UPI,KOL-C2
KOL-000625,2025-06-06 17:30:00,Kolkata Store,RC-LG-01,1,559.0,0.0,559.0,UPI,KOL-C3
KOL-000626,2025-06-06 13:18:00,Kolkata Store,RC-3F-02,1,549.0,0.05,521.55,UPI,KOL-C2
KOL-000627,2025-06-06 19:06:00,Kolkata Store,RC-3F-03,1,399.0,0.0,399.0,Card,KOL-C3
KOL-000627,2025-06-06 19:06:00,Kolkata Store,RC-2F-01,1,559.0,0.0,559.0,Card,KOL-C2
KOL-000628,2025-06-06 19:53:00,Kolkata Store,RC-2F-01,1,559.0,0.0,559.0,Cash,KOL-C2
KOL-000629,2025-06-06 18:28:00,Kolkata Store,RC-3F-03,1,399.0,0.0,399.0,Cash,KOL-C1
KOL-000630,2025-06-06 11:45:00,Kolkata Store,RC-LG-02,1,649.0,0.0,649.0,Cash,KOL-C3
KOL-000630,2025-06-06 11:45:00,Kolkata Store,RC-3F-03,2,399.0,0.0,798.0,Cash,KOL-C1
KOL-000631,2025-06-06 14:29:00,Kolkata Store,RC-3F-01,1,479.0,0.0,479.0,Cash,KOL-C1
KOL-000632,2025-06-06 13:37:00,Kolkata Store,RC-3F-04,1,439.0,0.0,439.0,Card,KOL-C3
KOL-000632,2025-06-06 13:37:00,Kolkata Store,RC-3F-03,1,399.0,0.0,399.0,Card,KOL-C2
KOL-000633,2025-06-06 11:34:00,Kolkata Store,RC-2F-01,2,559.0,0.05,1062.1,UPI,KOL-C2
KOL-000633,2025-06-06 11:34:00,Kolkata Store,RC-3F-04,1,439.0,0.05,417.05,UPI,KOL-C3
KOL-000634,2025-06-06 11:43:00,Kolkata Store,RC-3F-03,1,399.0,0.0,399.0,Cash,KOL-C2
KOL-000635,2025-06-06 18:59:00,Kolkata Store,RC-2F-01,1,559.0,0.05,531.05,UPI,KOL-C3
KOL-000636,2025-06-06 19:25:00,Kolkata Store,RC-2F-01,1,559.0,0.0,559.0,Cash,KOL-C3
KOL-000637,2025-06-06 19:15:00,Kolkata Store,RC-LG-01,1,559.0,0.0,559.0,Cash,KOL-C3
KOL-000637,2025-06-06 19:15:00,Kolkata Store,RC-3F-01,1,479.0,0.0,479.0,Cash,KOL-C1
KOL-000638,2025-06-06 20:07:00,Kolkata Store,RC-3F-03,1,399.0,0.0,399.0,UPI,KOL-C2
KOL-000639,2025-06-06 18:52:00,Kolkata Store,RC-3F-03,1,399.0,0.05,379.05,Cash,KOL-C1
KOL-000639,2025-06-06 18:52:00,Kolkata Store,RC-GF-01,1,1659.0,0.05,1576.05,Cash,KOL-C2
KOL-000639,2025-06-06 18:52:00,Kolkata Store,RC-KD-01,1,409.0,0.05,388.55,Cash,KOL-C2
KOL-000640,2025-06-06 20:19:00,Kolkata Store,RC-LG-01,1,559.0,0.0,559.0,UPI,KOL-C1
KOL-000640,2025-06-06 20:19:00,Kolkata Store,RC-3F-03,1,399.0,0.0,399.0,UPI,KOL-C2
KOL-000641,2025-06-06 19:09:00,Kolkata Store,RC-3F-03,1,399.0,0.0,399.0,Card,KOL-C2
KOL-000641,2025-06-06 19:09:00,Kolkata Store,RC-3F-04,1,439.0,0.0,439.0,Card,KOL-C1
KOL-000641,2025-06-06 19:09:00,Kolkata Store,RC-2F-01,1,559.0,0.0,559.0,Card,KOL-C1
KOL-000642,2025-06-06 13:34:00,Kolkata Store,RC-2F-01,1,559.0,0.05,531.05,UPI,KOL-C3
KOL-000643,2025-06-07 13:17:00,Kolkata Store,RC-KD-01,1,409.0,0.0,409.0,UPI,KOL-C1
KOL-000644,2025-06-07 13:43:00,Kolkata Store,RC-3F-04,2,439.0,0.05,834.1,UPI,KOL-C1
KOL-000645,2025-06-07 15:04:00,Kolkata Store,RC-2F-01,1,559.0,0.0,559.0,UPI,KOL-C3
KOL-000645,2025-06-07 15:04:00,Kolkata Store,RC-3F-03,1,399.0,0.0,399.0,UPI,KOL-C3
KOL-000646,2025-06-07 18:04:00,Kolkata Store,RC-3F-03,1,399.0,0.05,379.05,Cash,KOL-C2
KOL-000647,2025-06-07 20:41:00,Kolkata Store,RC-KD-01,1,409.0,0.05,388.55,Cash,KOL-C1
KOL-000647,2025-06-07 20:41:00,Kolkata Store,RC-LG-01,2,559.0,0.05,1062.1,Cash,KOL-C3
KOL-000648,2025-06-07 18:02:00,Kolkata Store,RC-3F-03,1,399.0,0.05,379.05,UPI,KOL-C2
KOL-000649,2025-06-07 20:31:00,Kolkata Store,RC-3F-03,1,399.0,0.0,399.0,Card,KOL-C3
KOL-000649,2025-06-07 20:31:00,Kolkata Store,RC-KD-01,1,409.0,0.0,409.0,Card,KOL-C3
KOL-000650,2025-06-07 18:08:00,Kolkata Store,RC-3F-03,1,399.0,0.0,399.0,UPI,KOL-C1
KOL-000651,2025-06-07 18:59:00,Kolkata Store,RC-2F-01,1,559.0,0.05,531.05,UPI,KOL-C2
KOL-000652,2025-06-07 19:53:00,Kolkata Store,RC-3F-03,1,399.0,0.05,379.05,Cash,KOL-C2
KOL-000653,2025-06-07 12:33:00,Kolkata Store,RC-2F-01,1,559.0,0.0,559.0,UPI,KOL-C2
KOL-000653,2025-06-07 12:33:00,Kolkata Store,RC-3F-04,1,439.0,0.0,439.0,UPI,KOL-C3
KOL-000654,2025-06-07 17:09:00,Kolkata Store,RC-3F-03,2,399.0,0.0,798.0,UPI,KOL-C3
KOL-000655,2025-06-07 17:58:00,Kolkata Store,RC-3F-01,1,479.0,0.0,479.0,Card,KOL-C3
KOL-000656,2025-06-07 18:41:00,Kolkata Store,RC-3F-04,1,439.0,0.0,439.0,UPI,KOL-C2
KOL-000657,2025-06-07 16:45:00,Kolkata Store,RC-2F-01,1,559.0,0.0,559.0,UPI,KOL-C1
KOL-000658,2025-06-07 19:12:00,Kolkata Store,RC-KD-01,2,409.0,0.05,777.1,UPI,KOL-C2
KOL-000659,2025-06-07 20:30:00,Kolkata Store,RC-3F-01,1,479.0,0.05,455.05,UPI,KOL-C3
KOL-000660,2025-06-07 19:22:00,Kolkata Store,RC-3F-04,2,439.0,0.0,878.0,Cash,KOL-C3
KOL-000661,2025-06-07 16:59:00,Kolkata Store,RC-2F-01,1,559.0,0.0,559.0,Cash,KOL-C2
KOL-000662,2025-06-07 11:56:00,Kolkata Store,RC-LG-01,2,559.0,0.0,1118.0,UPI,KOL-C1
KOL-000663,2025-06-07 10:54:00,Kolkata Store,RC-LG-01,1,559.0,0.0,559.0,Cash,KOL-C1
KOL-000664,2025-06-07 19:28:00,Kolkata Store,RC-KD-01,1,409.0,0.0,409.0,UPI,KOL-C2
KOL-000665,2025-06-08 13:19:00,Kolkata Store,RC-GF-01,1,1659.0,0.0,1659.0,Cash,KOL-C1
KOL-000666,2025-06-08 16:01:00,Kolkata Store,RC-3F-03,1,399.0,0.0,399.0,Cash,KOL-C1
KOL-000667,2025-06-08 17:34:00,Kolkata Store,RC-2F-01,1,559.0,0.0,559.0,UPI,KOL-C2
KOL-000667,2025-06-08 17:34:00,Kolkata Store,RC-3F-03,1,399.0,0.0,399.0,UPI,KOL-C1
KOL-000667,2025-06-08 17:34:00,Kolkata Store,RC-KD-01,1,409.0,0.0,409.0,UPI,KOL-C2
KOL-000668,2025-06-08 12:32:00,Kolkata Store,RC-2F-01,1,559.0,0.05,531.05,Card,KOL-C2
KOL-000669,2025-06-08 11:29:00,Kolkata Store,RC-3F-03,1,399.0,0.0,399.0,Card,KOL-C1
KOL-000669,2025-06-08 11:29:00,Kolkata Store,RC-KD-01,1,409.0,0.0,409.0,Card,KOL-C3
KOL-000669,2025-06-08 11:29:00,Kolkata Store,RC-2F-01,1,559.0,0.0,559.0,Card,KOL-C1
KOL-000670,2025-06-08 16:31:00,Kolkata Store,RC-2F-01,1,559.0,0.05,531.05,Cash,KOL-C2
KOL-000671,2025-06-08 19:16:00,Kolkata Store,RC-LG-02,1,649.0,0.0,649.0,UPI,KOL-C1
KOL-000671,2025-06-08 19:16:00,Kolkata Store,RC-3F-04,1,439.0,0.0,439.0,UPI,KOL-C1
KOL-000672,2025-06-08 16:41:00,Kolkata Store,RC-3F-03,1,399.0,0.0,399.0,Cash,KOL-C1
KOL-000672,2025-06-08 16:41:00,Kolkata Store,RC-KD-01,1,409.0,0.0,409.0,Cash,KOL-C3
KOL-000673,2025-06-08 12:40:00,Kolkata Store,RC-3F-01,1,479.0,0.05,455.05,UPI,KOL-C1
KOL-000674,2025-06-09 11:19:00,Kolkata Store,RC-3F-03,1,399.0,0.0,399.0,UPI,KOL-C3
KOL-000675,2025-06-09 19:25:00,Kolkata Store,RC-3F-03,1,399.0,0.05,379.05,UPI,KOL-C2
KOL-000675,2025-06-09 19:25:00,Kolkata Store,RC-2F-01,2,559.0,0.05,1062.1,UPI,KOL-C1
KOL-000676,2025-06-09 19:11:00,Kolkata Store,RC-3F-03,2,399.0,0.05,758.1,Card,KOL-C3
KOL-000677,2025-06-09 13:47:00,Kolkata Store,RC-3F-03,1,399.0,0.0,399.0,UPI,KOL-C2
KOL-000677,2025-06-09 13:47:00,Kolkata Store,RC-LG-01,1,559.0,0.0,559.0,UPI,KOL-C3
KOL-000678,2025-06-09 16:53:00,Kolkata Store,RC-3F-03,1,399.0,0.0,399.0,Cash,KOL-C1
KOL-000679,2025-06-09 20:21:00,Kolkata Store,RC-3F-03,2,399.0,0.0,798.0,Cash,KOL-C3
KOL-000680,2025-06-09 15:59:00,Kolkata Store,RC-3F-03,1,399.0,0.05,379.05,UPI,KOL-C2
KOL-000681,2025-06-09 18:44:00,Kolkata Store,RC-2F-01,2,559.0,0.0,1118.0,Cash,KOL-C1
KOL-000682,2025-06-09 14:01:00,Kolkata Store,RC-3F-02,1,549.0,0.0,549.0,UPI,KOL-C1
KOL-000683,2025-06-09 20:04:00,Kolkata Store,RC-KD-01,2,409.0,0.0,818.0,UPI,KOL-C2
KOL-000684,2025-06-09 12:30:00,Kolkata Store,RC-KD-01,1,409.0,0.0,409.0,UPI,KOL-C2
KOL-000685,2025-06-09 17:07:00,Kolkata Store,RC-3F-03,2,399.0,0.0,798.0,UPI,KOL-C3
KOL-000686,2025-06-10 18:08:00,Kolkata Store,RC-3F-04,1,439.0,0.0,439.0,UPI,KOL-C1
KOL-000687,2025-06-10 18:58:00,Kolkata Store,RC-3F-02,1,549.0,0.05,521.55,UPI,KOL-C3
KOL-000688,2025-06-10 19:36:00,Kolkata Store,RC-2F-01,1,559.0,0.0,559.0,Cash,KOL-C1
KOL-000689,2025-06-10 17:09:00,Kolkata Store,RC-2F-01,1,559.0,0.0,559.0,Cash,KOL-C2
KOL-000690,2025-06-10 12:25:00,Kolkata Store,RC-3F-01,1,479.0,0.05,455.05,Cash,KOL-C2
KOL-000691,2025-06-10 20:33:00,Kolkata Store,RC-3F-03,1,399.0,0.0,399.0,Cash,KOL-C1
KOL-000692,2025-06-10 20:55:00,Kolkata Store,RC-2F-01,1,559.0,0.0,559.0,Cash,KOL-C1
KOL-000693,2025-06-10 13:11:00,Kolkata Store,RC-2F-01,1,559.0,0.0,559.0,UPI,KOL-C3
KOL-000693,2025-06-10 13:11:00,Kolkata Store,RC-LG-01,1,559.0,0.0,559.0,UPI,KOL-C3
KOL-000694,2025-06-10 13:37:00,Kolkata Store,RC-LG-01,2,559.0,0.0,1118.0,UPI,KOL-C2
KOL-000695,2025-06-10 12:15:00,Kolkata Store,RC-KD-01,1,409.0,0.0,409.0,UPI,KOL-C1
KOL-000696,2025-06-10 18:30:00,Kolkata Store,RC-3F-04,1,439.0,0.0,439.0,Cash,KOL-C2
KOL-000696,2025-06-10 18:30:00,Kolkata Store,RC-LG-01,2,559.0,0.0,1118.0,Cash,KOL-C1
KOL-000697,2025-06-10 18:46:00,Kolkata Store,RC-LG-01,2,559.0,0.05,1062.1,Card,KOL-C3
KOL-000697,2025-06-10 18:46:00,Kolkata Store,RC-2F-01,1,559.0,0.05,531.05,Card,KOL-C1
KOL-000698,2025-06-11 15:44:00,Kolkata Store,RC-2F-01,1,559.0,0.0,559.0,UPI,KOL-C2
KOL-000699,2025-06-11 15:51:00,Kolkata Store,RC-3F-01,1,479.0,0.0,479.0,UPI,KOL-C1
KOL-000700,2025-06-11 17:01:00,Kolkata Store,RC-LG-01,1,559.0,0.0,559.0,UPI,KOL-C3
KOL-000701,2025-06-11 15:15:00,Kolkata Store,RC-3F-04,1,439.0,0.0,439.0,Cash,KOL-C3
KOL-000702,2025-06-11 10:01:00,Kolkata Store,RC-2F-01,2,559.0,0.0,1118.0,UPI,KOL-C2
KOL-000703,2025-06-11 15:27:00,Kolkata Store,RC-3F-04,1,439.0,0.05,417.05,UPI,KOL-C1
KOL-000704,2025-06-11 19:31:00,Kolkata Store,RC-3F-04,1,439.0,0.05,417.05,UPI,KOL-C3
KOL-000705,2025-06-11 19:23:00,Kolkata Store,RC-2F-01,1,559.0,0.0,559.0,UPI,KOL-C3
KOL-000705,2025-06-11 19:23:00,Kolkata Store,RC-3F-03,2,399.0,0.0,798.0,UPI,KOL-C1
KOL-000705,2025-06-11 19:23:00,Kolkata Store,RC-KD-01,1,409.0,0.0,409.0,UPI,KOL-C2
KOL-000706,2025-06-11 17:42:00,Kolkata Store,RC-LG-01,1,559.0,0.05,531.05,Cash,KOL-C3
KOL-000707,2025-06-11 14:16:00,Kolkata Store,RC-2F-01,1,559.0,0.0,559.0,UPI,KOL-C2
KOL-000708,2025-06-11 19:33:00,Kolkata Store,RC-3F-03,1,399.0,0.0,399.0,UPI,KOL-C1
KOL-000708,2025-06-11 19:33:00,Kolkata Store,RC-3F-04,1,439.0,0.0,439.0,UPI,KOL-C2
KOL-000708,2025-06-11 19:33:00,Kolkata Store,RC-2F-01,1,559.0,0.0,559.0,UPI,KOL-C2
KOL-000709,2025-06-11 16:29:00,Kolkata Store,RC-2F-01,1,559.0,0.0,559.0,UPI,KOL-C1
KOL-000710,2025-06-11 20:00:00,Kolkata Store,RC-2F-01,1,559.0,0.0,559.0,UPI,KOL-C1
KOL-000710,2025-06-11 20:00:00,Kolkata Store,RC-3F-03,2,399.0,0.0,798.0,UPI,KOL-C3
KOL-000711,2025-06-11 19:52:00,Kolkata Store,RC-3F-03,2,399.0,0.0,798.0,Cash,KOL-C3
KOL-000711,2025-06-11 19:52:00,Kolkata Store,RC-2F-01,1,559.0,0.0,559.0,Cash,KOL-C1
KOL-000712,2025-06-11 15:29:00,Kolkata Store,RC-2F-01,1,559.0,0.05,531.05,UPI,KOL-C2
KOL-000712,2025-06-11 15:29:00,Kolkata Store,RC-3F-03,1,399.0,0.05,379.05,UPI,KOL-C3
KOL-000713,2025-06-11 16:37:00,Kolkata Store,RC-3F-02,2,549.0,0.0,1098.0,Cash,KOL-C2
KOL-000714,2025-06-11 17:22:00,Kolkata Store,RC-3F-03,2,399.0,0.05,758.1,UPI,KOL-C1
KOL-000716,2025-06-11 19:25:00,Kolkata Store,RC-2F-01,1,559.0,0.0,559.0,UPI,KOL-C2
KOL-000716,2025-06-11 19:25:00,Kolkata Store,RC-3F-03,1,399.0,0.0,399.0,UPI,KOL-C2
KOL-000717,2025-06-11 12:39:00,Kolkata Store,RC-3F-03,1,399.0,0.0,399.0,Cash,KOL-C1
KOL-000718,2025-06-11 19:44:00,Kolkata Store,RC-3F-03,1,399.0,0.0,399.0,UPI,KOL-C2
KOL-000718,2025-06-11 19:44:00,Kolkata Store,RC-KD-01,1,409.0,0.0,409.0,UPI,KOL-C3
KOL-000719,2025-06-11 15:39:00,Kolkata Store,RC-3F-02,1,549.0,0.05,521.55,Card,KOL-C2
KOL-000719,2025-06-11 15:39:00,Kolkata Store,RC-RC-01,1,1509.0,0.05,1433.55,Card,KOL-C3
KOL-000720,2025-06-11 12:56:00,Kolkata Store,RC-KD-01,1,409.0,0.0,409.0,Cash,KOL-C1
KOL-000721,2025-06-11 18:28:00,Kolkata Store,RC-3F-03,1,399.0,0.0,399.0,UPI,KOL-C2
KOL-000722,2025-06-12 16:29:00,Kolkata Store,RC-3F-03,2,399.0,0.05,758.1,UPI,KOL-C3
KOL-000723,2025-06-12 17:01:00,Kolkata Store,RC-KD-01,2,409.0,0.0,818.0,Cash,KOL-C3
KOL-000724,2025-06-12 15:47:00,Kolkata Store,RC-3F-03,1,399.0,0.05,379.05,UPI,KOL-C1
KOL-000725,2025-06-12 18:26:00,Kolkata Store,RC-KD-01,1,409.0,0.05,388.55,UPI,KOL-C1
KOL-000726,2025-06-12 20:49:00,Kolkata Store,RC-2F-01,1,559.0,0.0,559.0,UPI,KOL-C3
KOL-000727,2025-06-12 18:23:00,Kolkata Store,RC-2F-01,1,559.0,0.0,559.0,Cash,KOL-C2
KOL-000727,2025-06-12 18:23:00,Kolkata Store,RC-3F-04,1,439.0,0.0,439.0,Cash,KOL-C3
KOL-000728,2025-06-12 15:33:00,Kolkata Store,RC-LG-01,1,559.0,0.0,559.0,UPI,KOL-C2
KOL-000729,2025-06-12 17:49:00,Kolkata Store,RC-KD-01,1,409.0,0.0,409.0,UPI,KOL-C1
KOL-000730,2025-06-12 19:18:00,Kolkata Store,RC-2F-01,2,559.0,0.0,1118.0,UPI,KOL-C1
KOL-000730,2025-06-12 19:18:00,Kolkata Store,RC-KD-01,1,409.0,0.0,409.0,UPI,KOL-C1
KOL-000730,2025-06-12 19:18:00,Kolkata Store,RC-3F-03,1,399.0,0.0,399.0,UPI,KOL-C2
KOL-000732,2025-06-12 13:16:00,Kolkata Store,RC-UV-01,1,739.0,0.0,739.0,Cash,KOL-C3
KOL-000732,2025-06-12 13:16:00,Kolkata Store,RC-2F-01,1,559.0,0.0,559.0,Cash,KOL-C3
KOL-000733,2025-06-12 17:09:00,Kolkata Store,RC-KD-01,1,409.0,0.0,409.0,UPI,KOL-C3
KOL-000734,2025-06-13 14:20:00,Kolkata Store,RC-LG-02,1,649.0,0.0,649.0,Cash,KOL-C3
KOL-000735,2025-06-13 13:37:00,Kolkata Store,RC-3F-03,1,399.0,0.05,379.05,Cash,KOL-C1
KOL-000736,2025-06-13 18:58:00,Kolkata Store,RC-3F-03,1,399.0,0.05,379.05,UPI,KOL-C3
KOL-000737,2025-06-13 18:12:00,Kolkata Store,RC-2F-01,1,559.0,0.05,531.05,UPI,KOL-C1
KOL-000737,2025-06-13 18:12:00,Kolkata Store,RC-3F-03,1,399.0,0.05,379.05,UPI,KOL-C1
KOL-000738,2025-06-13 10:01:00,Kolkata Store,RC-2F-01,1,559.0,0.0,559.0,UPI,KOL-C2
KOL-000739,2025-06-13 16:03:00,Kolkata Store,RC-3F-03,2,399.0,0.0,798.0,Cash,KOL-C2
KOL-000740,2025-06-13 19:12:00,Kolkata Store,RC-KD-01,2,409.0,0.0,818.0,Cash,KOL-C1
KOL-000741,2025-06-13 20:07:00,Kolkata Store,RC-2F-01,1,559.0,0.0,559.0,UPI,KOL-C2
KOL-000742,2025-06-13 10:24:00,Kolkata Store,RC-LG-01,1,559.0,0.0,559.0,UPI,KOL-C2
KOL-000742,2025-06-13 10:24:00,Kolkata Store,RC-2F-01,1,559.0,0.0,559.0,UPI,KOL-C2
KOL-000743,2025-06-13 15:20:00,Kolkata Store,RC-3F-04,1,439.0,0.0,439.0,Card,KOL-C1
KOL-000744,2025-06-13 18:47:00,Kolkata Store,RC-KD-01,1,409.0,0.0,409.0,UPI,KOL-C1
KOL-000744,2025-06-13 18:47:00,Kolkata Store,RC-RC-01,2,1509.0,0.0,3018.0,UPI,KOL-C3
KOL-000744,2025-06-13 18:47:00,Kolkata Store,RC-LG-01,2,559.0,0.0,1118.0,UPI,KOL-C1
KOL-000745,2025-06-13 19:06:00,Kolkata Store,RC-3F-03,1,399.0,0.0,399.0,Cash,KOL-C1
KOL-000746,2025-06-13 19:06:00,Kolkata Store,RC-3F-03,2,399.0,0.0,798.0,Cash,KOL-C1
KOL-000746,2025-06-13 19:06:00,Kolkata Store,RC-2F-01,1,559.0,0.0,559.0,Cash,KOL-C1
KOL-000747,2025-06-13 19:56:00,Kolkata Store,RC-KD-01,1,409.0,0.05,388.55,UPI,KOL-C3
KOL-000747,2025-06-13 19:56:00,Kolkata Store,RC-LG-01,1,559.0,0.05,531.05,UPI,KOL-C3
KOL-000748,2025-06-14 15:06:00,Kolkata Store,RC-3F-02,1,549.0,0.0,549.0,UPI,KOL-C2
KOL-000748,2025-06-14 15:06:00,Kolkata Store,RC-3F-04,1,439.0,0.0,439.0,UPI,KOL-C1
KOL-000748,2025-06-14 15:06:00,Kolkata Store,RC-KD-01,1,409.0,0.0,409.0,UPI,KOL-C2
KOL-000749,2025-06-14 18:11:00,Kolkata Store,RC-3F-03,1,399.0,0.05,379.05,Cash,KOL-C2
KOL-000750,2025-06-14 16:01:00,Kolkata Store,RC-LG-01,1,559.0,0.0,559.0,Cash,KOL-C1
KOL-000750,2025-06-14 16:01:00,Kolkata Store,RC-2F-01,1,559.0,0.0,559.0,Cash,KOL-C2
KOL-000751,2025-06-14 19:08:00,Kolkata Store,RC-3F-03,1,399.0,0.0,399.0,UPI,KOL-C1
KOL-000752,2025-06-14 16:31:00,Kolkata Store,RC-3F-03,1,399.0,0.05,379.05,Cash,KOL-C2
KOL-000753,2025-06-14 19:42:00,Kolkata Store,RC-2F-01,1,559.0,0.0,559.0,UPI,KOL-C3
KOL-000754,2025-06-14 13:48:00,Kolkata Store,RC-3F-03,1,399.0,0.0,399.0,Cash,KOL-C2
KOL-000755,2025-06-14 17:18:00,Kolkata Store,RC-LG-01,1,559.0,0.0,559.0,Cash,KOL-C3
KOL-000755,2025-06-14 17:18:00,Kolkata Store,RC-3F-03,2,399.0,0.0,798.0,Cash,KOL-C1
KOL-000756,2025-06-14 17:42:00,Kolkata Store,RC-3F-03,1,399.0,0.0,399.0,Card,KOL-C3
KOL-000757,2025-06-14 19:06:00,Kolkata Store,RC-LG-01,1,559.0,0.0,559.0,UPI,KOL-C1
KOL-000758,2025-06-14 16:13:00,Kolkata Store,RC-3F-04,1,439.0,0.0,439.0,Card,KOL-C3
KOL-000758,2025-06-14 16:13:00,Kolkata Store,RC-2F-01,1,559.0,0.0,559.0,Card,KOL-C1
KOL-000759,2025-06-14 20:48:00,Kolkata Store,RC-LG-01,1,559.0,0.0,559.0,Cash,KOL-C3
KOL-000760,2025-06-14 17:47:00,Kolkata Store,RC-3F-03,1,399.0,0.05,379.05,UPI,KOL-C1
KOL-000760,2025-06-14 17:47:00,Kolkata Store,RC-2F-01,1,559.0,0.05,531.05,UPI,KOL-C3
KOL-000761,2025-06-14 12:47:00,Kolkata Store,RC-2F-01,1,559.0,0.0,559.0,Cash,KOL-C2
KOL-000762,2025-06-14 17:45:00,Kolkata Store,RC-KD-01,1,409.0,0.0,409.0,UPI,KOL-C3
KOL-000763,2025-06-14 14:30:00,Kolkata Store,RC-KD-01,1,409.0,0.0,409.0,Cash,KOL-C1
KOL-000764,2025-06-14 10:59:00,Kolkata Store,RC-KD-01,1,409.0,0.05,388.55,UPI,KOL-C2
KOL-000765,2025-06-14 12:05:00,Kolkata Store,RC-3F-02,1,549.0,0.0,549.0,UPI,KOL-C1
KOL-000766,2025-06-14 11:21:00,Kolkata Store,RC-KD-01,1,409.0,0.0,409.0,Cash,KOL-C1
KOL-000766,2025-06-14 11:21:00,Kolkata Store,RC-3F-03,1,399.0,0.0,399.0,Cash,KOL-C3
KOL-000766,2025-06-14 11:21:00,Kolkata Store,RC-LG-01,1,559.0,0.0,559.0,Cash,KOL-C2
KOL-000767,2025-06-14 18:25:00,Kolkata Store,RC-2F-01,1,559.0,0.0,559.0,UPI,KOL-C1
KOL-000767,2025-06-14 18:25:00,Kolkata Store,RC-3F-04,1,439.0,0.0,439.0,UPI,KOL-C2
KOL-000768,2025-06-14 14:13:00,Kolkata Store,RC-3F-03,1,399.0,0.05,379.05,Cash,KOL-C3
KOL-000769,2025-06-14 13:23:00,Kolkata Store,RC-2F-01,1,559.0,0.05,531.05,UPI,KOL-C2
KOL-000770,2025-06-14 20:03:00,Kolkata Store,RC-3F-04,1,439.0,0.05,417.05,Cash,KOL-C1
KOL-000770,2025-06-14 20:03:00,Kolkata Store,RC-3F-03,2,399.0,0.05,758.1,Cash,KOL-C2
KOL-000770,2025-06-14 20:03:00,Kolkata Store,RC-2F-01,2,559.0,0.05,1062.1,Cash,KOL-C1
KOL-000771,2025-06-14 15:44:00,Kolkata Store,RC-3F-03,1,399.0,0.0,399.0,UPI,KOL-C1
KOL-000772,2025-06-15 13:24:00,Kolkata Store,RC-3F-04,1,439.0,0.0,439.0,Cash,KOL-C1
KOL-000772,2025-06-15 13:24:00,Kolkata Store,RC-2F-01,1,559.0,0.0,559.0,Cash,KOL-C1
KOL-000772,2025-06-15 13:24:00,Kolkata Store,RC-3F-03,1,399.0,0.0,399.0,Cash,KOL-C1
KOL-000773,2025-06-15 18:44:00,Kolkata Store,RC-2F-01,1,559.0,0.0,559.0,UPI,KOL-C2
KOL-000774,2025-06-15 16:06:00,Kolkata Store,RC-3F-04,1,439.0,0.0,439.0,Cash,KOL-C2
KOL-000775,2025-06-15 14:39:00,Kolkata Store,RC-3F-02,1,549.0,0.05,521.55,UPI,KOL-C3
KOL-000776,2025-06-15 11:42:00,Kolkata Store,RC-2F-01,1,559.0,0.05,531.05,UPI,KOL-C2
KOL-000776,2025-06-15 11:42:00,Kolkata Store,RC-LG-01,1,559.0,0.05,531.05,UPI,KOL-C1
KOL-000777,2025-06-15 18:34:00,Kolkata Store,RC-3F-03,1,399.0,0.0,399.0,Cash,KOL-C3
KOL-000777,2025-06-15 18:34:00,Kolkata Store,RC-3F-04,1,439.0,0.0,439.0,Cash,KOL-C1
KOL-000778,2025-06-15 14:12:00,Kolkata Store,RC-3F-02,1,549.0,0.0,549.0,UPI,KOL-C1
KOL-000779,2025-06-15 19:53:00,Kolkata Store,RC-KD-01,1,409.0,0.0,409.0,Cash,KOL-C2
KOL-000780,2025-06-15 18:49:00,Kolkata Store,RC-3F-04,1,439.0,0.05,417.05,Cash,KOL-C1
KOL-000781,2025-06-15 20:46:00,Kolkata Store,RC-KD-01,2,409.0,0.05,777.1,UPI,KOL-C1
KOL-000782,2025-06-15 19:56:00,Kolkata Store,RC-3F-03,1,399.0,0.0,399.0,Cash,KOL-C1
KOL-000783,2025-06-15 19:12:00,Kolkata Store,RC-3F-03,1,399.0,0.0,399.0,UPI,KOL-C1
KOL-000784,2025-06-15 19:37:00,Kolkata Store,RC-LG-01,1,559.0,0.0,559.0,UPI,KOL-C3
KOL-000784,2025-06-15 19:37:00,Kolkata Store,RC-3F-02,1,549.0,0.0,549.0,UPI,KOL-C3
KOL-000785,2025-06-15 19:59:00,Kolkata Store,RC-3F-03,1,399.0,0.0,399.0,Cash,KOL-C3
KOL-000787,2025-06-15 12:06:00,Kolkata Store,RC-KD-01,2,409.0,0.0,818.0,UPI,KOL-C2
KOL-000787,2025-06-15 12:06:00,Kolkata Store,RC-2F-01,1,559.0,0.0,559.0,UPI,KOL-C3
KOL-000787,2025-06-15 12:06:00,Kolkata Store,RC-3F-04,1,439.0,0.0,439.0,UPI,KOL-C3
KOL-000788,2025-06-15 19:31:00,Kolkata Store,RC-3F-03,1,399.0,0.0,399.0,Cash,KOL-C1
KOL-000788,2025-06-15 19:31:00,Kolkata Store,RC-LG-01,1,559.0,0.0,559.0,Cash,KOL-C3
KOL-000789,2025-06-15 11:32:00,Kolkata Store,RC-2F-01,1,559.0,0.0,559.0,UPI,KOL-C1
KOL-000790,2025-06-15 18:05:00,Kolkata Store,RC-GF-01,1,1659.0,0.0,1659.0,Cash,KOL-C2
KOL-000791,2025-06-15 13:41:00,Kolkata Store,RC-2F-01,1,559.0,0.05,531.05,UPI,KOL-C3
KOL-000792,2025-06-15 12:50:00,Kolkata Store,RC-KD-01,1,409.0,0.0,409.0,Cash,KOL-C1
KOL-000793,2025-06-15 12:06:00,Kolkata Store,RC-2F-01,1,559.0,0.05,531.05,Cash,KOL-C2
KOL-000794,2025-06-15 11:40:00,Kolkata Store,RC-2F-01,1,559.0,0.0,559.0,UPI,KOL-C2
KOL-000795,2025-06-15 15:55:00,Kolkata Store,RC-3F-03,1,399.0,0.05,379.05,Cash,KOL-C2
KOL-000795,2025-06-15 15:55:00,Kolkata Store,RC-2F-01,1,559.0,0.05,531.05,Cash,KOL-C2
KOL-000796,2025-06-16 17:28:00,Kolkata Store,RC-2F-01,1,559.0,0.0,559.0,UPI,KOL-C1
KOL-000797,2025-06-16 19:53:00,Kolkata Store,RC-3F-03,2,399.0,0.0,798.0,Cash,KOL-C3
KOL-000798,2025-06-16 20:11:00,Kolkata Store,RC-LG-02,1,649.0,0.05,616.55,UPI,KOL-C2
KOL-000798,2025-06-16 20:11:00,Kolkata Store,RC-2F-01,1,559.0,0.05,531.05,UPI,KOL-C1
KOL-000798,2025-06-16 20:11:00,Kolkata Store,RC-KD-01,1,409.0,0.05,388.55,UPI,KOL-C1
KOL-000799,2025-06-16 15:27:00,Kolkata Store,RC-3F-04,1,439.0,0.0,439.0,Cash,KOL-C2
KOL-000800,2025-06-16 19:05:00,Kolkata Store,RC-KD-01,1,409.0,0.0,409.0,UPI,KOL-C1
KOL-000801,2025-06-16 16:32:00,Kolkata Store,RC-2F-01,1,559.0,0.0,559.0,UPI,KOL-C1
KOL-000802,2025-06-16 11:58:00,Kolkata Store,RC-LG-02,2,649.0,0.0,1298.0,Cash,KOL-C3
KOL-000804,2025-06-16 12:39:00,Kolkata Store,RC-3F-03,1,399.0,0.0,399.0,Card,KOL-C1
KOL-000804,2025-06-16 12:39:00,Kolkata Store,RC-3F-02,1,549.0,0.0,549.0,Card,KOL-C3
KOL-000804,2025-06-16 12:39:00,Kolkata Store,RC-2F-01,1,559.0,0.0,559.0,Card,KOL-C2
KOL-000805,2025-06-16 20:31:00,Kolkata Store,RC-3F-04,1,439.0,0.0,439.0,Cash,KOL-C1
KOL-000806,2025-06-16 20:19:00,Kolkata Store,RC-2F-01,2,559.0,0.0,1118.0,UPI,KOL-C2
KOL-000807,2025-06-16 14:39:00,Kolkata Store,RC-3F-03,1,399.0,0.0,399.0,UPI,KOL-C3
KOL-000807,2025-06-16 14:39:00,Kolkata Store,RC-2F-01,1,559.0,0.0,559.0,UPI,KOL-C3
KOL-000808,2025-06-16 20:33:00,Kolkata Store,RC-3F-03,1,399.0,0.0,399.0,UPI,KOL-C2
KOL-000809,2025-06-16 15:08:00,Kolkata Store,RC-3F-03,2,399.0,0.0,798.0,Cash,KOL-C1
KOL-000809,2025-06-16 15:08:00,Kolkata Store,RC-LG-01,1,559.0,0.0,559.0,Cash,KOL-C1
KOL-000810,2025-06-16 19:59:00,Kolkata Store,RC-3F-03,1,399.0,0.05,379.05,UPI,KOL-C1
KOL-000811,2025-06-16 11:11:00,Kolkata Store,RC-3F-03,1,399.0,0.0,399.0,Cash,KOL-C1
KOL-000812,2025-06-16 16:19:00,Kolkata Store,RC-2F-01,1,559.0,0.0,559.0,Cash,KOL-C3
KOL-000813,2025-06-16 19:07:00,Kolkata Store,RC-3F-03,1,399.0,0.0,399.0,Cash,KOL-C3
KOL-000814,2025-06-16 20:56:00,Kolkata Store,RC-3F-03,1,399.0,0.0,399.0,UPI,KOL-C1
KOL-000814,2025-06-16 20:56:00,Kolkata Store,RC-LG-01,1,559.0,0.0,559.0,UPI,KOL-C3
KOL-000814,2025-06-16 20:56:00,Kolkata Store,RC-2F-01,2,559.0,0.0,1118.0,UPI,KOL-C2
KOL-000815,2025-06-16 17:15:00,Kolkata Store,RC-3F-04,1,439.0,0.0,439.0,UPI,KOL-C3
KOL-000815,2025-06-16 17:15:00,Kolkata Store,RC-3F-03,1,399.0,0.0,399.0,UPI,KOL-C3
KOL-000815,2025-06-16 17:15:00,Kolkata Store,RC-KD-01,1,409.0,0.0,409.0,UPI,KOL-C3
KOL-000816,2025-06-16 14:13:00,Kolkata Store,RC-3F-03,1,399.0,0.0,399.0,UPI,KOL-C1
KOL-000817,2025-06-16 15:02:00,Kolkata Store,RC-2F-01,2,559.0,0.0,1118.0,Cash,KOL-C3
KOL-000818,2025-06-16 20:13:00,Kolkata Store,RC-2F-01,1,559.0,0.0,559.0,Card,KOL-C3
KOL-000819,2025-06-17 12:48:00,Kolkata Store,RC-3F-04,1,439.0,0.05,417.05,UPI,KOL-C3
KOL-000821,2025-06-17 15:14:00,Kolkata Store,RC-3F-03,1,399.0,0.0,399.0,UPI,KOL-C3
KOL-000822,2025-06-17 15:15:00,Kolkata Store,RC-3F-04,1,439.0,0.0,439.0,UPI,KOL-C2
KOL-000823,2025-06-17 13:36:00,Kolkata Store,RC-3F-04,1,439.0,0.0,439.0,Cash,KOL-C1
KOL-000824,2025-06-17 18:12:00,Kolkata Store,RC-KD-01,1,409.0,0.0,409.0,Cash,KOL-C1
KOL-000825,2025-06-17 20:26:00,Kolkata Store,RC-3F-03,2,399.0,0.05,758.1,Cash,KOL-C2
KOL-000826,2025-06-17 13:24:00,Kolkata Store,RC-3F-03,1,399.0,0.0,399.0,Cash,KOL-C3
KOL-000826,2025-06-17 13:24:00,Kolkata Store,RC-2F-01,1,559.0,0.0,559.0,Cash,KOL-C3
KOL-000826,2025-06-17 13:24:00,Kolkata Store,RC-KD-01,1,409.0,0.0,409.0,Cash,KOL-C3
KOL-000827,2025-06-17 19:30:00,Kolkata Store,RC-3F-04,1,439.0,0.0,439.0,UPI,KOL-C3
KOL-000828,2025-06-17 17:46:00,Kolkata Store,RC-KD-01,1,409.0,0.0,409.0,Cash,KOL-C2
KOL-000828,2025-06-17 17:46:00,Kolkata Store,RC-3F-03,1,399.0,0.0,399.0,Cash,KOL-C2
KOL-000829,2025-06-17 16:27:00,Kolkata Store,RC-3F-03,2,399.0,0.05,758.1,UPI,KOL-C2
KOL-000830,2025-06-17 11:28:00,Kolkata Store,RC-2F-01,1,559.0,0.0,559.0,UPI,KOL-C3
KOL-000831,2025-06-17 19:34:00,Kolkata Store,RC-2F-01,1,559.0,0.0,559.0,UPI,KOL-C3
KOL-000832,2025-06-17 20:51:00,Kolkata Store,RC-2F-01,1,559.0,0.0,559.0,UPI,KOL-C1
KOL-000833,2025-06-17 19:15:00,Kolkata Store,RC-3F-03,1,399.0,0.0,399.0,UPI,KOL-C3
KOL-000834,2025-06-17 17:53:00,Kolkata Store,RC-3F-04,1,439.0,0.0,439.0,UPI,KOL-C1
KOL-000835,2025-06-17 18:31:00,Kolkata Store,RC-3F-04,1,439.0,0.0,439.0,Cash,KOL-C3
KOL-000836,2025-06-18 20:50:00,Kolkata Store,RC-KD-01,1,409.0,0.0,409.0,UPI,KOL-C2
KOL-000837,2025-06-18 19:31:00,Kolkata Store,RC-2F-01,2,559.0,0.0,1118.0,Cash,KOL-C1
KOL-000838,2025-06-18 18:25:00,Kolkata Store,RC-2F-01,1,559.0,0.0,559.0,Cash,KOL-C1
KOL-000839,2025-06-18 18:44:00,Kolkata Store,RC-3F-03,1,399.0,0.0,399.0,Cash,KOL-C1
KOL-000840,2025-06-18 20:07:00,Kolkata Store,RC-3F-03,1,399.0,0.0,399.0,Cash,KOL-C1
KOL-000842,2025-06-18 20:51:00,Kolkata Store,RC-LG-01,1,559.0,0.05,531.05,Card,KOL-C2
KOL-000843,2025-06-18 20:14:00,Kolkata Store,RC-KD-01,1,409.0,0.0,409.0,UPI,KOL-C1
KOL-000843,2025-06-18 20:14:00,Kolkata Store,RC-3F-03,1,399.0,0.0,399.0,UPI,KOL-C1
KOL-000844,2025-06-18 13:53:00,Kolkata Store,RC-KD-01,1,409.0,0.0,409.0,Cash,KOL-C1
KOL-000844,2025-06-18 13:53:00,Kolkata Store,RC-LG-01,1,559.0,0.0,559.0,Cash,KOL-C2
KOL-000845,2025-06-18 17:17:00,Kolkata Store,RC-3F-03,1,399.0,0.0,399.0,UPI,KOL-C2
KOL-000846,2025-06-18 17:57:00,Kolkata Store,RC-2F-01,1,559.0,0.05,531.05,Card,KOL-C1
KOL-000847,2025-06-18 13:14:00,Kolkata Store,RC-2F-01,1,559.0,0.0,559.0,Card,KOL-C3
KOL-000848,2025-06-19 19:56:00,Kolkata Store,RC-2F-01,1,559.0,0.0,559.0,UPI,KOL-C3
KOL-000849,2025-06-19 15:37:00,Kolkata Store,RC-3F-04,1,439.0,0.05,417.05,Cash,KOL-C2
KOL-000850,2025-06-19 18:03:00,Kolkata Store,RC-2F-01,1,559.0,0.0,559.0,UPI,KOL-C2
KOL-000851,2025-06-19 19:06:00,Kolkata Store,RC-2F-01,1,559.0,0.0,559.0,Cash,KOL-C3
KOL-000852,2025-06-19 13:41:00,Kolkata Store,RC-3F-04,1,439.0,0.0,439.0,Cash,KOL-C3
KOL-000853,2025-06-19 15:37:00,Kolkata Store,RC-3F-03,1,399.0,0.0,399.0,UPI,KOL-C1
KOL-000854,2025-06-20 16:51:00,Kolkata Store,RC-3F-02,1,549.0,0.0,549.0,UPI,KOL-C2
KOL-000855,2025-06-20 11:49:00,Kolkata Store,RC-3F-03,1,399.0,0.0,399.0,UPI,KOL-C1
KOL-000855,2025-06-20 11:49:00,Kolkata Store,RC-KD-01,1,409.0,0.0,409.0,UPI,KOL-C2
KOL-000856,2025-06-20 18:53:00,Kolkata Store,RC-3F-03,1,399.0,0.0,399.0,Cash,KOL-C3
KOL-000856,2025-06-20 18:53:00,Kolkata Store,RC-KD-01,1,409.0,0.0,409.0,Cash,KOL-C2
KOL-000857,2025-06-20 19:21:00,Kolkata Store,RC-3F-03,1,399.0,0.0,399.0,UPI,KOL-C2
KOL-000858,2025-06-20 18:19:00,Kolkata Store,RC-3F-03,1,399.0,0.05,379.05,UPI,KOL-C3
KOL-000859,2025-06-20 12:00:00,Kolkata Store,RC-3F-04,1,439.0,0.0,439.0,UPI,KOL-C3
KOL-000859,2025-06-20 12:00:00,Kolkata Store,RC-3F-03,1,399.0,0.0,399.0,UPI,KOL-C3
KOL-000860,2025-06-20 13:52:00,Kolkata Store,RC-KD-01,1,409.0,0.0,409.0,UPI,KOL-C1
KOL-000860,2025-06-20 13:52:00,Kolkata Store,RC-LG-01,1,559.0,0.0,559.0,UPI,KOL-C1
KOL-000861,2025-06-20 20:09:00,Kolkata Store,RC-3F-03,1,399.0,0.0,399.0,UPI,KOL-C1
KOL-000861,2025-06-20 20:09:00,Kolkata Store,RC-3F-02,1,549.0,0.0,549.0,UPI,KOL-C3
KOL-000861,2025-06-20 20:09:00,Kolkata Store,RC-LG-02,1,649.0,0.0,649.0,UPI,KOL-C3
KOL-000862,2025-06-20 10:32:00,Kolkata Store,RC-KD-01,1,409.0,0.0,409.0,Cash,KOL-C3
KOL-000863,2025-06-20 12:06:00,Kolkata Store,RC-KD-01,1,409.0,0.05,388.55,UPI,KOL-C3
KOL-000864,2025-06-20 13:53:00,Kolkata Store,RC-3F-02,2,549.0,0.0,1098.0,UPI,KOL-C1
KOL-000865,2025-06-20 14:06:00,Kolkata Store,RC-3F-03,1,399.0,0.05,379.05,UPI,KOL-C3
KOL-000866,2025-06-20 14:47:00,Kolkata Store,RC-KD-01,1,409.0,0.0,409.0,Cash,KOL-C3
KOL-000866,2025-06-20 14:47:00,Kolkata Store,RC-3F-03,1,399.0,0.0,399.0,Cash,KOL-C1
KOL-000867,2025-06-20 13:47:00,Kolkata Store,RC-2F-01,1,559.0,0.0,559.0,Cash,KOL-C3
KOL-000868,2025-06-20 14:47:00,Kolkata Store,RC-2F-01,1,559.0,0.0,559.0,Cash,KOL-C3
KOL-000869,2025-06-20 15:48:00,Kolkata Store,RC-3F-03,1,399.0,0.0,399.0,Cash,KOL-C2
KOL-000870,2025-06-20 17:20:00,Kolkata Store,RC-KD-01,1,409.0,0.0,409.0,UPI,KOL-C3
KOL-000870,2025-06-20 17:20:00,Kolkata Store,RC-2F-01,2,559.0,0.0,1118.0,UPI,KOL-C2
KOL-000870,2025-06-20 17:20:00,Kolkata Store,RC-3F-03,1,399.0,0.0,399.0,UPI,KOL-C1
KOL-000871,2025-06-20 17:03:00,Kolkata Store,RC-3F-04,1,439.0,0.0,439.0,Card,KOL-C3
KOL-000872,2025-06-20 19:38:00,Kolkata Store,RC-LG-02,1,649.0,0.05,616.55,Cash,KOL-C3
KOL-000873,2025-06-20 20:42:00,Kolkata Store,RC-KD-01,1,409.0,0.05,388.55,UPI,KOL-C1
KOL-000873,2025-06-20 20:42:00,Kolkata Store,RC-2F-01,1,559.0,0.05,531.05,UPI,KOL-C2
KOL-000874,2025-06-21 14:11:00,Kolkata Store,RC-3F-03,1,399.0,0.05,379.05,Cash,KOL-C2
KOL-000874,2025-06-21 14:11:00,Kolkata Store,RC-KD-01,1,409.0,0.05,388.55,Cash,KOL-C3
KOL-000875,2025-06-21 20:10:00,Kolkata Store,RC-3F-03,1,399.0,0.0,399.0,UPI,KOL-C2
KOL-000875,2025-06-21 20:10:00,Kolkata Store,RC-3F-02,1,549.0,0.0,549.0,UPI,KOL-C3
KOL-000875,2025-06-21 20:10:00,Kolkata Store,RC-2F-01,1,559.0,0.0,559.0,UPI,KOL-C3
KOL-000876,2025-06-21 17:47:00,Kolkata Store,RC-2F-01,1,559.0,0.0,559.0,UPI,KOL-C1
KOL-000877,2025-06-21 12:44:00,Kolkata Store,RC-3F-03,1,399.0,0.0,399.0,Card,KOL-C2
KOL-000878,2025-06-21 19:23:00,Kolkata Store,RC-3F-03,1,399.0,0.0,399.0,Cash,KOL-C1
KOL-000878,2025-06-21 19:23:00,Kolkata Store,RC-LG-01,2,559.0,0.0,1118.0,Cash,KOL-C3
KOL-000878,2025-06-21 19:23:00,Kolkata Store,RC-KD-01,1,409.0,0.0,409.0,Cash,KOL-C2
KOL-000879,2025-06-21 20:11:00,Kolkata Store,RC-3F-04,1,439.0,0.05,417.05,Card,KOL-C3
KOL-000880,2025-06-21 18:14:00,Kolkata Store,RC-3F-03,1,399.0,0.0,399.0,Card,KOL-C1
KOL-000881,2025-06-21 15:19:00,Kolkata Store,RC-3F-04,2,439.0,0.05,834.1,UPI,KOL-C1
KOL-000882,2025-06-21 19:09:00,Kolkata Store,RC-KD-01,1,409.0,0.05,388.55,Cash,KOL-C1
KOL-000882,2025-06-21 19:09:00,Kolkata Store,RC-LG-01,1,559.0,0.05,531.05,Cash,KOL-C3
KOL-000883,2025-06-21 13:27:00,Kolkata Store,RC-2F-01,1,559.0,0.0,559.0,UPI,KOL-C1
KOL-000884,2025-06-21 20:20:00,Kolkata Store,RC-3F-03,1,399.0,0.0,399.0,Cash,KOL-C2
KOL-000884,2025-06-21 20:20:00,Kolkata Store,RC-LG-01,1,559.0,0.0,559.0,Cash,KOL-C1
KOL-000885,2025-06-21 19:03:00,Kolkata Store,RC-3F-01,2,479.0,0.0,958.0,UPI,KOL-C2
KOL-000886,2025-06-21 18:28:00,Kolkata Store,RC-3F-02,1,549.0,0.05,521.55,UPI,KOL-C1
KOL-000887,2025-06-21 17:56:00,Kolkata Store,RC-3F-03,1,399.0,0.05,379.05,Cash,KOL-C3
KOL-000888,2025-06-21 16:20:00,Kolkata Store,RC-3F-03,1,399.0,0.05,379.05,Cash,KOL-C1
KOL-000888,2025-06-21 16:20:00,Kolkata Store,RC-3F-02,1,549.0,0.05,521.55,Cash,KOL-C2
KOL-000888,2025-06-21 16:20:00,Kolkata Store,RC-3F-01,1,479.0,0.05,455.05,Cash,KOL-C3
KOL-000889,2025-06-21 20:35:00,Kolkata Store,RC-3F-04,1,439.0,0.0,439.0,UPI,KOL-C3
KOL-000890,2025-06-21 16:11:00,Kolkata Store,RC-3F-03,1,399.0,0.0,399.0,Cash,KOL-C1
KOL-000891,2025-06-21 13:58:00,Kolkata Store,RC-LG-01,2,559.0,0.05,1062.1,Cash,KOL-C1
KOL-000891,2025-06-21 13:58:00,Kolkata Store,RC-KD-01,1,409.0,0.05,388.55,Cash,KOL-C2
KOL-000892,2025-06-21 17:55:00,Kolkata Store,RC-3F-03,1,399.0,0.0,399.0,UPI,KOL-C1
KOL-000893,2025-06-21 13:06:00,Kolkata Store,RC-2F-01,1,559.0,0.0,559.0,Card,KOL-C1
KOL-000893,2025-06-21 13:06:00,Kolkata Store,RC-LG-01,1,559.0,0.0,559.0,Card,KOL-C1
KOL-000894,2025-06-21 17:55:00,Kolkata Store,RC-2F-01,1,559.0,0.0,559.0,UPI,KOL-C1
KOL-000895,2025-06-21 18:22:00,Kolkata Store,RC-LG-01,1,559.0,0.0,559.0,Cash,KOL-C1
KOL-000896,2025-06-21 19:13:00,Kolkata Store,RC-LG-01,1,559.0,0.0,559.0,UPI,KOL-C1
KOL-000897,2025-06-21 16:50:00,Kolkata Store,RC-3F-02,2,549.0,0.0,1098.0,Card,KOL-C2
KOL-000897,2025-06-21 16:50:00,Kolkata Store,RC-2F-01,1,559.0,0.0,559.0,Card,KOL-C3
KOL-000898,2025-06-22 11:29:00,Kolkata Store,RC-3F-04,2,439.0,0.0,878.0,Cash,KOL-C2
KOL-000899,2025-06-22 15:44:00,Kolkata Store,RC-LG-01,1,559.0,0.05,531.05,Card,KOL-C1
KOL-000899,2025-06-22 15:44:00,Kolkata Store,RC-3F-02,1,549.0,0.05,521.55,Card,KOL-C2
KOL-000900,2025-06-22 19:32:00,Kolkata Store,RC-LG-01,1,559.0,0.0,559.0,Cash,KOL-C1
KOL-000901,2025-06-22 19:17:00,Kolkata Store,RC-3F-01,1,479.0,0.0,479.0,UPI,KOL-C2
KOL-000901,2025-06-22 19:17:00,Kolkata Store,RC-2F-01,1,559.0,0.0,559.0,UPI,KOL-C1
KOL-000902,2025-06-22 16:49:00,Kolkata Store,RC-3F-01,2,479.0,0.0,958.0,Cash,KOL-C3
KOL-000902,2025-06-22 16:49:00,Kolkata Store,RC-LG-01,1,559.0,0.0,559.0,Cash,KOL-C1
KOL-000903,2025-06-22 18:56:00,Kolkata Store,RC-3F-03,1,399.0,0.0,399.0,Cash,KOL-C1
KOL-000903,2025-06-22 18:56:00,Kolkata Store,RC-2F-01,1,559.0,0.0,559.0,Cash,KOL-C3
KOL-000904,2025-06-22 20:48:00,Kolkata Store,RC-3F-03,1,399.0,0.05,379.05,Cash,KOL-C1
KOL-000905,2025-06-22 10:41:00,Kolkata Store,RC-3F-04,1,439.0,0.0,439.0,Cash,KOL-C3
KOL-000906,2025-06-22 14:53:00,Kolkata Store,RC-3F-03,1,399.0,0.0,399.0,UPI,KOL-C2
KOL-000906,2025-06-22 14:53:00,Kolkata Store,RC-LG-02,1,649.0,0.0,649.0,UPI,KOL-C2
KOL-000906,2025-06-22 14:53:00,Kolkata Store,RC-3F-01,1,479.0,0.0,479.0,UPI,KOL-C1
KOL-000907,2025-06-22 17:50:00,Kolkata Store,RC-2F-01,1,559.0,0.0,559.0,Card,KOL-C1
KOL-000907,2025-06-22 17:50:00,Kolkata Store,RC-3F-04,1,439.0,0.0,439.0,Card,KOL-C2
KOL-000908,2025-06-22 13:42:00,Kolkata Store,RC-3F-03,1,399.0,0.0,399.0,UPI,KOL-C1
KOL-000909,2025-06-22 18:59:00,Kolkata Store,RC-3F-02,1,549.0,0.0,549.0,Card,KOL-C2
KOL-000910,2025-06-22 14:45:00,Kolkata Store,RC-KD-01,1,409.0,0.0,409.0,Cash,KOL-C1
KOL-000911,2025-06-22 15:49:00,Kolkata Store,RC-3F-03,1,399.0,0.05,379.05,UPI,KOL-C3
KOL-000912,2025-06-22 18:32:00,Kolkata Store,RC-2F-01,1,559.0,0.0,559.0,Cash,KOL-C2
KOL-000912,2025-06-22 18:32:00,Kolkata Store,RC-3F-04,1,439.0,0.0,439.0,Cash,KOL-C3
KOL-000913,2025-06-22 16:08:00,Kolkata Store,RC-3F-03,1,399.0,0.05,379.05,UPI,KOL-C2
KOL-000914,2025-06-22 17:01:00,Kolkata Store,RC-3F-03,1,399.0,0.0,399.0,UPI,KOL-C1
KOL-000914,2025-06-22 17:01:00,Kolkata Store,RC-3F-04,1,439.0,0.0,439.0,UPI,KOL-C1
KOL-000915,2025-06-23 14:17:00,Kolkata Store,RC-2F-01,1,559.0,0.0,559.0,UPI,KOL-C1
KOL-000915,2025-06-23 14:17:00,Kolkata Store,RC-3F-04,1,439.0,0.0,439.0,UPI,KOL-C2
KOL-000915,2025-06-23 14:17:00,Kolkata Store,RC-3F-01,1,479.0,0.0,479.0,UPI,KOL-C3
KOL-000916,2025-06-23 11:22:00,Kolkata Store,RC-KD-01,1,409.0,0.0,409.0,Cash,KOL-C3
KOL-000916,2025-06-23 11:22:00,Kolkata Store,RC-3F-02,1,549.0,0.0,549.0,Cash,KOL-C3
KOL-000917,2025-06-23 15:48:00,Kolkata Store,RC-3F-01,1,479.0,0.05,455.05,UPI,KOL-C1
KOL-000917,2025-06-23 15:48:00,Kolkata Store,RC-3F-04,1,439.0,0.05,417.05,UPI,KOL-C3
KOL-000917,2025-06-23 15:48:00,Kolkata Store,RC-KD-01,1,409.0,0.05,388.55,UPI,KOL-C1
KOL-000918,2025-06-23 15:04:00,Kolkata Store,RC-3F-03,1,399.0,0.0,399.0,Cash,KOL-C3
KOL-000918,2025-06-23 15:04:00,Kolkata Store,RC-3F-01,1,479.0,0.0,479.0,Cash,KOL-C2
KOL-000919,2025-06-23 13:13:00,Kolkata Store,RC-3F-03,2,399.0,0.0,798.0,Cash,KOL-C1
KOL-000920,2025-06-23 17:08:00,Kolkata Store,RC-3F-02,1,549.0,0.05,521.55,UPI,KOL-C2
KOL-000921,2025-06-23 15:01:00,Kolkata Store,RC-LG-01,1,559.0,0.0,559.0,Cash,KOL-C2
KOL-000921,2025-06-23 15:01:00,Kolkata Store,RC-2F-01,1,559.0,0.0,559.0,Cash,KOL-C3
KOL-000922,2025-06-23 19:57:00,Kolkata Store,RC-LG-01,2,559.0,0.0,1118.0,Card,KOL-C3
KOL-000923,2025-06-23 16:25:00,Kolkata Store,RC-KD-01,1,409.0,0.05,388.55,UPI,KOL-C1
KOL-000924,2025-06-24 12:24:00,Kolkata Store,RC-3F-01,1,479.0,0.0,479.0,UPI,KOL-C1
KOL-000924,2025-06-24 12:24:00,Kolkata Store,RC-3F-04,1,439.0,0.0,439.0,UPI,KOL-C2
KOL-000926,2025-06-24 20:18:00,Kolkata Store,RC-LG-02,2,649.0,0.0,1298.0,Cash,KOL-C3
KOL-000926,2025-06-24 20:18:00,Kolkata Store,RC-2F-01,1,559.0,0.0,559.0,Cash,KOL-C1
KOL-000927,2025-06-24 16:34:00,Kolkata Store,RC-3F-03,1,399.0,0.0,399.0,Card,KOL-C1
KOL-000927,2025-06-24 16:34:00,Kolkata Store,RC-3F-02,1,549.0,0.0,549.0,Card,KOL-C1
KOL-000928,2025-06-24 16:31:00,Kolkata Store,RC-3F-03,1,399.0,0.0,399.0,UPI,KOL-C1
KOL-000928,2025-06-24 16:31:00,Kolkata Store,RC-2F-01,2,559.0,0.0,1118.0,UPI,KOL-C1
KOL-000929,2025-06-24 16:39:00,Kolkata Store,RC-LG-01,1,559.0,0.05,531.05,UPI,KOL-C1
KOL-000930,2025-06-24 17:07:00,Kolkata Store,RC-3F-02,2,549.0,0.0,1098.0,UPI,KOL-C3
KOL-000930,2025-06-24 17:07:00,Kolkata Store,RC-KD-01,1,409.0,0.0,409.0,UPI,KOL-C1
KOL-000931,2025-06-24 18:53:00,Kolkata Store,RC-LG-01,1,559.0,0.0,559.0,UPI,KOL-C3
KOL-000932,2025-06-24 18:45:00,Kolkata Store,RC-2F-01,1,559.0,0.0,559.0,Cash,KOL-C2
KOL-000933,2025-06-24 18:18:00,Kolkata Store,RC-3F-03,1,399.0,0.0,399.0,UPI,KOL-C3
KOL-000934,2025-06-24 12:48:00,Kolkata Store,RC-2F-01,1,559.0,0.0,559.0,Cash,KOL-C1
KOL-000935,2025-06-24 20:16:00,Kolkata Store,RC-KD-01,1,409.0,0.0,409.0,UPI,KOL-C1
KOL-000936,2025-06-24 15:47:00,Kolkata Store,RC-3F-02,1,549.0,0.0,549.0,UPI,KOL-C3
KOL-000936,2025-06-24 15:47:00,Kolkata Store,RC-LG-02,1,649.0,0.0,649.0,UPI,KOL-C1
KOL-000937,2025-06-24 17:24:00,Kolkata Store,RC-3F-04,1,439.0,0.0,439.0,UPI,KOL-C2
KOL-000938,2025-06-24 20:21:00,Kolkata Store,RC-3F-03,1,399.0,0.0,399.0,Cash,KOL-C1
KOL-000939,2025-06-25 19:38:00,Kolkata Store,RC-2F-01,1,559.0,0.0,559.0,Card,KOL-C2
KOL-000939,2025-06-25 19:38:00,Kolkata Store,RC-3F-03,1,399.0,0.0,399.0,Card,KOL-C2
KOL-000940,2025-06-25 11:53:00,Kolkata Store,RC-3F-01,1,479.0,0.0,479.0,UPI,KOL-C3
KOL-000940,2025-06-25 11:53:00,Kolkata Store,RC-3F-04,1,439.0,0.0,439.0,UPI,KOL-C1
KOL-000940,2025-06-25 11:53:00,Kolkata Store,RC-3F-02,1,549.0,0.0,549.0,UPI,KOL-C1
KOL-000941,2025-06-25 10:03:00,Kolkata Store,RC-3F-03,1,399.0,0.05,379.05,Cash,KOL-C2
KOL-000942,2025-06-25 20:01:00,Kolkata Store,RC-LG-01,1,559.0,0.05,531.05,UPI,KOL-C2
KOL-000942,2025-06-25 20:01:00,Kolkata Store,RC-2F-01,1,559.0,0.05,531.05,UPI,KOL-C1
KOL-000943,2025-06-25 15:48:00,Kolkata Store,RC-KD-01,1,409.0,0.0,409.0,Cash,KOL-C3
KOL-000944,2025-06-25 19:21:00,Kolkata Store,RC-3F-03,2,399.0,0.0,798.0,UPI,KOL-C2
KOL-000944,2025-06-25 19:21:00,Kolkata Store,RC-2F-01,1,559.0,0.0,559.0,UPI,KOL-C3
KOL-000945,2025-06-25 18:43:00,Kolkata Store,RC-3F-04,1,439.0,0.0,439.0,Cash,KOL-C1
KOL-000946,2025-06-25 19:47:00,Kolkata Store,RC-KD-01,1,409.0,0.0,409.0,UPI,KOL-C2
KOL-000947,2025-06-25 14:48:00,Kolkata Store,RC-3F-04,1,439.0,0.0,439.0,Cash,KOL-C1
KOL-000947,2025-06-25 14:48:00,Kolkata Store,RC-3F-02,1,549.0,0.0,549.0,Cash,KOL-C3
KOL-000948,2025-06-25 20:08:00,Kolkata Store,RC-KD-01,1,409.0,0.0,409.0,Card,KOL-C3
KOL-000949,2025-06-25 15:11:00,Kolkata Store,RC-3F-03,1,399.0,0.05,379.05,Cash,KOL-C2
KOL-000950,2025-06-25 16:20:00,Kolkata Store,RC-3F-02,1,549.0,0.05,521.55,Cash,KOL-C1
KOL-000952,2025-06-25 16:59:00,Kolkata Store,RC-3F-04,1,439.0,0.0,439.0,Cash,KOL-C3
KOL-000953,2025-06-25 16:46:00,Kolkata Store,RC-3F-03,1,399.0,0.0,399.0,Cash,KOL-C3
KOL-000954,2025-06-25 14:05:00,Kolkata Store,RC-3F-02,1,549.0,0.05,521.55,Cash,KOL-C1
KOL-000955,2025-06-25 13:49:00,Kolkata Store,RC-3F-04,1,439.0,0.0,439.0,UPI,KOL-C1
KOL-000956,2025-06-25 20:50:00,Kolkata Store,RC-3F-03,1,399.0,0.0,399.0,Card,KOL-C2
KOL-000957,2025-06-26 15:34:00,Kolkata Store,RC-3F-03,1,399.0,0.0,399.0,UPI,KOL-C3
KOL-000957,2025-06-26 15:34:00,Kolkata Store,RC-3F-04,1,439.0,0.0,439.0,UPI,KOL-C2
KOL-000958,2025-06-26 18:26:00,Kolkata Store,RC-3F-03,1,399.0,0.0,399.0,Cash,KOL-C3
KOL-000959,2025-06-26 16:40:00,Kolkata Store,RC-2F-01,1,559.0,0.05,531.05,Card,KOL-C1
KOL-000960,2025-06-26 15:27:00,Kolkata Store,RC-3F-03,1,399.0,0.05,379.05,UPI,KOL-C1
KOL-000961,2025-06-26 19:00:00,Kolkata Store,RC-3F-02,1,549.0,0.05,521.55,Cash,KOL-C2
KOL-000961,2025-06-26 19:00:00,Kolkata Store,RC-KD-01,1,409.0,0.05,388.55,Cash,KOL-C2
KOL-000962,2025-06-26 10:46:00,Kolkata Store,RC-LG-01,1,559.0,0.05,531.05,UPI,KOL-C2
KOL-000963,2025-06-26 14:31:00,Kolkata Store,RC-3F-03,1,399.0,0.05,379.05,UPI,KOL-C2
KOL-000965,2025-06-26 16:55:00,Kolkata Store,RC-KD-01,1,409.0,0.0,409.0,UPI,KOL-C2
KOL-000966,2025-06-26 19:53:00,Kolkata Store,RC-LG-01,1,559.0,0.0,559.0,UPI,KOL-C2
KOL-000967,2025-06-26 18:26:00,Kolkata Store,RC-LG-02,1,649.0,0.0,649.0,Cash,KOL-C2
KOL-000968,2025-06-26 18:00:00,Kolkata Store,RC-3F-03,2,399.0,0.0,798.0,Card,KOL-C1
KOL-000969,2025-06-26 17:17:00,Kolkata Store,RC-2F-01,1,559.0,0.05,531.05,Cash,KOL-C1
KOL-000970,2025-06-26 17:21:00,Kolkata Store,RC-3F-03,2,399.0,0.0,798.0,UPI,KOL-C2
KOL-000971,2025-06-26 17:43:00,Kolkata Store,RC-3F-03,2,399.0,0.0,798.0,UPI,KOL-C2
KOL-000971,2025-06-26 17:43:00,Kolkata Store,RC-3F-02,1,549.0,0.0,549.0,UPI,KOL-C3
KOL-000971,2025-06-26 17:43:00,Kolkata Store,RC-2F-01,1,559.0,0.0,559.0,UPI,KOL-C3
KOL-000972,2025-06-26 13:22:00,Kolkata Store,RC-KD-01,1,409.0,0.05,388.55,UPI,KOL-C3
KOL-000973,2025-06-26 19:21:00,Kolkata Store,RC-3F-03,1,399.0,0.0,399.0,Cash,KOL-C2
KOL-000974,2025-06-26 15:07:00,Kolkata Store,RC-3F-03,1,399.0,0.0,399.0,UPI,KOL-C3
KOL-000975,2025-06-27 18:31:00,Kolkata Store,RC-2F-01,2,559.0,0.05,1062.1,UPI,KOL-C3
KOL-000976,2025-06-27 14:15:00,Kolkata Store,RC-2F-01,1,559.0,0.0,559.0,Cash,KOL-C3
KOL-000977,2025-06-27 20:49:00,Kolkata Store,RC-2F-01,1,559.0,0.0,559.0,Cash,KOL-C2
KOL-000979,2025-06-27 10:48:00,Kolkata Store,RC-3F-04,1,439.0,0.05,417.05,UPI,KOL-C3
KOL-000980,2025-06-27 18:15:00,Kolkata Store,RC-3F-03,1,399.0,0.0,399.0,Cash,KOL-C1
KOL-000981,2025-06-27 14:41:00,Kolkata Store,RC-KD-01,1,409.0,0.0,409.0,Cash,KOL-C3
KOL-000982,2025-06-27 15:01:00,Kolkata Store,RC-3F-03,1,399.0,0.05,379.05,Cash,KOL-C3
KOL-000983,2025-06-27 19:17:00,Kolkata Store,RC-3F-03,1,399.0,0.0,399.0,UPI,KOL-C3
KOL-000984,2025-06-27 15:30:00,Kolkata Store,RC-GF-01,1,1659.0,0.0,1659.0,UPI,KOL-C3
KOL-000985,2025-06-27 17:45:00,Kolkata Store,RC-3F-03,1,399.0,0.0,399.0,UPI,KOL-C1
KOL-000986,2025-06-27 20:52:00,Kolkata Store,RC-LG-01,1,559.0,0.0,559.0,Cash,KOL-C3
KOL-000986,2025-06-27 20:52:00,Kolkata Store,RC-3F-02,1,549.0,0.0,549.0,Cash,KOL-C1
KOL-000987,2025-06-27 17:41:00,Kolkata Store,RC-3F-03,1,399.0,0.0,399.0,Cash,KOL-C1
KOL-000987,2025-06-27 17:41:00,Kolkata Store,RC-3F-04,1,439.0,0.0,439.0,Cash,KOL-C1
KOL-000987,2025-06-27 17:41:00,Kolkata Store,RC-KD-01,1,409.0,0.0,409.0,Cash,KOL-C2
KOL-000988,2025-06-27 17:14:00,Kolkata Store,RC-2F-01,1,559.0,0.0,559.0,Card,KOL-C3
KOL-000989,2025-06-27 18:06:00,Kolkata Store,RC-2F-01,1,559.0,0.05,531.05,UPI,KOL-C1
KOL-000989,2025-06-27 18:06:00,Kolkata Store,RC-KD-01,1,409.0,0.05,388.55,UPI,KOL-C2
KOL-000989,2025-06-27 18:06:00,Kolkata Store,RC-3F-04,1,439.0,0.05,417.05,UPI,KOL-C2
KOL-000990,2025-06-27 17:46:00,Kolkata Store,RC-2F-01,1,559.0,0.0,559.0,UPI,KOL-C3
KOL-000990,2025-06-27 17:46:00,Kolkata Store,RC-KD-01,1,409.0,0.0,409.0,UPI,KOL-C3
KOL-000991,2025-06-27 18:51:00,Kolkata Store,RC-3F-03,1,399.0,0.05,379.05,Card,KOL-C2
KOL-000992,2025-06-27 15:16:00,Kolkata Store,RC-3F-03,1,399.0,0.0,399.0,Cash,KOL-C3
KOL-000993,2025-06-27 16:26:00,Kolkata Store,RC-3F-04,1,439.0,0.05,417.05,Card,KOL-C2
KOL-000994,2025-06-28 18:29:00,Kolkata Store,RC-KD-01,1,409.0,0.0,409.0,Cash,KOL-C3
KOL-000995,2025-06-28 17:33:00,Kolkata Store,RC-2F-01,1,559.0,0.05,531.05,Card,KOL-C1
KOL-000995,2025-06-28 17:33:00,Kolkata Store,RC-3F-03,2,399.0,0.05,758.1,Card,KOL-C2
KOL-000996,2025-06-28 18:24:00,Kolkata Store,RC-3F-02,1,549.0,0.05,521.55,UPI,KOL-C2
KOL-000997,2025-06-28 19:28:00,Kolkata Store,RC-3F-03,1,399.0,0.0,399.0,Cash,KOL-C2
KOL-000998,2025-06-28 20:33:00,Kolkata Store,RC-3F-03,1,399.0,0.0,399.0,Cash,KOL-C2
KOL-000998,2025-06-28 20:33:00,Kolkata Store,RC-KD-01,1,409.0,0.0,409.0,Cash,KOL-C3
KOL-000999,2025-06-28 20:12:00,Kolkata Store,RC-3F-04,1,439.0,0.0,439.0,UPI,KOL-C2
KOL-001000,2025-06-28 20:33:00,Kolkata Store,RC-3F-04,1,439.0,0.0,439.0,UPI,KOL-C2
KOL-001001,2025-06-28 20:28:00,Kolkata Store,RC-3F-04,1,439.0,0.05,417.05,Cash,KOL-C3
KOL-001001,2025-06-28 20:28:00,Kolkata Store,RC-2F-01,1,559.0,0.05,531.05,Cash,KOL-C3
KOL-001002,2025-06-28 17:21:00,Kolkata Store,RC-3F-03,2,399.0,0.0,798.0,Card,KOL-C2
KOL-001003,2025-06-28 20:10:00,Kolkata Store,RC-KD-01,1,409.0,0.0,409.0,Cash,KOL-C3
KOL-001003,2025-06-28 20:10:00,Kolkata Store,RC-3F-03,1,399.0,0.0,399.0,Cash,KOL-C2
KOL-001003,2025-06-28 20:10:00,Kolkata Store,RC-3F-02,1,549.0,0.0,549.0,Cash,KOL-C3
KOL-001004,2025-06-28 12:20:00,Kolkata Store,RC-3F-03,1,399.0,0.0,399.0,UPI,KOL-C3
KOL-001005,2025-06-28 13:45:00,Kolkata Store,RC-LG-01,1,559.0,0.05,531.05,UPI,KOL-C1
KOL-001006,2025-06-28 11:57:00,Kolkata Store,RC-2F-01,1,559.0,0.0,559.0,Cash,KOL-C1
KOL-001007,2025-06-28 16:49:00,Kolkata Store,RC-3F-03,2,399.0,0.0,798.0,Card,KOL-C3
KOL-001007,2025-06-28 16:49:00,Kolkata Store,RC-3F-04,1,439.0,0.0,439.0,Card,KOL-C1
KOL-001008,2025-06-28 20:48:00,Kolkata Store,RC-2F-01,1,559.0,0.0,559.0,UPI,KOL-C1
KOL-001009,2025-06-28 13:39:00,Kolkata Store,RC-KD-01,1,409.0,0.05,388.55,UPI,KOL-C3
KOL-001010,2025-06-28 11:03:00,Kolkata Store,RC-LG-02,1,649.0,0.05,616.55,Cash,KOL-C2
KOL-001010,2025-06-28 11:03:00,Kolkata Store,RC-3F-02,1,549.0,0.05,521.55,Cash,KOL-C1
KOL-001010,2025-06-28 11:03:00,Kolkata Store,RC-KD-01,1,409.0,0.05,388.55,Cash,KOL-C2
KOL-001011,2025-06-28 14:29:00,Kolkata Store,RC-2F-01,1,559.0,0.0,559.0,Card,KOL-C3
KOL-001012,2025-06-28 10:01:00,Kolkata Store,RC-3F-03,1,399.0,0.0,399.0,Cash,KOL-C1
KOL-001013,2025-06-28 19:03:00,Kolkata Store,RC-2F-01,1,559.0,0.0,559.0,UPI,KOL-C3
KOL-001014,2025-06-28 19:20:00,Kolkata Store,RC-3F-03,1,399.0,0.0,399.0,UPI,KOL-C3
KOL-001015,2025-06-28 11:50:00,Kolkata Store,RC-KD-01,1,409.0,0.0,409.0,UPI,KOL-C3
KOL-001016,2025-06-28 19:38:00,Kolkata Store,RC-3F-03,1,399.0,0.0,399.0,Cash,KOL-C1
KOL-001017,2025-06-28 14:06:00,Kolkata Store,RC-3F-03,2,399.0,0.0,798.0,Cash,KOL-C3
KOL-001018,2025-06-28 17:03:00,Kolkata Store,RC-2F-01,2,559.0,0.0,1118.0,Cash,KOL-C1
KOL-001018,2025-06-28 17:03:00,Kolkata Store,RC-LG-01,2,559.0,0.0,1118.0,Cash,KOL-C3
KOL-001019,2025-06-28 15:51:00,Kolkata Store,RC-2F-01,2,559.0,0.0,1118.0,Cash,KOL-C3
KOL-001019,2025-06-28 15:51:00,Kolkata Store,RC-LG-02,1,649.0,0.0,649.0,Cash,KOL-C3
KOL-001020,2025-06-28 17:04:00,Kolkata Store,RC-2F-01,1,559.0,0.0,559.0,Cash,KOL-C3
KOL-001021,2025-06-28 19:29:00,Kolkata Store,RC-LG-01,1,559.0,0.05,531.05,UPI,KOL-C3
KOL-001021,2025-06-28 19:29:00,Kolkata Store,RC-KD-01,2,409.0,0.05,777.1,UPI,KOL-C3
KOL-001021,2025-06-28 19:29:00,Kolkata Store,RC-3F-04,1,439.0,0.05,417.05,UPI,KOL-C3
KOL-001022,2025-06-28 18:23:00,Kolkata Store,RC-3F-03,1,399.0,0.05,379.05,Cash,KOL-C3
KOL-001023,2025-06-29 10:15:00,Kolkata Store,RC-KD-01,1,409.0,0.0,409.0,UPI,KOL-C2
KOL-001024,2025-06-29 19:40:00,Kolkata Store,RC-3F-02,1,549.0,0.05,521.55,Card,KOL-C1
KOL-001024,2025-06-29 19:40:00,Kolkata Store,RC-KD-01,1,409.0,0.05,388.55,Card,KOL-C1
KOL-001025,2025-06-29 18:37:00,Kolkata Store,RC-3F-03,1,399.0,0.05,379.05,UPI,KOL-C3
KOL-001025,2025-06-29 18:37:00,Kolkata Store,RC-3F-02,1,549.0,0.05,521.55,UPI,KOL-C3
KOL-001026,2025-06-29 19:40:00,Kolkata Store,RC-3F-04,1,439.0,0.0,439.0,Cash,KOL-C3
KOL-001027,2025-06-29 18:26:00,Kolkata Store,RC-LG-01,1,559.0,0.0,559.0,Cash,KOL-C3
KOL-001028,2025-06-29 11:20:00,Kolkata Store,RC-3F-03,1,399.0,0.0,399.0,UPI,KOL-C2
KOL-001028,2025-06-29 11:20:00,Kolkata Store,RC-3F-04,1,439.0,0.0,439.0,UPI,KOL-C2
KOL-001028,2025-06-29 11:20:00,Kolkata Store,RC-KD-01,1,409.0,0.0,409.0,UPI,KOL-C2
KOL-001029,2025-06-29 16:07:00,Kolkata Store,RC-3F-04,1,439.0,0.0,439.0,Cash,KOL-C2
KOL-001030,2025-06-29 14:59:00,Kolkata Store,RC-3F-03,1,399.0,0.0,399.0,UPI,KOL-C2
KOL-001030,2025-06-29 14:59:00,Kolkata Store,RC-3F-04,1,439.0,0.0,439.0,UPI,KOL-C3
KOL-001030,2025-06-29 14:59:00,Kolkata Store,RC-KD-01,1,409.0,0.0,409.0,UPI,KOL-C2
KOL-001031,2025-06-29 15:56:00,Kolkata Store,RC-LG-01,1,559.0,0.0,559.0,Cash,KOL-C2
KOL-001032,2025-06-29 19:24:00,Kolkata Store,RC-2F-01,1,559.0,0.05,531.05,UPI,KOL-C2
KOL-001032,2025-06-29 19:24:00,Kolkata Store,RC-3F-03,1,399.0,0.05,379.05,UPI,KOL-C1
KOL-001033,2025-06-29 16:17:00,Kolkata Store,RC-3F-04,1,439.0,0.0,439.0,UPI,KOL-C2
KOL-001033,2025-06-29 16:17:00,Kolkata Store,RC-2F-01,1,559.0,0.0,559.0,UPI,KOL-C1
KOL-001034,2025-06-29 15:29:00,Kolkata Store,RC-2F-01,1,559.0,0.05,531.05,Card,KOL-C1
KOL-001035,2025-06-29 14:45:00,Kolkata Store,RC-2F-01,1,559.0,0.0,559.0,UPI,KOL-C1
KOL-001036,2025-06-30 17:39:00,Kolkata Store,RC-2F-01,2,559.0,0.05,1062.1,UPI,KOL-C3
KOL-001037,2025-06-30 17:33:00,Kolkata Store,RC-3F-03,1,399.0,0.0,399.0,UPI,KOL-C1
KOL-001037,2025-06-30 17:33:00,Kolkata Store,RC-3F-02,1,549.0,0.0,549.0,UPI,KOL-C2
KOL-001038,2025-06-30 18:26:00,Kolkata Store,RC-2F-01,2,559.0,0.0,1118.0,UPI,KOL-C2
KOL-001039,2025-06-30 10:04:00,Kolkata Store,RC-3F-02,2,549.0,0.0,1098.0,UPI,KOL-C3
KOL-001040,2025-06-30 12:47:00,Kolkata Store,RC-LG-02,1,649.0,0.0,649.0,UPI,KOL-C3
KOL-001041,2025-06-30 13:59:00,Kolkata Store,RC-KD-01,1,409.0,0.0,409.0,UPI,KOL-C3
KOL-001042,2025-06-30 15:07:00,Kolkata Store,RC-3F-04,1,439.0,0.0,439.0,Cash,KOL-C2
KOL-001043,2025-06-30 10:30:00,Kolkata Store,RC-LG-02,1,649.0,0.0,649.0,UPI,KOL-C3
KOL-001044,2025-06-30 20:18:00,Kolkata Store,RC-3F-04,1,439.0,0.0,439.0,UPI,KOL-C3
KOL-001045,2025-06-30 18:27:00,Kolkata Store,RC-3F-03,1,399.0,0.05,379.05,UPI,KOL-C3
KOL-001046,2025-06-30 11:24:00,Kolkata Store,RC-KD-01,1,409.0,0.0,409.0,UPI,KOL-C1
KOL-001046,2025-06-30 11:24:00,Kolkata Store,RC-3F-03,1,399.0,0.0,399.0,UPI,KOL-C3
KOL-001047,2025-06-30 18:58:00,Kolkata Store,RC-3F-04,1,439.0,0.05,417.05,UPI,KOL-C1
KOL-001047,2025-06-30 18:58:00,Kolkata Store,RC-2F-02,1,609.0,0.05,578.55,UPI,KOL-C2
KOL-001047,2025-06-30 18:58:00,Kolkata Store,RC-RC-01,2,1509.0,0.05,2867.1,UPI,KOL-C2
KOL-001048,2025-06-30 19:34:00,Kolkata Store,RC-KD-01,1,409.0,0.05,388.55,UPI,KOL-C3
KOL-001048,2025-06-30 19:34:00,Kolkata Store,RC-3F-04,1,439.0,0.05,417.05,UPI,KOL-C3
KOL-001048,2025-06-30 19:34:00,Kolkata Store,RC-3F-03,1,399.0,0.05,379.05,UPI,KOL-C2
KOL-001049,2025-06-30 13:18:00,Kolkata Store,RC-3F-02,1,549.0,0.0,549.0,UPI,KOL-C2
KOL-001050,2025-06-30 19:35:00,Kolkata Store,RC-2F-01,1,559.0,0.0,559.0,Cash,KOL-C3
KOL-001051,2025-06-30 11:20:00,Kolkata Store,RC-KD-01,1,409.0,0.05,388.55,UPI,KOL-C3
KOL-001052,2025-06-30 15:14:00,Kolkata Store,RC-2F-01,1,559.0,0.0,559.0,UPI,KOL-C2
KOL-001054,2025-06-30 18:05:00,Kolkata Store,RC-3F-03,1,399.0,0.05,379.05,Cash,KOL-C2
KOL-001056,2025-06-30 12:42:00,Kolkata Store,RC-KD-01,1,409.0,0.0,409.0,UPI,KOL-C2
KOL-001057,2025-06-30 19:17:00,Kolkata Store,RC-KD-01,1,409.0,0.0,409.0,Card,KOL-C2
